shot_id,scene_id,beat_id,script_ref,start_frame_25fps,end_frame_25fps,start_sec,end_sec,phase,composition,narrative_transition,foreground_layers,background_layers,editorial_motion,highlight_target,highlight_animation,readability_hold,subtitle_safe,asset_recipe,source_ids,claim_ids,source_crop_qc,edit_qc,generation_required
SH-001,SC001,B001,S01:p1,0,130,0.00,5.20,ESTABLISH_AND_HOLD,TWO_POSITION_COMPARE,NARRATIVE_BOUNDARY: Establish the library-access conflict before explaining procedure.,SOURCE_ATTRIBUTION | EDITOR_NATIVE_TEXT | EVIDENCE_CARD,BRAND_NEUTRAL_BACKDROP / VERIFIED_CONTEXT_IMAGE,STATIC ESTABLISH; no compulsory motion,NONE; leave evidence stable,NONE unless named narration accent validated,HOLD after title/marker; if cut too short suppress motion rather than speed animations,BOTTOM 15% unobstructed | 1920x1080 | 25fps,EDITOR NATIVE layered composition using linked evidence; no fake UI/documents; source-backed figure only,S004,C012,SOURCE FACT VERIFICATION PENDING,BOUNDARY TIMING PROVISIONAL UNTIL AUDIO AUDITION; preview rendered layer transitions later,NO PAID IMAGE BY DEFAULT
SH-002,SC002,B001,S01:p2,130,226,5.20,9.04,ESTABLISH_AND_HOLD,EVIDENCE_STACK,NARRATIVE_BOUNDARY: Establish the library-access conflict before explaining procedure.,SOURCE_ATTRIBUTION | EDITOR_NATIVE_TEXT | EVIDENCE_CARD,BRAND_NEUTRAL_BACKDROP / VERIFIED_CONTEXT_IMAGE,STATIC ESTABLISH; no compulsory motion,NONE; leave evidence stable,NONE unless named narration accent validated,HOLD after title/marker; if cut too short suppress motion rather than speed animations,BOTTOM 15% unobstructed | 1920x1080 | 25fps,EDITOR NATIVE layered composition using linked evidence; no fake UI/documents; source-backed figure only,S004,C012,SOURCE FACT VERIFICATION PENDING,BOUNDARY TIMING PROVISIONAL UNTIL AUDIO AUDITION; preview rendered layer transitions later,NO PAID IMAGE BY DEFAULT
SH-003,SC003,B002,S01:p3,226,322,9.04,12.88,ESTABLISH_AND_HOLD,CHRONOLOGY,NARRATIVE_BOUNDARY: Reveal that the users became defendants under the forum Valve required.,SOURCE_ATTRIBUTION | EDITOR_NATIVE_TEXT | EVIDENCE_CARD,BRAND_NEUTRAL_BACKDROP / VERIFIED_CONTEXT_IMAGE,STATIC ESTABLISH; no compulsory motion,NONE; leave evidence stable,NONE unless named narration accent validated,HOLD after title/marker; if cut too short suppress motion rather than speed animations,BOTTOM 15% unobstructed | 1920x1080 | 25fps,EDITOR NATIVE layered composition using linked evidence; no fake UI/documents; source-backed figure only,S003;S004,C001;C015,SOURCE FACT VERIFICATION PENDING,BOUNDARY TIMING PROVISIONAL UNTIL AUDIO AUDITION; preview rendered layer transitions later,NO PAID IMAGE BY DEFAULT
SH-004,SC004,B002,S01:p4,322,397,12.88,15.88,ESTABLISH_AND_HOLD,NUMBER_CONTEXT,NARRATIVE_BOUNDARY: Reveal that the users became defendants under the forum Valve required.,SOURCE_ATTRIBUTION | EDITOR_NATIVE_TEXT | EVIDENCE_CARD,BRAND_NEUTRAL_BACKDROP / VERIFIED_CONTEXT_IMAGE,STATIC ESTABLISH; no compulsory motion,NONE; leave evidence stable,NONE unless named narration accent validated,HOLD after title/marker; if cut too short suppress motion rather than speed animations,BOTTOM 15% unobstructed | 1920x1080 | 25fps,EDITOR NATIVE layered composition using linked evidence; no fake UI/documents; source-backed figure only,S003;S004,C001;C015,SOURCE FACT VERIFICATION PENDING,BOUNDARY TIMING PROVISIONAL UNTIL AUDIO AUDITION; preview rendered layer transitions later,NO PAID IMAGE BY DEFAULT
SH-005,SC005,B002,S01:p5,397,472,15.88,18.88,ESTABLISH_AND_HOLD,EDITORIAL_QUESTION,NARRATIVE_BOUNDARY: Reveal that the users became defendants under the forum Valve required.,SOURCE_ATTRIBUTION | EDITOR_NATIVE_TEXT | EVIDENCE_CARD,BRAND_NEUTRAL_BACKDROP / VERIFIED_CONTEXT_IMAGE,STATIC ESTABLISH; no compulsory motion,NONE; leave evidence stable,NONE unless named narration accent validated,HOLD after title/marker; if cut too short suppress motion rather than speed animations,BOTTOM 15% unobstructed | 1920x1080 | 25fps,EDITOR NATIVE layered composition using linked evidence; no fake UI/documents; source-backed figure only,S003;S004,C001;C015,SOURCE FACT VERIFICATION PENDING,BOUNDARY TIMING PROVISIONAL UNTIL AUDIO AUDITION; preview rendered layer transitions later,NO PAID IMAGE BY DEFAULT
SH-006,SC006,B003,S01:p6,472,539,18.88,21.56,ESTABLISH_AND_HOLD,MECHANISM_MAP,NARRATIVE_BOUNDARY: Open the accept-button question without answering early.,SOURCE_ATTRIBUTION | EDITOR_NATIVE_TEXT | EVIDENCE_CARD,BRAND_NEUTRAL_BACKDROP / VERIFIED_CONTEXT_IMAGE,STATIC ESTABLISH; no compulsory motion,NONE; leave evidence stable,NONE unless named narration accent validated,HOLD after title/marker; if cut too short suppress motion rather than speed animations,BOTTOM 15% unobstructed | 1920x1080 | 25fps,EDITOR NATIVE layered composition using linked evidence; no fake UI/documents; source-backed figure only,S002;S004,C010;C012,SOURCE FACT VERIFICATION PENDING,BOUNDARY TIMING PROVISIONAL UNTIL AUDIO AUDITION; preview rendered layer transitions later,NO PAID IMAGE BY DEFAULT
SH-007,SC007,B004,S01:p7,539,652,21.56,26.08,ESTABLISH,TWO_POSITION_COMPARE,NARRATIVE_BOUNDARY: Distinguish price allegations from the contract dispute.,SOURCE_ATTRIBUTION | EDITOR_NATIVE_TEXT | EVIDENCE_CARD,BRAND_NEUTRAL_BACKDROP / VERIFIED_CONTEXT_IMAGE,STATIC ESTABLISH; no compulsory motion,NONE; leave evidence stable,NONE unless named narration accent validated,HOLD after title/marker; if cut too short suppress motion rather than speed animations,BOTTOM 15% unobstructed | 1920x1080 | 25fps,EDITOR NATIVE layered composition using linked evidence; no fake UI/documents; source-backed figure only,S002;S004;S009,C003;C010,SOURCE FACT VERIFICATION PENDING,BOUNDARY TIMING PROVISIONAL UNTIL AUDIO AUDITION; preview rendered layer transitions later,NO PAID IMAGE BY DEFAULT
SH-008,SC007,B004,S01:p7,652,765,26.08,30.60,NAMED_DETAIL,EVIDENCE_INSERT_OR_COMPARE,SAME_EVIDENCE_REFRAME: isolate named claim while preserving context,SOURCE_ATTRIBUTION | EDITOR_NATIVE_TEXT | EVIDENCE_CARD,BRAND_NEUTRAL_BACKDROP / VERIFIED_CONTEXT_IMAGE,OPTIONAL INSERT settle; stable heading; no concurrent unrelated motion,EXACT DATE / NUMBER / CLAIM label tied to C003;C010,NONE unless named narration accent validated,HOLD after title/marker; if cut too short suppress motion rather than speed animations,BOTTOM 15% unobstructed | 1920x1080 | 25fps,EDITOR NATIVE layered composition using linked evidence; no fake UI/documents; source-backed figure only,S002;S004;S009,C003;C010,SOURCE FACT VERIFICATION PENDING,BOUNDARY TIMING PROVISIONAL UNTIL AUDIO AUDITION; preview rendered layer transitions later,NO PAID IMAGE BY DEFAULT
SH-009,SC008,B004,S01:p8,765,879,30.60,35.16,ESTABLISH,EVIDENCE_STACK,NARRATIVE_BOUNDARY: Distinguish price allegations from the contract dispute.,SOURCE_ATTRIBUTION | EDITOR_NATIVE_TEXT | EVIDENCE_CARD,BRAND_NEUTRAL_BACKDROP / VERIFIED_CONTEXT_IMAGE,STATIC ESTABLISH; no compulsory motion,NONE; leave evidence stable,NONE unless named narration accent validated,HOLD after title/marker; if cut too short suppress motion rather than speed animations,BOTTOM 15% unobstructed | 1920x1080 | 25fps,EDITOR NATIVE layered composition using linked evidence; no fake UI/documents; source-backed figure only,S002;S004;S009,C003;C010,SOURCE FACT VERIFICATION PENDING,BOUNDARY TIMING PROVISIONAL UNTIL AUDIO AUDITION; preview rendered layer transitions later,NO PAID IMAGE BY DEFAULT
SH-010,SC008,B004,S01:p8,879,993,35.16,39.72,NAMED_DETAIL,EVIDENCE_INSERT_OR_COMPARE,SAME_EVIDENCE_REFRAME: isolate named claim while preserving context,SOURCE_ATTRIBUTION | EDITOR_NATIVE_TEXT | EVIDENCE_CARD,BRAND_NEUTRAL_BACKDROP / VERIFIED_CONTEXT_IMAGE,OPTIONAL INSERT settle; stable heading; no concurrent unrelated motion,EXACT DATE / NUMBER / CLAIM label tied to C003;C010,NONE unless named narration accent validated,HOLD after title/marker; if cut too short suppress motion rather than speed animations,BOTTOM 15% unobstructed | 1920x1080 | 25fps,EDITOR NATIVE layered composition using linked evidence; no fake UI/documents; source-backed figure only,S002;S004;S009,C003;C010,SOURCE FACT VERIFICATION PENDING,BOUNDARY TIMING PROVISIONAL UNTIL AUDIO AUDITION; preview rendered layer transitions later,NO PAID IMAGE BY DEFAULT
SH-011,SC009,B005,S01:p9,993,1085,39.72,43.40,ESTABLISH,DOCUMENT_ESTABLISH,NARRATIVE_BOUNDARY: Set up two contracts and one unresolved proceeding.,AUTHENTIC_SOURCE_CROP | SOURCE_ATTRIBUTION | OPTIONAL LOCAL_MARKER,EXISTING_REAL_DOCUMENT_TEXTURE,STATIC ESTABLISH; no compulsory motion,EXACT SOURCE-NATIVE LINE matching claim C001;C010; coordinates and tilt MUST be annotated after source download,NONE unless named narration accent validated,HOLD after title/marker; if cut too short suppress motion rather than speed animations,BOTTOM 15% unobstructed | 1920x1080 | 25fps,"REAL DOCUMENT only; verify URL and rights, capture page, crop text, annotate exact paragraph and proof",S002;S003;S004,C001;C010,"REQUIRED: page, source-native wording, highlight xy+angle; currently PENDING",BOUNDARY TIMING PROVISIONAL UNTIL AUDIO AUDITION; preview rendered layer transitions later,NO PAID IMAGE BY DEFAULT
SH-012,SC009,B005,S01:p9,1085,1177,43.40,47.08,NAMED_DETAIL,DOCUMENT_DETAIL_HIGHLIGHT,SAME_EVIDENCE_REFRAME: isolate named claim while preserving context,AUTHENTIC_SOURCE_CROP | SOURCE_ATTRIBUTION | OPTIONAL LOCAL_MARKER,EXISTING_REAL_DOCUMENT_TEXTURE,OPTIONAL EASE TO SOURCE-NATIVE LINE; end move before read hold,EXACT SOURCE-NATIVE LINE matching claim C001;C010; coordinates and tilt MUST be annotated after source download,WARM_YELLOW_MULTIPLY left-to-right fitted marker AFTER settle; optional; requires exact line coords,HOLD after title/marker; if cut too short suppress motion rather than speed animations,BOTTOM 15% unobstructed | 1920x1080 | 25fps,"REAL DOCUMENT only; verify URL and rights, capture page, crop text, annotate exact paragraph and proof",S002;S003;S004,C001;C010,"REQUIRED: page, source-native wording, highlight xy+angle; currently PENDING",BOUNDARY TIMING PROVISIONAL UNTIL AUDIO AUDITION; preview rendered layer transitions later,NO PAID IMAGE BY DEFAULT
SH-013,SC010,B005,S01:p10,1177,1279,47.08,51.16,ESTABLISH,DOCUMENT_ESTABLISH,NARRATIVE_BOUNDARY: Set up two contracts and one unresolved proceeding.,AUTHENTIC_SOURCE_CROP | SOURCE_ATTRIBUTION | OPTIONAL LOCAL_MARKER,EXISTING_REAL_DOCUMENT_TEXTURE,STATIC ESTABLISH; no compulsory motion,EXACT SOURCE-NATIVE LINE matching claim C001;C010; coordinates and tilt MUST be annotated after source download,NONE unless named narration accent validated,HOLD after title/marker; if cut too short suppress motion rather than speed animations,BOTTOM 15% unobstructed | 1920x1080 | 25fps,"REAL DOCUMENT only; verify URL and rights, capture page, crop text, annotate exact paragraph and proof",S002;S003;S004,C001;C010,"REQUIRED: page, source-native wording, highlight xy+angle; currently PENDING",BOUNDARY TIMING PROVISIONAL UNTIL AUDIO AUDITION; preview rendered layer transitions later,NO PAID IMAGE BY DEFAULT
SH-014,SC010,B005,S01:p10,1279,1382,51.16,55.28,NAMED_DETAIL,DOCUMENT_DETAIL_HIGHLIGHT,SAME_EVIDENCE_REFRAME: isolate named claim while preserving context,AUTHENTIC_SOURCE_CROP | SOURCE_ATTRIBUTION | OPTIONAL LOCAL_MARKER,EXISTING_REAL_DOCUMENT_TEXTURE,OPTIONAL EASE TO SOURCE-NATIVE LINE; end move before read hold,EXACT SOURCE-NATIVE LINE matching claim C001;C010; coordinates and tilt MUST be annotated after source download,WARM_YELLOW_MULTIPLY left-to-right fitted marker AFTER settle; optional; requires exact line coords,HOLD after title/marker; if cut too short suppress motion rather than speed animations,BOTTOM 15% unobstructed | 1920x1080 | 25fps,"REAL DOCUMENT only; verify URL and rights, capture page, crop text, annotate exact paragraph and proof",S002;S003;S004,C001;C010,"REQUIRED: page, source-native wording, highlight xy+angle; currently PENDING",BOUNDARY TIMING PROVISIONAL UNTIL AUDIO AUDITION; preview rendered layer transitions later,NO PAID IMAGE BY DEFAULT
SH-015,SC011,B006,S02:p1,1382,1517,55.28,60.68,ESTABLISH,EDITORIAL_QUESTION,NARRATIVE_BOUNDARY: Date the origin and identify the allegations.,SOURCE_ATTRIBUTION | EDITOR_NATIVE_TEXT | EVIDENCE_CARD,BRAND_NEUTRAL_BACKDROP / VERIFIED_CONTEXT_IMAGE,STATIC ESTABLISH; no compulsory motion,NONE; leave evidence stable,NONE unless named narration accent validated,HOLD after title/marker; if cut too short suppress motion rather than speed animations,BOTTOM 15% unobstructed | 1920x1080 | 25fps,EDITOR NATIVE layered composition using linked evidence; no fake UI/documents; source-backed figure only,S004;S009,C002;C003,SOURCE FACT VERIFICATION PENDING,BOUNDARY TIMING PROVISIONAL UNTIL AUDIO AUDITION; preview rendered layer transitions later,NO PAID IMAGE BY DEFAULT
SH-016,SC011,B006,S02:p1,1517,1652,60.68,66.08,NAMED_DETAIL,EVIDENCE_INSERT_OR_COMPARE,SAME_EVIDENCE_REFRAME: isolate named claim while preserving context,SOURCE_ATTRIBUTION | EDITOR_NATIVE_TEXT | EVIDENCE_CARD,BRAND_NEUTRAL_BACKDROP / VERIFIED_CONTEXT_IMAGE,OPTIONAL INSERT settle; stable heading; no concurrent unrelated motion,EXACT DATE / NUMBER / CLAIM label tied to C002;C003,NONE unless named narration accent validated,HOLD after title/marker; if cut too short suppress motion rather than speed animations,BOTTOM 15% unobstructed | 1920x1080 | 25fps,EDITOR NATIVE layered composition using linked evidence; no fake UI/documents; source-backed figure only,S004;S009,C002;C003,SOURCE FACT VERIFICATION PENDING,BOUNDARY TIMING PROVISIONAL UNTIL AUDIO AUDITION; preview rendered layer transitions later,NO PAID IMAGE BY DEFAULT
SH-017,SC012,B007,S02:p2,1652,1799,66.08,71.96,ESTABLISH,DOCUMENT_ESTABLISH,"NARRATIVE_BOUNDARY: Explain why consumers went to arbitration, not why Valve won on merits.",AUTHENTIC_SOURCE_CROP | SOURCE_ATTRIBUTION | OPTIONAL LOCAL_MARKER,EXISTING_REAL_DOCUMENT_TEXTURE,STATIC ESTABLISH; no compulsory motion,EXACT SOURCE-NATIVE LINE matching claim C002;C023; coordinates and tilt MUST be annotated after source download,NONE unless named narration accent validated,HOLD after title/marker; if cut too short suppress motion rather than speed animations,BOTTOM 15% unobstructed | 1920x1080 | 25fps,"REAL DOCUMENT only; verify URL and rights, capture page, crop text, annotate exact paragraph and proof",S004;S005;S007;S009,C002;C023,"REQUIRED: page, source-native wording, highlight xy+angle; currently PENDING",BOUNDARY TIMING PROVISIONAL UNTIL AUDIO AUDITION; preview rendered layer transitions later,NO PAID IMAGE BY DEFAULT
SH-018,SC012,B007,S02:p2,1799,1946,71.96,77.84,NAMED_DETAIL,DOCUMENT_DETAIL_HIGHLIGHT,SAME_EVIDENCE_REFRAME: isolate named claim while preserving context,AUTHENTIC_SOURCE_CROP | SOURCE_ATTRIBUTION | OPTIONAL LOCAL_MARKER,EXISTING_REAL_DOCUMENT_TEXTURE,OPTIONAL EASE TO SOURCE-NATIVE LINE; end move before read hold,EXACT SOURCE-NATIVE LINE matching claim C002;C023; coordinates and tilt MUST be annotated after source download,WARM_YELLOW_MULTIPLY left-to-right fitted marker AFTER settle; optional; requires exact line coords,HOLD after title/marker; if cut too short suppress motion rather than speed animations,BOTTOM 15% unobstructed | 1920x1080 | 25fps,"REAL DOCUMENT only; verify URL and rights, capture page, crop text, annotate exact paragraph and proof",S004;S005;S007;S009,C002;C023,"REQUIRED: page, source-native wording, highlight xy+angle; currently PENDING",BOUNDARY TIMING PROVISIONAL UNTIL AUDIO AUDITION; preview rendered layer transitions later,NO PAID IMAGE BY DEFAULT
SH-019,SC013,B007,S02:p3,1946,2045,77.84,81.80,ESTABLISH,DOCUMENT_ESTABLISH,"NARRATIVE_BOUNDARY: Explain why consumers went to arbitration, not why Valve won on merits.",AUTHENTIC_SOURCE_CROP | SOURCE_ATTRIBUTION | OPTIONAL LOCAL_MARKER,EXISTING_REAL_DOCUMENT_TEXTURE,STATIC ESTABLISH; no compulsory motion,EXACT SOURCE-NATIVE LINE matching claim C002;C023; coordinates and tilt MUST be annotated after source download,NONE unless named narration accent validated,HOLD after title/marker; if cut too short suppress motion rather than speed animations,BOTTOM 15% unobstructed | 1920x1080 | 25fps,"REAL DOCUMENT only; verify URL and rights, capture page, crop text, annotate exact paragraph and proof",S004;S005;S007;S009,C002;C023,"REQUIRED: page, source-native wording, highlight xy+angle; currently PENDING",BOUNDARY TIMING PROVISIONAL UNTIL AUDIO AUDITION; preview rendered layer transitions later,NO PAID IMAGE BY DEFAULT
SH-020,SC013,B007,S02:p3,2045,2145,81.80,85.80,NAMED_DETAIL,DOCUMENT_DETAIL_HIGHLIGHT,SAME_EVIDENCE_REFRAME: isolate named claim while preserving context,AUTHENTIC_SOURCE_CROP | SOURCE_ATTRIBUTION | OPTIONAL LOCAL_MARKER,EXISTING_REAL_DOCUMENT_TEXTURE,OPTIONAL EASE TO SOURCE-NATIVE LINE; end move before read hold,EXACT SOURCE-NATIVE LINE matching claim C002;C023; coordinates and tilt MUST be annotated after source download,WARM_YELLOW_MULTIPLY left-to-right fitted marker AFTER settle; optional; requires exact line coords,HOLD after title/marker; if cut too short suppress motion rather than speed animations,BOTTOM 15% unobstructed | 1920x1080 | 25fps,"REAL DOCUMENT only; verify URL and rights, capture page, crop text, annotate exact paragraph and proof",S004;S005;S007;S009,C002;C023,"REQUIRED: page, source-native wording, highlight xy+angle; currently PENDING",BOUNDARY TIMING PROVISIONAL UNTIL AUDIO AUDITION; preview rendered layer transitions later,NO PAID IMAGE BY DEFAULT
SH-021,SC014,B007,S02:p4,2145,2302,85.80,92.08,ESTABLISH_AND_HOLD,DOCUMENT_ESTABLISH,"NARRATIVE_BOUNDARY: Explain why consumers went to arbitration, not why Valve won on merits.",AUTHENTIC_SOURCE_CROP | SOURCE_ATTRIBUTION | OPTIONAL LOCAL_MARKER,EXISTING_REAL_DOCUMENT_TEXTURE,STATIC ESTABLISH; no compulsory motion,EXACT SOURCE-NATIVE LINE matching claim C002;C023; coordinates and tilt MUST be annotated after source download,NONE unless named narration accent validated,HOLD after title/marker; if cut too short suppress motion rather than speed animations,BOTTOM 15% unobstructed | 1920x1080 | 25fps,"REAL DOCUMENT only; verify URL and rights, capture page, crop text, annotate exact paragraph and proof",S004;S005;S007;S009,C002;C023,"REQUIRED: page, source-native wording, highlight xy+angle; currently PENDING",BOUNDARY TIMING PROVISIONAL UNTIL AUDIO AUDITION; preview rendered layer transitions later,NO PAID IMAGE BY DEFAULT
SH-022,SC015,B008,S02:p5,2302,2455,92.08,98.20,ESTABLISH,DOCUMENT_ESTABLISH,NARRATIVE_BOUNDARY: Make individual-only procedure legible.,AUTHENTIC_SOURCE_CROP | SOURCE_ATTRIBUTION | OPTIONAL LOCAL_MARKER,EXISTING_REAL_DOCUMENT_TEXTURE,STATIC ESTABLISH; no compulsory motion,EXACT SOURCE-NATIVE LINE matching claim C001; coordinates and tilt MUST be annotated after source download,NONE unless named narration accent validated,HOLD after title/marker; if cut too short suppress motion rather than speed animations,BOTTOM 15% unobstructed | 1920x1080 | 25fps,"REAL DOCUMENT only; verify URL and rights, capture page, crop text, annotate exact paragraph and proof",S003;S004,C001,"REQUIRED: page, source-native wording, highlight xy+angle; currently PENDING",BOUNDARY TIMING PROVISIONAL UNTIL AUDIO AUDITION; preview rendered layer transitions later,NO PAID IMAGE BY DEFAULT
SH-023,SC015,B008,S02:p5,2455,2608,98.20,104.32,NAMED_DETAIL,DOCUMENT_DETAIL_HIGHLIGHT,SAME_EVIDENCE_REFRAME: isolate named claim while preserving context,AUTHENTIC_SOURCE_CROP | SOURCE_ATTRIBUTION | OPTIONAL LOCAL_MARKER,EXISTING_REAL_DOCUMENT_TEXTURE,OPTIONAL EASE TO SOURCE-NATIVE LINE; end move before read hold,EXACT SOURCE-NATIVE LINE matching claim C001; coordinates and tilt MUST be annotated after source download,WARM_YELLOW_MULTIPLY left-to-right fitted marker AFTER settle; optional; requires exact line coords,HOLD after title/marker; if cut too short suppress motion rather than speed animations,BOTTOM 15% unobstructed | 1920x1080 | 25fps,"REAL DOCUMENT only; verify URL and rights, capture page, crop text, annotate exact paragraph and proof",S003;S004,C001,"REQUIRED: page, source-native wording, highlight xy+angle; currently PENDING",BOUNDARY TIMING PROVISIONAL UNTIL AUDIO AUDITION; preview rendered layer transitions later,NO PAID IMAGE BY DEFAULT
SH-024,SC016,B008,S02:p6,2608,2712,104.32,108.48,ESTABLISH_AND_HOLD,DOCUMENT_ESTABLISH,NARRATIVE_BOUNDARY: Make individual-only procedure legible.,AUTHENTIC_SOURCE_CROP | SOURCE_ATTRIBUTION | OPTIONAL LOCAL_MARKER,EXISTING_REAL_DOCUMENT_TEXTURE,STATIC ESTABLISH; no compulsory motion,EXACT SOURCE-NATIVE LINE matching claim C001; coordinates and tilt MUST be annotated after source download,NONE unless named narration accent validated,HOLD after title/marker; if cut too short suppress motion rather than speed animations,BOTTOM 15% unobstructed | 1920x1080 | 25fps,"REAL DOCUMENT only; verify URL and rights, capture page, crop text, annotate exact paragraph and proof",S003;S004,C001,"REQUIRED: page, source-native wording, highlight xy+angle; currently PENDING",BOUNDARY TIMING PROVISIONAL UNTIL AUDIO AUDITION; preview rendered layer transitions later,NO PAID IMAGE BY DEFAULT
SH-025,SC017,B009,S02:p7,2712,2785,108.48,111.40,ESTABLISH_AND_HOLD,EDITORIAL_QUESTION,NARRATIVE_BOUNDARY: Turn individual procedure into a scale reveal.,SOURCE_ATTRIBUTION | EDITOR_NATIVE_TEXT | EVIDENCE_CARD,BRAND_NEUTRAL_BACKDROP / VERIFIED_CONTEXT_IMAGE,STATIC ESTABLISH; no compulsory motion,NONE; leave evidence stable,NONE unless named narration accent validated,HOLD after title/marker; if cut too short suppress motion rather than speed animations,BOTTOM 15% unobstructed | 1920x1080 | 25fps,EDITOR NATIVE layered composition using linked evidence; no fake UI/documents; source-backed figure only,S004;S006,C004;C022,SOURCE FACT VERIFICATION PENDING,BOUNDARY TIMING PROVISIONAL UNTIL AUDIO AUDITION; preview rendered layer transitions later,NO PAID IMAGE BY DEFAULT
SH-026,SC018,B009,S02:p8,2785,2876,111.40,115.04,ESTABLISH_AND_HOLD,MECHANISM_MAP,NARRATIVE_BOUNDARY: Turn individual procedure into a scale reveal.,SOURCE_ATTRIBUTION | EDITOR_NATIVE_TEXT | EVIDENCE_CARD,BRAND_NEUTRAL_BACKDROP / VERIFIED_CONTEXT_IMAGE,STATIC ESTABLISH; no compulsory motion,NONE; leave evidence stable,NONE unless named narration accent validated,HOLD after title/marker; if cut too short suppress motion rather than speed animations,BOTTOM 15% unobstructed | 1920x1080 | 25fps,EDITOR NATIVE layered composition using linked evidence; no fake UI/documents; source-backed figure only,S004;S006,C004;C022,SOURCE FACT VERIFICATION PENDING,BOUNDARY TIMING PROVISIONAL UNTIL AUDIO AUDITION; preview rendered layer transitions later,NO PAID IMAGE BY DEFAULT
SH-027,SC019,B009,S02:p9,2876,2945,115.04,117.80,ESTABLISH_AND_HOLD,TWO_POSITION_COMPARE,NARRATIVE_BOUNDARY: Turn individual procedure into a scale reveal.,SOURCE_ATTRIBUTION | EDITOR_NATIVE_TEXT | EVIDENCE_CARD,BRAND_NEUTRAL_BACKDROP / VERIFIED_CONTEXT_IMAGE,STATIC ESTABLISH; no compulsory motion,NONE; leave evidence stable,NONE unless named narration accent validated,HOLD after title/marker; if cut too short suppress motion rather than speed animations,BOTTOM 15% unobstructed | 1920x1080 | 25fps,EDITOR NATIVE layered composition using linked evidence; no fake UI/documents; source-backed figure only,S004;S006,C004;C022,SOURCE FACT VERIFICATION PENDING,BOUNDARY TIMING PROVISIONAL UNTIL AUDIO AUDITION; preview rendered layer transitions later,NO PAID IMAGE BY DEFAULT
SH-028,SC020,B010,S03:p1,2945,3080,117.80,123.20,ESTABLISH_AND_HOLD,EVIDENCE_STACK,NARRATIVE_BOUNDARY: Reveal the two dated counts without conflating cohorts.,SOURCE_ATTRIBUTION | EDITOR_NATIVE_TEXT | EVIDENCE_CARD,BRAND_NEUTRAL_BACKDROP / VERIFIED_CONTEXT_IMAGE,STATIC ESTABLISH; no compulsory motion,NONE; leave evidence stable,NONE unless named narration accent validated,HOLD after title/marker; if cut too short suppress motion rather than speed animations,BOTTOM 15% unobstructed | 1920x1080 | 25fps,EDITOR NATIVE layered composition using linked evidence; no fake UI/documents; source-backed figure only,S004,C004;C005,SOURCE FACT VERIFICATION PENDING,BOUNDARY TIMING PROVISIONAL UNTIL AUDIO AUDITION; preview rendered layer transitions later,NO PAID IMAGE BY DEFAULT
SH-029,SC021,B010,S03:p2,3080,3222,123.20,128.88,ESTABLISH_AND_HOLD,CHRONOLOGY,NARRATIVE_BOUNDARY: Reveal the two dated counts without conflating cohorts.,SOURCE_ATTRIBUTION | EDITOR_NATIVE_TEXT | EVIDENCE_CARD,BRAND_NEUTRAL_BACKDROP / VERIFIED_CONTEXT_IMAGE,STATIC ESTABLISH; no compulsory motion,NONE; leave evidence stable,NONE unless named narration accent validated,HOLD after title/marker; if cut too short suppress motion rather than speed animations,BOTTOM 15% unobstructed | 1920x1080 | 25fps,EDITOR NATIVE layered composition using linked evidence; no fake UI/documents; source-backed figure only,S004,C004;C005,SOURCE FACT VERIFICATION PENDING,BOUNDARY TIMING PROVISIONAL UNTIL AUDIO AUDITION; preview rendered layer transitions later,NO PAID IMAGE BY DEFAULT
SH-030,SC022,B011,S03:p3,3222,3294,128.88,131.76,ESTABLISH_AND_HOLD,NUMBER_CONTEXT,NARRATIVE_BOUNDARY: Land the distinction between filings and proven wins.,SOURCE_ATTRIBUTION | EDITOR_NATIVE_TEXT | EVIDENCE_CARD,BRAND_NEUTRAL_BACKDROP / VERIFIED_CONTEXT_IMAGE,STATIC ESTABLISH; no compulsory motion,NONE; leave evidence stable,NONE unless named narration accent validated,HOLD after title/marker; if cut too short suppress motion rather than speed animations,BOTTOM 15% unobstructed | 1920x1080 | 25fps,EDITOR NATIVE layered composition using linked evidence; no fake UI/documents; source-backed figure only,S004;S006,C005;C022,SOURCE FACT VERIFICATION PENDING,BOUNDARY TIMING PROVISIONAL UNTIL AUDIO AUDITION; preview rendered layer transitions later,NO PAID IMAGE BY DEFAULT
SH-031,SC023,B011,S03:p4,3294,3403,131.76,136.12,ESTABLISH_AND_HOLD,EDITORIAL_QUESTION,NARRATIVE_BOUNDARY: Land the distinction between filings and proven wins.,SOURCE_ATTRIBUTION | EDITOR_NATIVE_TEXT | EVIDENCE_CARD,BRAND_NEUTRAL_BACKDROP / VERIFIED_CONTEXT_IMAGE,STATIC ESTABLISH; no compulsory motion,NONE; leave evidence stable,NONE unless named narration accent validated,HOLD after title/marker; if cut too short suppress motion rather than speed animations,BOTTOM 15% unobstructed | 1920x1080 | 25fps,EDITOR NATIVE layered composition using linked evidence; no fake UI/documents; source-backed figure only,S004;S006,C005;C022,SOURCE FACT VERIFICATION PENDING,BOUNDARY TIMING PROVISIONAL UNTIL AUDIO AUDITION; preview rendered layer transitions later,NO PAID IMAGE BY DEFAULT
SH-032,SC024,B012,S03:p5,3403,3536,136.12,141.44,ESTABLISH,MECHANISM_MAP,NARRATIVE_BOUNDARY: Show why coordinated filing creates repeated work.,SOURCE_ATTRIBUTION | EDITOR_NATIVE_TEXT | EVIDENCE_CARD,BRAND_NEUTRAL_BACKDROP / VERIFIED_CONTEXT_IMAGE,STATIC ESTABLISH; no compulsory motion,NONE; leave evidence stable,NONE unless named narration accent validated,HOLD after title/marker; if cut too short suppress motion rather than speed animations,BOTTOM 15% unobstructed | 1920x1080 | 25fps,EDITOR NATIVE layered composition using linked evidence; no fake UI/documents; source-backed figure only,S004;S006,C004;C006;C022,SOURCE FACT VERIFICATION PENDING,BOUNDARY TIMING PROVISIONAL UNTIL AUDIO AUDITION; preview rendered layer transitions later,NO PAID IMAGE BY DEFAULT
SH-033,SC024,B012,S03:p5,3536,3670,141.44,146.80,NAMED_DETAIL,EVIDENCE_INSERT_OR_COMPARE,SAME_EVIDENCE_REFRAME: isolate named claim while preserving context,SOURCE_ATTRIBUTION | EDITOR_NATIVE_TEXT | EVIDENCE_CARD,BRAND_NEUTRAL_BACKDROP / VERIFIED_CONTEXT_IMAGE,OPTIONAL INSERT settle; stable heading; no concurrent unrelated motion,EXACT DATE / NUMBER / CLAIM label tied to C004;C006;C022,NONE unless named narration accent validated,HOLD after title/marker; if cut too short suppress motion rather than speed animations,BOTTOM 15% unobstructed | 1920x1080 | 25fps,EDITOR NATIVE layered composition using linked evidence; no fake UI/documents; source-backed figure only,S004;S006,C004;C006;C022,SOURCE FACT VERIFICATION PENDING,BOUNDARY TIMING PROVISIONAL UNTIL AUDIO AUDITION; preview rendered layer transitions later,NO PAID IMAGE BY DEFAULT
SH-034,SC025,B012,S03:p6,3670,3829,146.80,153.16,ESTABLISH,TWO_POSITION_COMPARE,NARRATIVE_BOUNDARY: Show why coordinated filing creates repeated work.,SOURCE_ATTRIBUTION | EDITOR_NATIVE_TEXT | EVIDENCE_CARD,BRAND_NEUTRAL_BACKDROP / VERIFIED_CONTEXT_IMAGE,STATIC ESTABLISH; no compulsory motion,NONE; leave evidence stable,NONE unless named narration accent validated,HOLD after title/marker; if cut too short suppress motion rather than speed animations,BOTTOM 15% unobstructed | 1920x1080 | 25fps,EDITOR NATIVE layered composition using linked evidence; no fake UI/documents; source-backed figure only,S004;S006,C004;C006;C022,SOURCE FACT VERIFICATION PENDING,BOUNDARY TIMING PROVISIONAL UNTIL AUDIO AUDITION; preview rendered layer transitions later,NO PAID IMAGE BY DEFAULT
SH-035,SC025,B012,S03:p6,3829,3988,153.16,159.52,NAMED_DETAIL,EVIDENCE_INSERT_OR_COMPARE,SAME_EVIDENCE_REFRAME: isolate named claim while preserving context,SOURCE_ATTRIBUTION | EDITOR_NATIVE_TEXT | EVIDENCE_CARD,BRAND_NEUTRAL_BACKDROP / VERIFIED_CONTEXT_IMAGE,OPTIONAL INSERT settle; stable heading; no concurrent unrelated motion,EXACT DATE / NUMBER / CLAIM label tied to C004;C006;C022,NONE unless named narration accent validated,HOLD after title/marker; if cut too short suppress motion rather than speed animations,BOTTOM 15% unobstructed | 1920x1080 | 25fps,EDITOR NATIVE layered composition using linked evidence; no fake UI/documents; source-backed figure only,S004;S006,C004;C006;C022,SOURCE FACT VERIFICATION PENDING,BOUNDARY TIMING PROVISIONAL UNTIL AUDIO AUDITION; preview rendered layer transitions later,NO PAID IMAGE BY DEFAULT
SH-036,SC026,B013,S03:p7,3988,4111,159.52,164.44,ESTABLISH,EVIDENCE_STACK,NARRATIVE_BOUNDARY: Close the count boundary and open the money question.,SOURCE_ATTRIBUTION | EDITOR_NATIVE_TEXT | EVIDENCE_CARD,BRAND_NEUTRAL_BACKDROP / VERIFIED_CONTEXT_IMAGE,STATIC ESTABLISH; no compulsory motion,NONE; leave evidence stable,NONE unless named narration accent validated,HOLD after title/marker; if cut too short suppress motion rather than speed animations,BOTTOM 15% unobstructed | 1920x1080 | 25fps,EDITOR NATIVE layered composition using linked evidence; no fake UI/documents; source-backed figure only,S004;S006,C005;C007,SOURCE FACT VERIFICATION PENDING,BOUNDARY TIMING PROVISIONAL UNTIL AUDIO AUDITION; preview rendered layer transitions later,NO PAID IMAGE BY DEFAULT
SH-037,SC026,B013,S03:p7,4111,4234,164.44,169.36,NAMED_DETAIL,EVIDENCE_INSERT_OR_COMPARE,SAME_EVIDENCE_REFRAME: isolate named claim while preserving context,SOURCE_ATTRIBUTION | EDITOR_NATIVE_TEXT | EVIDENCE_CARD,BRAND_NEUTRAL_BACKDROP / VERIFIED_CONTEXT_IMAGE,OPTIONAL INSERT settle; stable heading; no concurrent unrelated motion,EXACT DATE / NUMBER / CLAIM label tied to C005;C007,NONE unless named narration accent validated,HOLD after title/marker; if cut too short suppress motion rather than speed animations,BOTTOM 15% unobstructed | 1920x1080 | 25fps,EDITOR NATIVE layered composition using linked evidence; no fake UI/documents; source-backed figure only,S004;S006,C005;C007,SOURCE FACT VERIFICATION PENDING,BOUNDARY TIMING PROVISIONAL UNTIL AUDIO AUDITION; preview rendered layer transitions later,NO PAID IMAGE BY DEFAULT
SH-038,SC027,B013,S03:p8,4234,4323,169.36,172.92,ESTABLISH_AND_HOLD,CHRONOLOGY,NARRATIVE_BOUNDARY: Close the count boundary and open the money question.,SOURCE_ATTRIBUTION | EDITOR_NATIVE_TEXT | EVIDENCE_CARD,BRAND_NEUTRAL_BACKDROP / VERIFIED_CONTEXT_IMAGE,STATIC ESTABLISH; no compulsory motion,NONE; leave evidence stable,NONE unless named narration accent validated,HOLD after title/marker; if cut too short suppress motion rather than speed animations,BOTTOM 15% unobstructed | 1920x1080 | 25fps,EDITOR NATIVE layered composition using linked evidence; no fake UI/documents; source-backed figure only,S004;S006,C005;C007,SOURCE FACT VERIFICATION PENDING,BOUNDARY TIMING PROVISIONAL UNTIL AUDIO AUDITION; preview rendered layer transitions later,NO PAID IMAGE BY DEFAULT
SH-039,SC028,B013,S03:p9,4323,4424,172.92,176.96,ESTABLISH_AND_HOLD,NUMBER_CONTEXT,NARRATIVE_BOUNDARY: Close the count boundary and open the money question.,SOURCE_ATTRIBUTION | EDITOR_NATIVE_TEXT | EVIDENCE_CARD,BRAND_NEUTRAL_BACKDROP / VERIFIED_CONTEXT_IMAGE,STATIC ESTABLISH; no compulsory motion,NONE; leave evidence stable,NONE unless named narration accent validated,HOLD after title/marker; if cut too short suppress motion rather than speed animations,BOTTOM 15% unobstructed | 1920x1080 | 25fps,EDITOR NATIVE layered composition using linked evidence; no fake UI/documents; source-backed figure only,S004;S006,C005;C007,SOURCE FACT VERIFICATION PENDING,BOUNDARY TIMING PROVISIONAL UNTIL AUDIO AUDITION; preview rendered layer transitions later,NO PAID IMAGE BY DEFAULT
SH-040,SC029,B014,S04:p1,4424,4563,176.96,182.52,ESTABLISH_AND_HOLD,EDITORIAL_QUESTION,NARRATIVE_BOUNDARY: Disarm the unsupported $20M headline immediately.,SOURCE_ATTRIBUTION | EDITOR_NATIVE_TEXT | EVIDENCE_CARD,BRAND_NEUTRAL_BACKDROP / VERIFIED_CONTEXT_IMAGE,STATIC ESTABLISH; no compulsory motion,NONE; leave evidence stable,NONE unless named narration accent validated,HOLD after title/marker; if cut too short suppress motion rather than speed animations,BOTTOM 15% unobstructed | 1920x1080 | 25fps,EDITOR NATIVE layered composition using linked evidence; no fake UI/documents; source-backed figure only,S004;S006,C007,SOURCE FACT VERIFICATION PENDING,BOUNDARY TIMING PROVISIONAL UNTIL AUDIO AUDITION; preview rendered layer transitions later,NO PAID IMAGE BY DEFAULT
SH-041,SC030,B014,S04:p2,4563,4669,182.52,186.76,ESTABLISH_AND_HOLD,MECHANISM_MAP,NARRATIVE_BOUNDARY: Disarm the unsupported $20M headline immediately.,SOURCE_ATTRIBUTION | EDITOR_NATIVE_TEXT | EVIDENCE_CARD,BRAND_NEUTRAL_BACKDROP / VERIFIED_CONTEXT_IMAGE,STATIC ESTABLISH; no compulsory motion,NONE; leave evidence stable,NONE unless named narration accent validated,HOLD after title/marker; if cut too short suppress motion rather than speed animations,BOTTOM 15% unobstructed | 1920x1080 | 25fps,EDITOR NATIVE layered composition using linked evidence; no fake UI/documents; source-backed figure only,S004;S006,C007,SOURCE FACT VERIFICATION PENDING,BOUNDARY TIMING PROVISIONAL UNTIL AUDIO AUDITION; preview rendered layer transitions later,NO PAID IMAGE BY DEFAULT
SH-042,SC031,B015,S04:p3,4669,4742,186.76,189.68,ESTABLISH_AND_HOLD,TWO_POSITION_COMPARE,NARRATIVE_BOUNDARY: Replace the viral total with the documented mechanism.,SOURCE_ATTRIBUTION | EDITOR_NATIVE_TEXT | EVIDENCE_CARD,BRAND_NEUTRAL_BACKDROP / VERIFIED_CONTEXT_IMAGE,STATIC ESTABLISH; no compulsory motion,NONE; leave evidence stable,NONE unless named narration accent validated,HOLD after title/marker; if cut too short suppress motion rather than speed animations,BOTTOM 15% unobstructed | 1920x1080 | 25fps,EDITOR NATIVE layered composition using linked evidence; no fake UI/documents; source-backed figure only,S004;S006,C005;C006;C022,SOURCE FACT VERIFICATION PENDING,BOUNDARY TIMING PROVISIONAL UNTIL AUDIO AUDITION; preview rendered layer transitions later,NO PAID IMAGE BY DEFAULT
SH-043,SC032,B015,S04:p4,4742,4876,189.68,195.04,ESTABLISH_AND_HOLD,EVIDENCE_STACK,NARRATIVE_BOUNDARY: Replace the viral total with the documented mechanism.,SOURCE_ATTRIBUTION | EDITOR_NATIVE_TEXT | EVIDENCE_CARD,BRAND_NEUTRAL_BACKDROP / VERIFIED_CONTEXT_IMAGE,STATIC ESTABLISH; no compulsory motion,NONE; leave evidence stable,NONE unless named narration accent validated,HOLD after title/marker; if cut too short suppress motion rather than speed animations,BOTTOM 15% unobstructed | 1920x1080 | 25fps,EDITOR NATIVE layered composition using linked evidence; no fake UI/documents; source-backed figure only,S004;S006,C005;C006;C022,SOURCE FACT VERIFICATION PENDING,BOUNDARY TIMING PROVISIONAL UNTIL AUDIO AUDITION; preview rendered layer transitions later,NO PAID IMAGE BY DEFAULT
SH-044,SC033,B016,S04:p5,4876,5004,195.04,200.16,ESTABLISH,DOCUMENT_ESTABLISH,NARRATIVE_BOUNDARY: Explain the limits of a published fee schedule.,AUTHENTIC_SOURCE_CROP | SOURCE_ATTRIBUTION | OPTIONAL LOCAL_MARKER,EXISTING_REAL_DOCUMENT_TEXTURE,STATIC ESTABLISH; no compulsory motion,EXACT SOURCE-NATIVE LINE matching claim C006;C007; coordinates and tilt MUST be annotated after source download,NONE unless named narration accent validated,HOLD after title/marker; if cut too short suppress motion rather than speed animations,BOTTOM 15% unobstructed | 1920x1080 | 25fps,"REAL DOCUMENT only; verify URL and rights, capture page, crop text, annotate exact paragraph and proof",S004;S006,C006;C007,"REQUIRED: page, source-native wording, highlight xy+angle; currently PENDING",BOUNDARY TIMING PROVISIONAL UNTIL AUDIO AUDITION; preview rendered layer transitions later,NO PAID IMAGE BY DEFAULT
SH-045,SC033,B016,S04:p5,5004,5132,200.16,205.28,NAMED_DETAIL,DOCUMENT_DETAIL_HIGHLIGHT,SAME_EVIDENCE_REFRAME: isolate named claim while preserving context,AUTHENTIC_SOURCE_CROP | SOURCE_ATTRIBUTION | OPTIONAL LOCAL_MARKER,EXISTING_REAL_DOCUMENT_TEXTURE,OPTIONAL EASE TO SOURCE-NATIVE LINE; end move before read hold,EXACT SOURCE-NATIVE LINE matching claim C006;C007; coordinates and tilt MUST be annotated after source download,WARM_YELLOW_MULTIPLY left-to-right fitted marker AFTER settle; optional; requires exact line coords,HOLD after title/marker; if cut too short suppress motion rather than speed animations,BOTTOM 15% unobstructed | 1920x1080 | 25fps,"REAL DOCUMENT only; verify URL and rights, capture page, crop text, annotate exact paragraph and proof",S004;S006,C006;C007,"REQUIRED: page, source-native wording, highlight xy+angle; currently PENDING",BOUNDARY TIMING PROVISIONAL UNTIL AUDIO AUDITION; preview rendered layer transitions later,NO PAID IMAGE BY DEFAULT
SH-046,SC034,B016,S04:p6,5132,5212,205.28,208.48,ESTABLISH,DOCUMENT_ESTABLISH,NARRATIVE_BOUNDARY: Explain the limits of a published fee schedule.,AUTHENTIC_SOURCE_CROP | SOURCE_ATTRIBUTION | OPTIONAL LOCAL_MARKER,EXISTING_REAL_DOCUMENT_TEXTURE,STATIC ESTABLISH; no compulsory motion,EXACT SOURCE-NATIVE LINE matching claim C006;C007; coordinates and tilt MUST be annotated after source download,NONE unless named narration accent validated,HOLD after title/marker; if cut too short suppress motion rather than speed animations,BOTTOM 15% unobstructed | 1920x1080 | 25fps,"REAL DOCUMENT only; verify URL and rights, capture page, crop text, annotate exact paragraph and proof",S004;S006,C006;C007,"REQUIRED: page, source-native wording, highlight xy+angle; currently PENDING",BOUNDARY TIMING PROVISIONAL UNTIL AUDIO AUDITION; preview rendered layer transitions later,NO PAID IMAGE BY DEFAULT
SH-047,SC034,B016,S04:p6,5212,5293,208.48,211.72,NAMED_DETAIL,DOCUMENT_DETAIL_HIGHLIGHT,SAME_EVIDENCE_REFRAME: isolate named claim while preserving context,AUTHENTIC_SOURCE_CROP | SOURCE_ATTRIBUTION | OPTIONAL LOCAL_MARKER,EXISTING_REAL_DOCUMENT_TEXTURE,OPTIONAL EASE TO SOURCE-NATIVE LINE; end move before read hold,EXACT SOURCE-NATIVE LINE matching claim C006;C007; coordinates and tilt MUST be annotated after source download,WARM_YELLOW_MULTIPLY left-to-right fitted marker AFTER settle; optional; requires exact line coords,HOLD after title/marker; if cut too short suppress motion rather than speed animations,BOTTOM 15% unobstructed | 1920x1080 | 25fps,"REAL DOCUMENT only; verify URL and rights, capture page, crop text, annotate exact paragraph and proof",S004;S006,C006;C007,"REQUIRED: page, source-native wording, highlight xy+angle; currently PENDING",BOUNDARY TIMING PROVISIONAL UNTIL AUDIO AUDITION; preview rendered layer transitions later,NO PAID IMAGE BY DEFAULT
SH-048,SC035,B017,S04:p7,5293,5418,211.72,216.72,ESTABLISH_AND_HOLD,EDITORIAL_QUESTION,NARRATIVE_BOUNDARY: Interrupt scale with the four-claimant turning point.,SOURCE_ATTRIBUTION | EDITOR_NATIVE_TEXT | EVIDENCE_CARD,BRAND_NEUTRAL_BACKDROP / VERIFIED_CONTEXT_IMAGE,STATIC ESTABLISH; no compulsory motion,NONE; leave evidence stable,NONE unless named narration accent validated,HOLD after title/marker; if cut too short suppress motion rather than speed animations,BOTTOM 15% unobstructed | 1920x1080 | 25fps,EDITOR NATIVE layered composition using linked evidence; no fake UI/documents; source-backed figure only,S001;S002;S004,C008;C009,SOURCE FACT VERIFICATION PENDING,BOUNDARY TIMING PROVISIONAL UNTIL AUDIO AUDITION; preview rendered layer transitions later,NO PAID IMAGE BY DEFAULT
SH-049,SC036,B017,S04:p8,5418,5466,216.72,218.64,ESTABLISH_AND_HOLD,MECHANISM_MAP,NARRATIVE_BOUNDARY: Interrupt scale with the four-claimant turning point.,SOURCE_ATTRIBUTION | EDITOR_NATIVE_TEXT | EVIDENCE_CARD,BRAND_NEUTRAL_BACKDROP / VERIFIED_CONTEXT_IMAGE,STATIC ESTABLISH; no compulsory motion,NONE; leave evidence stable,NONE unless named narration accent validated,HOLD after title/marker; if cut too short suppress motion rather than speed animations,BOTTOM 15% unobstructed | 1920x1080 | 25fps,EDITOR NATIVE layered composition using linked evidence; no fake UI/documents; source-backed figure only,S001;S002;S004,C008;C009,SOURCE FACT VERIFICATION PENDING,BOUNDARY TIMING PROVISIONAL UNTIL AUDIO AUDITION; preview rendered layer transitions later,NO PAID IMAGE BY DEFAULT
SH-050,SC037,B017,S04:p9,5466,5490,218.64,219.60,ESTABLISH_AND_HOLD,TWO_POSITION_COMPARE,NARRATIVE_BOUNDARY: Interrupt scale with the four-claimant turning point.,SOURCE_ATTRIBUTION | EDITOR_NATIVE_TEXT | EVIDENCE_CARD,BRAND_NEUTRAL_BACKDROP / VERIFIED_CONTEXT_IMAGE,STATIC ESTABLISH; no compulsory motion,NONE; leave evidence stable,NONE unless named narration accent validated,HOLD after title/marker; if cut too short suppress motion rather than speed animations,BOTTOM 15% unobstructed | 1920x1080 | 25fps,EDITOR NATIVE layered composition using linked evidence; no fake UI/documents; source-backed figure only,S001;S002;S004,C008;C009,SOURCE FACT VERIFICATION PENDING,BOUNDARY TIMING PROVISIONAL UNTIL AUDIO AUDITION; preview rendered layer transitions later,NO PAID IMAGE BY DEFAULT
SH-051,SC038,B018,S05:p1,5490,5578,219.60,223.12,ESTABLISH_AND_HOLD,EVIDENCE_STACK,NARRATIVE_BOUNDARY: Introduce the four claimants and Valve-stated response.,SOURCE_ATTRIBUTION | EDITOR_NATIVE_TEXT | EVIDENCE_CARD,BRAND_NEUTRAL_BACKDROP / VERIFIED_CONTEXT_IMAGE,STATIC ESTABLISH; no compulsory motion,NONE; leave evidence stable,NONE unless named narration accent validated,HOLD after title/marker; if cut too short suppress motion rather than speed animations,BOTTOM 15% unobstructed | 1920x1080 | 25fps,EDITOR NATIVE layered composition using linked evidence; no fake UI/documents; source-backed figure only,S001;S002;S004,C008;C009,SOURCE FACT VERIFICATION PENDING,BOUNDARY TIMING PROVISIONAL UNTIL AUDIO AUDITION; preview rendered layer transitions later,NO PAID IMAGE BY DEFAULT
SH-052,SC039,B018,S05:p2,5578,5670,223.12,226.80,ESTABLISH_AND_HOLD,CHRONOLOGY,NARRATIVE_BOUNDARY: Introduce the four claimants and Valve-stated response.,SOURCE_ATTRIBUTION | EDITOR_NATIVE_TEXT | EVIDENCE_CARD,BRAND_NEUTRAL_BACKDROP / VERIFIED_CONTEXT_IMAGE,STATIC ESTABLISH; no compulsory motion,NONE; leave evidence stable,NONE unless named narration accent validated,HOLD after title/marker; if cut too short suppress motion rather than speed animations,BOTTOM 15% unobstructed | 1920x1080 | 25fps,EDITOR NATIVE layered composition using linked evidence; no fake UI/documents; source-backed figure only,S001;S002;S004,C008;C009,SOURCE FACT VERIFICATION PENDING,BOUNDARY TIMING PROVISIONAL UNTIL AUDIO AUDITION; preview rendered layer transitions later,NO PAID IMAGE BY DEFAULT
SH-053,SC040,B018,S05:p3,5670,5794,226.80,231.76,ESTABLISH_AND_HOLD,NUMBER_CONTEXT,NARRATIVE_BOUNDARY: Introduce the four claimants and Valve-stated response.,SOURCE_ATTRIBUTION | EDITOR_NATIVE_TEXT | EVIDENCE_CARD,BRAND_NEUTRAL_BACKDROP / VERIFIED_CONTEXT_IMAGE,STATIC ESTABLISH; no compulsory motion,NONE; leave evidence stable,NONE unless named narration accent validated,HOLD after title/marker; if cut too short suppress motion rather than speed animations,BOTTOM 15% unobstructed | 1920x1080 | 25fps,EDITOR NATIVE layered composition using linked evidence; no fake UI/documents; source-backed figure only,S001;S002;S004,C008;C009,SOURCE FACT VERIFICATION PENDING,BOUNDARY TIMING PROVISIONAL UNTIL AUDIO AUDITION; preview rendered layer transitions later,NO PAID IMAGE BY DEFAULT
SH-054,SC041,B019,S05:p4,5794,5931,231.76,237.24,ESTABLISH_AND_HOLD,DOCUMENT_ESTABLISH,NARRATIVE_BOUNDARY: Reveal how the clause was challenged.,AUTHENTIC_SOURCE_CROP | SOURCE_ATTRIBUTION | OPTIONAL LOCAL_MARKER,EXISTING_REAL_DOCUMENT_TEXTURE,STATIC ESTABLISH; no compulsory motion,EXACT SOURCE-NATIVE LINE matching claim C008; coordinates and tilt MUST be annotated after source download,NONE unless named narration accent validated,HOLD after title/marker; if cut too short suppress motion rather than speed animations,BOTTOM 15% unobstructed | 1920x1080 | 25fps,"REAL DOCUMENT only; verify URL and rights, capture page, crop text, annotate exact paragraph and proof",S004,C008,"REQUIRED: page, source-native wording, highlight xy+angle; currently PENDING",BOUNDARY TIMING PROVISIONAL UNTIL AUDIO AUDITION; preview rendered layer transitions later,NO PAID IMAGE BY DEFAULT
SH-055,SC042,B019,S05:p5,5931,6072,237.24,242.88,ESTABLISH,DOCUMENT_ESTABLISH,NARRATIVE_BOUNDARY: Reveal how the clause was challenged.,AUTHENTIC_SOURCE_CROP | SOURCE_ATTRIBUTION | OPTIONAL LOCAL_MARKER,EXISTING_REAL_DOCUMENT_TEXTURE,STATIC ESTABLISH; no compulsory motion,EXACT SOURCE-NATIVE LINE matching claim C008; coordinates and tilt MUST be annotated after source download,NONE unless named narration accent validated,HOLD after title/marker; if cut too short suppress motion rather than speed animations,BOTTOM 15% unobstructed | 1920x1080 | 25fps,"REAL DOCUMENT only; verify URL and rights, capture page, crop text, annotate exact paragraph and proof",S004,C008,"REQUIRED: page, source-native wording, highlight xy+angle; currently PENDING",BOUNDARY TIMING PROVISIONAL UNTIL AUDIO AUDITION; preview rendered layer transitions later,NO PAID IMAGE BY DEFAULT
SH-056,SC042,B019,S05:p5,6072,6213,242.88,248.52,NAMED_DETAIL,DOCUMENT_DETAIL_HIGHLIGHT,SAME_EVIDENCE_REFRAME: isolate named claim while preserving context,AUTHENTIC_SOURCE_CROP | SOURCE_ATTRIBUTION | OPTIONAL LOCAL_MARKER,EXISTING_REAL_DOCUMENT_TEXTURE,OPTIONAL EASE TO SOURCE-NATIVE LINE; end move before read hold,EXACT SOURCE-NATIVE LINE matching claim C008; coordinates and tilt MUST be annotated after source download,WARM_YELLOW_MULTIPLY left-to-right fitted marker AFTER settle; optional; requires exact line coords,HOLD after title/marker; if cut too short suppress motion rather than speed animations,BOTTOM 15% unobstructed | 1920x1080 | 25fps,"REAL DOCUMENT only; verify URL and rights, capture page, crop text, annotate exact paragraph and proof",S004,C008,"REQUIRED: page, source-native wording, highlight xy+angle; currently PENDING",BOUNDARY TIMING PROVISIONAL UNTIL AUDIO AUDITION; preview rendered layer transitions later,NO PAID IMAGE BY DEFAULT
SH-057,SC043,B020,S05:p6,6213,6303,248.52,252.12,ESTABLISH,TWO_POSITION_COMPARE,NARRATIVE_BOUNDARY: Prevent mistaken cohort and outcome merging.,SOURCE_ATTRIBUTION | EDITOR_NATIVE_TEXT | EVIDENCE_CARD,BRAND_NEUTRAL_BACKDROP / VERIFIED_CONTEXT_IMAGE,STATIC ESTABLISH; no compulsory motion,NONE; leave evidence stable,NONE unless named narration accent validated,HOLD after title/marker; if cut too short suppress motion rather than speed animations,BOTTOM 15% unobstructed | 1920x1080 | 25fps,EDITOR NATIVE layered composition using linked evidence; no fake UI/documents; source-backed figure only,S004;S005;S007;S009,C008;C023,SOURCE FACT VERIFICATION PENDING,BOUNDARY TIMING PROVISIONAL UNTIL AUDIO AUDITION; preview rendered layer transitions later,NO PAID IMAGE BY DEFAULT
SH-058,SC043,B020,S05:p6,6303,6393,252.12,255.72,NAMED_DETAIL,EVIDENCE_INSERT_OR_COMPARE,SAME_EVIDENCE_REFRAME: isolate named claim while preserving context,SOURCE_ATTRIBUTION | EDITOR_NATIVE_TEXT | EVIDENCE_CARD,BRAND_NEUTRAL_BACKDROP / VERIFIED_CONTEXT_IMAGE,OPTIONAL INSERT settle; stable heading; no concurrent unrelated motion,EXACT DATE / NUMBER / CLAIM label tied to C008;C023,NONE unless named narration accent validated,HOLD after title/marker; if cut too short suppress motion rather than speed animations,BOTTOM 15% unobstructed | 1920x1080 | 25fps,EDITOR NATIVE layered composition using linked evidence; no fake UI/documents; source-backed figure only,S004;S005;S007;S009,C008;C023,SOURCE FACT VERIFICATION PENDING,BOUNDARY TIMING PROVISIONAL UNTIL AUDIO AUDITION; preview rendered layer transitions later,NO PAID IMAGE BY DEFAULT
SH-059,SC044,B020,S05:p7,6393,6506,255.72,260.24,ESTABLISH_AND_HOLD,EVIDENCE_STACK,NARRATIVE_BOUNDARY: Prevent mistaken cohort and outcome merging.,SOURCE_ATTRIBUTION | EDITOR_NATIVE_TEXT | EVIDENCE_CARD,BRAND_NEUTRAL_BACKDROP / VERIFIED_CONTEXT_IMAGE,STATIC ESTABLISH; no compulsory motion,NONE; leave evidence stable,NONE unless named narration accent validated,HOLD after title/marker; if cut too short suppress motion rather than speed animations,BOTTOM 15% unobstructed | 1920x1080 | 25fps,EDITOR NATIVE layered composition using linked evidence; no fake UI/documents; source-backed figure only,S004;S005;S007;S009,C008;C023,SOURCE FACT VERIFICATION PENDING,BOUNDARY TIMING PROVISIONAL UNTIL AUDIO AUDITION; preview rendered layer transitions later,NO PAID IMAGE BY DEFAULT
SH-060,SC045,B021,S05:p8,6506,6640,260.24,265.60,ESTABLISH,CHRONOLOGY,NARRATIVE_BOUNDARY: Bridge from exit challenge to people already inside.,SOURCE_ATTRIBUTION | EDITOR_NATIVE_TEXT | EVIDENCE_CARD,BRAND_NEUTRAL_BACKDROP / VERIFIED_CONTEXT_IMAGE,STATIC ESTABLISH; no compulsory motion,NONE; leave evidence stable,NONE unless named narration accent validated,HOLD after title/marker; if cut too short suppress motion rather than speed animations,BOTTOM 15% unobstructed | 1920x1080 | 25fps,EDITOR NATIVE layered composition using linked evidence; no fake UI/documents; source-backed figure only,S001;S002;S004,C008;C009;C010,SOURCE FACT VERIFICATION PENDING,BOUNDARY TIMING PROVISIONAL UNTIL AUDIO AUDITION; preview rendered layer transitions later,NO PAID IMAGE BY DEFAULT
SH-061,SC045,B021,S05:p8,6640,6774,265.60,270.96,NAMED_DETAIL,EVIDENCE_INSERT_OR_COMPARE,SAME_EVIDENCE_REFRAME: isolate named claim while preserving context,SOURCE_ATTRIBUTION | EDITOR_NATIVE_TEXT | EVIDENCE_CARD,BRAND_NEUTRAL_BACKDROP / VERIFIED_CONTEXT_IMAGE,OPTIONAL INSERT settle; stable heading; no concurrent unrelated motion,EXACT DATE / NUMBER / CLAIM label tied to C008;C009;C010,NONE unless named narration accent validated,HOLD after title/marker; if cut too short suppress motion rather than speed animations,BOTTOM 15% unobstructed | 1920x1080 | 25fps,EDITOR NATIVE layered composition using linked evidence; no fake UI/documents; source-backed figure only,S001;S002;S004,C008;C009;C010,SOURCE FACT VERIFICATION PENDING,BOUNDARY TIMING PROVISIONAL UNTIL AUDIO AUDITION; preview rendered layer transitions later,NO PAID IMAGE BY DEFAULT
SH-062,SC046,B021,S05:p9,6774,6853,270.96,274.12,ESTABLISH_AND_HOLD,NUMBER_CONTEXT,NARRATIVE_BOUNDARY: Bridge from exit challenge to people already inside.,SOURCE_ATTRIBUTION | EDITOR_NATIVE_TEXT | EVIDENCE_CARD,BRAND_NEUTRAL_BACKDROP / VERIFIED_CONTEXT_IMAGE,STATIC ESTABLISH; no compulsory motion,NONE; leave evidence stable,NONE unless named narration accent validated,HOLD after title/marker; if cut too short suppress motion rather than speed animations,BOTTOM 15% unobstructed | 1920x1080 | 25fps,EDITOR NATIVE layered composition using linked evidence; no fake UI/documents; source-backed figure only,S001;S002;S004,C008;C009;C010,SOURCE FACT VERIFICATION PENDING,BOUNDARY TIMING PROVISIONAL UNTIL AUDIO AUDITION; preview rendered layer transitions later,NO PAID IMAGE BY DEFAULT
SH-063,SC047,B021,S05:p10,6853,6990,274.12,279.60,ESTABLISH,EDITORIAL_QUESTION,NARRATIVE_BOUNDARY: Bridge from exit challenge to people already inside.,SOURCE_ATTRIBUTION | EDITOR_NATIVE_TEXT | EVIDENCE_CARD,BRAND_NEUTRAL_BACKDROP / VERIFIED_CONTEXT_IMAGE,STATIC ESTABLISH; no compulsory motion,NONE; leave evidence stable,NONE unless named narration accent validated,HOLD after title/marker; if cut too short suppress motion rather than speed animations,BOTTOM 15% unobstructed | 1920x1080 | 25fps,EDITOR NATIVE layered composition using linked evidence; no fake UI/documents; source-backed figure only,S001;S002;S004,C008;C009;C010,SOURCE FACT VERIFICATION PENDING,BOUNDARY TIMING PROVISIONAL UNTIL AUDIO AUDITION; preview rendered layer transitions later,NO PAID IMAGE BY DEFAULT
SH-064,SC047,B021,S05:p10,6990,7127,279.60,285.08,NAMED_DETAIL,EVIDENCE_INSERT_OR_COMPARE,SAME_EVIDENCE_REFRAME: isolate named claim while preserving context,SOURCE_ATTRIBUTION | EDITOR_NATIVE_TEXT | EVIDENCE_CARD,BRAND_NEUTRAL_BACKDROP / VERIFIED_CONTEXT_IMAGE,OPTIONAL INSERT settle; stable heading; no concurrent unrelated motion,EXACT DATE / NUMBER / CLAIM label tied to C008;C009;C010,NONE unless named narration accent validated,HOLD after title/marker; if cut too short suppress motion rather than speed animations,BOTTOM 15% unobstructed | 1920x1080 | 25fps,EDITOR NATIVE layered composition using linked evidence; no fake UI/documents; source-backed figure only,S001;S002;S004,C008;C009;C010,SOURCE FACT VERIFICATION PENDING,BOUNDARY TIMING PROVISIONAL UNTIL AUDIO AUDITION; preview rendered layer transitions later,NO PAID IMAGE BY DEFAULT
SH-065,SC048,B022,S06:p1,7127,7222,285.08,288.88,ESTABLISH_AND_HOLD,MECHANISM_MAP,NARRATIVE_BOUNDARY: Answer whether a rewrite automatically ended pending cases.,SOURCE_ATTRIBUTION | EDITOR_NATIVE_TEXT | EVIDENCE_CARD,BRAND_NEUTRAL_BACKDROP / VERIFIED_CONTEXT_IMAGE,STATIC ESTABLISH; no compulsory motion,NONE; leave evidence stable,NONE unless named narration accent validated,HOLD after title/marker; if cut too short suppress motion rather than speed animations,BOTTOM 15% unobstructed | 1920x1080 | 25fps,EDITOR NATIVE layered composition using linked evidence; no fake UI/documents; source-backed figure only,S001;S002;S004,C009;C010;C013,SOURCE FACT VERIFICATION PENDING,BOUNDARY TIMING PROVISIONAL UNTIL AUDIO AUDITION; preview rendered layer transitions later,NO PAID IMAGE BY DEFAULT
SH-066,SC049,B022,S06:p2,7222,7289,288.88,291.56,ESTABLISH_AND_HOLD,TWO_POSITION_COMPARE,NARRATIVE_BOUNDARY: Answer whether a rewrite automatically ended pending cases.,SOURCE_ATTRIBUTION | EDITOR_NATIVE_TEXT | EVIDENCE_CARD,BRAND_NEUTRAL_BACKDROP / VERIFIED_CONTEXT_IMAGE,STATIC ESTABLISH; no compulsory motion,NONE; leave evidence stable,NONE unless named narration accent validated,HOLD after title/marker; if cut too short suppress motion rather than speed animations,BOTTOM 15% unobstructed | 1920x1080 | 25fps,EDITOR NATIVE layered composition using linked evidence; no fake UI/documents; source-backed figure only,S001;S002;S004,C009;C010;C013,SOURCE FACT VERIFICATION PENDING,BOUNDARY TIMING PROVISIONAL UNTIL AUDIO AUDITION; preview rendered layer transitions later,NO PAID IMAGE BY DEFAULT
SH-067,SC050,B022,S06:p3,7289,7388,291.56,295.52,ESTABLISH_AND_HOLD,EVIDENCE_STACK,NARRATIVE_BOUNDARY: Answer whether a rewrite automatically ended pending cases.,SOURCE_ATTRIBUTION | EDITOR_NATIVE_TEXT | EVIDENCE_CARD,BRAND_NEUTRAL_BACKDROP / VERIFIED_CONTEXT_IMAGE,STATIC ESTABLISH; no compulsory motion,NONE; leave evidence stable,NONE unless named narration accent validated,HOLD after title/marker; if cut too short suppress motion rather than speed animations,BOTTOM 15% unobstructed | 1920x1080 | 25fps,EDITOR NATIVE layered composition using linked evidence; no fake UI/documents; source-backed figure only,S001;S002;S004,C009;C010;C013,SOURCE FACT VERIFICATION PENDING,BOUNDARY TIMING PROVISIONAL UNTIL AUDIO AUDITION; preview rendered layer transitions later,NO PAID IMAGE BY DEFAULT
SH-068,SC051,B022,S06:p4,7388,7518,295.52,300.72,ESTABLISH_AND_HOLD,CHRONOLOGY,NARRATIVE_BOUNDARY: Answer whether a rewrite automatically ended pending cases.,SOURCE_ATTRIBUTION | EDITOR_NATIVE_TEXT | EVIDENCE_CARD,BRAND_NEUTRAL_BACKDROP / VERIFIED_CONTEXT_IMAGE,STATIC ESTABLISH; no compulsory motion,NONE; leave evidence stable,NONE unless named narration accent validated,HOLD after title/marker; if cut too short suppress motion rather than speed animations,BOTTOM 15% unobstructed | 1920x1080 | 25fps,EDITOR NATIVE layered composition using linked evidence; no fake UI/documents; source-backed figure only,S001;S002;S004,C009;C010;C013,SOURCE FACT VERIFICATION PENDING,BOUNDARY TIMING PROVISIONAL UNTIL AUDIO AUDITION; preview rendered layer transitions later,NO PAID IMAGE BY DEFAULT
SH-069,SC052,B023,S06:p5,7518,7689,300.72,307.56,ESTABLISH,DOCUMENT_ESTABLISH,NARRATIVE_BOUNDARY: Date the change and locate the replacement forum.,AUTHENTIC_SOURCE_CROP | SOURCE_ATTRIBUTION | OPTIONAL LOCAL_MARKER,EXISTING_REAL_DOCUMENT_TEXTURE,STATIC ESTABLISH; no compulsory motion,EXACT SOURCE-NATIVE LINE matching claim C009; coordinates and tilt MUST be annotated after source download,NONE unless named narration accent validated,HOLD after title/marker; if cut too short suppress motion rather than speed animations,BOTTOM 15% unobstructed | 1920x1080 | 25fps,"REAL DOCUMENT only; verify URL and rights, capture page, crop text, annotate exact paragraph and proof",S001;S002;S004,C009,"REQUIRED: page, source-native wording, highlight xy+angle; currently PENDING",BOUNDARY TIMING PROVISIONAL UNTIL AUDIO AUDITION; preview rendered layer transitions later,NO PAID IMAGE BY DEFAULT
SH-070,SC052,B023,S06:p5,7689,7861,307.56,314.44,NAMED_DETAIL,DOCUMENT_DETAIL_HIGHLIGHT,SAME_EVIDENCE_REFRAME: isolate named claim while preserving context,AUTHENTIC_SOURCE_CROP | SOURCE_ATTRIBUTION | OPTIONAL LOCAL_MARKER,EXISTING_REAL_DOCUMENT_TEXTURE,OPTIONAL EASE TO SOURCE-NATIVE LINE; end move before read hold,EXACT SOURCE-NATIVE LINE matching claim C009; coordinates and tilt MUST be annotated after source download,WARM_YELLOW_MULTIPLY left-to-right fitted marker AFTER settle; optional; requires exact line coords,HOLD after title/marker; if cut too short suppress motion rather than speed animations,BOTTOM 15% unobstructed | 1920x1080 | 25fps,"REAL DOCUMENT only; verify URL and rights, capture page, crop text, annotate exact paragraph and proof",S001;S002;S004,C009,"REQUIRED: page, source-native wording, highlight xy+angle; currently PENDING",BOUNDARY TIMING PROVISIONAL UNTIL AUDIO AUDITION; preview rendered layer transitions later,NO PAID IMAGE BY DEFAULT
SH-071,SC053,B024,S06:p6,7861,7999,314.44,319.96,ESTABLISH,DOCUMENT_ESTABLISH,NARRATIVE_BOUNDARY: Make retroactivity and both arguments visible.,AUTHENTIC_SOURCE_CROP | SOURCE_ATTRIBUTION | OPTIONAL LOCAL_MARKER,EXISTING_REAL_DOCUMENT_TEXTURE,STATIC ESTABLISH; no compulsory motion,EXACT SOURCE-NATIVE LINE matching claim C010; coordinates and tilt MUST be annotated after source download,NONE unless named narration accent validated,HOLD after title/marker; if cut too short suppress motion rather than speed animations,BOTTOM 15% unobstructed | 1920x1080 | 25fps,"REAL DOCUMENT only; verify URL and rights, capture page, crop text, annotate exact paragraph and proof",S002;S004,C010,"REQUIRED: page, source-native wording, highlight xy+angle; currently PENDING",BOUNDARY TIMING PROVISIONAL UNTIL AUDIO AUDITION; preview rendered layer transitions later,NO PAID IMAGE BY DEFAULT
SH-072,SC053,B024,S06:p6,7999,8138,319.96,325.52,NAMED_DETAIL,DOCUMENT_DETAIL_HIGHLIGHT,SAME_EVIDENCE_REFRAME: isolate named claim while preserving context,AUTHENTIC_SOURCE_CROP | SOURCE_ATTRIBUTION | OPTIONAL LOCAL_MARKER,EXISTING_REAL_DOCUMENT_TEXTURE,OPTIONAL EASE TO SOURCE-NATIVE LINE; end move before read hold,EXACT SOURCE-NATIVE LINE matching claim C010; coordinates and tilt MUST be annotated after source download,WARM_YELLOW_MULTIPLY left-to-right fitted marker AFTER settle; optional; requires exact line coords,HOLD after title/marker; if cut too short suppress motion rather than speed animations,BOTTOM 15% unobstructed | 1920x1080 | 25fps,"REAL DOCUMENT only; verify URL and rights, capture page, crop text, annotate exact paragraph and proof",S002;S004,C010,"REQUIRED: page, source-native wording, highlight xy+angle; currently PENDING",BOUNDARY TIMING PROVISIONAL UNTIL AUDIO AUDITION; preview rendered layer transitions later,NO PAID IMAGE BY DEFAULT
SH-073,SC054,B024,S06:p7,8138,8235,325.52,329.40,ESTABLISH,DOCUMENT_ESTABLISH,NARRATIVE_BOUNDARY: Make retroactivity and both arguments visible.,AUTHENTIC_SOURCE_CROP | SOURCE_ATTRIBUTION | OPTIONAL LOCAL_MARKER,EXISTING_REAL_DOCUMENT_TEXTURE,STATIC ESTABLISH; no compulsory motion,EXACT SOURCE-NATIVE LINE matching claim C010; coordinates and tilt MUST be annotated after source download,NONE unless named narration accent validated,HOLD after title/marker; if cut too short suppress motion rather than speed animations,BOTTOM 15% unobstructed | 1920x1080 | 25fps,"REAL DOCUMENT only; verify URL and rights, capture page, crop text, annotate exact paragraph and proof",S002;S004,C010,"REQUIRED: page, source-native wording, highlight xy+angle; currently PENDING",BOUNDARY TIMING PROVISIONAL UNTIL AUDIO AUDITION; preview rendered layer transitions later,NO PAID IMAGE BY DEFAULT
SH-074,SC054,B024,S06:p7,8235,8333,329.40,333.32,NAMED_DETAIL,DOCUMENT_DETAIL_HIGHLIGHT,SAME_EVIDENCE_REFRAME: isolate named claim while preserving context,AUTHENTIC_SOURCE_CROP | SOURCE_ATTRIBUTION | OPTIONAL LOCAL_MARKER,EXISTING_REAL_DOCUMENT_TEXTURE,OPTIONAL EASE TO SOURCE-NATIVE LINE; end move before read hold,EXACT SOURCE-NATIVE LINE matching claim C010; coordinates and tilt MUST be annotated after source download,WARM_YELLOW_MULTIPLY left-to-right fitted marker AFTER settle; optional; requires exact line coords,HOLD after title/marker; if cut too short suppress motion rather than speed animations,BOTTOM 15% unobstructed | 1920x1080 | 25fps,"REAL DOCUMENT only; verify URL and rights, capture page, crop text, annotate exact paragraph and proof",S002;S004,C010,"REQUIRED: page, source-native wording, highlight xy+angle; currently PENDING",BOUNDARY TIMING PROVISIONAL UNTIL AUDIO AUDITION; preview rendered layer transitions later,NO PAID IMAGE BY DEFAULT
SH-075,SC055,B025,S06:p8,8333,8451,333.32,338.04,ESTABLISH_AND_HOLD,TWO_POSITION_COMPARE,"NARRATIVE_BOUNDARY: Introduce acceptance as the next evidence, not the answer.",SOURCE_ATTRIBUTION | EDITOR_NATIVE_TEXT | EVIDENCE_CARD,BRAND_NEUTRAL_BACKDROP / VERIFIED_CONTEXT_IMAGE,STATIC ESTABLISH; no compulsory motion,NONE; leave evidence stable,NONE unless named narration accent validated,HOLD after title/marker; if cut too short suppress motion rather than speed animations,BOTTOM 15% unobstructed | 1920x1080 | 25fps,EDITOR NATIVE layered composition using linked evidence; no fake UI/documents; source-backed figure only,S002;S004,C010;C011,SOURCE FACT VERIFICATION PENDING,BOUNDARY TIMING PROVISIONAL UNTIL AUDIO AUDITION; preview rendered layer transitions later,NO PAID IMAGE BY DEFAULT
SH-076,SC056,B025,S06:p9,8451,8594,338.04,343.76,ESTABLISH_AND_HOLD,EVIDENCE_STACK,"NARRATIVE_BOUNDARY: Introduce acceptance as the next evidence, not the answer.",SOURCE_ATTRIBUTION | EDITOR_NATIVE_TEXT | EVIDENCE_CARD,BRAND_NEUTRAL_BACKDROP / VERIFIED_CONTEXT_IMAGE,STATIC ESTABLISH; no compulsory motion,NONE; leave evidence stable,NONE unless named narration accent validated,HOLD after title/marker; if cut too short suppress motion rather than speed animations,BOTTOM 15% unobstructed | 1920x1080 | 25fps,EDITOR NATIVE layered composition using linked evidence; no fake UI/documents; source-backed figure only,S002;S004,C010;C011,SOURCE FACT VERIFICATION PENDING,BOUNDARY TIMING PROVISIONAL UNTIL AUDIO AUDITION; preview rendered layer transitions later,NO PAID IMAGE BY DEFAULT
SH-077,SC057,B026,S07:p1,8594,8742,343.76,349.68,ESTABLISH_AND_HOLD,CHRONOLOGY,NARRATIVE_BOUNDARY: State the library-access concern and Valve response together.,SOURCE_ATTRIBUTION | EDITOR_NATIVE_TEXT | EVIDENCE_CARD,BRAND_NEUTRAL_BACKDROP / VERIFIED_CONTEXT_IMAGE,STATIC ESTABLISH; no compulsory motion,NONE; leave evidence stable,NONE unless named narration accent validated,HOLD after title/marker; if cut too short suppress motion rather than speed animations,BOTTOM 15% unobstructed | 1920x1080 | 25fps,EDITOR NATIVE layered composition using linked evidence; no fake UI/documents; source-backed figure only,S004,C012,SOURCE FACT VERIFICATION PENDING,BOUNDARY TIMING PROVISIONAL UNTIL AUDIO AUDITION; preview rendered layer transitions later,NO PAID IMAGE BY DEFAULT
SH-078,SC058,B026,S07:p2,8742,8837,349.68,353.48,ESTABLISH_AND_HOLD,NUMBER_CONTEXT,NARRATIVE_BOUNDARY: State the library-access concern and Valve response together.,SOURCE_ATTRIBUTION | EDITOR_NATIVE_TEXT | EVIDENCE_CARD,BRAND_NEUTRAL_BACKDROP / VERIFIED_CONTEXT_IMAGE,STATIC ESTABLISH; no compulsory motion,NONE; leave evidence stable,NONE unless named narration accent validated,HOLD after title/marker; if cut too short suppress motion rather than speed animations,BOTTOM 15% unobstructed | 1920x1080 | 25fps,EDITOR NATIVE layered composition using linked evidence; no fake UI/documents; source-backed figure only,S004,C012,SOURCE FACT VERIFICATION PENDING,BOUNDARY TIMING PROVISIONAL UNTIL AUDIO AUDITION; preview rendered layer transitions later,NO PAID IMAGE BY DEFAULT
SH-079,SC059,B027,S07:p3,8837,8937,353.48,357.48,ESTABLISH_AND_HOLD,EDITORIAL_QUESTION,NARRATIVE_BOUNDARY: Expose the license/use distinction.,SOURCE_ATTRIBUTION | EDITOR_NATIVE_TEXT | EVIDENCE_CARD,BRAND_NEUTRAL_BACKDROP / VERIFIED_CONTEXT_IMAGE,STATIC ESTABLISH; no compulsory motion,NONE; leave evidence stable,NONE unless named narration accent validated,HOLD after title/marker; if cut too short suppress motion rather than speed animations,BOTTOM 15% unobstructed | 1920x1080 | 25fps,EDITOR NATIVE layered composition using linked evidence; no fake UI/documents; source-backed figure only,S004,C012,SOURCE FACT VERIFICATION PENDING,BOUNDARY TIMING PROVISIONAL UNTIL AUDIO AUDITION; preview rendered layer transitions later,NO PAID IMAGE BY DEFAULT
SH-080,SC060,B027,S07:p4,8937,8999,357.48,359.96,ESTABLISH_AND_HOLD,MECHANISM_MAP,NARRATIVE_BOUNDARY: Expose the license/use distinction.,SOURCE_ATTRIBUTION | EDITOR_NATIVE_TEXT | EVIDENCE_CARD,BRAND_NEUTRAL_BACKDROP / VERIFIED_CONTEXT_IMAGE,STATIC ESTABLISH; no compulsory motion,NONE; leave evidence stable,NONE unless named narration accent validated,HOLD after title/marker; if cut too short suppress motion rather than speed animations,BOTTOM 15% unobstructed | 1920x1080 | 25fps,EDITOR NATIVE layered composition using linked evidence; no fake UI/documents; source-backed figure only,S004,C012,SOURCE FACT VERIFICATION PENDING,BOUNDARY TIMING PROVISIONAL UNTIL AUDIO AUDITION; preview rendered layer transitions later,NO PAID IMAGE BY DEFAULT
SH-081,SC061,B028,S07:p5,8999,9122,359.96,364.88,ESTABLISH,DOCUMENT_ESTABLISH,NARRATIVE_BOUNDARY: Introduce the acceptance evidence with proper attribution.,AUTHENTIC_SOURCE_CROP | SOURCE_ATTRIBUTION | OPTIONAL LOCAL_MARKER,EXISTING_REAL_DOCUMENT_TEXTURE,STATIC ESTABLISH; no compulsory motion,EXACT SOURCE-NATIVE LINE matching claim C011;C012; coordinates and tilt MUST be annotated after source download,NONE unless named narration accent validated,HOLD after title/marker; if cut too short suppress motion rather than speed animations,BOTTOM 15% unobstructed | 1920x1080 | 25fps,"REAL DOCUMENT only; verify URL and rights, capture page, crop text, annotate exact paragraph and proof",S004,C011;C012,"REQUIRED: page, source-native wording, highlight xy+angle; currently PENDING",BOUNDARY TIMING PROVISIONAL UNTIL AUDIO AUDITION; preview rendered layer transitions later,NO PAID IMAGE BY DEFAULT
SH-082,SC061,B028,S07:p5,9122,9246,364.88,369.84,NAMED_DETAIL,DOCUMENT_DETAIL_HIGHLIGHT,SAME_EVIDENCE_REFRAME: isolate named claim while preserving context,AUTHENTIC_SOURCE_CROP | SOURCE_ATTRIBUTION | OPTIONAL LOCAL_MARKER,EXISTING_REAL_DOCUMENT_TEXTURE,OPTIONAL EASE TO SOURCE-NATIVE LINE; end move before read hold,EXACT SOURCE-NATIVE LINE matching claim C011;C012; coordinates and tilt MUST be annotated after source download,WARM_YELLOW_MULTIPLY left-to-right fitted marker AFTER settle; optional; requires exact line coords,HOLD after title/marker; if cut too short suppress motion rather than speed animations,BOTTOM 15% unobstructed | 1920x1080 | 25fps,"REAL DOCUMENT only; verify URL and rights, capture page, crop text, annotate exact paragraph and proof",S004,C011;C012,"REQUIRED: page, source-native wording, highlight xy+angle; currently PENDING",BOUNDARY TIMING PROVISIONAL UNTIL AUDIO AUDITION; preview rendered layer transitions later,NO PAID IMAGE BY DEFAULT
SH-083,SC062,B028,S07:p6,9246,9374,369.84,374.96,ESTABLISH,DOCUMENT_ESTABLISH,NARRATIVE_BOUNDARY: Introduce the acceptance evidence with proper attribution.,AUTHENTIC_SOURCE_CROP | SOURCE_ATTRIBUTION | OPTIONAL LOCAL_MARKER,EXISTING_REAL_DOCUMENT_TEXTURE,STATIC ESTABLISH; no compulsory motion,EXACT SOURCE-NATIVE LINE matching claim C011;C012; coordinates and tilt MUST be annotated after source download,NONE unless named narration accent validated,HOLD after title/marker; if cut too short suppress motion rather than speed animations,BOTTOM 15% unobstructed | 1920x1080 | 25fps,"REAL DOCUMENT only; verify URL and rights, capture page, crop text, annotate exact paragraph and proof",S004,C011;C012,"REQUIRED: page, source-native wording, highlight xy+angle; currently PENDING",BOUNDARY TIMING PROVISIONAL UNTIL AUDIO AUDITION; preview rendered layer transitions later,NO PAID IMAGE BY DEFAULT
SH-084,SC062,B028,S07:p6,9374,9503,374.96,380.12,NAMED_DETAIL,DOCUMENT_DETAIL_HIGHLIGHT,SAME_EVIDENCE_REFRAME: isolate named claim while preserving context,AUTHENTIC_SOURCE_CROP | SOURCE_ATTRIBUTION | OPTIONAL LOCAL_MARKER,EXISTING_REAL_DOCUMENT_TEXTURE,OPTIONAL EASE TO SOURCE-NATIVE LINE; end move before read hold,EXACT SOURCE-NATIVE LINE matching claim C011;C012; coordinates and tilt MUST be annotated after source download,WARM_YELLOW_MULTIPLY left-to-right fitted marker AFTER settle; optional; requires exact line coords,HOLD after title/marker; if cut too short suppress motion rather than speed animations,BOTTOM 15% unobstructed | 1920x1080 | 25fps,"REAL DOCUMENT only; verify URL and rights, capture page, crop text, annotate exact paragraph and proof",S004,C011;C012,"REQUIRED: page, source-native wording, highlight xy+angle; currently PENDING",BOUNDARY TIMING PROVISIONAL UNTIL AUDIO AUDITION; preview rendered layer transitions later,NO PAID IMAGE BY DEFAULT
SH-085,SC063,B029,S07:p7,9503,9588,380.12,383.52,ESTABLISH,CHRONOLOGY,NARRATIVE_BOUNDARY: Show the competing values attached to the click.,SOURCE_ATTRIBUTION | EDITOR_NATIVE_TEXT | EVIDENCE_CARD,BRAND_NEUTRAL_BACKDROP / VERIFIED_CONTEXT_IMAGE,STATIC ESTABLISH; no compulsory motion,NONE; leave evidence stable,NONE unless named narration accent validated,HOLD after title/marker; if cut too short suppress motion rather than speed animations,BOTTOM 15% unobstructed | 1920x1080 | 25fps,EDITOR NATIVE layered composition using linked evidence; no fake UI/documents; source-backed figure only,S004,C011;C012,SOURCE FACT VERIFICATION PENDING,BOUNDARY TIMING PROVISIONAL UNTIL AUDIO AUDITION; preview rendered layer transitions later,NO PAID IMAGE BY DEFAULT
SH-086,SC063,B029,S07:p7,9588,9673,383.52,386.92,NAMED_DETAIL,EVIDENCE_INSERT_OR_COMPARE,SAME_EVIDENCE_REFRAME: isolate named claim while preserving context,SOURCE_ATTRIBUTION | EDITOR_NATIVE_TEXT | EVIDENCE_CARD,BRAND_NEUTRAL_BACKDROP / VERIFIED_CONTEXT_IMAGE,OPTIONAL INSERT settle; stable heading; no concurrent unrelated motion,EXACT DATE / NUMBER / CLAIM label tied to C011;C012,NONE unless named narration accent validated,HOLD after title/marker; if cut too short suppress motion rather than speed animations,BOTTOM 15% unobstructed | 1920x1080 | 25fps,EDITOR NATIVE layered composition using linked evidence; no fake UI/documents; source-backed figure only,S004,C011;C012,SOURCE FACT VERIFICATION PENDING,BOUNDARY TIMING PROVISIONAL UNTIL AUDIO AUDITION; preview rendered layer transitions later,NO PAID IMAGE BY DEFAULT
SH-087,SC064,B029,S07:p8,9673,9765,386.92,390.60,ESTABLISH,NUMBER_CONTEXT,NARRATIVE_BOUNDARY: Show the competing values attached to the click.,SOURCE_ATTRIBUTION | EDITOR_NATIVE_TEXT | EVIDENCE_CARD,BRAND_NEUTRAL_BACKDROP / VERIFIED_CONTEXT_IMAGE,STATIC ESTABLISH; no compulsory motion,NONE; leave evidence stable,NONE unless named narration accent validated,HOLD after title/marker; if cut too short suppress motion rather than speed animations,BOTTOM 15% unobstructed | 1920x1080 | 25fps,EDITOR NATIVE layered composition using linked evidence; no fake UI/documents; source-backed figure only,S004,C011;C012,SOURCE FACT VERIFICATION PENDING,BOUNDARY TIMING PROVISIONAL UNTIL AUDIO AUDITION; preview rendered layer transitions later,NO PAID IMAGE BY DEFAULT
SH-088,SC064,B029,S07:p8,9765,9858,390.60,394.32,NAMED_DETAIL,EVIDENCE_INSERT_OR_COMPARE,SAME_EVIDENCE_REFRAME: isolate named claim while preserving context,SOURCE_ATTRIBUTION | EDITOR_NATIVE_TEXT | EVIDENCE_CARD,BRAND_NEUTRAL_BACKDROP / VERIFIED_CONTEXT_IMAGE,OPTIONAL INSERT settle; stable heading; no concurrent unrelated motion,EXACT DATE / NUMBER / CLAIM label tied to C011;C012,NONE unless named narration accent validated,HOLD after title/marker; if cut too short suppress motion rather than speed animations,BOTTOM 15% unobstructed | 1920x1080 | 25fps,EDITOR NATIVE layered composition using linked evidence; no fake UI/documents; source-backed figure only,S004,C011;C012,SOURCE FACT VERIFICATION PENDING,BOUNDARY TIMING PROVISIONAL UNTIL AUDIO AUDITION; preview rendered layer transitions later,NO PAID IMAGE BY DEFAULT
SH-089,SC065,B029,S07:p9,9858,9940,394.32,397.60,ESTABLISH,EDITORIAL_QUESTION,NARRATIVE_BOUNDARY: Show the competing values attached to the click.,SOURCE_ATTRIBUTION | EDITOR_NATIVE_TEXT | EVIDENCE_CARD,BRAND_NEUTRAL_BACKDROP / VERIFIED_CONTEXT_IMAGE,STATIC ESTABLISH; no compulsory motion,NONE; leave evidence stable,NONE unless named narration accent validated,HOLD after title/marker; if cut too short suppress motion rather than speed animations,BOTTOM 15% unobstructed | 1920x1080 | 25fps,EDITOR NATIVE layered composition using linked evidence; no fake UI/documents; source-backed figure only,S004,C011;C012,SOURCE FACT VERIFICATION PENDING,BOUNDARY TIMING PROVISIONAL UNTIL AUDIO AUDITION; preview rendered layer transitions later,NO PAID IMAGE BY DEFAULT
SH-090,SC065,B029,S07:p9,9940,10022,397.60,400.88,NAMED_DETAIL,EVIDENCE_INSERT_OR_COMPARE,SAME_EVIDENCE_REFRAME: isolate named claim while preserving context,SOURCE_ATTRIBUTION | EDITOR_NATIVE_TEXT | EVIDENCE_CARD,BRAND_NEUTRAL_BACKDROP / VERIFIED_CONTEXT_IMAGE,OPTIONAL INSERT settle; stable heading; no concurrent unrelated motion,EXACT DATE / NUMBER / CLAIM label tied to C011;C012,NONE unless named narration accent validated,HOLD after title/marker; if cut too short suppress motion rather than speed animations,BOTTOM 15% unobstructed | 1920x1080 | 25fps,EDITOR NATIVE layered composition using linked evidence; no fake UI/documents; source-backed figure only,S004,C011;C012,SOURCE FACT VERIFICATION PENDING,BOUNDARY TIMING PROVISIONAL UNTIL AUDIO AUDITION; preview rendered layer transitions later,NO PAID IMAGE BY DEFAULT
SH-091,SC066,B030,S07:p10,10022,10160,400.88,406.40,ESTABLISH_AND_HOLD,MECHANISM_MAP,NARRATIVE_BOUNDARY: Keep enforceability unresolved and motivate the next action.,SOURCE_ATTRIBUTION | EDITOR_NATIVE_TEXT | EVIDENCE_CARD,BRAND_NEUTRAL_BACKDROP / VERIFIED_CONTEXT_IMAGE,STATIC ESTABLISH; no compulsory motion,NONE; leave evidence stable,NONE unless named narration accent validated,HOLD after title/marker; if cut too short suppress motion rather than speed animations,BOTTOM 15% unobstructed | 1920x1080 | 25fps,EDITOR NATIVE layered composition using linked evidence; no fake UI/documents; source-backed figure only,S002;S004,C010;C013;C018,SOURCE FACT VERIFICATION PENDING,BOUNDARY TIMING PROVISIONAL UNTIL AUDIO AUDITION; preview rendered layer transitions later,NO PAID IMAGE BY DEFAULT
SH-092,SC067,B030,S07:p11,10160,10293,406.40,411.72,ESTABLISH_AND_HOLD,TWO_POSITION_COMPARE,NARRATIVE_BOUNDARY: Keep enforceability unresolved and motivate the next action.,SOURCE_ATTRIBUTION | EDITOR_NATIVE_TEXT | EVIDENCE_CARD,BRAND_NEUTRAL_BACKDROP / VERIFIED_CONTEXT_IMAGE,STATIC ESTABLISH; no compulsory motion,NONE; leave evidence stable,NONE unless named narration accent validated,HOLD after title/marker; if cut too short suppress motion rather than speed animations,BOTTOM 15% unobstructed | 1920x1080 | 25fps,EDITOR NATIVE layered composition using linked evidence; no fake UI/documents; source-backed figure only,S002;S004,C010;C013;C018,SOURCE FACT VERIFICATION PENDING,BOUNDARY TIMING PROVISIONAL UNTIL AUDIO AUDITION; preview rendered layer transitions later,NO PAID IMAGE BY DEFAULT
SH-093,SC068,B030,S07:p12,10293,10383,411.72,415.32,ESTABLISH_AND_HOLD,EVIDENCE_STACK,NARRATIVE_BOUNDARY: Keep enforceability unresolved and motivate the next action.,SOURCE_ATTRIBUTION | EDITOR_NATIVE_TEXT | EVIDENCE_CARD,BRAND_NEUTRAL_BACKDROP / VERIFIED_CONTEXT_IMAGE,STATIC ESTABLISH; no compulsory motion,NONE; leave evidence stable,NONE unless named narration accent validated,HOLD after title/marker; if cut too short suppress motion rather than speed animations,BOTTOM 15% unobstructed | 1920x1080 | 25fps,EDITOR NATIVE layered composition using linked evidence; no fake UI/documents; source-backed figure only,S002;S004,C010;C013;C018,SOURCE FACT VERIFICATION PENDING,BOUNDARY TIMING PROVISIONAL UNTIL AUDIO AUDITION; preview rendered layer transitions later,NO PAID IMAGE BY DEFAULT
SH-094,SC069,B031,S08:p1,10383,10526,415.32,421.04,ESTABLISH_AND_HOLD,CHRONOLOGY,NARRATIVE_BOUNDARY: Show request then refusal without a merits victory.,SOURCE_ATTRIBUTION | EDITOR_NATIVE_TEXT | EVIDENCE_CARD,BRAND_NEUTRAL_BACKDROP / VERIFIED_CONTEXT_IMAGE,STATIC ESTABLISH; no compulsory motion,NONE; leave evidence stable,NONE unless named narration accent validated,HOLD after title/marker; if cut too short suppress motion rather than speed animations,BOTTOM 15% unobstructed | 1920x1080 | 25fps,EDITOR NATIVE layered composition using linked evidence; no fake UI/documents; source-backed figure only,S004,C013,SOURCE FACT VERIFICATION PENDING,BOUNDARY TIMING PROVISIONAL UNTIL AUDIO AUDITION; preview rendered layer transitions later,NO PAID IMAGE BY DEFAULT
SH-095,SC070,B031,S08:p2,10526,10573,421.04,422.92,ESTABLISH_AND_HOLD,NUMBER_CONTEXT,NARRATIVE_BOUNDARY: Show request then refusal without a merits victory.,SOURCE_ATTRIBUTION | EDITOR_NATIVE_TEXT | EVIDENCE_CARD,BRAND_NEUTRAL_BACKDROP / VERIFIED_CONTEXT_IMAGE,STATIC ESTABLISH; no compulsory motion,NONE; leave evidence stable,NONE unless named narration accent validated,HOLD after title/marker; if cut too short suppress motion rather than speed animations,BOTTOM 15% unobstructed | 1920x1080 | 25fps,EDITOR NATIVE layered composition using linked evidence; no fake UI/documents; source-backed figure only,S004,C013,SOURCE FACT VERIFICATION PENDING,BOUNDARY TIMING PROVISIONAL UNTIL AUDIO AUDITION; preview rendered layer transitions later,NO PAID IMAGE BY DEFAULT
SH-096,SC071,B032,S08:p3,10573,10651,422.92,426.04,ESTABLISH_AND_HOLD,EDITORIAL_QUESTION,NARRATIVE_BOUNDARY: Clarify who would decide the legal question.,SOURCE_ATTRIBUTION | EDITOR_NATIVE_TEXT | EVIDENCE_CARD,BRAND_NEUTRAL_BACKDROP / VERIFIED_CONTEXT_IMAGE,STATIC ESTABLISH; no compulsory motion,NONE; leave evidence stable,NONE unless named narration accent validated,HOLD after title/marker; if cut too short suppress motion rather than speed animations,BOTTOM 15% unobstructed | 1920x1080 | 25fps,EDITOR NATIVE layered composition using linked evidence; no fake UI/documents; source-backed figure only,S004,C013,SOURCE FACT VERIFICATION PENDING,BOUNDARY TIMING PROVISIONAL UNTIL AUDIO AUDITION; preview rendered layer transitions later,NO PAID IMAGE BY DEFAULT
SH-097,SC072,B032,S08:p4,10651,10733,426.04,429.32,ESTABLISH_AND_HOLD,MECHANISM_MAP,NARRATIVE_BOUNDARY: Clarify who would decide the legal question.,SOURCE_ATTRIBUTION | EDITOR_NATIVE_TEXT | EVIDENCE_CARD,BRAND_NEUTRAL_BACKDROP / VERIFIED_CONTEXT_IMAGE,STATIC ESTABLISH; no compulsory motion,NONE; leave evidence stable,NONE unless named narration accent validated,HOLD after title/marker; if cut too short suppress motion rather than speed animations,BOTTOM 15% unobstructed | 1920x1080 | 25fps,EDITOR NATIVE layered composition using linked evidence; no fake UI/documents; source-backed figure only,S004,C013,SOURCE FACT VERIFICATION PENDING,BOUNDARY TIMING PROVISIONAL UNTIL AUDIO AUDITION; preview rendered layer transitions later,NO PAID IMAGE BY DEFAULT
SH-098,SC073,B032,S08:p5,10733,10781,429.32,431.24,ESTABLISH_AND_HOLD,TWO_POSITION_COMPARE,NARRATIVE_BOUNDARY: Clarify who would decide the legal question.,SOURCE_ATTRIBUTION | EDITOR_NATIVE_TEXT | EVIDENCE_CARD,BRAND_NEUTRAL_BACKDROP / VERIFIED_CONTEXT_IMAGE,STATIC ESTABLISH; no compulsory motion,NONE; leave evidence stable,NONE unless named narration accent validated,HOLD after title/marker; if cut too short suppress motion rather than speed animations,BOTTOM 15% unobstructed | 1920x1080 | 25fps,EDITOR NATIVE layered composition using linked evidence; no fake UI/documents; source-backed figure only,S004,C013,SOURCE FACT VERIFICATION PENDING,BOUNDARY TIMING PROVISIONAL UNTIL AUDIO AUDITION; preview rendered layer transitions later,NO PAID IMAGE BY DEFAULT
SH-099,SC074,B033,S08:p6,10781,10894,431.24,435.76,ESTABLISH,DOCUMENT_ESTABLISH,NARRATIVE_BOUNDARY: Date the response and show diverging individual proceedings.,AUTHENTIC_SOURCE_CROP | SOURCE_ATTRIBUTION | OPTIONAL LOCAL_MARKER,EXISTING_REAL_DOCUMENT_TEXTURE,STATIC ESTABLISH; no compulsory motion,EXACT SOURCE-NATIVE LINE matching claim C013;C014; coordinates and tilt MUST be annotated after source download,NONE unless named narration accent validated,HOLD after title/marker; if cut too short suppress motion rather than speed animations,BOTTOM 15% unobstructed | 1920x1080 | 25fps,"REAL DOCUMENT only; verify URL and rights, capture page, crop text, annotate exact paragraph and proof",S004,C013;C014,"REQUIRED: page, source-native wording, highlight xy+angle; currently PENDING",BOUNDARY TIMING PROVISIONAL UNTIL AUDIO AUDITION; preview rendered layer transitions later,NO PAID IMAGE BY DEFAULT
SH-100,SC074,B033,S08:p6,10894,11008,435.76,440.32,NAMED_DETAIL,DOCUMENT_DETAIL_HIGHLIGHT,SAME_EVIDENCE_REFRAME: isolate named claim while preserving context,AUTHENTIC_SOURCE_CROP | SOURCE_ATTRIBUTION | OPTIONAL LOCAL_MARKER,EXISTING_REAL_DOCUMENT_TEXTURE,OPTIONAL EASE TO SOURCE-NATIVE LINE; end move before read hold,EXACT SOURCE-NATIVE LINE matching claim C013;C014; coordinates and tilt MUST be annotated after source download,WARM_YELLOW_MULTIPLY left-to-right fitted marker AFTER settle; optional; requires exact line coords,HOLD after title/marker; if cut too short suppress motion rather than speed animations,BOTTOM 15% unobstructed | 1920x1080 | 25fps,"REAL DOCUMENT only; verify URL and rights, capture page, crop text, annotate exact paragraph and proof",S004,C013;C014,"REQUIRED: page, source-native wording, highlight xy+angle; currently PENDING",BOUNDARY TIMING PROVISIONAL UNTIL AUDIO AUDITION; preview rendered layer transitions later,NO PAID IMAGE BY DEFAULT
SH-101,SC075,B033,S08:p7,11008,11165,440.32,446.60,ESTABLISH,DOCUMENT_ESTABLISH,NARRATIVE_BOUNDARY: Date the response and show diverging individual proceedings.,AUTHENTIC_SOURCE_CROP | SOURCE_ATTRIBUTION | OPTIONAL LOCAL_MARKER,EXISTING_REAL_DOCUMENT_TEXTURE,STATIC ESTABLISH; no compulsory motion,EXACT SOURCE-NATIVE LINE matching claim C013;C014; coordinates and tilt MUST be annotated after source download,NONE unless named narration accent validated,HOLD after title/marker; if cut too short suppress motion rather than speed animations,BOTTOM 15% unobstructed | 1920x1080 | 25fps,"REAL DOCUMENT only; verify URL and rights, capture page, crop text, annotate exact paragraph and proof",S004,C013;C014,"REQUIRED: page, source-native wording, highlight xy+angle; currently PENDING",BOUNDARY TIMING PROVISIONAL UNTIL AUDIO AUDITION; preview rendered layer transitions later,NO PAID IMAGE BY DEFAULT
SH-102,SC075,B033,S08:p7,11165,11323,446.60,452.92,NAMED_DETAIL,DOCUMENT_DETAIL_HIGHLIGHT,SAME_EVIDENCE_REFRAME: isolate named claim while preserving context,AUTHENTIC_SOURCE_CROP | SOURCE_ATTRIBUTION | OPTIONAL LOCAL_MARKER,EXISTING_REAL_DOCUMENT_TEXTURE,OPTIONAL EASE TO SOURCE-NATIVE LINE; end move before read hold,EXACT SOURCE-NATIVE LINE matching claim C013;C014; coordinates and tilt MUST be annotated after source download,WARM_YELLOW_MULTIPLY left-to-right fitted marker AFTER settle; optional; requires exact line coords,HOLD after title/marker; if cut too short suppress motion rather than speed animations,BOTTOM 15% unobstructed | 1920x1080 | 25fps,"REAL DOCUMENT only; verify URL and rights, capture page, crop text, annotate exact paragraph and proof",S004,C013;C014,"REQUIRED: page, source-native wording, highlight xy+angle; currently PENDING",BOUNDARY TIMING PROVISIONAL UNTIL AUDIO AUDITION; preview rendered layer transitions later,NO PAID IMAGE BY DEFAULT
SH-103,SC076,B034,S08:p8,11323,11433,452.92,457.32,ESTABLISH_AND_HOLD,NUMBER_CONTEXT,NARRATIVE_BOUNDARY: Escalate from mixed files to a federal stop request.,SOURCE_ATTRIBUTION | EDITOR_NATIVE_TEXT | EVIDENCE_CARD,BRAND_NEUTRAL_BACKDROP / VERIFIED_CONTEXT_IMAGE,STATIC ESTABLISH; no compulsory motion,NONE; leave evidence stable,NONE unless named narration accent validated,HOLD after title/marker; if cut too short suppress motion rather than speed animations,BOTTOM 15% unobstructed | 1920x1080 | 25fps,EDITOR NATIVE layered composition using linked evidence; no fake UI/documents; source-backed figure only,S004,C014;C015;C017,SOURCE FACT VERIFICATION PENDING,BOUNDARY TIMING PROVISIONAL UNTIL AUDIO AUDITION; preview rendered layer transitions later,NO PAID IMAGE BY DEFAULT
SH-104,SC077,B034,S08:p9,11433,11529,457.32,461.16,ESTABLISH,EDITORIAL_QUESTION,NARRATIVE_BOUNDARY: Escalate from mixed files to a federal stop request.,SOURCE_ATTRIBUTION | EDITOR_NATIVE_TEXT | EVIDENCE_CARD,BRAND_NEUTRAL_BACKDROP / VERIFIED_CONTEXT_IMAGE,STATIC ESTABLISH; no compulsory motion,NONE; leave evidence stable,NONE unless named narration accent validated,HOLD after title/marker; if cut too short suppress motion rather than speed animations,BOTTOM 15% unobstructed | 1920x1080 | 25fps,EDITOR NATIVE layered composition using linked evidence; no fake UI/documents; source-backed figure only,S004,C014;C015;C017,SOURCE FACT VERIFICATION PENDING,BOUNDARY TIMING PROVISIONAL UNTIL AUDIO AUDITION; preview rendered layer transitions later,NO PAID IMAGE BY DEFAULT
SH-105,SC077,B034,S08:p9,11529,11625,461.16,465.00,NAMED_DETAIL,EVIDENCE_INSERT_OR_COMPARE,SAME_EVIDENCE_REFRAME: isolate named claim while preserving context,SOURCE_ATTRIBUTION | EDITOR_NATIVE_TEXT | EVIDENCE_CARD,BRAND_NEUTRAL_BACKDROP / VERIFIED_CONTEXT_IMAGE,OPTIONAL INSERT settle; stable heading; no concurrent unrelated motion,EXACT DATE / NUMBER / CLAIM label tied to C014;C015;C017,NONE unless named narration accent validated,HOLD after title/marker; if cut too short suppress motion rather than speed animations,BOTTOM 15% unobstructed | 1920x1080 | 25fps,EDITOR NATIVE layered composition using linked evidence; no fake UI/documents; source-backed figure only,S004,C014;C015;C017,SOURCE FACT VERIFICATION PENDING,BOUNDARY TIMING PROVISIONAL UNTIL AUDIO AUDITION; preview rendered layer transitions later,NO PAID IMAGE BY DEFAULT
SH-106,SC078,B034,S08:p10,11625,11690,465.00,467.60,ESTABLISH_AND_HOLD,MECHANISM_MAP,NARRATIVE_BOUNDARY: Escalate from mixed files to a federal stop request.,SOURCE_ATTRIBUTION | EDITOR_NATIVE_TEXT | EVIDENCE_CARD,BRAND_NEUTRAL_BACKDROP / VERIFIED_CONTEXT_IMAGE,STATIC ESTABLISH; no compulsory motion,NONE; leave evidence stable,NONE unless named narration accent validated,HOLD after title/marker; if cut too short suppress motion rather than speed animations,BOTTOM 15% unobstructed | 1920x1080 | 25fps,EDITOR NATIVE layered composition using linked evidence; no fake UI/documents; source-backed figure only,S004,C014;C015;C017,SOURCE FACT VERIFICATION PENDING,BOUNDARY TIMING PROVISIONAL UNTIL AUDIO AUDITION; preview rendered layer transitions later,NO PAID IMAGE BY DEFAULT
SH-107,SC079,B035,S09:p1,11690,11773,467.60,470.92,ESTABLISH,DOCUMENT_ESTABLISH,NARRATIVE_BOUNDARY: Land the first procedural setback and the later complaint.,AUTHENTIC_SOURCE_CROP | SOURCE_ATTRIBUTION | OPTIONAL LOCAL_MARKER,EXISTING_REAL_DOCUMENT_TEXTURE,STATIC ESTABLISH; no compulsory motion,EXACT SOURCE-NATIVE LINE matching claim C015; coordinates and tilt MUST be annotated after source download,NONE unless named narration accent validated,HOLD after title/marker; if cut too short suppress motion rather than speed animations,BOTTOM 15% unobstructed | 1920x1080 | 25fps,"REAL DOCUMENT only; verify URL and rights, capture page, crop text, annotate exact paragraph and proof",S004,C015,"REQUIRED: page, source-native wording, highlight xy+angle; currently PENDING",BOUNDARY TIMING PROVISIONAL UNTIL AUDIO AUDITION; preview rendered layer transitions later,NO PAID IMAGE BY DEFAULT
SH-108,SC079,B035,S09:p1,11773,11857,470.92,474.28,NAMED_DETAIL,DOCUMENT_DETAIL_HIGHLIGHT,SAME_EVIDENCE_REFRAME: isolate named claim while preserving context,AUTHENTIC_SOURCE_CROP | SOURCE_ATTRIBUTION | OPTIONAL LOCAL_MARKER,EXISTING_REAL_DOCUMENT_TEXTURE,OPTIONAL EASE TO SOURCE-NATIVE LINE; end move before read hold,EXACT SOURCE-NATIVE LINE matching claim C015; coordinates and tilt MUST be annotated after source download,WARM_YELLOW_MULTIPLY left-to-right fitted marker AFTER settle; optional; requires exact line coords,HOLD after title/marker; if cut too short suppress motion rather than speed animations,BOTTOM 15% unobstructed | 1920x1080 | 25fps,"REAL DOCUMENT only; verify URL and rights, capture page, crop text, annotate exact paragraph and proof",S004,C015,"REQUIRED: page, source-native wording, highlight xy+angle; currently PENDING",BOUNDARY TIMING PROVISIONAL UNTIL AUDIO AUDITION; preview rendered layer transitions later,NO PAID IMAGE BY DEFAULT
SH-109,SC080,B035,S09:p2,11857,11948,474.28,477.92,ESTABLISH_AND_HOLD,DOCUMENT_ESTABLISH,NARRATIVE_BOUNDARY: Land the first procedural setback and the later complaint.,AUTHENTIC_SOURCE_CROP | SOURCE_ATTRIBUTION | OPTIONAL LOCAL_MARKER,EXISTING_REAL_DOCUMENT_TEXTURE,STATIC ESTABLISH; no compulsory motion,EXACT SOURCE-NATIVE LINE matching claim C015; coordinates and tilt MUST be annotated after source download,NONE unless named narration accent validated,HOLD after title/marker; if cut too short suppress motion rather than speed animations,BOTTOM 15% unobstructed | 1920x1080 | 25fps,"REAL DOCUMENT only; verify URL and rights, capture page, crop text, annotate exact paragraph and proof",S004,C015,"REQUIRED: page, source-native wording, highlight xy+angle; currently PENDING",BOUNDARY TIMING PROVISIONAL UNTIL AUDIO AUDITION; preview rendered layer transitions later,NO PAID IMAGE BY DEFAULT
SH-110,SC081,B036,S09:p3,11948,12030,477.92,481.20,ESTABLISH_AND_HOLD,CHRONOLOGY,NARRATIVE_BOUNDARY: Keep the lawsuit distinct from granted relief.,SOURCE_ATTRIBUTION | EDITOR_NATIVE_TEXT | EVIDENCE_CARD,BRAND_NEUTRAL_BACKDROP / VERIFIED_CONTEXT_IMAGE,STATIC ESTABLISH; no compulsory motion,NONE; leave evidence stable,NONE unless named narration accent validated,HOLD after title/marker; if cut too short suppress motion rather than speed animations,BOTTOM 15% unobstructed | 1920x1080 | 25fps,EDITOR NATIVE layered composition using linked evidence; no fake UI/documents; source-backed figure only,S004,C015;C017,SOURCE FACT VERIFICATION PENDING,BOUNDARY TIMING PROVISIONAL UNTIL AUDIO AUDITION; preview rendered layer transitions later,NO PAID IMAGE BY DEFAULT
SH-111,SC082,B036,S09:p4,12030,12103,481.20,484.12,ESTABLISH_AND_HOLD,NUMBER_CONTEXT,NARRATIVE_BOUNDARY: Keep the lawsuit distinct from granted relief.,SOURCE_ATTRIBUTION | EDITOR_NATIVE_TEXT | EVIDENCE_CARD,BRAND_NEUTRAL_BACKDROP / VERIFIED_CONTEXT_IMAGE,STATIC ESTABLISH; no compulsory motion,NONE; leave evidence stable,NONE unless named narration accent validated,HOLD after title/marker; if cut too short suppress motion rather than speed animations,BOTTOM 15% unobstructed | 1920x1080 | 25fps,EDITOR NATIVE layered composition using linked evidence; no fake UI/documents; source-backed figure only,S004,C015;C017,SOURCE FACT VERIFICATION PENDING,BOUNDARY TIMING PROVISIONAL UNTIL AUDIO AUDITION; preview rendered layer transitions later,NO PAID IMAGE BY DEFAULT
SH-112,SC083,B037,S09:p5,12103,12267,484.12,490.68,ESTABLISH,EDITORIAL_QUESTION,NARRATIVE_BOUNDARY: Explain changing counts without inventing one global cohort.,SOURCE_ATTRIBUTION | EDITOR_NATIVE_TEXT | EVIDENCE_CARD,BRAND_NEUTRAL_BACKDROP / VERIFIED_CONTEXT_IMAGE,STATIC ESTABLISH; no compulsory motion,NONE; leave evidence stable,NONE unless named narration accent validated,HOLD after title/marker; if cut too short suppress motion rather than speed animations,BOTTOM 15% unobstructed | 1920x1080 | 25fps,EDITOR NATIVE layered composition using linked evidence; no fake UI/documents; source-backed figure only,S004,C005;C015,SOURCE FACT VERIFICATION PENDING,BOUNDARY TIMING PROVISIONAL UNTIL AUDIO AUDITION; preview rendered layer transitions later,NO PAID IMAGE BY DEFAULT
SH-113,SC083,B037,S09:p5,12267,12432,490.68,497.28,NAMED_DETAIL,EVIDENCE_INSERT_OR_COMPARE,SAME_EVIDENCE_REFRAME: isolate named claim while preserving context,SOURCE_ATTRIBUTION | EDITOR_NATIVE_TEXT | EVIDENCE_CARD,BRAND_NEUTRAL_BACKDROP / VERIFIED_CONTEXT_IMAGE,OPTIONAL INSERT settle; stable heading; no concurrent unrelated motion,EXACT DATE / NUMBER / CLAIM label tied to C005;C015,NONE unless named narration accent validated,HOLD after title/marker; if cut too short suppress motion rather than speed animations,BOTTOM 15% unobstructed | 1920x1080 | 25fps,EDITOR NATIVE layered composition using linked evidence; no fake UI/documents; source-backed figure only,S004,C005;C015,SOURCE FACT VERIFICATION PENDING,BOUNDARY TIMING PROVISIONAL UNTIL AUDIO AUDITION; preview rendered layer transitions later,NO PAID IMAGE BY DEFAULT
SH-114,SC084,B037,S09:p6,12432,12567,497.28,502.68,ESTABLISH,MECHANISM_MAP,NARRATIVE_BOUNDARY: Explain changing counts without inventing one global cohort.,SOURCE_ATTRIBUTION | EDITOR_NATIVE_TEXT | EVIDENCE_CARD,BRAND_NEUTRAL_BACKDROP / VERIFIED_CONTEXT_IMAGE,STATIC ESTABLISH; no compulsory motion,NONE; leave evidence stable,NONE unless named narration accent validated,HOLD after title/marker; if cut too short suppress motion rather than speed animations,BOTTOM 15% unobstructed | 1920x1080 | 25fps,EDITOR NATIVE layered composition using linked evidence; no fake UI/documents; source-backed figure only,S004,C005;C015,SOURCE FACT VERIFICATION PENDING,BOUNDARY TIMING PROVISIONAL UNTIL AUDIO AUDITION; preview rendered layer transitions later,NO PAID IMAGE BY DEFAULT
SH-115,SC084,B037,S09:p6,12567,12703,502.68,508.12,NAMED_DETAIL,EVIDENCE_INSERT_OR_COMPARE,SAME_EVIDENCE_REFRAME: isolate named claim while preserving context,SOURCE_ATTRIBUTION | EDITOR_NATIVE_TEXT | EVIDENCE_CARD,BRAND_NEUTRAL_BACKDROP / VERIFIED_CONTEXT_IMAGE,OPTIONAL INSERT settle; stable heading; no concurrent unrelated motion,EXACT DATE / NUMBER / CLAIM label tied to C005;C015,NONE unless named narration accent validated,HOLD after title/marker; if cut too short suppress motion rather than speed animations,BOTTOM 15% unobstructed | 1920x1080 | 25fps,EDITOR NATIVE layered composition using linked evidence; no fake UI/documents; source-backed figure only,S004,C005;C015,SOURCE FACT VERIFICATION PENDING,BOUNDARY TIMING PROVISIONAL UNTIL AUDIO AUDITION; preview rendered layer transitions later,NO PAID IMAGE BY DEFAULT
SH-116,SC085,B038,S09:p7,12703,12861,508.12,514.44,ESTABLISH_AND_HOLD,TWO_POSITION_COMPARE,NARRATIVE_BOUNDARY: Pay off the opening reversal and show stakes on both sides.,SOURCE_ATTRIBUTION | EDITOR_NATIVE_TEXT | EVIDENCE_CARD,BRAND_NEUTRAL_BACKDROP / VERIFIED_CONTEXT_IMAGE,STATIC ESTABLISH; no compulsory motion,NONE; leave evidence stable,NONE unless named narration accent validated,HOLD after title/marker; if cut too short suppress motion rather than speed animations,BOTTOM 15% unobstructed | 1920x1080 | 25fps,EDITOR NATIVE layered composition using linked evidence; no fake UI/documents; source-backed figure only,S004,C015;C017,SOURCE FACT VERIFICATION PENDING,BOUNDARY TIMING PROVISIONAL UNTIL AUDIO AUDITION; preview rendered layer transitions later,NO PAID IMAGE BY DEFAULT
SH-117,SC086,B038,S09:p8,12861,13026,514.44,521.04,ESTABLISH,EVIDENCE_STACK,NARRATIVE_BOUNDARY: Pay off the opening reversal and show stakes on both sides.,SOURCE_ATTRIBUTION | EDITOR_NATIVE_TEXT | EVIDENCE_CARD,BRAND_NEUTRAL_BACKDROP / VERIFIED_CONTEXT_IMAGE,STATIC ESTABLISH; no compulsory motion,NONE; leave evidence stable,NONE unless named narration accent validated,HOLD after title/marker; if cut too short suppress motion rather than speed animations,BOTTOM 15% unobstructed | 1920x1080 | 25fps,EDITOR NATIVE layered composition using linked evidence; no fake UI/documents; source-backed figure only,S004,C015;C017,SOURCE FACT VERIFICATION PENDING,BOUNDARY TIMING PROVISIONAL UNTIL AUDIO AUDITION; preview rendered layer transitions later,NO PAID IMAGE BY DEFAULT
SH-118,SC086,B038,S09:p8,13026,13192,521.04,527.68,NAMED_DETAIL,EVIDENCE_INSERT_OR_COMPARE,SAME_EVIDENCE_REFRAME: isolate named claim while preserving context,SOURCE_ATTRIBUTION | EDITOR_NATIVE_TEXT | EVIDENCE_CARD,BRAND_NEUTRAL_BACKDROP / VERIFIED_CONTEXT_IMAGE,OPTIONAL INSERT settle; stable heading; no concurrent unrelated motion,EXACT DATE / NUMBER / CLAIM label tied to C015;C017,NONE unless named narration accent validated,HOLD after title/marker; if cut too short suppress motion rather than speed animations,BOTTOM 15% unobstructed | 1920x1080 | 25fps,EDITOR NATIVE layered composition using linked evidence; no fake UI/documents; source-backed figure only,S004,C015;C017,SOURCE FACT VERIFICATION PENDING,BOUNDARY TIMING PROVISIONAL UNTIL AUDIO AUDITION; preview rendered layer transitions later,NO PAID IMAGE BY DEFAULT
SH-119,SC087,B039,S09:p9,13192,13263,527.68,530.52,ESTABLISH_AND_HOLD,CHRONOLOGY,NARRATIVE_BOUNDARY: Open the emergency-relief hurdle.,SOURCE_ATTRIBUTION | EDITOR_NATIVE_TEXT | EVIDENCE_CARD,BRAND_NEUTRAL_BACKDROP / VERIFIED_CONTEXT_IMAGE,STATIC ESTABLISH; no compulsory motion,NONE; leave evidence stable,NONE unless named narration accent validated,HOLD after title/marker; if cut too short suppress motion rather than speed animations,BOTTOM 15% unobstructed | 1920x1080 | 25fps,EDITOR NATIVE layered composition using linked evidence; no fake UI/documents; source-backed figure only,S004,C017,SOURCE FACT VERIFICATION PENDING,BOUNDARY TIMING PROVISIONAL UNTIL AUDIO AUDITION; preview rendered layer transitions later,NO PAID IMAGE BY DEFAULT
SH-120,SC088,B039,S09:p10,13263,13397,530.52,535.88,ESTABLISH_AND_HOLD,NUMBER_CONTEXT,NARRATIVE_BOUNDARY: Open the emergency-relief hurdle.,SOURCE_ATTRIBUTION | EDITOR_NATIVE_TEXT | EVIDENCE_CARD,BRAND_NEUTRAL_BACKDROP / VERIFIED_CONTEXT_IMAGE,STATIC ESTABLISH; no compulsory motion,NONE; leave evidence stable,NONE unless named narration accent validated,HOLD after title/marker; if cut too short suppress motion rather than speed animations,BOTTOM 15% unobstructed | 1920x1080 | 25fps,EDITOR NATIVE layered composition using linked evidence; no fake UI/documents; source-backed figure only,S004,C017,SOURCE FACT VERIFICATION PENDING,BOUNDARY TIMING PROVISIONAL UNTIL AUDIO AUDITION; preview rendered layer transitions later,NO PAID IMAGE BY DEFAULT
SH-121,SC089,B040,S10:p1,13397,13555,535.88,542.20,ESTABLISH_AND_HOLD,EDITORIAL_QUESTION,NARRATIVE_BOUNDARY: Define the requested preliminary injunction and positions.,SOURCE_ATTRIBUTION | EDITOR_NATIVE_TEXT | EVIDENCE_CARD,BRAND_NEUTRAL_BACKDROP / VERIFIED_CONTEXT_IMAGE,STATIC ESTABLISH; no compulsory motion,NONE; leave evidence stable,NONE unless named narration accent validated,HOLD after title/marker; if cut too short suppress motion rather than speed animations,BOTTOM 15% unobstructed | 1920x1080 | 25fps,EDITOR NATIVE layered composition using linked evidence; no fake UI/documents; source-backed figure only,S004;S009,C003;C017,SOURCE FACT VERIFICATION PENDING,BOUNDARY TIMING PROVISIONAL UNTIL AUDIO AUDITION; preview rendered layer transitions later,NO PAID IMAGE BY DEFAULT
SH-122,SC090,B040,S10:p2,13555,13728,542.20,549.12,ESTABLISH,MECHANISM_MAP,NARRATIVE_BOUNDARY: Define the requested preliminary injunction and positions.,SOURCE_ATTRIBUTION | EDITOR_NATIVE_TEXT | EVIDENCE_CARD,BRAND_NEUTRAL_BACKDROP / VERIFIED_CONTEXT_IMAGE,STATIC ESTABLISH; no compulsory motion,NONE; leave evidence stable,NONE unless named narration accent validated,HOLD after title/marker; if cut too short suppress motion rather than speed animations,BOTTOM 15% unobstructed | 1920x1080 | 25fps,EDITOR NATIVE layered composition using linked evidence; no fake UI/documents; source-backed figure only,S004;S009,C003;C017,SOURCE FACT VERIFICATION PENDING,BOUNDARY TIMING PROVISIONAL UNTIL AUDIO AUDITION; preview rendered layer transitions later,NO PAID IMAGE BY DEFAULT
SH-123,SC090,B040,S10:p2,13728,13901,549.12,556.04,NAMED_DETAIL,EVIDENCE_INSERT_OR_COMPARE,SAME_EVIDENCE_REFRAME: isolate named claim while preserving context,SOURCE_ATTRIBUTION | EDITOR_NATIVE_TEXT | EVIDENCE_CARD,BRAND_NEUTRAL_BACKDROP / VERIFIED_CONTEXT_IMAGE,OPTIONAL INSERT settle; stable heading; no concurrent unrelated motion,EXACT DATE / NUMBER / CLAIM label tied to C003;C017,NONE unless named narration accent validated,HOLD after title/marker; if cut too short suppress motion rather than speed animations,BOTTOM 15% unobstructed | 1920x1080 | 25fps,EDITOR NATIVE layered composition using linked evidence; no fake UI/documents; source-backed figure only,S004;S009,C003;C017,SOURCE FACT VERIFICATION PENDING,BOUNDARY TIMING PROVISIONAL UNTIL AUDIO AUDITION; preview rendered layer transitions later,NO PAID IMAGE BY DEFAULT
SH-124,SC091,B040,S10:p3,13901,14052,556.04,562.08,ESTABLISH_AND_HOLD,TWO_POSITION_COMPARE,NARRATIVE_BOUNDARY: Define the requested preliminary injunction and positions.,SOURCE_ATTRIBUTION | EDITOR_NATIVE_TEXT | EVIDENCE_CARD,BRAND_NEUTRAL_BACKDROP / VERIFIED_CONTEXT_IMAGE,STATIC ESTABLISH; no compulsory motion,NONE; leave evidence stable,NONE unless named narration accent validated,HOLD after title/marker; if cut too short suppress motion rather than speed animations,BOTTOM 15% unobstructed | 1920x1080 | 25fps,EDITOR NATIVE layered composition using linked evidence; no fake UI/documents; source-backed figure only,S004;S009,C003;C017,SOURCE FACT VERIFICATION PENDING,BOUNDARY TIMING PROVISIONAL UNTIL AUDIO AUDITION; preview rendered layer transitions later,NO PAID IMAGE BY DEFAULT
SH-125,SC092,B041,S10:p4,14052,14187,562.08,567.48,ESTABLISH,EVIDENCE_STACK,NARRATIVE_BOUNDARY: Show completed work and mixed outcomes without a scoreboard.,SOURCE_ATTRIBUTION | EDITOR_NATIVE_TEXT | EVIDENCE_CARD,BRAND_NEUTRAL_BACKDROP / VERIFIED_CONTEXT_IMAGE,STATIC ESTABLISH; no compulsory motion,NONE; leave evidence stable,NONE unless named narration accent validated,HOLD after title/marker; if cut too short suppress motion rather than speed animations,BOTTOM 15% unobstructed | 1920x1080 | 25fps,EDITOR NATIVE layered composition using linked evidence; no fake UI/documents; source-backed figure only,S004,C014,SOURCE FACT VERIFICATION PENDING,BOUNDARY TIMING PROVISIONAL UNTIL AUDIO AUDITION; preview rendered layer transitions later,NO PAID IMAGE BY DEFAULT
SH-126,SC092,B041,S10:p4,14187,14323,567.48,572.92,NAMED_DETAIL,EVIDENCE_INSERT_OR_COMPARE,SAME_EVIDENCE_REFRAME: isolate named claim while preserving context,SOURCE_ATTRIBUTION | EDITOR_NATIVE_TEXT | EVIDENCE_CARD,BRAND_NEUTRAL_BACKDROP / VERIFIED_CONTEXT_IMAGE,OPTIONAL INSERT settle; stable heading; no concurrent unrelated motion,EXACT DATE / NUMBER / CLAIM label tied to C014,NONE unless named narration accent validated,HOLD after title/marker; if cut too short suppress motion rather than speed animations,BOTTOM 15% unobstructed | 1920x1080 | 25fps,EDITOR NATIVE layered composition using linked evidence; no fake UI/documents; source-backed figure only,S004,C014,SOURCE FACT VERIFICATION PENDING,BOUNDARY TIMING PROVISIONAL UNTIL AUDIO AUDITION; preview rendered layer transitions later,NO PAID IMAGE BY DEFAULT
SH-127,SC093,B041,S10:p5,14323,14472,572.92,578.88,ESTABLISH,CHRONOLOGY,NARRATIVE_BOUNDARY: Show completed work and mixed outcomes without a scoreboard.,SOURCE_ATTRIBUTION | EDITOR_NATIVE_TEXT | EVIDENCE_CARD,BRAND_NEUTRAL_BACKDROP / VERIFIED_CONTEXT_IMAGE,STATIC ESTABLISH; no compulsory motion,NONE; leave evidence stable,NONE unless named narration accent validated,HOLD after title/marker; if cut too short suppress motion rather than speed animations,BOTTOM 15% unobstructed | 1920x1080 | 25fps,EDITOR NATIVE layered composition using linked evidence; no fake UI/documents; source-backed figure only,S004,C014,SOURCE FACT VERIFICATION PENDING,BOUNDARY TIMING PROVISIONAL UNTIL AUDIO AUDITION; preview rendered layer transitions later,NO PAID IMAGE BY DEFAULT
SH-128,SC093,B041,S10:p5,14472,14622,578.88,584.88,NAMED_DETAIL,EVIDENCE_INSERT_OR_COMPARE,SAME_EVIDENCE_REFRAME: isolate named claim while preserving context,SOURCE_ATTRIBUTION | EDITOR_NATIVE_TEXT | EVIDENCE_CARD,BRAND_NEUTRAL_BACKDROP / VERIFIED_CONTEXT_IMAGE,OPTIONAL INSERT settle; stable heading; no concurrent unrelated motion,EXACT DATE / NUMBER / CLAIM label tied to C014,NONE unless named narration accent validated,HOLD after title/marker; if cut too short suppress motion rather than speed animations,BOTTOM 15% unobstructed | 1920x1080 | 25fps,EDITOR NATIVE layered composition using linked evidence; no fake UI/documents; source-backed figure only,S004,C014,SOURCE FACT VERIFICATION PENDING,BOUNDARY TIMING PROVISIONAL UNTIL AUDIO AUDITION; preview rendered layer transitions later,NO PAID IMAGE BY DEFAULT
SH-129,SC094,B041,S10:p6,14622,14735,584.88,589.40,ESTABLISH,NUMBER_CONTEXT,NARRATIVE_BOUNDARY: Show completed work and mixed outcomes without a scoreboard.,SOURCE_ATTRIBUTION | EDITOR_NATIVE_TEXT | EVIDENCE_CARD,BRAND_NEUTRAL_BACKDROP / VERIFIED_CONTEXT_IMAGE,STATIC ESTABLISH; no compulsory motion,NONE; leave evidence stable,NONE unless named narration accent validated,HOLD after title/marker; if cut too short suppress motion rather than speed animations,BOTTOM 15% unobstructed | 1920x1080 | 25fps,EDITOR NATIVE layered composition using linked evidence; no fake UI/documents; source-backed figure only,S004,C014,SOURCE FACT VERIFICATION PENDING,BOUNDARY TIMING PROVISIONAL UNTIL AUDIO AUDITION; preview rendered layer transitions later,NO PAID IMAGE BY DEFAULT
SH-130,SC094,B041,S10:p6,14735,14849,589.40,593.96,NAMED_DETAIL,EVIDENCE_INSERT_OR_COMPARE,SAME_EVIDENCE_REFRAME: isolate named claim while preserving context,SOURCE_ATTRIBUTION | EDITOR_NATIVE_TEXT | EVIDENCE_CARD,BRAND_NEUTRAL_BACKDROP / VERIFIED_CONTEXT_IMAGE,OPTIONAL INSERT settle; stable heading; no concurrent unrelated motion,EXACT DATE / NUMBER / CLAIM label tied to C014,NONE unless named narration accent validated,HOLD after title/marker; if cut too short suppress motion rather than speed animations,BOTTOM 15% unobstructed | 1920x1080 | 25fps,EDITOR NATIVE layered composition using linked evidence; no fake UI/documents; source-backed figure only,S004,C014,SOURCE FACT VERIFICATION PENDING,BOUNDARY TIMING PROVISIONAL UNTIL AUDIO AUDITION; preview rendered layer transitions later,NO PAID IMAGE BY DEFAULT
SH-131,SC095,B042,S10:p7,14849,14956,593.96,598.24,ESTABLISH,DOCUMENT_ESTABLISH,NARRATIVE_BOUNDARY: Narrow the live request and the disputed active count.,AUTHENTIC_SOURCE_CROP | SOURCE_ATTRIBUTION | OPTIONAL LOCAL_MARKER,EXISTING_REAL_DOCUMENT_TEXTURE,STATIC ESTABLISH; no compulsory motion,EXACT SOURCE-NATIVE LINE matching claim C016;C017; coordinates and tilt MUST be annotated after source download,NONE unless named narration accent validated,HOLD after title/marker; if cut too short suppress motion rather than speed animations,BOTTOM 15% unobstructed | 1920x1080 | 25fps,"REAL DOCUMENT only; verify URL and rights, capture page, crop text, annotate exact paragraph and proof",S004,C016;C017,"REQUIRED: page, source-native wording, highlight xy+angle; currently PENDING",BOUNDARY TIMING PROVISIONAL UNTIL AUDIO AUDITION; preview rendered layer transitions later,NO PAID IMAGE BY DEFAULT
SH-132,SC095,B042,S10:p7,14956,15063,598.24,602.52,NAMED_DETAIL,DOCUMENT_DETAIL_HIGHLIGHT,SAME_EVIDENCE_REFRAME: isolate named claim while preserving context,AUTHENTIC_SOURCE_CROP | SOURCE_ATTRIBUTION | OPTIONAL LOCAL_MARKER,EXISTING_REAL_DOCUMENT_TEXTURE,OPTIONAL EASE TO SOURCE-NATIVE LINE; end move before read hold,EXACT SOURCE-NATIVE LINE matching claim C016;C017; coordinates and tilt MUST be annotated after source download,WARM_YELLOW_MULTIPLY left-to-right fitted marker AFTER settle; optional; requires exact line coords,HOLD after title/marker; if cut too short suppress motion rather than speed animations,BOTTOM 15% unobstructed | 1920x1080 | 25fps,"REAL DOCUMENT only; verify URL and rights, capture page, crop text, annotate exact paragraph and proof",S004,C016;C017,"REQUIRED: page, source-native wording, highlight xy+angle; currently PENDING",BOUNDARY TIMING PROVISIONAL UNTIL AUDIO AUDITION; preview rendered layer transitions later,NO PAID IMAGE BY DEFAULT
SH-133,SC096,B042,S10:p8,15063,15146,602.52,605.84,ESTABLISH,DOCUMENT_ESTABLISH,NARRATIVE_BOUNDARY: Narrow the live request and the disputed active count.,AUTHENTIC_SOURCE_CROP | SOURCE_ATTRIBUTION | OPTIONAL LOCAL_MARKER,EXISTING_REAL_DOCUMENT_TEXTURE,STATIC ESTABLISH; no compulsory motion,EXACT SOURCE-NATIVE LINE matching claim C016;C017; coordinates and tilt MUST be annotated after source download,NONE unless named narration accent validated,HOLD after title/marker; if cut too short suppress motion rather than speed animations,BOTTOM 15% unobstructed | 1920x1080 | 25fps,"REAL DOCUMENT only; verify URL and rights, capture page, crop text, annotate exact paragraph and proof",S004,C016;C017,"REQUIRED: page, source-native wording, highlight xy+angle; currently PENDING",BOUNDARY TIMING PROVISIONAL UNTIL AUDIO AUDITION; preview rendered layer transitions later,NO PAID IMAGE BY DEFAULT
SH-134,SC096,B042,S10:p8,15146,15229,605.84,609.16,NAMED_DETAIL,DOCUMENT_DETAIL_HIGHLIGHT,SAME_EVIDENCE_REFRAME: isolate named claim while preserving context,AUTHENTIC_SOURCE_CROP | SOURCE_ATTRIBUTION | OPTIONAL LOCAL_MARKER,EXISTING_REAL_DOCUMENT_TEXTURE,OPTIONAL EASE TO SOURCE-NATIVE LINE; end move before read hold,EXACT SOURCE-NATIVE LINE matching claim C016;C017; coordinates and tilt MUST be annotated after source download,WARM_YELLOW_MULTIPLY left-to-right fitted marker AFTER settle; optional; requires exact line coords,HOLD after title/marker; if cut too short suppress motion rather than speed animations,BOTTOM 15% unobstructed | 1920x1080 | 25fps,"REAL DOCUMENT only; verify URL and rights, capture page, crop text, annotate exact paragraph and proof",S004,C016;C017,"REQUIRED: page, source-native wording, highlight xy+angle; currently PENDING",BOUNDARY TIMING PROVISIONAL UNTIL AUDIO AUDITION; preview rendered layer transitions later,NO PAID IMAGE BY DEFAULT
SH-135,SC097,B042,S10:p9,15229,15347,609.16,613.88,ESTABLISH_AND_HOLD,DOCUMENT_ESTABLISH,NARRATIVE_BOUNDARY: Narrow the live request and the disputed active count.,AUTHENTIC_SOURCE_CROP | SOURCE_ATTRIBUTION | OPTIONAL LOCAL_MARKER,EXISTING_REAL_DOCUMENT_TEXTURE,STATIC ESTABLISH; no compulsory motion,EXACT SOURCE-NATIVE LINE matching claim C016;C017; coordinates and tilt MUST be annotated after source download,NONE unless named narration accent validated,HOLD after title/marker; if cut too short suppress motion rather than speed animations,BOTTOM 15% unobstructed | 1920x1080 | 25fps,"REAL DOCUMENT only; verify URL and rights, capture page, crop text, annotate exact paragraph and proof",S004,C016;C017,"REQUIRED: page, source-native wording, highlight xy+angle; currently PENDING",BOUNDARY TIMING PROVISIONAL UNTIL AUDIO AUDITION; preview rendered layer transitions later,NO PAID IMAGE BY DEFAULT
SH-136,SC098,B043,S10:p10,15347,15466,613.88,618.64,ESTABLISH,DOCUMENT_ESTABLISH,NARRATIVE_BOUNDARY: Bring both contract arguments to the dated decision.,AUTHENTIC_SOURCE_CROP | SOURCE_ATTRIBUTION | OPTIONAL LOCAL_MARKER,EXISTING_REAL_DOCUMENT_TEXTURE,STATIC ESTABLISH; no compulsory motion,EXACT SOURCE-NATIVE LINE matching claim C010;C017;C018; coordinates and tilt MUST be annotated after source download,NONE unless named narration accent validated,HOLD after title/marker; if cut too short suppress motion rather than speed animations,BOTTOM 15% unobstructed | 1920x1080 | 25fps,"REAL DOCUMENT only; verify URL and rights, capture page, crop text, annotate exact paragraph and proof",S002;S004,C010;C017;C018,"REQUIRED: page, source-native wording, highlight xy+angle; currently PENDING",BOUNDARY TIMING PROVISIONAL UNTIL AUDIO AUDITION; preview rendered layer transitions later,NO PAID IMAGE BY DEFAULT
SH-137,SC098,B043,S10:p10,15466,15585,618.64,623.40,NAMED_DETAIL,DOCUMENT_DETAIL_HIGHLIGHT,SAME_EVIDENCE_REFRAME: isolate named claim while preserving context,AUTHENTIC_SOURCE_CROP | SOURCE_ATTRIBUTION | OPTIONAL LOCAL_MARKER,EXISTING_REAL_DOCUMENT_TEXTURE,OPTIONAL EASE TO SOURCE-NATIVE LINE; end move before read hold,EXACT SOURCE-NATIVE LINE matching claim C010;C017;C018; coordinates and tilt MUST be annotated after source download,WARM_YELLOW_MULTIPLY left-to-right fitted marker AFTER settle; optional; requires exact line coords,HOLD after title/marker; if cut too short suppress motion rather than speed animations,BOTTOM 15% unobstructed | 1920x1080 | 25fps,"REAL DOCUMENT only; verify URL and rights, capture page, crop text, annotate exact paragraph and proof",S002;S004,C010;C017;C018,"REQUIRED: page, source-native wording, highlight xy+angle; currently PENDING",BOUNDARY TIMING PROVISIONAL UNTIL AUDIO AUDITION; preview rendered layer transitions later,NO PAID IMAGE BY DEFAULT
SH-138,SC099,B043,S10:p11,15585,15691,623.40,627.64,ESTABLISH_AND_HOLD,DOCUMENT_ESTABLISH,NARRATIVE_BOUNDARY: Bring both contract arguments to the dated decision.,AUTHENTIC_SOURCE_CROP | SOURCE_ATTRIBUTION | OPTIONAL LOCAL_MARKER,EXISTING_REAL_DOCUMENT_TEXTURE,STATIC ESTABLISH; no compulsory motion,EXACT SOURCE-NATIVE LINE matching claim C010;C017;C018; coordinates and tilt MUST be annotated after source download,NONE unless named narration accent validated,HOLD after title/marker; if cut too short suppress motion rather than speed animations,BOTTOM 15% unobstructed | 1920x1080 | 25fps,"REAL DOCUMENT only; verify URL and rights, capture page, crop text, annotate exact paragraph and proof",S002;S004,C010;C017;C018,"REQUIRED: page, source-native wording, highlight xy+angle; currently PENDING",BOUNDARY TIMING PROVISIONAL UNTIL AUDIO AUDITION; preview rendered layer transitions later,NO PAID IMAGE BY DEFAULT
SH-139,SC100,B044,S11:p1,15691,15800,627.64,632.00,ESTABLISH_AND_HOLD,DOCUMENT_ESTABLISH,NARRATIVE_BOUNDARY: Reveal denial while immediately preserving preliminary scope.,AUTHENTIC_SOURCE_CROP | SOURCE_ATTRIBUTION | OPTIONAL LOCAL_MARKER,EXISTING_REAL_DOCUMENT_TEXTURE,STATIC ESTABLISH; no compulsory motion,EXACT SOURCE-NATIVE LINE matching claim C017; coordinates and tilt MUST be annotated after source download,NONE unless named narration accent validated,HOLD after title/marker; if cut too short suppress motion rather than speed animations,BOTTOM 15% unobstructed | 1920x1080 | 25fps,"REAL DOCUMENT only; verify URL and rights, capture page, crop text, annotate exact paragraph and proof",S004,C017,"REQUIRED: page, source-native wording, highlight xy+angle; currently PENDING",BOUNDARY TIMING PROVISIONAL UNTIL AUDIO AUDITION; preview rendered layer transitions later,NO PAID IMAGE BY DEFAULT
SH-140,SC101,B044,S11:p2,15800,15904,632.00,636.16,ESTABLISH_AND_HOLD,DOCUMENT_ESTABLISH,NARRATIVE_BOUNDARY: Reveal denial while immediately preserving preliminary scope.,AUTHENTIC_SOURCE_CROP | SOURCE_ATTRIBUTION | OPTIONAL LOCAL_MARKER,EXISTING_REAL_DOCUMENT_TEXTURE,STATIC ESTABLISH; no compulsory motion,EXACT SOURCE-NATIVE LINE matching claim C017; coordinates and tilt MUST be annotated after source download,NONE unless named narration accent validated,HOLD after title/marker; if cut too short suppress motion rather than speed animations,BOTTOM 15% unobstructed | 1920x1080 | 25fps,"REAL DOCUMENT only; verify URL and rights, capture page, crop text, annotate exact paragraph and proof",S004,C017,"REQUIRED: page, source-native wording, highlight xy+angle; currently PENDING",BOUNDARY TIMING PROVISIONAL UNTIL AUDIO AUDITION; preview rendered layer transitions later,NO PAID IMAGE BY DEFAULT
SH-141,SC102,B045,S11:p3,15904,16032,636.16,641.28,ESTABLISH_AND_HOLD,DOCUMENT_ESTABLISH,NARRATIVE_BOUNDARY: Explain the as-applied contract finding.,AUTHENTIC_SOURCE_CROP | SOURCE_ATTRIBUTION | OPTIONAL LOCAL_MARKER,EXISTING_REAL_DOCUMENT_TEXTURE,STATIC ESTABLISH; no compulsory motion,EXACT SOURCE-NATIVE LINE matching claim C018; coordinates and tilt MUST be annotated after source download,NONE unless named narration accent validated,HOLD after title/marker; if cut too short suppress motion rather than speed animations,BOTTOM 15% unobstructed | 1920x1080 | 25fps,"REAL DOCUMENT only; verify URL and rights, capture page, crop text, annotate exact paragraph and proof",S004,C018,"REQUIRED: page, source-native wording, highlight xy+angle; currently PENDING",BOUNDARY TIMING PROVISIONAL UNTIL AUDIO AUDITION; preview rendered layer transitions later,NO PAID IMAGE BY DEFAULT
SH-142,SC103,B045,S11:p4,16032,16154,641.28,646.16,ESTABLISH_AND_HOLD,DOCUMENT_ESTABLISH,NARRATIVE_BOUNDARY: Explain the as-applied contract finding.,AUTHENTIC_SOURCE_CROP | SOURCE_ATTRIBUTION | OPTIONAL LOCAL_MARKER,EXISTING_REAL_DOCUMENT_TEXTURE,STATIC ESTABLISH; no compulsory motion,EXACT SOURCE-NATIVE LINE matching claim C018; coordinates and tilt MUST be annotated after source download,NONE unless named narration accent validated,HOLD after title/marker; if cut too short suppress motion rather than speed animations,BOTTOM 15% unobstructed | 1920x1080 | 25fps,"REAL DOCUMENT only; verify URL and rights, capture page, crop text, annotate exact paragraph and proof",S004,C018,"REQUIRED: page, source-native wording, highlight xy+angle; currently PENDING",BOUNDARY TIMING PROVISIONAL UNTIL AUDIO AUDITION; preview rendered layer transitions later,NO PAID IMAGE BY DEFAULT
SH-143,SC104,B046,S11:p5,16154,16309,646.16,652.36,ESTABLISH,DOCUMENT_ESTABLISH,NARRATIVE_BOUNDARY: Explain the preliminary fairness reasoning.,AUTHENTIC_SOURCE_CROP | SOURCE_ATTRIBUTION | OPTIONAL LOCAL_MARKER,EXISTING_REAL_DOCUMENT_TEXTURE,STATIC ESTABLISH; no compulsory motion,EXACT SOURCE-NATIVE LINE matching claim C018; coordinates and tilt MUST be annotated after source download,NONE unless named narration accent validated,HOLD after title/marker; if cut too short suppress motion rather than speed animations,BOTTOM 15% unobstructed | 1920x1080 | 25fps,"REAL DOCUMENT only; verify URL and rights, capture page, crop text, annotate exact paragraph and proof",S004,C018,"REQUIRED: page, source-native wording, highlight xy+angle; currently PENDING",BOUNDARY TIMING PROVISIONAL UNTIL AUDIO AUDITION; preview rendered layer transitions later,NO PAID IMAGE BY DEFAULT
SH-144,SC104,B046,S11:p5,16309,16465,652.36,658.60,NAMED_DETAIL,DOCUMENT_DETAIL_HIGHLIGHT,SAME_EVIDENCE_REFRAME: isolate named claim while preserving context,AUTHENTIC_SOURCE_CROP | SOURCE_ATTRIBUTION | OPTIONAL LOCAL_MARKER,EXISTING_REAL_DOCUMENT_TEXTURE,OPTIONAL EASE TO SOURCE-NATIVE LINE; end move before read hold,EXACT SOURCE-NATIVE LINE matching claim C018; coordinates and tilt MUST be annotated after source download,WARM_YELLOW_MULTIPLY left-to-right fitted marker AFTER settle; optional; requires exact line coords,HOLD after title/marker; if cut too short suppress motion rather than speed animations,BOTTOM 15% unobstructed | 1920x1080 | 25fps,"REAL DOCUMENT only; verify URL and rights, capture page, crop text, annotate exact paragraph and proof",S004,C018,"REQUIRED: page, source-native wording, highlight xy+angle; currently PENDING",BOUNDARY TIMING PROVISIONAL UNTIL AUDIO AUDITION; preview rendered layer transitions later,NO PAID IMAGE BY DEFAULT
SH-145,SC105,B046,S11:p6,16465,16588,658.60,663.52,ESTABLISH,DOCUMENT_ESTABLISH,NARRATIVE_BOUNDARY: Explain the preliminary fairness reasoning.,AUTHENTIC_SOURCE_CROP | SOURCE_ATTRIBUTION | OPTIONAL LOCAL_MARKER,EXISTING_REAL_DOCUMENT_TEXTURE,STATIC ESTABLISH; no compulsory motion,EXACT SOURCE-NATIVE LINE matching claim C018; coordinates and tilt MUST be annotated after source download,NONE unless named narration accent validated,HOLD after title/marker; if cut too short suppress motion rather than speed animations,BOTTOM 15% unobstructed | 1920x1080 | 25fps,"REAL DOCUMENT only; verify URL and rights, capture page, crop text, annotate exact paragraph and proof",S004,C018,"REQUIRED: page, source-native wording, highlight xy+angle; currently PENDING",BOUNDARY TIMING PROVISIONAL UNTIL AUDIO AUDITION; preview rendered layer transitions later,NO PAID IMAGE BY DEFAULT
SH-146,SC105,B046,S11:p6,16588,16711,663.52,668.44,NAMED_DETAIL,DOCUMENT_DETAIL_HIGHLIGHT,SAME_EVIDENCE_REFRAME: isolate named claim while preserving context,AUTHENTIC_SOURCE_CROP | SOURCE_ATTRIBUTION | OPTIONAL LOCAL_MARKER,EXISTING_REAL_DOCUMENT_TEXTURE,OPTIONAL EASE TO SOURCE-NATIVE LINE; end move before read hold,EXACT SOURCE-NATIVE LINE matching claim C018; coordinates and tilt MUST be annotated after source download,WARM_YELLOW_MULTIPLY left-to-right fitted marker AFTER settle; optional; requires exact line coords,HOLD after title/marker; if cut too short suppress motion rather than speed animations,BOTTOM 15% unobstructed | 1920x1080 | 25fps,"REAL DOCUMENT only; verify URL and rights, capture page, crop text, annotate exact paragraph and proof",S004,C018,"REQUIRED: page, source-native wording, highlight xy+angle; currently PENDING",BOUNDARY TIMING PROVISIONAL UNTIL AUDIO AUDITION; preview rendered layer transitions later,NO PAID IMAGE BY DEFAULT
SH-147,SC106,B047,S11:p7,16711,16921,668.44,676.84,ESTABLISH,NUMBER_CONTEXT,NARRATIVE_BOUNDARY: Show why the emergency standard and completed work mattered.,SOURCE_ATTRIBUTION | EDITOR_NATIVE_TEXT | EVIDENCE_CARD,BRAND_NEUTRAL_BACKDROP / VERIFIED_CONTEXT_IMAGE,STATIC ESTABLISH; no compulsory motion,NONE; leave evidence stable,NONE unless named narration accent validated,HOLD after title/marker; if cut too short suppress motion rather than speed animations,BOTTOM 15% unobstructed | 1920x1080 | 25fps,EDITOR NATIVE layered composition using linked evidence; no fake UI/documents; source-backed figure only,S004,C014;C017;C018,SOURCE FACT VERIFICATION PENDING,BOUNDARY TIMING PROVISIONAL UNTIL AUDIO AUDITION; preview rendered layer transitions later,NO PAID IMAGE BY DEFAULT
SH-148,SC106,B047,S11:p7,16921,17132,676.84,685.28,NAMED_DETAIL,EVIDENCE_INSERT_OR_COMPARE,SAME_EVIDENCE_REFRAME: isolate named claim while preserving context,SOURCE_ATTRIBUTION | EDITOR_NATIVE_TEXT | EVIDENCE_CARD,BRAND_NEUTRAL_BACKDROP / VERIFIED_CONTEXT_IMAGE,OPTIONAL INSERT settle; stable heading; no concurrent unrelated motion,EXACT DATE / NUMBER / CLAIM label tied to C014;C017;C018,NONE unless named narration accent validated,HOLD after title/marker; if cut too short suppress motion rather than speed animations,BOTTOM 15% unobstructed | 1920x1080 | 25fps,EDITOR NATIVE layered composition using linked evidence; no fake UI/documents; source-backed figure only,S004,C014;C017;C018,SOURCE FACT VERIFICATION PENDING,BOUNDARY TIMING PROVISIONAL UNTIL AUDIO AUDITION; preview rendered layer transitions later,NO PAID IMAGE BY DEFAULT
SH-149,SC107,B047,S11:p8,17132,17250,685.28,690.00,ESTABLISH,EDITORIAL_QUESTION,NARRATIVE_BOUNDARY: Show why the emergency standard and completed work mattered.,SOURCE_ATTRIBUTION | EDITOR_NATIVE_TEXT | EVIDENCE_CARD,BRAND_NEUTRAL_BACKDROP / VERIFIED_CONTEXT_IMAGE,STATIC ESTABLISH; no compulsory motion,NONE; leave evidence stable,NONE unless named narration accent validated,HOLD after title/marker; if cut too short suppress motion rather than speed animations,BOTTOM 15% unobstructed | 1920x1080 | 25fps,EDITOR NATIVE layered composition using linked evidence; no fake UI/documents; source-backed figure only,S004,C014;C017;C018,SOURCE FACT VERIFICATION PENDING,BOUNDARY TIMING PROVISIONAL UNTIL AUDIO AUDITION; preview rendered layer transitions later,NO PAID IMAGE BY DEFAULT
SH-150,SC107,B047,S11:p8,17250,17369,690.00,694.76,NAMED_DETAIL,EVIDENCE_INSERT_OR_COMPARE,SAME_EVIDENCE_REFRAME: isolate named claim while preserving context,SOURCE_ATTRIBUTION | EDITOR_NATIVE_TEXT | EVIDENCE_CARD,BRAND_NEUTRAL_BACKDROP / VERIFIED_CONTEXT_IMAGE,OPTIONAL INSERT settle; stable heading; no concurrent unrelated motion,EXACT DATE / NUMBER / CLAIM label tied to C014;C017;C018,NONE unless named narration accent validated,HOLD after title/marker; if cut too short suppress motion rather than speed animations,BOTTOM 15% unobstructed | 1920x1080 | 25fps,EDITOR NATIVE layered composition using linked evidence; no fake UI/documents; source-backed figure only,S004,C014;C017;C018,SOURCE FACT VERIFICATION PENDING,BOUNDARY TIMING PROVISIONAL UNTIL AUDIO AUDITION; preview rendered layer transitions later,NO PAID IMAGE BY DEFAULT
SH-151,SC108,B048,S11:p9,17369,17523,694.76,700.92,ESTABLISH_AND_HOLD,MECHANISM_MAP,NARRATIVE_BOUNDARY: Pay off the accept-button question and reopen the route.,SOURCE_ATTRIBUTION | EDITOR_NATIVE_TEXT | EVIDENCE_CARD,BRAND_NEUTRAL_BACKDROP / VERIFIED_CONTEXT_IMAGE,STATIC ESTABLISH; no compulsory motion,NONE; leave evidence stable,NONE unless named narration accent validated,HOLD after title/marker; if cut too short suppress motion rather than speed animations,BOTTOM 15% unobstructed | 1920x1080 | 25fps,EDITOR NATIVE layered composition using linked evidence; no fake UI/documents; source-backed figure only,S004;S005,C018;C019;C024,SOURCE FACT VERIFICATION PENDING,BOUNDARY TIMING PROVISIONAL UNTIL AUDIO AUDITION; preview rendered layer transitions later,NO PAID IMAGE BY DEFAULT
SH-152,SC109,B048,S11:p10,17523,17603,700.92,704.12,ESTABLISH_AND_HOLD,TWO_POSITION_COMPARE,NARRATIVE_BOUNDARY: Pay off the accept-button question and reopen the route.,SOURCE_ATTRIBUTION | EDITOR_NATIVE_TEXT | EVIDENCE_CARD,BRAND_NEUTRAL_BACKDROP / VERIFIED_CONTEXT_IMAGE,STATIC ESTABLISH; no compulsory motion,NONE; leave evidence stable,NONE unless named narration accent validated,HOLD after title/marker; if cut too short suppress motion rather than speed animations,BOTTOM 15% unobstructed | 1920x1080 | 25fps,EDITOR NATIVE layered composition using linked evidence; no fake UI/documents; source-backed figure only,S004;S005,C018;C019;C024,SOURCE FACT VERIFICATION PENDING,BOUNDARY TIMING PROVISIONAL UNTIL AUDIO AUDITION; preview rendered layer transitions later,NO PAID IMAGE BY DEFAULT
SH-153,SC110,B048,S11:p11,17603,17727,704.12,709.08,ESTABLISH_AND_HOLD,EVIDENCE_STACK,NARRATIVE_BOUNDARY: Pay off the accept-button question and reopen the route.,SOURCE_ATTRIBUTION | EDITOR_NATIVE_TEXT | EVIDENCE_CARD,BRAND_NEUTRAL_BACKDROP / VERIFIED_CONTEXT_IMAGE,STATIC ESTABLISH; no compulsory motion,NONE; leave evidence stable,NONE unless named narration accent validated,HOLD after title/marker; if cut too short suppress motion rather than speed animations,BOTTOM 15% unobstructed | 1920x1080 | 25fps,EDITOR NATIVE layered composition using linked evidence; no fake UI/documents; source-backed figure only,S004;S005,C018;C019;C024,SOURCE FACT VERIFICATION PENDING,BOUNDARY TIMING PROVISIONAL UNTIL AUDIO AUDITION; preview rendered layer transitions later,NO PAID IMAGE BY DEFAULT
SH-154,SC111,B049,S12:p1,17727,17835,709.08,713.40,ESTABLISH,DOCUMENT_ESTABLISH,NARRATIVE_BOUNDARY: Reveal certification without undoing the earlier view.,AUTHENTIC_SOURCE_CROP | SOURCE_ATTRIBUTION | OPTIONAL LOCAL_MARKER,EXISTING_REAL_DOCUMENT_TEXTURE,STATIC ESTABLISH; no compulsory motion,EXACT SOURCE-NATIVE LINE matching claim C019; coordinates and tilt MUST be annotated after source download,NONE unless named narration accent validated,HOLD after title/marker; if cut too short suppress motion rather than speed animations,BOTTOM 15% unobstructed | 1920x1080 | 25fps,"REAL DOCUMENT only; verify URL and rights, capture page, crop text, annotate exact paragraph and proof",S005,C019,"REQUIRED: page, source-native wording, highlight xy+angle; currently PENDING",BOUNDARY TIMING PROVISIONAL UNTIL AUDIO AUDITION; preview rendered layer transitions later,NO PAID IMAGE BY DEFAULT
SH-155,SC111,B049,S12:p1,17835,17943,713.40,717.72,NAMED_DETAIL,DOCUMENT_DETAIL_HIGHLIGHT,SAME_EVIDENCE_REFRAME: isolate named claim while preserving context,AUTHENTIC_SOURCE_CROP | SOURCE_ATTRIBUTION | OPTIONAL LOCAL_MARKER,EXISTING_REAL_DOCUMENT_TEXTURE,OPTIONAL EASE TO SOURCE-NATIVE LINE; end move before read hold,EXACT SOURCE-NATIVE LINE matching claim C019; coordinates and tilt MUST be annotated after source download,WARM_YELLOW_MULTIPLY left-to-right fitted marker AFTER settle; optional; requires exact line coords,HOLD after title/marker; if cut too short suppress motion rather than speed animations,BOTTOM 15% unobstructed | 1920x1080 | 25fps,"REAL DOCUMENT only; verify URL and rights, capture page, crop text, annotate exact paragraph and proof",S005,C019,"REQUIRED: page, source-native wording, highlight xy+angle; currently PENDING",BOUNDARY TIMING PROVISIONAL UNTIL AUDIO AUDITION; preview rendered layer transitions later,NO PAID IMAGE BY DEFAULT
SH-156,SC112,B049,S12:p2,17943,18100,717.72,724.00,ESTABLISH,DOCUMENT_ESTABLISH,NARRATIVE_BOUNDARY: Reveal certification without undoing the earlier view.,AUTHENTIC_SOURCE_CROP | SOURCE_ATTRIBUTION | OPTIONAL LOCAL_MARKER,EXISTING_REAL_DOCUMENT_TEXTURE,STATIC ESTABLISH; no compulsory motion,EXACT SOURCE-NATIVE LINE matching claim C019; coordinates and tilt MUST be annotated after source download,NONE unless named narration accent validated,HOLD after title/marker; if cut too short suppress motion rather than speed animations,BOTTOM 15% unobstructed | 1920x1080 | 25fps,"REAL DOCUMENT only; verify URL and rights, capture page, crop text, annotate exact paragraph and proof",S005,C019,"REQUIRED: page, source-native wording, highlight xy+angle; currently PENDING",BOUNDARY TIMING PROVISIONAL UNTIL AUDIO AUDITION; preview rendered layer transitions later,NO PAID IMAGE BY DEFAULT
SH-157,SC112,B049,S12:p2,18100,18258,724.00,730.32,NAMED_DETAIL,DOCUMENT_DETAIL_HIGHLIGHT,SAME_EVIDENCE_REFRAME: isolate named claim while preserving context,AUTHENTIC_SOURCE_CROP | SOURCE_ATTRIBUTION | OPTIONAL LOCAL_MARKER,EXISTING_REAL_DOCUMENT_TEXTURE,OPTIONAL EASE TO SOURCE-NATIVE LINE; end move before read hold,EXACT SOURCE-NATIVE LINE matching claim C019; coordinates and tilt MUST be annotated after source download,WARM_YELLOW_MULTIPLY left-to-right fitted marker AFTER settle; optional; requires exact line coords,HOLD after title/marker; if cut too short suppress motion rather than speed animations,BOTTOM 15% unobstructed | 1920x1080 | 25fps,"REAL DOCUMENT only; verify URL and rights, capture page, crop text, annotate exact paragraph and proof",S005,C019,"REQUIRED: page, source-native wording, highlight xy+angle; currently PENDING",BOUNDARY TIMING PROVISIONAL UNTIL AUDIO AUDITION; preview rendered layer transitions later,NO PAID IMAGE BY DEFAULT
SH-158,SC113,B050,S12:p3,18258,18334,730.32,733.36,ESTABLISH_AND_HOLD,EDITORIAL_QUESTION,NARRATIVE_BOUNDARY: Distinguish the two questions answered by the judge.,SOURCE_ATTRIBUTION | EDITOR_NATIVE_TEXT | EVIDENCE_CARD,BRAND_NEUTRAL_BACKDROP / VERIFIED_CONTEXT_IMAGE,STATIC ESTABLISH; no compulsory motion,NONE; leave evidence stable,NONE unless named narration accent validated,HOLD after title/marker; if cut too short suppress motion rather than speed animations,BOTTOM 15% unobstructed | 1920x1080 | 25fps,EDITOR NATIVE layered composition using linked evidence; no fake UI/documents; source-backed figure only,S004;S005,C017;C019,SOURCE FACT VERIFICATION PENDING,BOUNDARY TIMING PROVISIONAL UNTIL AUDIO AUDITION; preview rendered layer transitions later,NO PAID IMAGE BY DEFAULT
SH-159,SC114,B050,S12:p4,18334,18457,733.36,738.28,ESTABLISH,MECHANISM_MAP,NARRATIVE_BOUNDARY: Distinguish the two questions answered by the judge.,SOURCE_ATTRIBUTION | EDITOR_NATIVE_TEXT | EVIDENCE_CARD,BRAND_NEUTRAL_BACKDROP / VERIFIED_CONTEXT_IMAGE,STATIC ESTABLISH; no compulsory motion,NONE; leave evidence stable,NONE unless named narration accent validated,HOLD after title/marker; if cut too short suppress motion rather than speed animations,BOTTOM 15% unobstructed | 1920x1080 | 25fps,EDITOR NATIVE layered composition using linked evidence; no fake UI/documents; source-backed figure only,S004;S005,C017;C019,SOURCE FACT VERIFICATION PENDING,BOUNDARY TIMING PROVISIONAL UNTIL AUDIO AUDITION; preview rendered layer transitions later,NO PAID IMAGE BY DEFAULT
SH-160,SC114,B050,S12:p4,18457,18580,738.28,743.20,NAMED_DETAIL,EVIDENCE_INSERT_OR_COMPARE,SAME_EVIDENCE_REFRAME: isolate named claim while preserving context,SOURCE_ATTRIBUTION | EDITOR_NATIVE_TEXT | EVIDENCE_CARD,BRAND_NEUTRAL_BACKDROP / VERIFIED_CONTEXT_IMAGE,OPTIONAL INSERT settle; stable heading; no concurrent unrelated motion,EXACT DATE / NUMBER / CLAIM label tied to C017;C019,NONE unless named narration accent validated,HOLD after title/marker; if cut too short suppress motion rather than speed animations,BOTTOM 15% unobstructed | 1920x1080 | 25fps,EDITOR NATIVE layered composition using linked evidence; no fake UI/documents; source-backed figure only,S004;S005,C017;C019,SOURCE FACT VERIFICATION PENDING,BOUNDARY TIMING PROVISIONAL UNTIL AUDIO AUDITION; preview rendered layer transitions later,NO PAID IMAGE BY DEFAULT
SH-161,SC115,B051,S12:p5,18580,18748,743.20,749.92,ESTABLISH,TWO_POSITION_COMPARE,NARRATIVE_BOUNDARY: Bound the possible appellate consequence.,SOURCE_ATTRIBUTION | EDITOR_NATIVE_TEXT | EVIDENCE_CARD,BRAND_NEUTRAL_BACKDROP / VERIFIED_CONTEXT_IMAGE,STATIC ESTABLISH; no compulsory motion,NONE; leave evidence stable,NONE unless named narration accent validated,HOLD after title/marker; if cut too short suppress motion rather than speed animations,BOTTOM 15% unobstructed | 1920x1080 | 25fps,EDITOR NATIVE layered composition using linked evidence; no fake UI/documents; source-backed figure only,S005,C019,SOURCE FACT VERIFICATION PENDING,BOUNDARY TIMING PROVISIONAL UNTIL AUDIO AUDITION; preview rendered layer transitions later,NO PAID IMAGE BY DEFAULT
SH-162,SC115,B051,S12:p5,18748,18916,749.92,756.64,NAMED_DETAIL,EVIDENCE_INSERT_OR_COMPARE,SAME_EVIDENCE_REFRAME: isolate named claim while preserving context,SOURCE_ATTRIBUTION | EDITOR_NATIVE_TEXT | EVIDENCE_CARD,BRAND_NEUTRAL_BACKDROP / VERIFIED_CONTEXT_IMAGE,OPTIONAL INSERT settle; stable heading; no concurrent unrelated motion,EXACT DATE / NUMBER / CLAIM label tied to C019,NONE unless named narration accent validated,HOLD after title/marker; if cut too short suppress motion rather than speed animations,BOTTOM 15% unobstructed | 1920x1080 | 25fps,EDITOR NATIVE layered composition using linked evidence; no fake UI/documents; source-backed figure only,S005,C019,SOURCE FACT VERIFICATION PENDING,BOUNDARY TIMING PROVISIONAL UNTIL AUDIO AUDITION; preview rendered layer transitions later,NO PAID IMAGE BY DEFAULT
SH-163,SC116,B051,S12:p6,18916,19051,756.64,762.04,ESTABLISH_AND_HOLD,EVIDENCE_STACK,NARRATIVE_BOUNDARY: Bound the possible appellate consequence.,SOURCE_ATTRIBUTION | EDITOR_NATIVE_TEXT | EVIDENCE_CARD,BRAND_NEUTRAL_BACKDROP / VERIFIED_CONTEXT_IMAGE,STATIC ESTABLISH; no compulsory motion,NONE; leave evidence stable,NONE unless named narration accent validated,HOLD after title/marker; if cut too short suppress motion rather than speed animations,BOTTOM 15% unobstructed | 1920x1080 | 25fps,EDITOR NATIVE layered composition using linked evidence; no fake UI/documents; source-backed figure only,S005,C019,SOURCE FACT VERIFICATION PENDING,BOUNDARY TIMING PROVISIONAL UNTIL AUDIO AUDITION; preview rendered layer transitions later,NO PAID IMAGE BY DEFAULT
SH-164,SC117,B051,S12:p7,19051,19140,762.04,765.60,ESTABLISH,CHRONOLOGY,NARRATIVE_BOUNDARY: Bound the possible appellate consequence.,SOURCE_ATTRIBUTION | EDITOR_NATIVE_TEXT | EVIDENCE_CARD,BRAND_NEUTRAL_BACKDROP / VERIFIED_CONTEXT_IMAGE,STATIC ESTABLISH; no compulsory motion,NONE; leave evidence stable,NONE unless named narration accent validated,HOLD after title/marker; if cut too short suppress motion rather than speed animations,BOTTOM 15% unobstructed | 1920x1080 | 25fps,EDITOR NATIVE layered composition using linked evidence; no fake UI/documents; source-backed figure only,S005,C019,SOURCE FACT VERIFICATION PENDING,BOUNDARY TIMING PROVISIONAL UNTIL AUDIO AUDITION; preview rendered layer transitions later,NO PAID IMAGE BY DEFAULT
SH-165,SC117,B051,S12:p7,19140,19229,765.60,769.16,NAMED_DETAIL,EVIDENCE_INSERT_OR_COMPARE,SAME_EVIDENCE_REFRAME: isolate named claim while preserving context,SOURCE_ATTRIBUTION | EDITOR_NATIVE_TEXT | EVIDENCE_CARD,BRAND_NEUTRAL_BACKDROP / VERIFIED_CONTEXT_IMAGE,OPTIONAL INSERT settle; stable heading; no concurrent unrelated motion,EXACT DATE / NUMBER / CLAIM label tied to C019,NONE unless named narration accent validated,HOLD after title/marker; if cut too short suppress motion rather than speed animations,BOTTOM 15% unobstructed | 1920x1080 | 25fps,EDITOR NATIVE layered composition using linked evidence; no fake UI/documents; source-backed figure only,S005,C019,SOURCE FACT VERIFICATION PENDING,BOUNDARY TIMING PROVISIONAL UNTIL AUDIO AUDITION; preview rendered layer transitions later,NO PAID IMAGE BY DEFAULT
SH-166,SC118,B052,S13:p1,19229,19370,769.16,774.80,ESTABLISH,DOCUMENT_ESTABLISH,NARRATIVE_BOUNDARY: State exactly what the reviewed appellate snapshot supports.,AUTHENTIC_SOURCE_CROP | SOURCE_ATTRIBUTION | OPTIONAL LOCAL_MARKER,EXISTING_REAL_DOCUMENT_TEXTURE,STATIC ESTABLISH; no compulsory motion,EXACT SOURCE-NATIVE LINE matching claim C020; coordinates and tilt MUST be annotated after source download,NONE unless named narration accent validated,HOLD after title/marker; if cut too short suppress motion rather than speed animations,BOTTOM 15% unobstructed | 1920x1080 | 25fps,"REAL DOCUMENT only; verify URL and rights, capture page, crop text, annotate exact paragraph and proof",S008,C020,"REQUIRED: page, source-native wording, highlight xy+angle; currently PENDING",BOUNDARY TIMING PROVISIONAL UNTIL AUDIO AUDITION; preview rendered layer transitions later,NO PAID IMAGE BY DEFAULT
SH-167,SC118,B052,S13:p1,19370,19512,774.80,780.48,NAMED_DETAIL,DOCUMENT_DETAIL_HIGHLIGHT,SAME_EVIDENCE_REFRAME: isolate named claim while preserving context,AUTHENTIC_SOURCE_CROP | SOURCE_ATTRIBUTION | OPTIONAL LOCAL_MARKER,EXISTING_REAL_DOCUMENT_TEXTURE,OPTIONAL EASE TO SOURCE-NATIVE LINE; end move before read hold,EXACT SOURCE-NATIVE LINE matching claim C020; coordinates and tilt MUST be annotated after source download,WARM_YELLOW_MULTIPLY left-to-right fitted marker AFTER settle; optional; requires exact line coords,HOLD after title/marker; if cut too short suppress motion rather than speed animations,BOTTOM 15% unobstructed | 1920x1080 | 25fps,"REAL DOCUMENT only; verify URL and rights, capture page, crop text, annotate exact paragraph and proof",S008,C020,"REQUIRED: page, source-native wording, highlight xy+angle; currently PENDING",BOUNDARY TIMING PROVISIONAL UNTIL AUDIO AUDITION; preview rendered layer transitions later,NO PAID IMAGE BY DEFAULT
SH-168,SC119,B052,S13:p2,19512,19638,780.48,785.52,ESTABLISH,DOCUMENT_ESTABLISH,NARRATIVE_BOUNDARY: State exactly what the reviewed appellate snapshot supports.,AUTHENTIC_SOURCE_CROP | SOURCE_ATTRIBUTION | OPTIONAL LOCAL_MARKER,EXISTING_REAL_DOCUMENT_TEXTURE,STATIC ESTABLISH; no compulsory motion,EXACT SOURCE-NATIVE LINE matching claim C020; coordinates and tilt MUST be annotated after source download,NONE unless named narration accent validated,HOLD after title/marker; if cut too short suppress motion rather than speed animations,BOTTOM 15% unobstructed | 1920x1080 | 25fps,"REAL DOCUMENT only; verify URL and rights, capture page, crop text, annotate exact paragraph and proof",S008,C020,"REQUIRED: page, source-native wording, highlight xy+angle; currently PENDING",BOUNDARY TIMING PROVISIONAL UNTIL AUDIO AUDITION; preview rendered layer transitions later,NO PAID IMAGE BY DEFAULT
SH-169,SC119,B052,S13:p2,19638,19765,785.52,790.60,NAMED_DETAIL,DOCUMENT_DETAIL_HIGHLIGHT,SAME_EVIDENCE_REFRAME: isolate named claim while preserving context,AUTHENTIC_SOURCE_CROP | SOURCE_ATTRIBUTION | OPTIONAL LOCAL_MARKER,EXISTING_REAL_DOCUMENT_TEXTURE,OPTIONAL EASE TO SOURCE-NATIVE LINE; end move before read hold,EXACT SOURCE-NATIVE LINE matching claim C020; coordinates and tilt MUST be annotated after source download,WARM_YELLOW_MULTIPLY left-to-right fitted marker AFTER settle; optional; requires exact line coords,HOLD after title/marker; if cut too short suppress motion rather than speed animations,BOTTOM 15% unobstructed | 1920x1080 | 25fps,"REAL DOCUMENT only; verify URL and rights, capture page, crop text, annotate exact paragraph and proof",S008,C020,"REQUIRED: page, source-native wording, highlight xy+angle; currently PENDING",BOUNDARY TIMING PROVISIONAL UNTIL AUDIO AUDITION; preview rendered layer transitions later,NO PAID IMAGE BY DEFAULT
SH-170,SC120,B053,S13:p3,19765,19884,790.60,795.36,ESTABLISH,MECHANISM_MAP,NARRATIVE_BOUNDARY: Resolve the contract-update promise without a false final verdict.,SOURCE_ATTRIBUTION | EDITOR_NATIVE_TEXT | EVIDENCE_CARD,BRAND_NEUTRAL_BACKDROP / VERIFIED_CONTEXT_IMAGE,STATIC ESTABLISH; no compulsory motion,NONE; leave evidence stable,NONE unless named narration accent validated,HOLD after title/marker; if cut too short suppress motion rather than speed animations,BOTTOM 15% unobstructed | 1920x1080 | 25fps,EDITOR NATIVE layered composition using linked evidence; no fake UI/documents; source-backed figure only,S001;S002;S004;S008,C009;C010;C017;C020,SOURCE FACT VERIFICATION PENDING,BOUNDARY TIMING PROVISIONAL UNTIL AUDIO AUDITION; preview rendered layer transitions later,NO PAID IMAGE BY DEFAULT
SH-171,SC120,B053,S13:p3,19884,20004,795.36,800.16,NAMED_DETAIL,EVIDENCE_INSERT_OR_COMPARE,SAME_EVIDENCE_REFRAME: isolate named claim while preserving context,SOURCE_ATTRIBUTION | EDITOR_NATIVE_TEXT | EVIDENCE_CARD,BRAND_NEUTRAL_BACKDROP / VERIFIED_CONTEXT_IMAGE,OPTIONAL INSERT settle; stable heading; no concurrent unrelated motion,EXACT DATE / NUMBER / CLAIM label tied to C009;C010;C017;C020,NONE unless named narration accent validated,HOLD after title/marker; if cut too short suppress motion rather than speed animations,BOTTOM 15% unobstructed | 1920x1080 | 25fps,EDITOR NATIVE layered composition using linked evidence; no fake UI/documents; source-backed figure only,S001;S002;S004;S008,C009;C010;C017;C020,SOURCE FACT VERIFICATION PENDING,BOUNDARY TIMING PROVISIONAL UNTIL AUDIO AUDITION; preview rendered layer transitions later,NO PAID IMAGE BY DEFAULT
SH-172,SC121,B053,S13:p4,20004,20088,800.16,803.52,ESTABLISH_AND_HOLD,TWO_POSITION_COMPARE,NARRATIVE_BOUNDARY: Resolve the contract-update promise without a false final verdict.,SOURCE_ATTRIBUTION | EDITOR_NATIVE_TEXT | EVIDENCE_CARD,BRAND_NEUTRAL_BACKDROP / VERIFIED_CONTEXT_IMAGE,STATIC ESTABLISH; no compulsory motion,NONE; leave evidence stable,NONE unless named narration accent validated,HOLD after title/marker; if cut too short suppress motion rather than speed animations,BOTTOM 15% unobstructed | 1920x1080 | 25fps,EDITOR NATIVE layered composition using linked evidence; no fake UI/documents; source-backed figure only,S001;S002;S004;S008,C009;C010;C017;C020,SOURCE FACT VERIFICATION PENDING,BOUNDARY TIMING PROVISIONAL UNTIL AUDIO AUDITION; preview rendered layer transitions later,NO PAID IMAGE BY DEFAULT
SH-173,SC122,B054,S13:p5,20088,20139,803.52,805.56,ESTABLISH_AND_HOLD,EVIDENCE_STACK,"NARRATIVE_BOUNDARY: End on the concrete contrast, not a generic summary.",SOURCE_ATTRIBUTION | EDITOR_NATIVE_TEXT | EVIDENCE_CARD,BRAND_NEUTRAL_BACKDROP / VERIFIED_CONTEXT_IMAGE,STATIC ESTABLISH; no compulsory motion,NONE; leave evidence stable,NONE unless named narration accent validated,HOLD after title/marker; if cut too short suppress motion rather than speed animations,BOTTOM 15% unobstructed | 1920x1080 | 25fps,EDITOR NATIVE layered composition using linked evidence; no fake UI/documents; source-backed figure only,S001;S002;S004;S008,C009;C013;C020,SOURCE FACT VERIFICATION PENDING,BOUNDARY TIMING PROVISIONAL UNTIL AUDIO AUDITION; preview rendered layer transitions later,NO PAID IMAGE BY DEFAULT
SH-174,SC123,B054,S13:p6,20139,20200,805.56,808.00,ESTABLISH_AND_HOLD,CHRONOLOGY,"NARRATIVE_BOUNDARY: End on the concrete contrast, not a generic summary.",SOURCE_ATTRIBUTION | EDITOR_NATIVE_TEXT | EVIDENCE_CARD,BRAND_NEUTRAL_BACKDROP / VERIFIED_CONTEXT_IMAGE,STATIC ESTABLISH; no compulsory motion,NONE; leave evidence stable,NONE unless named narration accent validated,HOLD after title/marker; if cut too short suppress motion rather than speed animations,BOTTOM 15% unobstructed | 1920x1080 | 25fps,EDITOR NATIVE layered composition using linked evidence; no fake UI/documents; source-backed figure only,S001;S002;S004;S008,C009;C013;C020,SOURCE FACT VERIFICATION PENDING,BOUNDARY TIMING PROVISIONAL UNTIL AUDIO AUDITION; preview rendered layer transitions later,NO PAID IMAGE BY DEFAULT
SH-175,SC124,ENDSCREEN,NO_NARRATION_ENDSCREEN,20200,20700,808.00,828.00,ESTABLISH_AND_HOLD,NATIVE_END_SCREEN,NARRATIVE_BOUNDARY: 20-second native YouTube end screen after narration ends.,YOUTUBE NATIVE END SCREEN PLACEHOLDERS,BRAND_NEUTRAL_BACKDROP / VERIFIED_CONTEXT_IMAGE,STATIC,NONE,NONE unless named narration accent validated,HOLD after title/marker; if cut too short suppress motion rather than speed animations,BOTTOM 15% unobstructed | 1920x1080 | 25fps,"NATIVE 20s end screen, no fake subscribe overlay",,,SOURCE FACT VERIFICATION PENDING,BOUNDARY TIMING PROVISIONAL UNTIL AUDIO AUDITION; preview rendered layer transitions later,NO PAID IMAGE BY DEFAULT
