beat_id,section,start,end,production_route,frame_family,frame_type,style_reference_name,style_reference_media_id,attach_sources,source_prep_before_job,do_not_attach,exact_text,composition_variant,thematic_elements,subtitle_safe_rule,legal_guardrail,final_prompt,status
B001,S01,0.000,5.400,SOURCE_STYLED_GENERATION,T06,timeline,R5_STYLE_MAP_LOCATION,aeaf1ee7-3e3d-42ba-b137-7eaa2218685e,NATICK_CENTER_2020_CC_BY_SA.jpg;SOUTH_NATICK_BACON_LIBRARY_CC0.jpg,Direct image refs: NATICK_CENTER_2020_CC_BY_SA.jpg; SOUTH_NATICK_BACON_LIBRARY_CC0.jpg.,Do not attach unrelated assets or any full-page text source outside the listed references.,MASSACHUSETTS — AUGUST 2019,vertical chronology on left with one large date; authentic source/photo panel right; clipped note at upper-right; one red timeline marker; no crowded event list,Massachusetts paper silhouette or Natick location cue,BOTTOM_AT_LEAST_20_PERCENT_TARGET_22_PERCENT_VISUALLY_QUIET,None beyond the locked narration.,"BEAT_ID: B001
ROUTE: SOURCE_STYLED_GENERATION
FRAME_FAMILY: T06 / timeline
NARRATIVE_PURPOSE: Open on place and date: Massachusetts context should feel calm and ordinary before the harassment evidence escalates.
VOICE_CONTEXT: ""In August twenty nineteen, a couple in Massachusetts began receiving things that made no sense.""
VIEWER_TAKEAWAY / EXACT ON-IMAGE TEXT: ""MASSACHUSETTS — AUGUST 2019""

ATTACH STYLE REFERENCE: R5_STYLE_MAP_LOCATION — Higgsfield media_id aeaf1ee7-3e3d-42ba-b137-7eaa2218685e. Use it only as the channel style/composition reference: approved Massachusetts reference: oversized white/red headline, paper map silhouette, real-location photo collage, manila-folder edge, restrained red target/route cue.
ATTACH SOURCE ASSETS: NATICK_CENTER_2020_CC_BY_SA.jpg; SOUTH_NATICK_BACON_LIBRARY_CC0.jpg.
SOURCE PREP BEFORE JOB: Direct image refs: NATICK_CENTER_2020_CC_BY_SA.jpg; SOUTH_NATICK_BACON_LIBRARY_CC0.jpg.
DO NOT ATTACH: Do not attach unrelated assets or any full-page text source outside the listed references.

FINAL FRAME MUST SHOW: the listed source material visibly inside the final image itself; this is not a blank plate and there is no later source-insertion pass. Preserve real object/photo identity. For authentic text/document crops, keep the relevant excerpt visually faithful and do not invent or rewrite body text.

COMPOSITION: vertical chronology on left with one large date; authentic source/photo panel right; clipped note at upper-right; one red timeline marker; no crowded event list.
THEMATIC ELEMENTS: Massachusetts paper silhouette or Natick location cue. Add only scene-relevant paper/folder/tab/clip/map/timeline/evidence details. Keep the recurring WHAT IT COST visual grammar, but do not copy the exact neighboring layout.
STYLE: premium investigative business documentary; black/charcoal textured field, warm paper materials, paper-white typography, restrained signal red, rare muted antique-gold only when useful. Condensed bold display typography + clean sans-serif support. Cinematic editorial hierarchy, deliberate negative space, authentic-source-first look. No generic law-firm aesthetic.

SUBTITLE SAFE — HARD: reserve at least the bottom 20% of the 16:9 frame, target 22% for safety. That lower band must be visually quiet and contain NO essential headline, exact quote, amount, face/eyes, evidence object, source label, legal caveat, map endpoint or diagram node. All critical content must live above that band.

TEXT RULE: render only the exact short on-image text ""MASSACHUSETTS — AUGUST 2019"" plus a factual source/date/role label only when supported by the attached source. Do not add invented captions, decorative microcopy, fake source metadata or filler text. For money/legal-status beats, numbers and qualifiers must be exact.
LEGAL / FACTUAL GUARDRAIL: None beyond the locked narration.

VARIATION RULE: keep the same channel identity as the attached style reference while changing source crop, focal placement, paper layering and thematic motif so adjacent beats do not feel like repeated templates.
FORBIDDEN FAILURES: dense fake document; gibberish pseudo-text; fabricated legal metadata; fake seal/stamp/signature; wrong source; source missing from final frame; empty placeholder slot; important content in subtitle band; red-dominant poster; horror/tabloid treatment; cluttered dashboard/card grid; unrelated thematic element; altered real-person expression; visual claim stronger than narration.

OUTPUT: one finished 16:9 montage-ready still, visually complete, source-based, subtitle-safe, and immediately usable under the locked narration.",READY_FOR_PROMPT_REVIEW_NOT_AUTHORIZED_FOR_GENERATION
B002,S01,6.340,7.000,SOURCE_STYLED_GENERATION,T01,evidence,R5_STYLE_EVIDENCE,dd9e6d29-9423-461b-8888-ca89b476cb76,COCKROACH_CC0.jpg;SPIDER_CC0.jpg;LARVAE_CC0.jpg,Direct image refs: COCKROACH_CC0.jpg; SPIDER_CC0.jpg; LARVAE_CC0.jpg.,Do not attach unrelated assets or any full-page text source outside the listed references.,LIVE INSECTS,two-source asymmetrical collage: dominant authentic source upper-right and smaller context crop upper-left; headline mid-left; black negative space below; one subtle binder-clip or file-tab element,"macro evidence-object treatment, clinical not horror",BOTTOM_AT_LEAST_20_PERCENT_TARGET_22_PERCENT_VISUALLY_QUIET,None beyond the locked narration.,"BEAT_ID: B002
ROUTE: SOURCE_STYLED_GENERATION
FRAME_FAMILY: T01 / evidence
NARRATIVE_PURPOSE: Hit a fast, unmistakable evidence beat: live insects as a real physical object, not a horror image.
VOICE_CONTEXT: ""Live insects.""
VIEWER_TAKEAWAY / EXACT ON-IMAGE TEXT: ""LIVE INSECTS""

ATTACH STYLE REFERENCE: R5_STYLE_EVIDENCE — Higgsfield media_id dd9e6d29-9423-461b-8888-ca89b476cb76. Use it only as the channel style/composition reference: approved pig-mask evidence reference: dark textured black field, framed authentic evidence photo, large condensed headline, thin rules, small factual source label, restrained red dash.
ATTACH SOURCE ASSETS: COCKROACH_CC0.jpg; SPIDER_CC0.jpg; LARVAE_CC0.jpg.
SOURCE PREP BEFORE JOB: Direct image refs: COCKROACH_CC0.jpg; SPIDER_CC0.jpg; LARVAE_CC0.jpg.
DO NOT ATTACH: Do not attach unrelated assets or any full-page text source outside the listed references.

FINAL FRAME MUST SHOW: the listed source material visibly inside the final image itself; this is not a blank plate and there is no later source-insertion pass. Preserve real object/photo identity. For authentic text/document crops, keep the relevant excerpt visually faithful and do not invent or rewrite body text.

COMPOSITION: two-source asymmetrical collage: dominant authentic source upper-right and smaller context crop upper-left; headline mid-left; black negative space below; one subtle binder-clip or file-tab element.
THEMATIC ELEMENTS: macro evidence-object treatment, clinical not horror. Add only scene-relevant paper/folder/tab/clip/map/timeline/evidence details. Keep the recurring WHAT IT COST visual grammar, but do not copy the exact neighboring layout.
STYLE: premium investigative business documentary; black/charcoal textured field, warm paper materials, paper-white typography, restrained signal red, rare muted antique-gold only when useful. Condensed bold display typography + clean sans-serif support. Cinematic editorial hierarchy, deliberate negative space, authentic-source-first look. No generic law-firm aesthetic.

SUBTITLE SAFE — HARD: reserve at least the bottom 20% of the 16:9 frame, target 22% for safety. That lower band must be visually quiet and contain NO essential headline, exact quote, amount, face/eyes, evidence object, source label, legal caveat, map endpoint or diagram node. All critical content must live above that band.

TEXT RULE: render only the exact short on-image text ""LIVE INSECTS"" plus a factual source/date/role label only when supported by the attached source. Do not add invented captions, decorative microcopy, fake source metadata or filler text. For money/legal-status beats, numbers and qualifiers must be exact.
LEGAL / FACTUAL GUARDRAIL: None beyond the locked narration.

VARIATION RULE: keep the same channel identity as the attached style reference while changing source crop, focal placement, paper layering and thematic motif so adjacent beats do not feel like repeated templates.
FORBIDDEN FAILURES: dense fake document; gibberish pseudo-text; fabricated legal metadata; fake seal/stamp/signature; wrong source; source missing from final frame; empty placeholder slot; important content in subtitle band; red-dominant poster; horror/tabloid treatment; cluttered dashboard/card grid; unrelated thematic element; altered real-person expression; visual claim stronger than narration.

OUTPUT: one finished 16:9 montage-ready still, visually complete, source-based, subtitle-safe, and immediately usable under the locked narration.",READY_FOR_PROMPT_REVIEW_NOT_AUTHORIZED_FOR_GENERATION
B003,S01,7.760,8.660,SOURCE_STYLED_GENERATION,T03,document,R5_STYLE_EVIDENCE,dd9e6d29-9423-461b-8888-ca89b476cb76,DC022_THREATENING_MESSAGES.png,Direct image refs: DC022_THREATENING_MESSAGES.png.,Do not attach unrelated assets or any full-page text source outside the listed references.,THREATENING MESSAGES,wide horizontal authentic excerpt across upper half; condensed headline above-left; one clipped corner/tab; black textured negative space below for captions,"short authentic message excerpt, one highlight strip, paperclip/document edge",BOTTOM_AT_LEAST_20_PERCENT_TARGET_22_PERCENT_VISUALLY_QUIET,None beyond the locked narration.,"BEAT_ID: B003
ROUTE: SOURCE_STYLED_GENERATION
FRAME_FAMILY: T03 / document
NARRATIVE_PURPOSE: Show the threatening-message evidence immediately; the message source must be visibly present and legible only at the relevant excerpt.
VOICE_CONTEXT: ""Threatening messages.""
VIEWER_TAKEAWAY / EXACT ON-IMAGE TEXT: ""THREATENING MESSAGES""

ATTACH STYLE REFERENCE: R5_STYLE_EVIDENCE — Higgsfield media_id dd9e6d29-9423-461b-8888-ca89b476cb76. Use it only as the channel style/composition reference: approved pig-mask evidence reference: dark textured black field, framed authentic evidence photo, large condensed headline, thin rules, small factual source label, restrained red dash.
ATTACH SOURCE ASSETS: DC022_THREATENING_MESSAGES.png.
SOURCE PREP BEFORE JOB: Direct image refs: DC022_THREATENING_MESSAGES.png.
DO NOT ATTACH: Do not attach unrelated assets or any full-page text source outside the listed references.

FINAL FRAME MUST SHOW: the listed source material visibly inside the final image itself; this is not a blank plate and there is no later source-insertion pass. Preserve real object/photo identity. For authentic text/document crops, keep the relevant excerpt visually faithful and do not invent or rewrite body text.

COMPOSITION: wide horizontal authentic excerpt across upper half; condensed headline above-left; one clipped corner/tab; black textured negative space below for captions.
THEMATIC ELEMENTS: short authentic message excerpt, one highlight strip, paperclip/document edge. Add only scene-relevant paper/folder/tab/clip/map/timeline/evidence details. Keep the recurring WHAT IT COST visual grammar, but do not copy the exact neighboring layout.
STYLE: premium investigative business documentary; black/charcoal textured field, warm paper materials, paper-white typography, restrained signal red, rare muted antique-gold only when useful. Condensed bold display typography + clean sans-serif support. Cinematic editorial hierarchy, deliberate negative space, authentic-source-first look. No generic law-firm aesthetic.

SUBTITLE SAFE — HARD: reserve at least the bottom 20% of the 16:9 frame, target 22% for safety. That lower band must be visually quiet and contain NO essential headline, exact quote, amount, face/eyes, evidence object, source label, legal caveat, map endpoint or diagram node. All critical content must live above that band.

TEXT RULE: render only the exact short on-image text ""THREATENING MESSAGES"" plus a factual source/date/role label only when supported by the attached source. Do not add invented captions, decorative microcopy, fake source metadata or filler text. For money/legal-status beats, numbers and qualifiers must be exact.
LEGAL / FACTUAL GUARDRAIL: None beyond the locked narration.

VARIATION RULE: keep the same channel identity as the attached style reference while changing source crop, focal placement, paper layering and thematic motif so adjacent beats do not feel like repeated templates.
FORBIDDEN FAILURES: dense fake document; gibberish pseudo-text; fabricated legal metadata; fake seal/stamp/signature; wrong source; source missing from final frame; empty placeholder slot; important content in subtitle band; red-dominant poster; horror/tabloid treatment; cluttered dashboard/card grid; unrelated thematic element; altered real-person expression; visual claim stronger than narration.

OUTPUT: one finished 16:9 montage-ready still, visually complete, source-based, subtitle-safe, and immediately usable under the locked narration.",READY_FOR_PROMPT_REVIEW_NOT_AUTHORIZED_FOR_GENERATION
B004,S01,9.480,10.480,SOURCE_STYLED_GENERATION,T01,evidence,R5_STYLE_EVIDENCE,dd9e6d29-9423-461b-8888-ca89b476cb76,DOJ_FBI_PIG_MASK_AND_BOOK.jpg,Direct image refs: DOJ_FBI_PIG_MASK_AND_BOOK.jpg.,Do not attach unrelated assets or any full-page text source outside the listed references.,A BLOODY PIG MASK,large authentic source frame on the right two-thirds; oversized headline left; short red dash above headline; one thin horizontal rule; one small paper tab overlapping the source frame,"authentic pig-mask evidence image as hero, no gore embellishment",BOTTOM_AT_LEAST_20_PERCENT_TARGET_22_PERCENT_VISUALLY_QUIET,Authentic evidence without horror/gore treatment.,"BEAT_ID: B004
ROUTE: SOURCE_STYLED_GENERATION
FRAME_FAMILY: T01 / evidence
NARRATIVE_PURPOSE: Use the authentic DOJ/FBI pig-mask evidence image as the dominant source, matching the approved reference family.
VOICE_CONTEXT: ""A bloody pig mask.""
VIEWER_TAKEAWAY / EXACT ON-IMAGE TEXT: ""A BLOODY PIG MASK""

ATTACH STYLE REFERENCE: R5_STYLE_EVIDENCE — Higgsfield media_id dd9e6d29-9423-461b-8888-ca89b476cb76. Use it only as the channel style/composition reference: approved pig-mask evidence reference: dark textured black field, framed authentic evidence photo, large condensed headline, thin rules, small factual source label, restrained red dash.
ATTACH SOURCE ASSETS: DOJ_FBI_PIG_MASK_AND_BOOK.jpg.
SOURCE PREP BEFORE JOB: Direct image refs: DOJ_FBI_PIG_MASK_AND_BOOK.jpg.
DO NOT ATTACH: Do not attach unrelated assets or any full-page text source outside the listed references.

FINAL FRAME MUST SHOW: the listed source material visibly inside the final image itself; this is not a blank plate and there is no later source-insertion pass. Preserve real object/photo identity. For authentic text/document crops, keep the relevant excerpt visually faithful and do not invent or rewrite body text.

COMPOSITION: large authentic source frame on the right two-thirds; oversized headline left; short red dash above headline; one thin horizontal rule; one small paper tab overlapping the source frame.
THEMATIC ELEMENTS: authentic pig-mask evidence image as hero, no gore embellishment. Add only scene-relevant paper/folder/tab/clip/map/timeline/evidence details. Keep the recurring WHAT IT COST visual grammar, but do not copy the exact neighboring layout.
STYLE: premium investigative business documentary; black/charcoal textured field, warm paper materials, paper-white typography, restrained signal red, rare muted antique-gold only when useful. Condensed bold display typography + clean sans-serif support. Cinematic editorial hierarchy, deliberate negative space, authentic-source-first look. No generic law-firm aesthetic.

SUBTITLE SAFE — HARD: reserve at least the bottom 20% of the 16:9 frame, target 22% for safety. That lower band must be visually quiet and contain NO essential headline, exact quote, amount, face/eyes, evidence object, source label, legal caveat, map endpoint or diagram node. All critical content must live above that band.

TEXT RULE: render only the exact short on-image text ""A BLOODY PIG MASK"" plus a factual source/date/role label only when supported by the attached source. Do not add invented captions, decorative microcopy, fake source metadata or filler text. For money/legal-status beats, numbers and qualifiers must be exact.
LEGAL / FACTUAL GUARDRAIL: Authentic evidence without horror/gore treatment.

VARIATION RULE: keep the same channel identity as the attached style reference while changing source crop, focal placement, paper layering and thematic motif so adjacent beats do not feel like repeated templates.
FORBIDDEN FAILURES: dense fake document; gibberish pseudo-text; fabricated legal metadata; fake seal/stamp/signature; wrong source; source missing from final frame; empty placeholder slot; important content in subtitle band; red-dominant poster; horror/tabloid treatment; cluttered dashboard/card grid; unrelated thematic element; altered real-person expression; visual claim stronger than narration.

OUTPUT: one finished 16:9 montage-ready still, visually complete, source-based, subtitle-safe, and immediately usable under the locked narration.",READY_FOR_PROMPT_REVIEW_NOT_AUTHORIZED_FOR_GENERATION
B005,S01,11.160,21.760,SOURCE_STYLED_GENERATION,T01,evidence,R5_STYLE_EVIDENCE,dd9e6d29-9423-461b-8888-ca89b476cb76,DC006_DELIVERIES_GPS_ATTEMPT.png;DC007_GPS_GARAGE_ATTEMPT.png;GENERIC_GPS_TRACKER_CC0.jpg;NATICK_CENTER_2020_CC_BY_SA.jpg,Direct image refs: DC006_DELIVERIES_GPS_ATTEMPT.png; DC007_GPS_GARAGE_ATTEMPT.png; GENERIC_GPS_TRACKER_CC0.jpg; NATICK_CENTER_2020_CC_BY_SA.jpg.,Do not attach unrelated assets or any full-page text source outside the listed references.,GPS TRACKER ATTEMPT — INSTALLATION NOT ESTABLISHED,hero evidence object centered high on a warm-paper mount; headline upper-left; compact source label above; small red underline; faint secondary evidence edge behind the hero,tracker object + garage/delivery evidence cue; never depict it installed,BOTTOM_AT_LEAST_20_PERCENT_TARGET_22_PERCENT_VISUALLY_QUIET,Tracker attempted; installation not established.,"BEAT_ID: B005
ROUTE: SOURCE_STYLED_GENERATION
FRAME_FAMILY: T01 / evidence
NARRATIVE_PURPOSE: Escalate from online harassment into attempted physical tracking; combine tracker evidence with Natick context while preserving attempted-not-installed.
VOICE_CONTEXT: ""And eventually, people connected to the campaign were watching them in person and trying to put a G-P-S tracker on their car. At first glance, this sounds like an internet stalking story.""
VIEWER_TAKEAWAY / EXACT ON-IMAGE TEXT: ""GPS TRACKER ATTEMPT — INSTALLATION NOT ESTABLISHED""

ATTACH STYLE REFERENCE: R5_STYLE_EVIDENCE — Higgsfield media_id dd9e6d29-9423-461b-8888-ca89b476cb76. Use it only as the channel style/composition reference: approved pig-mask evidence reference: dark textured black field, framed authentic evidence photo, large condensed headline, thin rules, small factual source label, restrained red dash.
ATTACH SOURCE ASSETS: DC006_DELIVERIES_GPS_ATTEMPT.png; DC007_GPS_GARAGE_ATTEMPT.png; GENERIC_GPS_TRACKER_CC0.jpg; NATICK_CENTER_2020_CC_BY_SA.jpg.
SOURCE PREP BEFORE JOB: Direct image refs: DC006_DELIVERIES_GPS_ATTEMPT.png; DC007_GPS_GARAGE_ATTEMPT.png; GENERIC_GPS_TRACKER_CC0.jpg; NATICK_CENTER_2020_CC_BY_SA.jpg.
DO NOT ATTACH: Do not attach unrelated assets or any full-page text source outside the listed references.

FINAL FRAME MUST SHOW: the listed source material visibly inside the final image itself; this is not a blank plate and there is no later source-insertion pass. Preserve real object/photo identity. For authentic text/document crops, keep the relevant excerpt visually faithful and do not invent or rewrite body text.

COMPOSITION: hero evidence object centered high on a warm-paper mount; headline upper-left; compact source label above; small red underline; faint secondary evidence edge behind the hero.
THEMATIC ELEMENTS: tracker object + garage/delivery evidence cue; never depict it installed. Add only scene-relevant paper/folder/tab/clip/map/timeline/evidence details. Keep the recurring WHAT IT COST visual grammar, but do not copy the exact neighboring layout.
STYLE: premium investigative business documentary; black/charcoal textured field, warm paper materials, paper-white typography, restrained signal red, rare muted antique-gold only when useful. Condensed bold display typography + clean sans-serif support. Cinematic editorial hierarchy, deliberate negative space, authentic-source-first look. No generic law-firm aesthetic.

SUBTITLE SAFE — HARD: reserve at least the bottom 20% of the 16:9 frame, target 22% for safety. That lower band must be visually quiet and contain NO essential headline, exact quote, amount, face/eyes, evidence object, source label, legal caveat, map endpoint or diagram node. All critical content must live above that band.

TEXT RULE: render only the exact short on-image text ""GPS TRACKER ATTEMPT — INSTALLATION NOT ESTABLISHED"" plus a factual source/date/role label only when supported by the attached source. Do not add invented captions, decorative microcopy, fake source metadata or filler text. For money/legal-status beats, numbers and qualifiers must be exact.
LEGAL / FACTUAL GUARDRAIL: Tracker attempted; installation not established.

VARIATION RULE: keep the same channel identity as the attached style reference while changing source crop, focal placement, paper layering and thematic motif so adjacent beats do not feel like repeated templates.
FORBIDDEN FAILURES: dense fake document; gibberish pseudo-text; fabricated legal metadata; fake seal/stamp/signature; wrong source; source missing from final frame; empty placeholder slot; important content in subtitle band; red-dominant poster; horror/tabloid treatment; cluttered dashboard/card grid; unrelated thematic element; altered real-person expression; visual claim stronger than narration.

OUTPUT: one finished 16:9 montage-ready still, visually complete, source-based, subtitle-safe, and immediately usable under the locked narration.",READY_FOR_PROMPT_REVIEW_NOT_AUTHORIZED_FOR_GENERATION
B006,S01,22.300,29.240,SOURCE_STYLED_GENERATION,T01,evidence,R5_STYLE_EVIDENCE,dd9e6d29-9423-461b-8888-ca89b476cb76,EBAY_HQ_2018_CC_BY_SA.jpg;LIVE_EBAY_HQ_COMMUNITY_BUILDING_2006_CC_BY_SA.jpg,Direct image refs: EBAY_HQ_2018_CC_BY_SA.jpg; LIVE_EBAY_HQ_COMMUNITY_BUILDING_2006_CC_BY_SA.jpg.,Do not attach unrelated assets or any full-page text source outside the listed references.,EBAY SECURITY,two-source asymmetrical collage: dominant authentic source upper-right and smaller context crop upper-left; headline mid-left; black negative space below; one subtle binder-clip or file-tab element,"real eBay HQ/corporate context, subtle file-tab language",BOTTOM_AT_LEAST_20_PERCENT_TARGET_22_PERCENT_VISUALLY_QUIET,None beyond the locked narration.,"BEAT_ID: B006
ROUTE: SOURCE_STYLED_GENERATION
FRAME_FAMILY: T01 / evidence
NARRATIVE_PURPOSE: Reveal the corporate origin: real eBay security/corporate context, shifting the story from anonymous harassment to company personnel.
VOICE_CONTEXT: ""But the people behind it were not anonymous trolls. They worked in, or with, the security organization of eBay.""
VIEWER_TAKEAWAY / EXACT ON-IMAGE TEXT: ""EBAY SECURITY""

ATTACH STYLE REFERENCE: R5_STYLE_EVIDENCE — Higgsfield media_id dd9e6d29-9423-461b-8888-ca89b476cb76. Use it only as the channel style/composition reference: approved pig-mask evidence reference: dark textured black field, framed authentic evidence photo, large condensed headline, thin rules, small factual source label, restrained red dash.
ATTACH SOURCE ASSETS: EBAY_HQ_2018_CC_BY_SA.jpg; LIVE_EBAY_HQ_COMMUNITY_BUILDING_2006_CC_BY_SA.jpg.
SOURCE PREP BEFORE JOB: Direct image refs: EBAY_HQ_2018_CC_BY_SA.jpg; LIVE_EBAY_HQ_COMMUNITY_BUILDING_2006_CC_BY_SA.jpg.
DO NOT ATTACH: Do not attach unrelated assets or any full-page text source outside the listed references.

FINAL FRAME MUST SHOW: the listed source material visibly inside the final image itself; this is not a blank plate and there is no later source-insertion pass. Preserve real object/photo identity. For authentic text/document crops, keep the relevant excerpt visually faithful and do not invent or rewrite body text.

COMPOSITION: two-source asymmetrical collage: dominant authentic source upper-right and smaller context crop upper-left; headline mid-left; black negative space below; one subtle binder-clip or file-tab element.
THEMATIC ELEMENTS: real eBay HQ/corporate context, subtle file-tab language. Add only scene-relevant paper/folder/tab/clip/map/timeline/evidence details. Keep the recurring WHAT IT COST visual grammar, but do not copy the exact neighboring layout.
STYLE: premium investigative business documentary; black/charcoal textured field, warm paper materials, paper-white typography, restrained signal red, rare muted antique-gold only when useful. Condensed bold display typography + clean sans-serif support. Cinematic editorial hierarchy, deliberate negative space, authentic-source-first look. No generic law-firm aesthetic.

SUBTITLE SAFE — HARD: reserve at least the bottom 20% of the 16:9 frame, target 22% for safety. That lower band must be visually quiet and contain NO essential headline, exact quote, amount, face/eyes, evidence object, source label, legal caveat, map endpoint or diagram node. All critical content must live above that band.

TEXT RULE: render only the exact short on-image text ""EBAY SECURITY"" plus a factual source/date/role label only when supported by the attached source. Do not add invented captions, decorative microcopy, fake source metadata or filler text. For money/legal-status beats, numbers and qualifiers must be exact.
LEGAL / FACTUAL GUARDRAIL: None beyond the locked narration.

VARIATION RULE: keep the same channel identity as the attached style reference while changing source crop, focal placement, paper layering and thematic motif so adjacent beats do not feel like repeated templates.
FORBIDDEN FAILURES: dense fake document; gibberish pseudo-text; fabricated legal metadata; fake seal/stamp/signature; wrong source; source missing from final frame; empty placeholder slot; important content in subtitle band; red-dominant poster; horror/tabloid treatment; cluttered dashboard/card grid; unrelated thematic element; altered real-person expression; visual claim stronger than narration.

OUTPUT: one finished 16:9 montage-ready still, visually complete, source-based, subtitle-safe, and immediately usable under the locked narration.",READY_FOR_PROMPT_REVIEW_NOT_AUTHORIZED_FOR_GENERATION
B007,S01,30.120,36.640,HYBRID_SOURCE_EDITORIAL,T07,accountability,R5_STYLE_DOSSIER,3f30e1ef-3a0e-4158-914f-70bb25fa30a4,DC011_SEVEN_GUILTY_DOJ.png,Direct image refs: DC011_SEVEN_GUILTY_DOJ.png.,Do not attach unrelated assets or any full-page text source outside the listed references.,SEVEN GUILTY PLEAS,one authentic sentencing/plea source panel upper-right; large exact outcome left; smaller supporting participant line beneath; file-tab and red rule,accountability dossier with exact outcome hierarchy,BOTTOM_AT_LEAST_20_PERCENT_TARGET_22_PERCENT_VISUALLY_QUIET,None beyond the locked narration.,"BEAT_ID: B007
ROUTE: HYBRID_SOURCE_EDITORIAL
FRAME_FAMILY: T07 / accountability
NARRATIVE_PURPOSE: Deliver the first accountability consequence cleanly: seven prosecuted people pleaded guilty.
VOICE_CONTEXT: ""All seven former employees and contractors who were federally prosecuted over the campaign later pleaded guilty.""
VIEWER_TAKEAWAY / EXACT ON-IMAGE TEXT: ""SEVEN GUILTY PLEAS""

ATTACH STYLE REFERENCE: R5_STYLE_DOSSIER — Higgsfield media_id 3f30e1ef-3a0e-4158-914f-70bb25fa30a4. Use it only as the channel style/composition reference: approved security/dossier reference: stacked headline at left, large framed source image on paper, clipped side note, small highlight strip, red tape accent, black textured field.
ATTACH SOURCE ASSETS: DC011_SEVEN_GUILTY_DOJ.png.
SOURCE PREP BEFORE JOB: Direct image refs: DC011_SEVEN_GUILTY_DOJ.png.
DO NOT ATTACH: Do not attach unrelated assets or any full-page text source outside the listed references.

FINAL FRAME MUST SHOW: the listed source material visibly inside the final image itself; this is not a blank plate and there is no later source-insertion pass. Preserve real object/photo identity. For authentic text/document crops, keep the relevant excerpt visually faithful and do not invent or rewrite body text.

COMPOSITION: one authentic sentencing/plea source panel upper-right; large exact outcome left; smaller supporting participant line beneath; file-tab and red rule.
THEMATIC ELEMENTS: accountability dossier with exact outcome hierarchy. Add only scene-relevant paper/folder/tab/clip/map/timeline/evidence details. Keep the recurring WHAT IT COST visual grammar, but do not copy the exact neighboring layout.
STYLE: premium investigative business documentary; black/charcoal textured field, warm paper materials, paper-white typography, restrained signal red, rare muted antique-gold only when useful. Condensed bold display typography + clean sans-serif support. Cinematic editorial hierarchy, deliberate negative space, authentic-source-first look. No generic law-firm aesthetic.

SUBTITLE SAFE — HARD: reserve at least the bottom 20% of the 16:9 frame, target 22% for safety. That lower band must be visually quiet and contain NO essential headline, exact quote, amount, face/eyes, evidence object, source label, legal caveat, map endpoint or diagram node. All critical content must live above that band.

TEXT RULE: render only the exact short on-image text ""SEVEN GUILTY PLEAS"" plus a factual source/date/role label only when supported by the attached source. Do not add invented captions, decorative microcopy, fake source metadata or filler text. For money/legal-status beats, numbers and qualifiers must be exact.
LEGAL / FACTUAL GUARDRAIL: None beyond the locked narration.

VARIATION RULE: keep the same channel identity as the attached style reference while changing source crop, focal placement, paper layering and thematic motif so adjacent beats do not feel like repeated templates.
FORBIDDEN FAILURES: dense fake document; gibberish pseudo-text; fabricated legal metadata; fake seal/stamp/signature; wrong source; source missing from final frame; empty placeholder slot; important content in subtitle band; red-dominant poster; horror/tabloid treatment; cluttered dashboard/card grid; unrelated thematic element; altered real-person expression; visual claim stronger than narration.

OUTPUT: one finished 16:9 montage-ready still, visually complete, source-based, subtitle-safe, and immediately usable under the locked narration.",READY_FOR_PROMPT_REVIEW_NOT_AUTHORIZED_FOR_GENERATION
B008,S01,37.380,52.660,HYBRID_SOURCE_EDITORIAL,T04,money,R5_STYLE_DOSSIER,3f30e1ef-3a0e-4158-914f-70bb25fa30a4,DC015_DPA_CRIMINAL_PENALTY.png;DC016_DPA_COMPLIANCE_MONITOR.png;DC017_DPA_ACCEPTANCE_OF_RESPONSIBILITY.png;EBAY_HQ_2018_CC_BY_SA.jpg,Direct image refs: DC015_DPA_CRIMINAL_PENALTY.png; DC016_DPA_COMPLIANCE_MONITOR.png; DC017_DPA_ACCEPTANCE_OF_RESPONSIBILITY.png; EBAY_HQ_2018_CC_BY_SA.jpg.,Do not attach unrelated assets or any full-page text source outside the listed references.,$3M CRIMINAL PENALTY • INDEPENDENT MONITOR,one dominant exact amount on left or upper-left; authentic source/context crop on right; one narrow allocation/clarifier strip; paper ledger texture and a restrained red marker; no dashboard grid,"real eBay HQ/corporate context, subtle file-tab language; DPA paper cue + corporate consequence treatment; money-ledger visual language with exact deterministic figures",BOTTOM_AT_LEAST_20_PERCENT_TARGET_22_PERCENT_VISUALLY_QUIET,DPA is not a conviction. $3M criminal DPA penalty is separate from the $55.7M civil settlement package.,"BEAT_ID: B008
ROUTE: HYBRID_SOURCE_EDITORIAL
FRAME_FAMILY: T04 / money
NARRATIVE_PURPOSE: Show company-level criminal consequences in one frame: eBay + DPA + $3M penalty + independent monitor, without implying conviction.
VOICE_CONTEXT: ""Years later, prosecutors filed criminal charges against eBay itself. The company entered a deferred prosecution agreement, admitted a detailed factual account, paid a three-million-dollar criminal penalty, and accepted an independent compliance monitor.""
VIEWER_TAKEAWAY / EXACT ON-IMAGE TEXT: ""$3M CRIMINAL PENALTY • INDEPENDENT MONITOR""

ATTACH STYLE REFERENCE: R5_STYLE_DOSSIER — Higgsfield media_id 3f30e1ef-3a0e-4158-914f-70bb25fa30a4. Use it only as the channel style/composition reference: approved security/dossier reference: stacked headline at left, large framed source image on paper, clipped side note, small highlight strip, red tape accent, black textured field.
ATTACH SOURCE ASSETS: DC015_DPA_CRIMINAL_PENALTY.png; DC016_DPA_COMPLIANCE_MONITOR.png; DC017_DPA_ACCEPTANCE_OF_RESPONSIBILITY.png; EBAY_HQ_2018_CC_BY_SA.jpg.
SOURCE PREP BEFORE JOB: Direct image refs: DC015_DPA_CRIMINAL_PENALTY.png; DC016_DPA_COMPLIANCE_MONITOR.png; DC017_DPA_ACCEPTANCE_OF_RESPONSIBILITY.png; EBAY_HQ_2018_CC_BY_SA.jpg.
DO NOT ATTACH: Do not attach unrelated assets or any full-page text source outside the listed references.

FINAL FRAME MUST SHOW: the listed source material visibly inside the final image itself; this is not a blank plate and there is no later source-insertion pass. Preserve real object/photo identity. For authentic text/document crops, keep the relevant excerpt visually faithful and do not invent or rewrite body text.

COMPOSITION: one dominant exact amount on left or upper-left; authentic source/context crop on right; one narrow allocation/clarifier strip; paper ledger texture and a restrained red marker; no dashboard grid.
THEMATIC ELEMENTS: real eBay HQ/corporate context, subtle file-tab language; DPA paper cue + corporate consequence treatment; money-ledger visual language with exact deterministic figures. Add only scene-relevant paper/folder/tab/clip/map/timeline/evidence details. Keep the recurring WHAT IT COST visual grammar, but do not copy the exact neighboring layout.
STYLE: premium investigative business documentary; black/charcoal textured field, warm paper materials, paper-white typography, restrained signal red, rare muted antique-gold only when useful. Condensed bold display typography + clean sans-serif support. Cinematic editorial hierarchy, deliberate negative space, authentic-source-first look. No generic law-firm aesthetic.

SUBTITLE SAFE — HARD: reserve at least the bottom 20% of the 16:9 frame, target 22% for safety. That lower band must be visually quiet and contain NO essential headline, exact quote, amount, face/eyes, evidence object, source label, legal caveat, map endpoint or diagram node. All critical content must live above that band.

TEXT RULE: render only the exact short on-image text ""$3M CRIMINAL PENALTY • INDEPENDENT MONITOR"" plus a factual source/date/role label only when supported by the attached source. Do not add invented captions, decorative microcopy, fake source metadata or filler text. For money/legal-status beats, numbers and qualifiers must be exact.
LEGAL / FACTUAL GUARDRAIL: DPA is not a conviction. $3M criminal DPA penalty is separate from the $55.7M civil settlement package.

VARIATION RULE: keep the same channel identity as the attached style reference while changing source crop, focal placement, paper layering and thematic motif so adjacent beats do not feel like repeated templates.
FORBIDDEN FAILURES: dense fake document; gibberish pseudo-text; fabricated legal metadata; fake seal/stamp/signature; wrong source; source missing from final frame; empty placeholder slot; important content in subtitle band; red-dominant poster; horror/tabloid treatment; cluttered dashboard/card grid; unrelated thematic element; altered real-person expression; visual claim stronger than narration.

OUTPUT: one finished 16:9 montage-ready still, visually complete, source-based, subtitle-safe, and immediately usable under the locked narration.",READY_FOR_PROMPT_REVIEW_NOT_AUTHORIZED_FOR_GENERATION
B009,S01,53.280,61.640,HYBRID_SOURCE_EDITORIAL,T04,money,R5_STYLE_EVIDENCE,dd9e6d29-9423-461b-8888-ca89b476cb76,S020_D986_STIPULATION_DISMISSAL.pdf;EBAY_HQ_2018_CC_BY_SA.jpg,"Direct image refs: EBAY_HQ_2018_CC_BY_SA.jpg. Document refs: S020_D986_STIPULATION_DISMISSAL.pdf — prepare a tight image crop of only the relevant page/paragraph before the Higgsfield job; preserve source pixels and exact wording, avoid whole-page density.","Do not attach raw/full text-heavy versions directly: S020_D986_STIPULATION_DISMISSAL.pdf. Before generation, render/crop only the exact relevant page fragment or use an existing DC crop; never feed a whole dense legal page when a crop is available.",$55.7M SETTLEMENT PACKAGE,large money figure centered high; supporting source image in a bordered panel behind/right; one clipped legal caveat card; thin red underline; generous black negative space,court-document excerpt + clipped legal-status note; money-ledger visual language with exact deterministic figures,BOTTOM_AT_LEAST_20_PERCENT_TARGET_22_PERCENT_VISUALLY_QUIET,None beyond the locked narration.,"BEAT_ID: B009
ROUTE: HYBRID_SOURCE_EDITORIAL
FRAME_FAMILY: T04 / money
NARRATIVE_PURPOSE: Tease the later civil cost with one dominant $55.7M settlement-package frame.
VOICE_CONTEXT: ""And in July twenty twenty-six, the civil case ended in an announced settlement package worth fifty-five-point-seven million dollars.""
VIEWER_TAKEAWAY / EXACT ON-IMAGE TEXT: ""$55.7M SETTLEMENT PACKAGE""

ATTACH STYLE REFERENCE: R5_STYLE_EVIDENCE — Higgsfield media_id dd9e6d29-9423-461b-8888-ca89b476cb76. Use it only as the channel style/composition reference: approved pig-mask evidence reference: dark textured black field, framed authentic evidence photo, large condensed headline, thin rules, small factual source label, restrained red dash.
ATTACH SOURCE ASSETS: S020_D986_STIPULATION_DISMISSAL.pdf; EBAY_HQ_2018_CC_BY_SA.jpg.
SOURCE PREP BEFORE JOB: Direct image refs: EBAY_HQ_2018_CC_BY_SA.jpg. Document refs: S020_D986_STIPULATION_DISMISSAL.pdf — prepare a tight image crop of only the relevant page/paragraph before the Higgsfield job; preserve source pixels and exact wording, avoid whole-page density.
DO NOT ATTACH: Do not attach raw/full text-heavy versions directly: S020_D986_STIPULATION_DISMISSAL.pdf. Before generation, render/crop only the exact relevant page fragment or use an existing DC crop; never feed a whole dense legal page when a crop is available.

FINAL FRAME MUST SHOW: the listed source material visibly inside the final image itself; this is not a blank plate and there is no later source-insertion pass. Preserve real object/photo identity. For authentic text/document crops, keep the relevant excerpt visually faithful and do not invent or rewrite body text.

COMPOSITION: large money figure centered high; supporting source image in a bordered panel behind/right; one clipped legal caveat card; thin red underline; generous black negative space.
THEMATIC ELEMENTS: court-document excerpt + clipped legal-status note; money-ledger visual language with exact deterministic figures. Add only scene-relevant paper/folder/tab/clip/map/timeline/evidence details. Keep the recurring WHAT IT COST visual grammar, but do not copy the exact neighboring layout.
STYLE: premium investigative business documentary; black/charcoal textured field, warm paper materials, paper-white typography, restrained signal red, rare muted antique-gold only when useful. Condensed bold display typography + clean sans-serif support. Cinematic editorial hierarchy, deliberate negative space, authentic-source-first look. No generic law-firm aesthetic.

SUBTITLE SAFE — HARD: reserve at least the bottom 20% of the 16:9 frame, target 22% for safety. That lower band must be visually quiet and contain NO essential headline, exact quote, amount, face/eyes, evidence object, source label, legal caveat, map endpoint or diagram node. All critical content must live above that band.

TEXT RULE: render only the exact short on-image text ""$55.7M SETTLEMENT PACKAGE"" plus a factual source/date/role label only when supported by the attached source. Do not add invented captions, decorative microcopy, fake source metadata or filler text. For money/legal-status beats, numbers and qualifiers must be exact.
LEGAL / FACTUAL GUARDRAIL: None beyond the locked narration.

VARIATION RULE: keep the same channel identity as the attached style reference while changing source crop, focal placement, paper layering and thematic motif so adjacent beats do not feel like repeated templates.
FORBIDDEN FAILURES: dense fake document; gibberish pseudo-text; fabricated legal metadata; fake seal/stamp/signature; wrong source; source missing from final frame; empty placeholder slot; important content in subtitle band; red-dominant poster; horror/tabloid treatment; cluttered dashboard/card grid; unrelated thematic element; altered real-person expression; visual claim stronger than narration.

OUTPUT: one finished 16:9 montage-ready still, visually complete, source-based, subtitle-safe, and immediately usable under the locked narration.",READY_FOR_PROMPT_REVIEW_NOT_AUTHORIZED_FOR_GENERATION
B010,S01,61.640,73.980,SOURCE_STYLED_GENERATION,T01,evidence,R5_STYLE_EVIDENCE,dd9e6d29-9423-461b-8888-ca89b476cb76,EBAY_HQ_2018_CC_BY_SA.jpg;NATICK_CENTER_2020_CC_BY_SA.jpg,Direct image refs: EBAY_HQ_2018_CC_BY_SA.jpg; NATICK_CENTER_2020_CC_BY_SA.jpg.,Do not attach unrelated assets or any full-page text source outside the listed references.,CRITICISM → SECURITY → CONSEQUENCE,two-source asymmetrical collage: dominant authentic source upper-right and smaller context crop upper-left; headline mid-left; black negative space below; one subtle binder-clip or file-tab element,"real eBay HQ/corporate context, subtle file-tab language; publication/editorial paper cue, article/page edge, not generic courtroom imagery",BOTTOM_AT_LEAST_20_PERCENT_TARGET_22_PERCENT_VISUALLY_QUIET,None beyond the locked narration.,"BEAT_ID: B010
ROUTE: SOURCE_STYLED_GENERATION
FRAME_FAMILY: T01 / evidence
NARRATIVE_PURPOSE: Turn the hook into the channel thesis: criticism moved into security and consequences followed.
VOICE_CONTEXT: ""But the strangest part is not what arrived at the front door. It is how criticism of a company became a security problem inside that company — and how the consequences kept growing long after the harassment stopped.""
VIEWER_TAKEAWAY / EXACT ON-IMAGE TEXT: ""CRITICISM → SECURITY → CONSEQUENCE""

ATTACH STYLE REFERENCE: R5_STYLE_EVIDENCE — Higgsfield media_id dd9e6d29-9423-461b-8888-ca89b476cb76. Use it only as the channel style/composition reference: approved pig-mask evidence reference: dark textured black field, framed authentic evidence photo, large condensed headline, thin rules, small factual source label, restrained red dash.
ATTACH SOURCE ASSETS: EBAY_HQ_2018_CC_BY_SA.jpg; NATICK_CENTER_2020_CC_BY_SA.jpg.
SOURCE PREP BEFORE JOB: Direct image refs: EBAY_HQ_2018_CC_BY_SA.jpg; NATICK_CENTER_2020_CC_BY_SA.jpg.
DO NOT ATTACH: Do not attach unrelated assets or any full-page text source outside the listed references.

FINAL FRAME MUST SHOW: the listed source material visibly inside the final image itself; this is not a blank plate and there is no later source-insertion pass. Preserve real object/photo identity. For authentic text/document crops, keep the relevant excerpt visually faithful and do not invent or rewrite body text.

COMPOSITION: two-source asymmetrical collage: dominant authentic source upper-right and smaller context crop upper-left; headline mid-left; black negative space below; one subtle binder-clip or file-tab element.
THEMATIC ELEMENTS: real eBay HQ/corporate context, subtle file-tab language; publication/editorial paper cue, article/page edge, not generic courtroom imagery. Add only scene-relevant paper/folder/tab/clip/map/timeline/evidence details. Keep the recurring WHAT IT COST visual grammar, but do not copy the exact neighboring layout.
STYLE: premium investigative business documentary; black/charcoal textured field, warm paper materials, paper-white typography, restrained signal red, rare muted antique-gold only when useful. Condensed bold display typography + clean sans-serif support. Cinematic editorial hierarchy, deliberate negative space, authentic-source-first look. No generic law-firm aesthetic.

SUBTITLE SAFE — HARD: reserve at least the bottom 20% of the 16:9 frame, target 22% for safety. That lower band must be visually quiet and contain NO essential headline, exact quote, amount, face/eyes, evidence object, source label, legal caveat, map endpoint or diagram node. All critical content must live above that band.

TEXT RULE: render only the exact short on-image text ""CRITICISM → SECURITY → CONSEQUENCE"" plus a factual source/date/role label only when supported by the attached source. Do not add invented captions, decorative microcopy, fake source metadata or filler text. For money/legal-status beats, numbers and qualifiers must be exact.
LEGAL / FACTUAL GUARDRAIL: None beyond the locked narration.

VARIATION RULE: keep the same channel identity as the attached style reference while changing source crop, focal placement, paper layering and thematic motif so adjacent beats do not feel like repeated templates.
FORBIDDEN FAILURES: dense fake document; gibberish pseudo-text; fabricated legal metadata; fake seal/stamp/signature; wrong source; source missing from final frame; empty placeholder slot; important content in subtitle band; red-dominant poster; horror/tabloid treatment; cluttered dashboard/card grid; unrelated thematic element; altered real-person expression; visual claim stronger than narration.

OUTPUT: one finished 16:9 montage-ready still, visually complete, source-based, subtitle-safe, and immediately usable under the locked narration.",READY_FOR_PROMPT_REVIEW_NOT_AUTHORIZED_FOR_GENERATION
B011,S02,74.680,82.100,SOURCE_STYLED_GENERATION,T01,evidence,R5_STYLE_EVIDENCE,dd9e6d29-9423-461b-8888-ca89b476cb76,DC018_CIVIL_COMPLAINT_COVER.png;EBAY_HQ_2018_CC_BY_SA.jpg;S009_D711_SUMMARY_JUDGMENT_ORDER.pdf,"Direct image refs: DC018_CIVIL_COMPLAINT_COVER.png; EBAY_HQ_2018_CC_BY_SA.jpg. Document refs: S009_D711_SUMMARY_JUDGMENT_ORDER.pdf — prepare a tight image crop of only the relevant page/paragraph before the Higgsfield job; preserve source pixels and exact wording, avoid whole-page density.","Do not attach raw/full text-heavy versions directly: S009_D711_SUMMARY_JUDGMENT_ORDER.pdf. Before generation, render/crop only the exact relevant page fragment or use an existing DC crop; never feed a whole dense legal page when a crop is available.",ECOMMERCEBYTES • SINCE 1999,full-width source strip across upper 60%; headline block at lower-left but entirely above subtitle-safe band; one tiny source/date tag; restrained paper edge and red tick,"publication/editorial paper cue, article/page edge, not generic courtroom imagery",BOTTOM_AT_LEAST_20_PERCENT_TARGET_22_PERCENT_VISUALLY_QUIET,None beyond the locked narration.,"BEAT_ID: B011
ROUTE: SOURCE_STYLED_GENERATION
FRAME_FAMILY: T01 / evidence
NARRATIVE_PURPOSE: Establish the publication/company scale mismatch and the criticism context without turning background into a legal-document slideshow.
VOICE_CONTEXT: ""Ina and David Steiner ran EcommerceBytes, an independent publication covering online commerce since nineteen ninety-nine.""
VIEWER_TAKEAWAY / EXACT ON-IMAGE TEXT: ""ECOMMERCEBYTES • SINCE 1999""

ATTACH STYLE REFERENCE: R5_STYLE_EVIDENCE — Higgsfield media_id dd9e6d29-9423-461b-8888-ca89b476cb76. Use it only as the channel style/composition reference: approved pig-mask evidence reference: dark textured black field, framed authentic evidence photo, large condensed headline, thin rules, small factual source label, restrained red dash.
ATTACH SOURCE ASSETS: DC018_CIVIL_COMPLAINT_COVER.png; EBAY_HQ_2018_CC_BY_SA.jpg; S009_D711_SUMMARY_JUDGMENT_ORDER.pdf.
SOURCE PREP BEFORE JOB: Direct image refs: DC018_CIVIL_COMPLAINT_COVER.png; EBAY_HQ_2018_CC_BY_SA.jpg. Document refs: S009_D711_SUMMARY_JUDGMENT_ORDER.pdf — prepare a tight image crop of only the relevant page/paragraph before the Higgsfield job; preserve source pixels and exact wording, avoid whole-page density.
DO NOT ATTACH: Do not attach raw/full text-heavy versions directly: S009_D711_SUMMARY_JUDGMENT_ORDER.pdf. Before generation, render/crop only the exact relevant page fragment or use an existing DC crop; never feed a whole dense legal page when a crop is available.

FINAL FRAME MUST SHOW: the listed source material visibly inside the final image itself; this is not a blank plate and there is no later source-insertion pass. Preserve real object/photo identity. For authentic text/document crops, keep the relevant excerpt visually faithful and do not invent or rewrite body text.

COMPOSITION: full-width source strip across upper 60%; headline block at lower-left but entirely above subtitle-safe band; one tiny source/date tag; restrained paper edge and red tick.
THEMATIC ELEMENTS: publication/editorial paper cue, article/page edge, not generic courtroom imagery. Add only scene-relevant paper/folder/tab/clip/map/timeline/evidence details. Keep the recurring WHAT IT COST visual grammar, but do not copy the exact neighboring layout.
STYLE: premium investigative business documentary; black/charcoal textured field, warm paper materials, paper-white typography, restrained signal red, rare muted antique-gold only when useful. Condensed bold display typography + clean sans-serif support. Cinematic editorial hierarchy, deliberate negative space, authentic-source-first look. No generic law-firm aesthetic.

SUBTITLE SAFE — HARD: reserve at least the bottom 20% of the 16:9 frame, target 22% for safety. That lower band must be visually quiet and contain NO essential headline, exact quote, amount, face/eyes, evidence object, source label, legal caveat, map endpoint or diagram node. All critical content must live above that band.

TEXT RULE: render only the exact short on-image text ""ECOMMERCEBYTES • SINCE 1999"" plus a factual source/date/role label only when supported by the attached source. Do not add invented captions, decorative microcopy, fake source metadata or filler text. For money/legal-status beats, numbers and qualifiers must be exact.
LEGAL / FACTUAL GUARDRAIL: None beyond the locked narration.

VARIATION RULE: keep the same channel identity as the attached style reference while changing source crop, focal placement, paper layering and thematic motif so adjacent beats do not feel like repeated templates.
FORBIDDEN FAILURES: dense fake document; gibberish pseudo-text; fabricated legal metadata; fake seal/stamp/signature; wrong source; source missing from final frame; empty placeholder slot; important content in subtitle band; red-dominant poster; horror/tabloid treatment; cluttered dashboard/card grid; unrelated thematic element; altered real-person expression; visual claim stronger than narration.

OUTPUT: one finished 16:9 montage-ready still, visually complete, source-based, subtitle-safe, and immediately usable under the locked narration.",READY_FOR_PROMPT_REVIEW_NOT_AUTHORIZED_FOR_GENERATION
B012,S02,82.920,89.480,SOURCE_STYLED_GENERATION,T01,evidence,R5_STYLE_EVIDENCE,dd9e6d29-9423-461b-8888-ca89b476cb76,DC018_CIVIL_COMPLAINT_COVER.png;EBAY_HQ_2018_CC_BY_SA.jpg;S009_D711_SUMMARY_JUDGMENT_ORDER.pdf,"Direct image refs: DC018_CIVIL_COMPLAINT_COVER.png; EBAY_HQ_2018_CC_BY_SA.jpg. Document refs: S009_D711_SUMMARY_JUDGMENT_ORDER.pdf — prepare a tight image crop of only the relevant page/paragraph before the Higgsfield job; preserve source pixels and exact wording, avoid whole-page density.","Do not attach raw/full text-heavy versions directly: S009_D711_SUMMARY_JUDGMENT_ORDER.pdf. Before generation, render/crop only the exact relevant page fragment or use an existing DC crop; never feed a whole dense legal page when a crop is available.",SMALL PUBLICATION / GLOBAL MARKETPLACE,large authentic source frame on the right two-thirds; oversized headline left; short red dash above headline; one thin horizontal rule; one small paper tab overlapping the source frame,"publication/editorial paper cue, article/page edge, not generic courtroom imagery",BOTTOM_AT_LEAST_20_PERCENT_TARGET_22_PERCENT_VISUALLY_QUIET,None beyond the locked narration.,"BEAT_ID: B012
ROUTE: SOURCE_STYLED_GENERATION
FRAME_FAMILY: T01 / evidence
NARRATIVE_PURPOSE: Establish the publication/company scale mismatch and the criticism context without turning background into a legal-document slideshow.
VOICE_CONTEXT: ""The scale mismatch was obvious: an independent trade publication on one side, a global marketplace on the other.""
VIEWER_TAKEAWAY / EXACT ON-IMAGE TEXT: ""SMALL PUBLICATION / GLOBAL MARKETPLACE""

ATTACH STYLE REFERENCE: R5_STYLE_EVIDENCE — Higgsfield media_id dd9e6d29-9423-461b-8888-ca89b476cb76. Use it only as the channel style/composition reference: approved pig-mask evidence reference: dark textured black field, framed authentic evidence photo, large condensed headline, thin rules, small factual source label, restrained red dash.
ATTACH SOURCE ASSETS: DC018_CIVIL_COMPLAINT_COVER.png; EBAY_HQ_2018_CC_BY_SA.jpg; S009_D711_SUMMARY_JUDGMENT_ORDER.pdf.
SOURCE PREP BEFORE JOB: Direct image refs: DC018_CIVIL_COMPLAINT_COVER.png; EBAY_HQ_2018_CC_BY_SA.jpg. Document refs: S009_D711_SUMMARY_JUDGMENT_ORDER.pdf — prepare a tight image crop of only the relevant page/paragraph before the Higgsfield job; preserve source pixels and exact wording, avoid whole-page density.
DO NOT ATTACH: Do not attach raw/full text-heavy versions directly: S009_D711_SUMMARY_JUDGMENT_ORDER.pdf. Before generation, render/crop only the exact relevant page fragment or use an existing DC crop; never feed a whole dense legal page when a crop is available.

FINAL FRAME MUST SHOW: the listed source material visibly inside the final image itself; this is not a blank plate and there is no later source-insertion pass. Preserve real object/photo identity. For authentic text/document crops, keep the relevant excerpt visually faithful and do not invent or rewrite body text.

COMPOSITION: large authentic source frame on the right two-thirds; oversized headline left; short red dash above headline; one thin horizontal rule; one small paper tab overlapping the source frame.
THEMATIC ELEMENTS: publication/editorial paper cue, article/page edge, not generic courtroom imagery. Add only scene-relevant paper/folder/tab/clip/map/timeline/evidence details. Keep the recurring WHAT IT COST visual grammar, but do not copy the exact neighboring layout.
STYLE: premium investigative business documentary; black/charcoal textured field, warm paper materials, paper-white typography, restrained signal red, rare muted antique-gold only when useful. Condensed bold display typography + clean sans-serif support. Cinematic editorial hierarchy, deliberate negative space, authentic-source-first look. No generic law-firm aesthetic.

SUBTITLE SAFE — HARD: reserve at least the bottom 20% of the 16:9 frame, target 22% for safety. That lower band must be visually quiet and contain NO essential headline, exact quote, amount, face/eyes, evidence object, source label, legal caveat, map endpoint or diagram node. All critical content must live above that band.

TEXT RULE: render only the exact short on-image text ""SMALL PUBLICATION / GLOBAL MARKETPLACE"" plus a factual source/date/role label only when supported by the attached source. Do not add invented captions, decorative microcopy, fake source metadata or filler text. For money/legal-status beats, numbers and qualifiers must be exact.
LEGAL / FACTUAL GUARDRAIL: None beyond the locked narration.

VARIATION RULE: keep the same channel identity as the attached style reference while changing source crop, focal placement, paper layering and thematic motif so adjacent beats do not feel like repeated templates.
FORBIDDEN FAILURES: dense fake document; gibberish pseudo-text; fabricated legal metadata; fake seal/stamp/signature; wrong source; source missing from final frame; empty placeholder slot; important content in subtitle band; red-dominant poster; horror/tabloid treatment; cluttered dashboard/card grid; unrelated thematic element; altered real-person expression; visual claim stronger than narration.

OUTPUT: one finished 16:9 montage-ready still, visually complete, source-based, subtitle-safe, and immediately usable under the locked narration.",READY_FOR_PROMPT_REVIEW_NOT_AUTHORIZED_FOR_GENERATION
B013,S02,90.120,99.720,SOURCE_STYLED_GENERATION,T02,dossier,R5_STYLE_DOSSIER,3f30e1ef-3a0e-4158-914f-70bb25fa30a4,DC018_CIVIL_COMPLAINT_COVER.png;EBAY_HQ_2018_CC_BY_SA.jpg;S009_D711_SUMMARY_JUDGMENT_ORDER.pdf,"Direct image refs: DC018_CIVIL_COMPLAINT_COVER.png; EBAY_HQ_2018_CC_BY_SA.jpg. Document refs: S009_D711_SUMMARY_JUDGMENT_ORDER.pdf — prepare a tight image crop of only the relevant page/paragraph before the Higgsfield job; preserve source pixels and exact wording, avoid whole-page density.","Do not attach raw/full text-heavy versions directly: S009_D711_SUMMARY_JUDGMENT_ORDER.pdf. Before generation, render/crop only the exact relevant page fragment or use an existing DC crop; never feed a whole dense legal page when a crop is available.",SELLERS • RULES • EXECUTIVE DECISIONS,dominant source portrait/photo upper-right; left-side dossier headline and role/status line; one small authentic excerpt card beneath photo but above subtitle-safe band; thin rule divider,"real eBay HQ/corporate context, subtle file-tab language",BOTTOM_AT_LEAST_20_PERCENT_TARGET_22_PERCENT_VISUALLY_QUIET,None beyond the locked narration.,"BEAT_ID: B013
ROUTE: SOURCE_STYLED_GENERATION
FRAME_FAMILY: T02 / dossier
NARRATIVE_PURPOSE: Establish the publication/company scale mismatch and the criticism context without turning background into a legal-document slideshow.
VOICE_CONTEXT: ""But the Steiners covered eBay's world closely — sellers, marketplace rules, executive decisions, and the complaints of people who depended on platforms like eBay.""
VIEWER_TAKEAWAY / EXACT ON-IMAGE TEXT: ""SELLERS • RULES • EXECUTIVE DECISIONS""

ATTACH STYLE REFERENCE: R5_STYLE_DOSSIER — Higgsfield media_id 3f30e1ef-3a0e-4158-914f-70bb25fa30a4. Use it only as the channel style/composition reference: approved security/dossier reference: stacked headline at left, large framed source image on paper, clipped side note, small highlight strip, red tape accent, black textured field.
ATTACH SOURCE ASSETS: DC018_CIVIL_COMPLAINT_COVER.png; EBAY_HQ_2018_CC_BY_SA.jpg; S009_D711_SUMMARY_JUDGMENT_ORDER.pdf.
SOURCE PREP BEFORE JOB: Direct image refs: DC018_CIVIL_COMPLAINT_COVER.png; EBAY_HQ_2018_CC_BY_SA.jpg. Document refs: S009_D711_SUMMARY_JUDGMENT_ORDER.pdf — prepare a tight image crop of only the relevant page/paragraph before the Higgsfield job; preserve source pixels and exact wording, avoid whole-page density.
DO NOT ATTACH: Do not attach raw/full text-heavy versions directly: S009_D711_SUMMARY_JUDGMENT_ORDER.pdf. Before generation, render/crop only the exact relevant page fragment or use an existing DC crop; never feed a whole dense legal page when a crop is available.

FINAL FRAME MUST SHOW: the listed source material visibly inside the final image itself; this is not a blank plate and there is no later source-insertion pass. Preserve real object/photo identity. For authentic text/document crops, keep the relevant excerpt visually faithful and do not invent or rewrite body text.

COMPOSITION: dominant source portrait/photo upper-right; left-side dossier headline and role/status line; one small authentic excerpt card beneath photo but above subtitle-safe band; thin rule divider.
THEMATIC ELEMENTS: real eBay HQ/corporate context, subtle file-tab language. Add only scene-relevant paper/folder/tab/clip/map/timeline/evidence details. Keep the recurring WHAT IT COST visual grammar, but do not copy the exact neighboring layout.
STYLE: premium investigative business documentary; black/charcoal textured field, warm paper materials, paper-white typography, restrained signal red, rare muted antique-gold only when useful. Condensed bold display typography + clean sans-serif support. Cinematic editorial hierarchy, deliberate negative space, authentic-source-first look. No generic law-firm aesthetic.

SUBTITLE SAFE — HARD: reserve at least the bottom 20% of the 16:9 frame, target 22% for safety. That lower band must be visually quiet and contain NO essential headline, exact quote, amount, face/eyes, evidence object, source label, legal caveat, map endpoint or diagram node. All critical content must live above that band.

TEXT RULE: render only the exact short on-image text ""SELLERS • RULES • EXECUTIVE DECISIONS"" plus a factual source/date/role label only when supported by the attached source. Do not add invented captions, decorative microcopy, fake source metadata or filler text. For money/legal-status beats, numbers and qualifiers must be exact.
LEGAL / FACTUAL GUARDRAIL: None beyond the locked narration.

VARIATION RULE: keep the same channel identity as the attached style reference while changing source crop, focal placement, paper layering and thematic motif so adjacent beats do not feel like repeated templates.
FORBIDDEN FAILURES: dense fake document; gibberish pseudo-text; fabricated legal metadata; fake seal/stamp/signature; wrong source; source missing from final frame; empty placeholder slot; important content in subtitle band; red-dominant poster; horror/tabloid treatment; cluttered dashboard/card grid; unrelated thematic element; altered real-person expression; visual claim stronger than narration.

OUTPUT: one finished 16:9 montage-ready still, visually complete, source-based, subtitle-safe, and immediately usable under the locked narration.",READY_FOR_PROMPT_REVIEW_NOT_AUTHORIZED_FOR_GENERATION
B014,S02,100.540,110.020,SOURCE_STYLED_GENERATION,T03,document,R5_STYLE_EVIDENCE,dd9e6d29-9423-461b-8888-ca89b476cb76,DC018_CIVIL_COMPLAINT_COVER.png;EBAY_HQ_2018_CC_BY_SA.jpg;S009_D711_SUMMARY_JUDGMENT_ORDER.pdf,"Direct image refs: DC018_CIVIL_COMPLAINT_COVER.png; EBAY_HQ_2018_CC_BY_SA.jpg. Document refs: S009_D711_SUMMARY_JUDGMENT_ORDER.pdf — prepare a tight image crop of only the relevant page/paragraph before the Higgsfield job; preserve source pixels and exact wording, avoid whole-page density.","Do not attach raw/full text-heavy versions directly: S009_D711_SUMMARY_JUDGMENT_ORDER.pdf. Before generation, render/crop only the exact relevant page fragment or use an existing DC crop; never feed a whole dense legal page when a crop is available.",SPRING 2019,"source excerpt framed like a photographic evidence print, slightly offset; headline left or top-left; second tiny context image only if needed; no decorative body text","real eBay HQ/corporate context, subtle file-tab language; court-document excerpt + clipped legal-status note; publication/editorial paper cue, article/page edge, not generic courtroom imagery",BOTTOM_AT_LEAST_20_PERCENT_TARGET_22_PERCENT_VISUALLY_QUIET,None beyond the locked narration.,"BEAT_ID: B014
ROUTE: SOURCE_STYLED_GENERATION
FRAME_FAMILY: T03 / document
NARRATIVE_PURPOSE: Establish the publication/company scale mismatch and the criticism context without turning background into a legal-document slideshow.
VOICE_CONTEXT: ""By spring twenty nineteen, a later federal court record shows that EcommerceBytes had become an increasing source of frustration for people inside eBay's leadership.""
VIEWER_TAKEAWAY / EXACT ON-IMAGE TEXT: ""SPRING 2019""

ATTACH STYLE REFERENCE: R5_STYLE_EVIDENCE — Higgsfield media_id dd9e6d29-9423-461b-8888-ca89b476cb76. Use it only as the channel style/composition reference: approved pig-mask evidence reference: dark textured black field, framed authentic evidence photo, large condensed headline, thin rules, small factual source label, restrained red dash.
ATTACH SOURCE ASSETS: DC018_CIVIL_COMPLAINT_COVER.png; EBAY_HQ_2018_CC_BY_SA.jpg; S009_D711_SUMMARY_JUDGMENT_ORDER.pdf.
SOURCE PREP BEFORE JOB: Direct image refs: DC018_CIVIL_COMPLAINT_COVER.png; EBAY_HQ_2018_CC_BY_SA.jpg. Document refs: S009_D711_SUMMARY_JUDGMENT_ORDER.pdf — prepare a tight image crop of only the relevant page/paragraph before the Higgsfield job; preserve source pixels and exact wording, avoid whole-page density.
DO NOT ATTACH: Do not attach raw/full text-heavy versions directly: S009_D711_SUMMARY_JUDGMENT_ORDER.pdf. Before generation, render/crop only the exact relevant page fragment or use an existing DC crop; never feed a whole dense legal page when a crop is available.

FINAL FRAME MUST SHOW: the listed source material visibly inside the final image itself; this is not a blank plate and there is no later source-insertion pass. Preserve real object/photo identity. For authentic text/document crops, keep the relevant excerpt visually faithful and do not invent or rewrite body text.

COMPOSITION: source excerpt framed like a photographic evidence print, slightly offset; headline left or top-left; second tiny context image only if needed; no decorative body text.
THEMATIC ELEMENTS: real eBay HQ/corporate context, subtle file-tab language; court-document excerpt + clipped legal-status note; publication/editorial paper cue, article/page edge, not generic courtroom imagery. Add only scene-relevant paper/folder/tab/clip/map/timeline/evidence details. Keep the recurring WHAT IT COST visual grammar, but do not copy the exact neighboring layout.
STYLE: premium investigative business documentary; black/charcoal textured field, warm paper materials, paper-white typography, restrained signal red, rare muted antique-gold only when useful. Condensed bold display typography + clean sans-serif support. Cinematic editorial hierarchy, deliberate negative space, authentic-source-first look. No generic law-firm aesthetic.

SUBTITLE SAFE — HARD: reserve at least the bottom 20% of the 16:9 frame, target 22% for safety. That lower band must be visually quiet and contain NO essential headline, exact quote, amount, face/eyes, evidence object, source label, legal caveat, map endpoint or diagram node. All critical content must live above that band.

TEXT RULE: render only the exact short on-image text ""SPRING 2019"" plus a factual source/date/role label only when supported by the attached source. Do not add invented captions, decorative microcopy, fake source metadata or filler text. For money/legal-status beats, numbers and qualifiers must be exact.
LEGAL / FACTUAL GUARDRAIL: None beyond the locked narration.

VARIATION RULE: keep the same channel identity as the attached style reference while changing source crop, focal placement, paper layering and thematic motif so adjacent beats do not feel like repeated templates.
FORBIDDEN FAILURES: dense fake document; gibberish pseudo-text; fabricated legal metadata; fake seal/stamp/signature; wrong source; source missing from final frame; empty placeholder slot; important content in subtitle band; red-dominant poster; horror/tabloid treatment; cluttered dashboard/card grid; unrelated thematic element; altered real-person expression; visual claim stronger than narration.

OUTPUT: one finished 16:9 montage-ready still, visually complete, source-based, subtitle-safe, and immediately usable under the locked narration.",READY_FOR_PROMPT_REVIEW_NOT_AUTHORIZED_FOR_GENERATION
B015,S02,110.440,119.260,SOURCE_STYLED_GENERATION,T01,evidence,R5_STYLE_EVIDENCE,dd9e6d29-9423-461b-8888-ca89b476cb76,DC018_CIVIL_COMPLAINT_COVER.png;EBAY_HQ_2018_CC_BY_SA.jpg;S009_D711_SUMMARY_JUDGMENT_ORDER.pdf,"Direct image refs: DC018_CIVIL_COMPLAINT_COVER.png; EBAY_HQ_2018_CC_BY_SA.jpg. Document refs: S009_D711_SUMMARY_JUDGMENT_ORDER.pdf — prepare a tight image crop of only the relevant page/paragraph before the Higgsfield job; preserve source pixels and exact wording, avoid whole-page density.","Do not attach raw/full text-heavy versions directly: S009_D711_SUMMARY_JUDGMENT_ORDER.pdf. Before generation, render/crop only the exact relevant page fragment or use an existing DC crop; never feed a whole dense legal page when a crop is available.","CRITICISM, NOT COMPETITION",full-width source strip across upper 60%; headline block at lower-left but entirely above subtitle-safe band; one tiny source/date tag; restrained paper edge and red tick,"real eBay HQ/corporate context, subtle file-tab language; publication/editorial paper cue, article/page edge, not generic courtroom imagery",BOTTOM_AT_LEAST_20_PERCENT_TARGET_22_PERCENT_VISUALLY_QUIET,None beyond the locked narration.,"BEAT_ID: B015
ROUTE: SOURCE_STYLED_GENERATION
FRAME_FAMILY: T01 / evidence
NARRATIVE_PURPOSE: Establish the publication/company scale mismatch and the criticism context without turning background into a legal-document slideshow.
VOICE_CONTEXT: ""The Steiners were not business rivals trying to take eBay's customers. They were publishers criticizing the company and giving readers a place to criticize it too.""
VIEWER_TAKEAWAY / EXACT ON-IMAGE TEXT: ""CRITICISM, NOT COMPETITION""

ATTACH STYLE REFERENCE: R5_STYLE_EVIDENCE — Higgsfield media_id dd9e6d29-9423-461b-8888-ca89b476cb76. Use it only as the channel style/composition reference: approved pig-mask evidence reference: dark textured black field, framed authentic evidence photo, large condensed headline, thin rules, small factual source label, restrained red dash.
ATTACH SOURCE ASSETS: DC018_CIVIL_COMPLAINT_COVER.png; EBAY_HQ_2018_CC_BY_SA.jpg; S009_D711_SUMMARY_JUDGMENT_ORDER.pdf.
SOURCE PREP BEFORE JOB: Direct image refs: DC018_CIVIL_COMPLAINT_COVER.png; EBAY_HQ_2018_CC_BY_SA.jpg. Document refs: S009_D711_SUMMARY_JUDGMENT_ORDER.pdf — prepare a tight image crop of only the relevant page/paragraph before the Higgsfield job; preserve source pixels and exact wording, avoid whole-page density.
DO NOT ATTACH: Do not attach raw/full text-heavy versions directly: S009_D711_SUMMARY_JUDGMENT_ORDER.pdf. Before generation, render/crop only the exact relevant page fragment or use an existing DC crop; never feed a whole dense legal page when a crop is available.

FINAL FRAME MUST SHOW: the listed source material visibly inside the final image itself; this is not a blank plate and there is no later source-insertion pass. Preserve real object/photo identity. For authentic text/document crops, keep the relevant excerpt visually faithful and do not invent or rewrite body text.

COMPOSITION: full-width source strip across upper 60%; headline block at lower-left but entirely above subtitle-safe band; one tiny source/date tag; restrained paper edge and red tick.
THEMATIC ELEMENTS: real eBay HQ/corporate context, subtle file-tab language; publication/editorial paper cue, article/page edge, not generic courtroom imagery. Add only scene-relevant paper/folder/tab/clip/map/timeline/evidence details. Keep the recurring WHAT IT COST visual grammar, but do not copy the exact neighboring layout.
STYLE: premium investigative business documentary; black/charcoal textured field, warm paper materials, paper-white typography, restrained signal red, rare muted antique-gold only when useful. Condensed bold display typography + clean sans-serif support. Cinematic editorial hierarchy, deliberate negative space, authentic-source-first look. No generic law-firm aesthetic.

SUBTITLE SAFE — HARD: reserve at least the bottom 20% of the 16:9 frame, target 22% for safety. That lower band must be visually quiet and contain NO essential headline, exact quote, amount, face/eyes, evidence object, source label, legal caveat, map endpoint or diagram node. All critical content must live above that band.

TEXT RULE: render only the exact short on-image text ""CRITICISM, NOT COMPETITION"" plus a factual source/date/role label only when supported by the attached source. Do not add invented captions, decorative microcopy, fake source metadata or filler text. For money/legal-status beats, numbers and qualifiers must be exact.
LEGAL / FACTUAL GUARDRAIL: None beyond the locked narration.

VARIATION RULE: keep the same channel identity as the attached style reference while changing source crop, focal placement, paper layering and thematic motif so adjacent beats do not feel like repeated templates.
FORBIDDEN FAILURES: dense fake document; gibberish pseudo-text; fabricated legal metadata; fake seal/stamp/signature; wrong source; source missing from final frame; empty placeholder slot; important content in subtitle band; red-dominant poster; horror/tabloid treatment; cluttered dashboard/card grid; unrelated thematic element; altered real-person expression; visual claim stronger than narration.

OUTPUT: one finished 16:9 montage-ready still, visually complete, source-based, subtitle-safe, and immediately usable under the locked narration.",READY_FOR_PROMPT_REVIEW_NOT_AUTHORIZED_FOR_GENERATION
B016,S02,119.920,130.260,SOURCE_STYLED_GENERATION,T01,evidence,R5_STYLE_EVIDENCE,dd9e6d29-9423-461b-8888-ca89b476cb76,DC018_CIVIL_COMPLAINT_COVER.png;EBAY_HQ_2018_CC_BY_SA.jpg;S009_D711_SUMMARY_JUDGMENT_ORDER.pdf,"Direct image refs: DC018_CIVIL_COMPLAINT_COVER.png; EBAY_HQ_2018_CC_BY_SA.jpg. Document refs: S009_D711_SUMMARY_JUDGMENT_ORDER.pdf — prepare a tight image crop of only the relevant page/paragraph before the Higgsfield job; preserve source pixels and exact wording, avoid whole-page density.","Do not attach raw/full text-heavy versions directly: S009_D711_SUMMARY_JUDGMENT_ORDER.pdf. Before generation, render/crop only the exact relevant page fragment or use an existing DC crop; never feed a whole dense legal page when a crop is available.",HOW DID CRITICISM BECOME SECURITY?,large authentic source frame on the right two-thirds; oversized headline left; short red dash above headline; one thin horizontal rule; one small paper tab overlapping the source frame,"real eBay HQ/corporate context, subtle file-tab language; publication/editorial paper cue, article/page edge, not generic courtroom imagery",BOTTOM_AT_LEAST_20_PERCENT_TARGET_22_PERCENT_VISUALLY_QUIET,None beyond the locked narration.,"BEAT_ID: B016
ROUTE: SOURCE_STYLED_GENERATION
FRAME_FAMILY: T01 / evidence
NARRATIVE_PURPOSE: Establish the publication/company scale mismatch and the criticism context without turning background into a legal-document slideshow.
VOICE_CONTEXT: ""Companies face criticism every day. The real question is how criticism from two publishers became something people inside eBay's security organization were expected to solve.""
VIEWER_TAKEAWAY / EXACT ON-IMAGE TEXT: ""HOW DID CRITICISM BECOME SECURITY?""

ATTACH STYLE REFERENCE: R5_STYLE_EVIDENCE — Higgsfield media_id dd9e6d29-9423-461b-8888-ca89b476cb76. Use it only as the channel style/composition reference: approved pig-mask evidence reference: dark textured black field, framed authentic evidence photo, large condensed headline, thin rules, small factual source label, restrained red dash.
ATTACH SOURCE ASSETS: DC018_CIVIL_COMPLAINT_COVER.png; EBAY_HQ_2018_CC_BY_SA.jpg; S009_D711_SUMMARY_JUDGMENT_ORDER.pdf.
SOURCE PREP BEFORE JOB: Direct image refs: DC018_CIVIL_COMPLAINT_COVER.png; EBAY_HQ_2018_CC_BY_SA.jpg. Document refs: S009_D711_SUMMARY_JUDGMENT_ORDER.pdf — prepare a tight image crop of only the relevant page/paragraph before the Higgsfield job; preserve source pixels and exact wording, avoid whole-page density.
DO NOT ATTACH: Do not attach raw/full text-heavy versions directly: S009_D711_SUMMARY_JUDGMENT_ORDER.pdf. Before generation, render/crop only the exact relevant page fragment or use an existing DC crop; never feed a whole dense legal page when a crop is available.

FINAL FRAME MUST SHOW: the listed source material visibly inside the final image itself; this is not a blank plate and there is no later source-insertion pass. Preserve real object/photo identity. For authentic text/document crops, keep the relevant excerpt visually faithful and do not invent or rewrite body text.

COMPOSITION: large authentic source frame on the right two-thirds; oversized headline left; short red dash above headline; one thin horizontal rule; one small paper tab overlapping the source frame.
THEMATIC ELEMENTS: real eBay HQ/corporate context, subtle file-tab language; publication/editorial paper cue, article/page edge, not generic courtroom imagery. Add only scene-relevant paper/folder/tab/clip/map/timeline/evidence details. Keep the recurring WHAT IT COST visual grammar, but do not copy the exact neighboring layout.
STYLE: premium investigative business documentary; black/charcoal textured field, warm paper materials, paper-white typography, restrained signal red, rare muted antique-gold only when useful. Condensed bold display typography + clean sans-serif support. Cinematic editorial hierarchy, deliberate negative space, authentic-source-first look. No generic law-firm aesthetic.

SUBTITLE SAFE — HARD: reserve at least the bottom 20% of the 16:9 frame, target 22% for safety. That lower band must be visually quiet and contain NO essential headline, exact quote, amount, face/eyes, evidence object, source label, legal caveat, map endpoint or diagram node. All critical content must live above that band.

TEXT RULE: render only the exact short on-image text ""HOW DID CRITICISM BECOME SECURITY?"" plus a factual source/date/role label only when supported by the attached source. Do not add invented captions, decorative microcopy, fake source metadata or filler text. For money/legal-status beats, numbers and qualifiers must be exact.
LEGAL / FACTUAL GUARDRAIL: None beyond the locked narration.

VARIATION RULE: keep the same channel identity as the attached style reference while changing source crop, focal placement, paper layering and thematic motif so adjacent beats do not feel like repeated templates.
FORBIDDEN FAILURES: dense fake document; gibberish pseudo-text; fabricated legal metadata; fake seal/stamp/signature; wrong source; source missing from final frame; empty placeholder slot; important content in subtitle band; red-dominant poster; horror/tabloid treatment; cluttered dashboard/card grid; unrelated thematic element; altered real-person expression; visual claim stronger than narration.

OUTPUT: one finished 16:9 montage-ready still, visually complete, source-based, subtitle-safe, and immediately usable under the locked narration.",READY_FOR_PROMPT_REVIEW_NOT_AUTHORIZED_FOR_GENERATION
B017,S03,131.060,143.460,SOURCE_STYLED_GENERATION,T03,document,R5_STYLE_EVIDENCE,dd9e6d29-9423-461b-8888-ca89b476cb76,DC001_CRUSH_THIS_LADY.png;LIVE_DEVIN_WENIG_COMMONS.jpg,Direct image refs: DC001_CRUSH_THIS_LADY.png; LIVE_DEVIN_WENIG_COMMONS.jpg.,Do not attach unrelated assets or any full-page text source outside the listed references.,THE INTERNAL MESSAGES,single document crop mounted high-center on warm paper; headline upper-left; one yellow or red highlight over the exact relevant line; small source/date line above subtitle-safe zone,"short authentic message excerpt, one highlight strip, paperclip/document edge; real eBay HQ/corporate context, subtle file-tab language",BOTTOM_AT_LEAST_20_PERCENT_TARGET_22_PERCENT_VISUALLY_QUIET,None beyond the locked narration.,"BEAT_ID: B017
ROUTE: SOURCE_STYLED_GENERATION
FRAME_FAMILY: T03 / document
NARRATIVE_PURPOSE: Follow the escalation of internal communications into the security chain, alternating exact source excerpts, executive context and legal clarifiers.
VOICE_CONTEXT: ""The internal messages are where the story changes. In April twenty nineteen, Steve Wymer — eBay's communications chief — sent then-C-E-O Devin Wenig a message about an Ina Steiner article.""
VIEWER_TAKEAWAY / EXACT ON-IMAGE TEXT: ""THE INTERNAL MESSAGES""

ATTACH STYLE REFERENCE: R5_STYLE_EVIDENCE — Higgsfield media_id dd9e6d29-9423-461b-8888-ca89b476cb76. Use it only as the channel style/composition reference: approved pig-mask evidence reference: dark textured black field, framed authentic evidence photo, large condensed headline, thin rules, small factual source label, restrained red dash.
ATTACH SOURCE ASSETS: DC001_CRUSH_THIS_LADY.png; LIVE_DEVIN_WENIG_COMMONS.jpg.
SOURCE PREP BEFORE JOB: Direct image refs: DC001_CRUSH_THIS_LADY.png; LIVE_DEVIN_WENIG_COMMONS.jpg.
DO NOT ATTACH: Do not attach unrelated assets or any full-page text source outside the listed references.

FINAL FRAME MUST SHOW: the listed source material visibly inside the final image itself; this is not a blank plate and there is no later source-insertion pass. Preserve real object/photo identity. For authentic text/document crops, keep the relevant excerpt visually faithful and do not invent or rewrite body text.

COMPOSITION: single document crop mounted high-center on warm paper; headline upper-left; one yellow or red highlight over the exact relevant line; small source/date line above subtitle-safe zone.
THEMATIC ELEMENTS: short authentic message excerpt, one highlight strip, paperclip/document edge; real eBay HQ/corporate context, subtle file-tab language. Add only scene-relevant paper/folder/tab/clip/map/timeline/evidence details. Keep the recurring WHAT IT COST visual grammar, but do not copy the exact neighboring layout.
STYLE: premium investigative business documentary; black/charcoal textured field, warm paper materials, paper-white typography, restrained signal red, rare muted antique-gold only when useful. Condensed bold display typography + clean sans-serif support. Cinematic editorial hierarchy, deliberate negative space, authentic-source-first look. No generic law-firm aesthetic.

SUBTITLE SAFE — HARD: reserve at least the bottom 20% of the 16:9 frame, target 22% for safety. That lower band must be visually quiet and contain NO essential headline, exact quote, amount, face/eyes, evidence object, source label, legal caveat, map endpoint or diagram node. All critical content must live above that band.

TEXT RULE: render only the exact short on-image text ""THE INTERNAL MESSAGES"" plus a factual source/date/role label only when supported by the attached source. Do not add invented captions, decorative microcopy, fake source metadata or filler text. For money/legal-status beats, numbers and qualifiers must be exact.
LEGAL / FACTUAL GUARDRAIL: None beyond the locked narration.

VARIATION RULE: keep the same channel identity as the attached style reference while changing source crop, focal placement, paper layering and thematic motif so adjacent beats do not feel like repeated templates.
FORBIDDEN FAILURES: dense fake document; gibberish pseudo-text; fabricated legal metadata; fake seal/stamp/signature; wrong source; source missing from final frame; empty placeholder slot; important content in subtitle band; red-dominant poster; horror/tabloid treatment; cluttered dashboard/card grid; unrelated thematic element; altered real-person expression; visual claim stronger than narration.

OUTPUT: one finished 16:9 montage-ready still, visually complete, source-based, subtitle-safe, and immediately usable under the locked narration.",READY_FOR_PROMPT_REVIEW_NOT_AUTHORIZED_FOR_GENERATION
B018,S03,144.140,146.920,SOURCE_NATIVE_EDITORIAL,T01,evidence,R5_STYLE_EVIDENCE,dd9e6d29-9423-461b-8888-ca89b476cb76,DC001_CRUSH_THIS_LADY.png,Direct image refs: DC001_CRUSH_THIS_LADY.png.,Do not attach unrelated assets or any full-page text source outside the listed references.,“WE ARE GOING TO CRUSH THIS LADY.”,two-source asymmetrical collage: dominant authentic source upper-right and smaller context crop upper-left; headline mid-left; black negative space below; one subtle binder-clip or file-tab element,"short authentic message excerpt, one highlight strip, paperclip/document edge",BOTTOM_AT_LEAST_20_PERCENT_TARGET_22_PERCENT_VISUALLY_QUIET,None beyond the locked narration.,"BEAT_ID: B018
ROUTE: SOURCE_NATIVE_EDITORIAL
FRAME_FAMILY: T01 / evidence
NARRATIVE_PURPOSE: Follow the escalation of internal communications into the security chain, alternating exact source excerpts, executive context and legal clarifiers.
VOICE_CONTEXT: ""His words were: “We are going to crush this lady.”""
VIEWER_TAKEAWAY / EXACT ON-IMAGE TEXT: ""“WE ARE GOING TO CRUSH THIS LADY.”""

ATTACH STYLE REFERENCE: R5_STYLE_EVIDENCE — Higgsfield media_id dd9e6d29-9423-461b-8888-ca89b476cb76. Use it only as the channel style/composition reference: approved pig-mask evidence reference: dark textured black field, framed authentic evidence photo, large condensed headline, thin rules, small factual source label, restrained red dash.
ATTACH SOURCE ASSETS: DC001_CRUSH_THIS_LADY.png.
SOURCE PREP BEFORE JOB: Direct image refs: DC001_CRUSH_THIS_LADY.png.
DO NOT ATTACH: Do not attach unrelated assets or any full-page text source outside the listed references.

FINAL FRAME MUST SHOW: the listed source material visibly inside the final image itself; this is not a blank plate and there is no later source-insertion pass. Preserve real object/photo identity. For authentic text/document crops, keep the relevant excerpt visually faithful and do not invent or rewrite body text.

COMPOSITION: two-source asymmetrical collage: dominant authentic source upper-right and smaller context crop upper-left; headline mid-left; black negative space below; one subtle binder-clip or file-tab element.
THEMATIC ELEMENTS: short authentic message excerpt, one highlight strip, paperclip/document edge. Add only scene-relevant paper/folder/tab/clip/map/timeline/evidence details. Keep the recurring WHAT IT COST visual grammar, but do not copy the exact neighboring layout.
STYLE: premium investigative business documentary; black/charcoal textured field, warm paper materials, paper-white typography, restrained signal red, rare muted antique-gold only when useful. Condensed bold display typography + clean sans-serif support. Cinematic editorial hierarchy, deliberate negative space, authentic-source-first look. No generic law-firm aesthetic.

SUBTITLE SAFE — HARD: reserve at least the bottom 20% of the 16:9 frame, target 22% for safety. That lower band must be visually quiet and contain NO essential headline, exact quote, amount, face/eyes, evidence object, source label, legal caveat, map endpoint or diagram node. All critical content must live above that band.

TEXT RULE: render only the exact short on-image text ""“WE ARE GOING TO CRUSH THIS LADY.”"" plus a factual source/date/role label only when supported by the attached source. Do not add invented captions, decorative microcopy, fake source metadata or filler text. For money/legal-status beats, numbers and qualifiers must be exact.
LEGAL / FACTUAL GUARDRAIL: None beyond the locked narration.

VARIATION RULE: keep the same channel identity as the attached style reference while changing source crop, focal placement, paper layering and thematic motif so adjacent beats do not feel like repeated templates.
FORBIDDEN FAILURES: dense fake document; gibberish pseudo-text; fabricated legal metadata; fake seal/stamp/signature; wrong source; source missing from final frame; empty placeholder slot; important content in subtitle band; red-dominant poster; horror/tabloid treatment; cluttered dashboard/card grid; unrelated thematic element; altered real-person expression; visual claim stronger than narration.

OUTPUT: one finished 16:9 montage-ready still, visually complete, source-based, subtitle-safe, and immediately usable under the locked narration.",READY_FOR_PROMPT_REVIEW_NOT_AUTHORIZED_FOR_GENERATION
B019,S03,147.600,152.740,SOURCE_NATIVE_EDITORIAL,T03,document,R5_STYLE_EVIDENCE,dd9e6d29-9423-461b-8888-ca89b476cb76,DC003_TAKE_HER_DOWN.png,Direct image refs: DC003_TAKE_HER_DOWN.png.,Do not attach unrelated assets or any full-page text source outside the listed references.,“TAKE HER DOWN.”,wide horizontal authentic excerpt across upper half; condensed headline above-left; one clipped corner/tab; black textured negative space below for captions,"short authentic message excerpt, one highlight strip, paperclip/document edge; court-document excerpt + clipped legal-status note",BOTTOM_AT_LEAST_20_PERCENT_TARGET_22_PERCENT_VISUALLY_QUIET,None beyond the locked narration.,"BEAT_ID: B019
ROUTE: SOURCE_NATIVE_EDITORIAL
FRAME_FAMILY: T03 / document
NARRATIVE_PURPOSE: Follow the escalation of internal communications into the security chain, alternating exact source excerpts, executive context and legal clarifiers.
VOICE_CONTEXT: ""Weeks later, according to the federal court record, Wenig told Wymer to “take her down.”""
VIEWER_TAKEAWAY / EXACT ON-IMAGE TEXT: ""“TAKE HER DOWN.”""

ATTACH STYLE REFERENCE: R5_STYLE_EVIDENCE — Higgsfield media_id dd9e6d29-9423-461b-8888-ca89b476cb76. Use it only as the channel style/composition reference: approved pig-mask evidence reference: dark textured black field, framed authentic evidence photo, large condensed headline, thin rules, small factual source label, restrained red dash.
ATTACH SOURCE ASSETS: DC003_TAKE_HER_DOWN.png.
SOURCE PREP BEFORE JOB: Direct image refs: DC003_TAKE_HER_DOWN.png.
DO NOT ATTACH: Do not attach unrelated assets or any full-page text source outside the listed references.

FINAL FRAME MUST SHOW: the listed source material visibly inside the final image itself; this is not a blank plate and there is no later source-insertion pass. Preserve real object/photo identity. For authentic text/document crops, keep the relevant excerpt visually faithful and do not invent or rewrite body text.

COMPOSITION: wide horizontal authentic excerpt across upper half; condensed headline above-left; one clipped corner/tab; black textured negative space below for captions.
THEMATIC ELEMENTS: short authentic message excerpt, one highlight strip, paperclip/document edge; court-document excerpt + clipped legal-status note. Add only scene-relevant paper/folder/tab/clip/map/timeline/evidence details. Keep the recurring WHAT IT COST visual grammar, but do not copy the exact neighboring layout.
STYLE: premium investigative business documentary; black/charcoal textured field, warm paper materials, paper-white typography, restrained signal red, rare muted antique-gold only when useful. Condensed bold display typography + clean sans-serif support. Cinematic editorial hierarchy, deliberate negative space, authentic-source-first look. No generic law-firm aesthetic.

SUBTITLE SAFE — HARD: reserve at least the bottom 20% of the 16:9 frame, target 22% for safety. That lower band must be visually quiet and contain NO essential headline, exact quote, amount, face/eyes, evidence object, source label, legal caveat, map endpoint or diagram node. All critical content must live above that band.

TEXT RULE: render only the exact short on-image text ""“TAKE HER DOWN.”"" plus a factual source/date/role label only when supported by the attached source. Do not add invented captions, decorative microcopy, fake source metadata or filler text. For money/legal-status beats, numbers and qualifiers must be exact.
LEGAL / FACTUAL GUARDRAIL: None beyond the locked narration.

VARIATION RULE: keep the same channel identity as the attached style reference while changing source crop, focal placement, paper layering and thematic motif so adjacent beats do not feel like repeated templates.
FORBIDDEN FAILURES: dense fake document; gibberish pseudo-text; fabricated legal metadata; fake seal/stamp/signature; wrong source; source missing from final frame; empty placeholder slot; important content in subtitle band; red-dominant poster; horror/tabloid treatment; cluttered dashboard/card grid; unrelated thematic element; altered real-person expression; visual claim stronger than narration.

OUTPUT: one finished 16:9 montage-ready still, visually complete, source-based, subtitle-safe, and immediately usable under the locked narration.",READY_FOR_PROMPT_REVIEW_NOT_AUTHORIZED_FOR_GENERATION
B020,S03,153.580,159.860,SOURCE_NATIVE_EDITORIAL,T03,document,R5_STYLE_EVIDENCE,dd9e6d29-9423-461b-8888-ca89b476cb76,DC004_NOW_IS_THE_TIME.png,Direct image refs: DC004_NOW_IS_THE_TIME.png.,Do not attach unrelated assets or any full-page text source outside the listed references.,“NOW IS THE TIME.”,"tight authentic quote/document crop as the hero on the right; large headline on left; one exact highlighted line only; paper edge, clip, and small factual source label; no full-page text wall","short authentic message excerpt, one highlight strip, paperclip/document edge",BOTTOM_AT_LEAST_20_PERCENT_TARGET_22_PERCENT_VISUALLY_QUIET,None beyond the locked narration.,"BEAT_ID: B020
ROUTE: SOURCE_NATIVE_EDITORIAL
FRAME_FAMILY: T03 / document
NARRATIVE_PURPOSE: Follow the escalation of internal communications into the security chain, alternating exact source excerpts, executive context and legal clarifiers.
VOICE_CONTEXT: ""And on August first, another message from Wenig said that if they were ever going to act, “now is the time.”""
VIEWER_TAKEAWAY / EXACT ON-IMAGE TEXT: ""“NOW IS THE TIME.”""

ATTACH STYLE REFERENCE: R5_STYLE_EVIDENCE — Higgsfield media_id dd9e6d29-9423-461b-8888-ca89b476cb76. Use it only as the channel style/composition reference: approved pig-mask evidence reference: dark textured black field, framed authentic evidence photo, large condensed headline, thin rules, small factual source label, restrained red dash.
ATTACH SOURCE ASSETS: DC004_NOW_IS_THE_TIME.png.
SOURCE PREP BEFORE JOB: Direct image refs: DC004_NOW_IS_THE_TIME.png.
DO NOT ATTACH: Do not attach unrelated assets or any full-page text source outside the listed references.

FINAL FRAME MUST SHOW: the listed source material visibly inside the final image itself; this is not a blank plate and there is no later source-insertion pass. Preserve real object/photo identity. For authentic text/document crops, keep the relevant excerpt visually faithful and do not invent or rewrite body text.

COMPOSITION: tight authentic quote/document crop as the hero on the right; large headline on left; one exact highlighted line only; paper edge, clip, and small factual source label; no full-page text wall.
THEMATIC ELEMENTS: short authentic message excerpt, one highlight strip, paperclip/document edge. Add only scene-relevant paper/folder/tab/clip/map/timeline/evidence details. Keep the recurring WHAT IT COST visual grammar, but do not copy the exact neighboring layout.
STYLE: premium investigative business documentary; black/charcoal textured field, warm paper materials, paper-white typography, restrained signal red, rare muted antique-gold only when useful. Condensed bold display typography + clean sans-serif support. Cinematic editorial hierarchy, deliberate negative space, authentic-source-first look. No generic law-firm aesthetic.

SUBTITLE SAFE — HARD: reserve at least the bottom 20% of the 16:9 frame, target 22% for safety. That lower band must be visually quiet and contain NO essential headline, exact quote, amount, face/eyes, evidence object, source label, legal caveat, map endpoint or diagram node. All critical content must live above that band.

TEXT RULE: render only the exact short on-image text ""“NOW IS THE TIME.”"" plus a factual source/date/role label only when supported by the attached source. Do not add invented captions, decorative microcopy, fake source metadata or filler text. For money/legal-status beats, numbers and qualifiers must be exact.
LEGAL / FACTUAL GUARDRAIL: None beyond the locked narration.

VARIATION RULE: keep the same channel identity as the attached style reference while changing source crop, focal placement, paper layering and thematic motif so adjacent beats do not feel like repeated templates.
FORBIDDEN FAILURES: dense fake document; gibberish pseudo-text; fabricated legal metadata; fake seal/stamp/signature; wrong source; source missing from final frame; empty placeholder slot; important content in subtitle band; red-dominant poster; horror/tabloid treatment; cluttered dashboard/card grid; unrelated thematic element; altered real-person expression; visual claim stronger than narration.

OUTPUT: one finished 16:9 montage-ready still, visually complete, source-based, subtitle-safe, and immediately usable under the locked narration.",READY_FOR_PROMPT_REVIEW_NOT_AUTHORIZED_FOR_GENERATION
B021,S03,160.680,168.060,HYBRID_SOURCE_EDITORIAL,T02,dossier,R5_STYLE_DOSSIER,3f30e1ef-3a0e-4158-914f-70bb25fa30a4,S009_D711_SUMMARY_JUDGMENT_ORDER.pdf;OFFICE_INTERIOR_CC0.jpg,"Direct image refs: OFFICE_INTERIOR_CC0.jpg. Document refs: S009_D711_SUMMARY_JUDGMENT_ORDER.pdf — prepare a tight image crop of only the relevant page/paragraph before the Higgsfield job; preserve source pixels and exact wording, avoid whole-page density.","Do not attach raw/full text-heavy versions directly: S009_D711_SUMMARY_JUDGMENT_ORDER.pdf. Before generation, render/crop only the exact relevant page fragment or use an existing DC crop; never feed a whole dense legal page when a crop is available.",WORDS ≠ PROOF OF AN ORDER,dominant source portrait/photo upper-right; left-side dossier headline and role/status line; one small authentic excerpt card beneath photo but above subtitle-safe band; thin rule divider,"short authentic message excerpt, one highlight strip, paperclip/document edge",BOTTOM_AT_LEAST_20_PERCENT_TARGET_22_PERCENT_VISUALLY_QUIET,None beyond the locked narration.,"BEAT_ID: B021
ROUTE: HYBRID_SOURCE_EDITORIAL
FRAME_FAMILY: T02 / dossier
NARRATIVE_PURPOSE: Follow the escalation of internal communications into the security chain, alternating exact source excerpts, executive context and legal clarifiers.
VOICE_CONTEXT: ""Those words are dramatic. But they are not, by themselves, proof that Wenig or any other executive ordered the crimes that followed.""
VIEWER_TAKEAWAY / EXACT ON-IMAGE TEXT: ""WORDS ≠ PROOF OF AN ORDER""

ATTACH STYLE REFERENCE: R5_STYLE_DOSSIER — Higgsfield media_id 3f30e1ef-3a0e-4158-914f-70bb25fa30a4. Use it only as the channel style/composition reference: approved security/dossier reference: stacked headline at left, large framed source image on paper, clipped side note, small highlight strip, red tape accent, black textured field.
ATTACH SOURCE ASSETS: S009_D711_SUMMARY_JUDGMENT_ORDER.pdf; OFFICE_INTERIOR_CC0.jpg.
SOURCE PREP BEFORE JOB: Direct image refs: OFFICE_INTERIOR_CC0.jpg. Document refs: S009_D711_SUMMARY_JUDGMENT_ORDER.pdf — prepare a tight image crop of only the relevant page/paragraph before the Higgsfield job; preserve source pixels and exact wording, avoid whole-page density.
DO NOT ATTACH: Do not attach raw/full text-heavy versions directly: S009_D711_SUMMARY_JUDGMENT_ORDER.pdf. Before generation, render/crop only the exact relevant page fragment or use an existing DC crop; never feed a whole dense legal page when a crop is available.

FINAL FRAME MUST SHOW: the listed source material visibly inside the final image itself; this is not a blank plate and there is no later source-insertion pass. Preserve real object/photo identity. For authentic text/document crops, keep the relevant excerpt visually faithful and do not invent or rewrite body text.

COMPOSITION: dominant source portrait/photo upper-right; left-side dossier headline and role/status line; one small authentic excerpt card beneath photo but above subtitle-safe band; thin rule divider.
THEMATIC ELEMENTS: short authentic message excerpt, one highlight strip, paperclip/document edge. Add only scene-relevant paper/folder/tab/clip/map/timeline/evidence details. Keep the recurring WHAT IT COST visual grammar, but do not copy the exact neighboring layout.
STYLE: premium investigative business documentary; black/charcoal textured field, warm paper materials, paper-white typography, restrained signal red, rare muted antique-gold only when useful. Condensed bold display typography + clean sans-serif support. Cinematic editorial hierarchy, deliberate negative space, authentic-source-first look. No generic law-firm aesthetic.

SUBTITLE SAFE — HARD: reserve at least the bottom 20% of the 16:9 frame, target 22% for safety. That lower band must be visually quiet and contain NO essential headline, exact quote, amount, face/eyes, evidence object, source label, legal caveat, map endpoint or diagram node. All critical content must live above that band.

TEXT RULE: render only the exact short on-image text ""WORDS ≠ PROOF OF AN ORDER"" plus a factual source/date/role label only when supported by the attached source. Do not add invented captions, decorative microcopy, fake source metadata or filler text. For money/legal-status beats, numbers and qualifiers must be exact.
LEGAL / FACTUAL GUARDRAIL: None beyond the locked narration.

VARIATION RULE: keep the same channel identity as the attached style reference while changing source crop, focal placement, paper layering and thematic motif so adjacent beats do not feel like repeated templates.
FORBIDDEN FAILURES: dense fake document; gibberish pseudo-text; fabricated legal metadata; fake seal/stamp/signature; wrong source; source missing from final frame; empty placeholder slot; important content in subtitle band; red-dominant poster; horror/tabloid treatment; cluttered dashboard/card grid; unrelated thematic element; altered real-person expression; visual claim stronger than narration.

OUTPUT: one finished 16:9 montage-ready still, visually complete, source-based, subtitle-safe, and immediately usable under the locked narration.",READY_FOR_PROMPT_REVIEW_NOT_AUTHORIZED_FOR_GENERATION
B022,S03,168.740,179.680,SOURCE_NATIVE_EDITORIAL,T03,document,R5_STYLE_EVIDENCE,dd9e6d29-9423-461b-8888-ca89b476cb76,DC008_WENIG_NO_DIRECT_BAUGH.png;LIVE_DEVIN_WENIG_COMMONS.jpg,Direct image refs: DC008_WENIG_NO_DIRECT_BAUGH.png; LIVE_DEVIN_WENIG_COMMONS.jpg.,Do not attach unrelated assets or any full-page text source outside the listed references.,NO DIRECT COMMUNICATION WITH BAUGH,"source excerpt framed like a photographic evidence print, slightly offset; headline left or top-left; second tiny context image only if needed; no decorative body text","real eBay HQ/corporate context, subtle file-tab language; court-document excerpt + clipped legal-status note",BOTTOM_AT_LEAST_20_PERCENT_TARGET_22_PERCENT_VISUALLY_QUIET,None beyond the locked narration.,"BEAT_ID: B022
ROUTE: SOURCE_NATIVE_EDITORIAL
FRAME_FAMILY: T03 / document
NARRATIVE_PURPOSE: Follow the escalation of internal communications into the security chain, alternating exact source excerpts, executive context and legal clarifiers.
VOICE_CONTEXT: ""The later court record says Jim Baugh — the head of eBay security — testified that Wenig never communicated directly with him about the Steiners. Wenig's relevant communications went through Wymer.""
VIEWER_TAKEAWAY / EXACT ON-IMAGE TEXT: ""NO DIRECT COMMUNICATION WITH BAUGH""

ATTACH STYLE REFERENCE: R5_STYLE_EVIDENCE — Higgsfield media_id dd9e6d29-9423-461b-8888-ca89b476cb76. Use it only as the channel style/composition reference: approved pig-mask evidence reference: dark textured black field, framed authentic evidence photo, large condensed headline, thin rules, small factual source label, restrained red dash.
ATTACH SOURCE ASSETS: DC008_WENIG_NO_DIRECT_BAUGH.png; LIVE_DEVIN_WENIG_COMMONS.jpg.
SOURCE PREP BEFORE JOB: Direct image refs: DC008_WENIG_NO_DIRECT_BAUGH.png; LIVE_DEVIN_WENIG_COMMONS.jpg.
DO NOT ATTACH: Do not attach unrelated assets or any full-page text source outside the listed references.

FINAL FRAME MUST SHOW: the listed source material visibly inside the final image itself; this is not a blank plate and there is no later source-insertion pass. Preserve real object/photo identity. For authentic text/document crops, keep the relevant excerpt visually faithful and do not invent or rewrite body text.

COMPOSITION: source excerpt framed like a photographic evidence print, slightly offset; headline left or top-left; second tiny context image only if needed; no decorative body text.
THEMATIC ELEMENTS: real eBay HQ/corporate context, subtle file-tab language; court-document excerpt + clipped legal-status note. Add only scene-relevant paper/folder/tab/clip/map/timeline/evidence details. Keep the recurring WHAT IT COST visual grammar, but do not copy the exact neighboring layout.
STYLE: premium investigative business documentary; black/charcoal textured field, warm paper materials, paper-white typography, restrained signal red, rare muted antique-gold only when useful. Condensed bold display typography + clean sans-serif support. Cinematic editorial hierarchy, deliberate negative space, authentic-source-first look. No generic law-firm aesthetic.

SUBTITLE SAFE — HARD: reserve at least the bottom 20% of the 16:9 frame, target 22% for safety. That lower band must be visually quiet and contain NO essential headline, exact quote, amount, face/eyes, evidence object, source label, legal caveat, map endpoint or diagram node. All critical content must live above that band.

TEXT RULE: render only the exact short on-image text ""NO DIRECT COMMUNICATION WITH BAUGH"" plus a factual source/date/role label only when supported by the attached source. Do not add invented captions, decorative microcopy, fake source metadata or filler text. For money/legal-status beats, numbers and qualifiers must be exact.
LEGAL / FACTUAL GUARDRAIL: None beyond the locked narration.

VARIATION RULE: keep the same channel identity as the attached style reference while changing source crop, focal placement, paper layering and thematic motif so adjacent beats do not feel like repeated templates.
FORBIDDEN FAILURES: dense fake document; gibberish pseudo-text; fabricated legal metadata; fake seal/stamp/signature; wrong source; source missing from final frame; empty placeholder slot; important content in subtitle band; red-dominant poster; horror/tabloid treatment; cluttered dashboard/card grid; unrelated thematic element; altered real-person expression; visual claim stronger than narration.

OUTPUT: one finished 16:9 montage-ready still, visually complete, source-based, subtitle-safe, and immediately usable under the locked narration.",READY_FOR_PROMPT_REVIEW_NOT_AUTHORIZED_FOR_GENERATION
B023,S03,180.260,189.800,SOURCE_STYLED_GENERATION,T03,document,R5_STYLE_EVIDENCE,dd9e6d29-9423-461b-8888-ca89b476cb76,S009_D711_SUMMARY_JUDGMENT_ORDER.pdf;OFFICE_INTERIOR_CC0.jpg,"Direct image refs: OFFICE_INTERIOR_CC0.jpg. Document refs: S009_D711_SUMMARY_JUDGMENT_ORDER.pdf — prepare a tight image crop of only the relevant page/paragraph before the Higgsfield job; preserve source pixels and exact wording, avoid whole-page density.","Do not attach raw/full text-heavy versions directly: S009_D711_SUMMARY_JUDGMENT_ORDER.pdf. Before generation, render/crop only the exact relevant page fragment or use an existing DC crop; never feed a whole dense legal page when a crop is available.",“WHATEVER IT TAKES.”,wide horizontal authentic excerpt across upper half; condensed headline above-left; one clipped corner/tab; black textured negative space below for captions,"short authentic message excerpt, one highlight strip, paperclip/document edge",BOTTOM_AT_LEAST_20_PERCENT_TARGET_22_PERCENT_VISUALLY_QUIET,None beyond the locked narration.,"BEAT_ID: B023
ROUTE: SOURCE_STYLED_GENERATION
FRAME_FAMILY: T03 / document
NARRATIVE_PURPOSE: Follow the escalation of internal communications into the security chain, alternating exact source excerpts, executive context and legal clarifiers.
VOICE_CONTEXT: ""Still, inside the organization, the language was escalating. Wymer's messages to Baugh became increasingly ag gressive, including the phrase “Whatever it takes.”""
VIEWER_TAKEAWAY / EXACT ON-IMAGE TEXT: ""“WHATEVER IT TAKES.”""

ATTACH STYLE REFERENCE: R5_STYLE_EVIDENCE — Higgsfield media_id dd9e6d29-9423-461b-8888-ca89b476cb76. Use it only as the channel style/composition reference: approved pig-mask evidence reference: dark textured black field, framed authentic evidence photo, large condensed headline, thin rules, small factual source label, restrained red dash.
ATTACH SOURCE ASSETS: S009_D711_SUMMARY_JUDGMENT_ORDER.pdf; OFFICE_INTERIOR_CC0.jpg.
SOURCE PREP BEFORE JOB: Direct image refs: OFFICE_INTERIOR_CC0.jpg. Document refs: S009_D711_SUMMARY_JUDGMENT_ORDER.pdf — prepare a tight image crop of only the relevant page/paragraph before the Higgsfield job; preserve source pixels and exact wording, avoid whole-page density.
DO NOT ATTACH: Do not attach raw/full text-heavy versions directly: S009_D711_SUMMARY_JUDGMENT_ORDER.pdf. Before generation, render/crop only the exact relevant page fragment or use an existing DC crop; never feed a whole dense legal page when a crop is available.

FINAL FRAME MUST SHOW: the listed source material visibly inside the final image itself; this is not a blank plate and there is no later source-insertion pass. Preserve real object/photo identity. For authentic text/document crops, keep the relevant excerpt visually faithful and do not invent or rewrite body text.

COMPOSITION: wide horizontal authentic excerpt across upper half; condensed headline above-left; one clipped corner/tab; black textured negative space below for captions.
THEMATIC ELEMENTS: short authentic message excerpt, one highlight strip, paperclip/document edge. Add only scene-relevant paper/folder/tab/clip/map/timeline/evidence details. Keep the recurring WHAT IT COST visual grammar, but do not copy the exact neighboring layout.
STYLE: premium investigative business documentary; black/charcoal textured field, warm paper materials, paper-white typography, restrained signal red, rare muted antique-gold only when useful. Condensed bold display typography + clean sans-serif support. Cinematic editorial hierarchy, deliberate negative space, authentic-source-first look. No generic law-firm aesthetic.

SUBTITLE SAFE — HARD: reserve at least the bottom 20% of the 16:9 frame, target 22% for safety. That lower band must be visually quiet and contain NO essential headline, exact quote, amount, face/eyes, evidence object, source label, legal caveat, map endpoint or diagram node. All critical content must live above that band.

TEXT RULE: render only the exact short on-image text ""“WHATEVER IT TAKES.”"" plus a factual source/date/role label only when supported by the attached source. Do not add invented captions, decorative microcopy, fake source metadata or filler text. For money/legal-status beats, numbers and qualifiers must be exact.
LEGAL / FACTUAL GUARDRAIL: None beyond the locked narration.

VARIATION RULE: keep the same channel identity as the attached style reference while changing source crop, focal placement, paper layering and thematic motif so adjacent beats do not feel like repeated templates.
FORBIDDEN FAILURES: dense fake document; gibberish pseudo-text; fabricated legal metadata; fake seal/stamp/signature; wrong source; source missing from final frame; empty placeholder slot; important content in subtitle band; red-dominant poster; horror/tabloid treatment; cluttered dashboard/card grid; unrelated thematic element; altered real-person expression; visual claim stronger than narration.

OUTPUT: one finished 16:9 montage-ready still, visually complete, source-based, subtitle-safe, and immediately usable under the locked narration.",READY_FOR_PROMPT_REVIEW_NOT_AUTHORIZED_FOR_GENERATION
B024,S03,190.560,194.220,SOURCE_STYLED_GENERATION,T02,dossier,R5_STYLE_DOSSIER,3f30e1ef-3a0e-4158-914f-70bb25fa30a4,OFFICE_INTERIOR_CC0.jpg;EBAY_HQ_2018_CC_BY_SA.jpg,Direct image refs: OFFICE_INTERIOR_CC0.jpg; EBAY_HQ_2018_CC_BY_SA.jpg.,Do not attach unrelated assets or any full-page text source outside the listed references.,THE ISSUE MOVED TOWARD SECURITY,stacked headline on left 30%; large real photo or source portrait in a paper frame center; narrow clipped status note on right; red tape strip above; subtle file-folder edge,"paper file-tab detail, restrained red accent, authentic source framing",BOTTOM_AT_LEAST_20_PERCENT_TARGET_22_PERCENT_VISUALLY_QUIET,None beyond the locked narration.,"BEAT_ID: B024
ROUTE: SOURCE_STYLED_GENERATION
FRAME_FAMILY: T02 / dossier
NARRATIVE_PURPOSE: Follow the escalation of internal communications into the security chain, alternating exact source excerpts, executive context and legal clarifiers.
VOICE_CONTEXT: ""Another executive relationship was pulling the issue toward security too.""
VIEWER_TAKEAWAY / EXACT ON-IMAGE TEXT: ""THE ISSUE MOVED TOWARD SECURITY""

ATTACH STYLE REFERENCE: R5_STYLE_DOSSIER — Higgsfield media_id 3f30e1ef-3a0e-4158-914f-70bb25fa30a4. Use it only as the channel style/composition reference: approved security/dossier reference: stacked headline at left, large framed source image on paper, clipped side note, small highlight strip, red tape accent, black textured field.
ATTACH SOURCE ASSETS: OFFICE_INTERIOR_CC0.jpg; EBAY_HQ_2018_CC_BY_SA.jpg.
SOURCE PREP BEFORE JOB: Direct image refs: OFFICE_INTERIOR_CC0.jpg; EBAY_HQ_2018_CC_BY_SA.jpg.
DO NOT ATTACH: Do not attach unrelated assets or any full-page text source outside the listed references.

FINAL FRAME MUST SHOW: the listed source material visibly inside the final image itself; this is not a blank plate and there is no later source-insertion pass. Preserve real object/photo identity. For authentic text/document crops, keep the relevant excerpt visually faithful and do not invent or rewrite body text.

COMPOSITION: stacked headline on left 30%; large real photo or source portrait in a paper frame center; narrow clipped status note on right; red tape strip above; subtle file-folder edge.
THEMATIC ELEMENTS: paper file-tab detail, restrained red accent, authentic source framing. Add only scene-relevant paper/folder/tab/clip/map/timeline/evidence details. Keep the recurring WHAT IT COST visual grammar, but do not copy the exact neighboring layout.
STYLE: premium investigative business documentary; black/charcoal textured field, warm paper materials, paper-white typography, restrained signal red, rare muted antique-gold only when useful. Condensed bold display typography + clean sans-serif support. Cinematic editorial hierarchy, deliberate negative space, authentic-source-first look. No generic law-firm aesthetic.

SUBTITLE SAFE — HARD: reserve at least the bottom 20% of the 16:9 frame, target 22% for safety. That lower band must be visually quiet and contain NO essential headline, exact quote, amount, face/eyes, evidence object, source label, legal caveat, map endpoint or diagram node. All critical content must live above that band.

TEXT RULE: render only the exact short on-image text ""THE ISSUE MOVED TOWARD SECURITY"" plus a factual source/date/role label only when supported by the attached source. Do not add invented captions, decorative microcopy, fake source metadata or filler text. For money/legal-status beats, numbers and qualifiers must be exact.
LEGAL / FACTUAL GUARDRAIL: None beyond the locked narration.

VARIATION RULE: keep the same channel identity as the attached style reference while changing source crop, focal placement, paper layering and thematic motif so adjacent beats do not feel like repeated templates.
FORBIDDEN FAILURES: dense fake document; gibberish pseudo-text; fabricated legal metadata; fake seal/stamp/signature; wrong source; source missing from final frame; empty placeholder slot; important content in subtitle band; red-dominant poster; horror/tabloid treatment; cluttered dashboard/card grid; unrelated thematic element; altered real-person expression; visual claim stronger than narration.

OUTPUT: one finished 16:9 montage-ready still, visually complete, source-based, subtitle-safe, and immediately usable under the locked narration.",READY_FOR_PROMPT_REVIEW_NOT_AUTHORIZED_FOR_GENERATION
B025,S03,194.950,204.200,SOURCE_NATIVE_EDITORIAL,T03,document,R5_STYLE_EVIDENCE,dd9e6d29-9423-461b-8888-ca89b476cb76,DC002_OFF_THE_RADAR.png,Direct image refs: DC002_OFF_THE_RADAR.png.,Do not attach unrelated assets or any full-page text source outside the listed references.,“OFF THE RADAR.”,single document crop mounted high-center on warm paper; headline upper-left; one yellow or red highlight over the exact relevant line; small source/date line above subtitle-safe zone,"short authentic message excerpt, one highlight strip, paperclip/document edge; court-document excerpt + clipped legal-status note",BOTTOM_AT_LEAST_20_PERCENT_TARGET_22_PERCENT_VISUALLY_QUIET,None beyond the locked narration.,"BEAT_ID: B025
ROUTE: SOURCE_NATIVE_EDITORIAL
FRAME_FAMILY: T03 / document
NARRATIVE_PURPOSE: Follow the escalation of internal communications into the security chain, alternating exact source excerpts, executive context and legal clarifiers.
VOICE_CONTEXT: ""Wendy Jones — Baugh's direct supervisor — told him, according to the court record, to handle the issue “off the radar” and said she did not want details.""
VIEWER_TAKEAWAY / EXACT ON-IMAGE TEXT: ""“OFF THE RADAR.”""

ATTACH STYLE REFERENCE: R5_STYLE_EVIDENCE — Higgsfield media_id dd9e6d29-9423-461b-8888-ca89b476cb76. Use it only as the channel style/composition reference: approved pig-mask evidence reference: dark textured black field, framed authentic evidence photo, large condensed headline, thin rules, small factual source label, restrained red dash.
ATTACH SOURCE ASSETS: DC002_OFF_THE_RADAR.png.
SOURCE PREP BEFORE JOB: Direct image refs: DC002_OFF_THE_RADAR.png.
DO NOT ATTACH: Do not attach unrelated assets or any full-page text source outside the listed references.

FINAL FRAME MUST SHOW: the listed source material visibly inside the final image itself; this is not a blank plate and there is no later source-insertion pass. Preserve real object/photo identity. For authentic text/document crops, keep the relevant excerpt visually faithful and do not invent or rewrite body text.

COMPOSITION: single document crop mounted high-center on warm paper; headline upper-left; one yellow or red highlight over the exact relevant line; small source/date line above subtitle-safe zone.
THEMATIC ELEMENTS: short authentic message excerpt, one highlight strip, paperclip/document edge; court-document excerpt + clipped legal-status note. Add only scene-relevant paper/folder/tab/clip/map/timeline/evidence details. Keep the recurring WHAT IT COST visual grammar, but do not copy the exact neighboring layout.
STYLE: premium investigative business documentary; black/charcoal textured field, warm paper materials, paper-white typography, restrained signal red, rare muted antique-gold only when useful. Condensed bold display typography + clean sans-serif support. Cinematic editorial hierarchy, deliberate negative space, authentic-source-first look. No generic law-firm aesthetic.

SUBTITLE SAFE — HARD: reserve at least the bottom 20% of the 16:9 frame, target 22% for safety. That lower band must be visually quiet and contain NO essential headline, exact quote, amount, face/eyes, evidence object, source label, legal caveat, map endpoint or diagram node. All critical content must live above that band.

TEXT RULE: render only the exact short on-image text ""“OFF THE RADAR.”"" plus a factual source/date/role label only when supported by the attached source. Do not add invented captions, decorative microcopy, fake source metadata or filler text. For money/legal-status beats, numbers and qualifiers must be exact.
LEGAL / FACTUAL GUARDRAIL: None beyond the locked narration.

VARIATION RULE: keep the same channel identity as the attached style reference while changing source crop, focal placement, paper layering and thematic motif so adjacent beats do not feel like repeated templates.
FORBIDDEN FAILURES: dense fake document; gibberish pseudo-text; fabricated legal metadata; fake seal/stamp/signature; wrong source; source missing from final frame; empty placeholder slot; important content in subtitle band; red-dominant poster; horror/tabloid treatment; cluttered dashboard/card grid; unrelated thematic element; altered real-person expression; visual claim stronger than narration.

OUTPUT: one finished 16:9 montage-ready still, visually complete, source-based, subtitle-safe, and immediately usable under the locked narration.",READY_FOR_PROMPT_REVIEW_NOT_AUTHORIZED_FOR_GENERATION
B026,S03,205.240,216.120,HYBRID_SOURCE_EDITORIAL,T02,dossier,R5_STYLE_DOSSIER,3f30e1ef-3a0e-4158-914f-70bb25fa30a4,S009_D711_SUMMARY_JUDGMENT_ORDER.pdf;OFFICE_INTERIOR_CC0.jpg,"Direct image refs: OFFICE_INTERIOR_CC0.jpg. Document refs: S009_D711_SUMMARY_JUDGMENT_ORDER.pdf — prepare a tight image crop of only the relevant page/paragraph before the Higgsfield job; preserve source pixels and exact wording, avoid whole-page density.","Do not attach raw/full text-heavy versions directly: S009_D711_SUMMARY_JUDGMENT_ORDER.pdf. Before generation, render/crop only the exact relevant page fragment or use an existing DC crop; never feed a whole dense legal page when a crop is available.",LEGAL LIMITATION,centered dossier sheet with one real photo and one short source crop; headline on left margin; small role/status tab; restrained red highlight on only one factual phrase,"publication/editorial paper cue, article/page edge, not generic courtroom imagery",BOTTOM_AT_LEAST_20_PERCENT_TARGET_22_PERCENT_VISUALLY_QUIET,None beyond the locked narration.,"BEAT_ID: B026
ROUTE: HYBRID_SOURCE_EDITORIAL
FRAME_FAMILY: T02 / dossier
NARRATIVE_PURPOSE: Follow the escalation of internal communications into the security chain, alternating exact source excerpts, executive context and legal clarifiers.
VOICE_CONTEXT: ""That is not the same as a finding that Jones knew what the security team would later do. But by this point, criticism from two publishers was no longer being discussed only as a communications problem.""
VIEWER_TAKEAWAY / EXACT ON-IMAGE TEXT: ""LEGAL LIMITATION""

ATTACH STYLE REFERENCE: R5_STYLE_DOSSIER — Higgsfield media_id 3f30e1ef-3a0e-4158-914f-70bb25fa30a4. Use it only as the channel style/composition reference: approved security/dossier reference: stacked headline at left, large framed source image on paper, clipped side note, small highlight strip, red tape accent, black textured field.
ATTACH SOURCE ASSETS: S009_D711_SUMMARY_JUDGMENT_ORDER.pdf; OFFICE_INTERIOR_CC0.jpg.
SOURCE PREP BEFORE JOB: Direct image refs: OFFICE_INTERIOR_CC0.jpg. Document refs: S009_D711_SUMMARY_JUDGMENT_ORDER.pdf — prepare a tight image crop of only the relevant page/paragraph before the Higgsfield job; preserve source pixels and exact wording, avoid whole-page density.
DO NOT ATTACH: Do not attach raw/full text-heavy versions directly: S009_D711_SUMMARY_JUDGMENT_ORDER.pdf. Before generation, render/crop only the exact relevant page fragment or use an existing DC crop; never feed a whole dense legal page when a crop is available.

FINAL FRAME MUST SHOW: the listed source material visibly inside the final image itself; this is not a blank plate and there is no later source-insertion pass. Preserve real object/photo identity. For authentic text/document crops, keep the relevant excerpt visually faithful and do not invent or rewrite body text.

COMPOSITION: centered dossier sheet with one real photo and one short source crop; headline on left margin; small role/status tab; restrained red highlight on only one factual phrase.
THEMATIC ELEMENTS: publication/editorial paper cue, article/page edge, not generic courtroom imagery. Add only scene-relevant paper/folder/tab/clip/map/timeline/evidence details. Keep the recurring WHAT IT COST visual grammar, but do not copy the exact neighboring layout.
STYLE: premium investigative business documentary; black/charcoal textured field, warm paper materials, paper-white typography, restrained signal red, rare muted antique-gold only when useful. Condensed bold display typography + clean sans-serif support. Cinematic editorial hierarchy, deliberate negative space, authentic-source-first look. No generic law-firm aesthetic.

SUBTITLE SAFE — HARD: reserve at least the bottom 20% of the 16:9 frame, target 22% for safety. That lower band must be visually quiet and contain NO essential headline, exact quote, amount, face/eyes, evidence object, source label, legal caveat, map endpoint or diagram node. All critical content must live above that band.

TEXT RULE: render only the exact short on-image text ""LEGAL LIMITATION"" plus a factual source/date/role label only when supported by the attached source. Do not add invented captions, decorative microcopy, fake source metadata or filler text. For money/legal-status beats, numbers and qualifiers must be exact.
LEGAL / FACTUAL GUARDRAIL: None beyond the locked narration.

VARIATION RULE: keep the same channel identity as the attached style reference while changing source crop, focal placement, paper layering and thematic motif so adjacent beats do not feel like repeated templates.
FORBIDDEN FAILURES: dense fake document; gibberish pseudo-text; fabricated legal metadata; fake seal/stamp/signature; wrong source; source missing from final frame; empty placeholder slot; important content in subtitle band; red-dominant poster; horror/tabloid treatment; cluttered dashboard/card grid; unrelated thematic element; altered real-person expression; visual claim stronger than narration.

OUTPUT: one finished 16:9 montage-ready still, visually complete, source-based, subtitle-safe, and immediately usable under the locked narration.",READY_FOR_PROMPT_REVIEW_NOT_AUTHORIZED_FOR_GENERATION
B027,S03,216.740,218.300,SOURCE_STYLED_GENERATION,T01,evidence,R5_STYLE_EVIDENCE,dd9e6d29-9423-461b-8888-ca89b476cb76,OFFICE_INTERIOR_CC0.jpg;EBAY_HQ_2018_CC_BY_SA.jpg,Direct image refs: OFFICE_INTERIOR_CC0.jpg; EBAY_HQ_2018_CC_BY_SA.jpg.,Do not attach unrelated assets or any full-page text source outside the listed references.,INTO THE SECURITY CHAIN,full-width source strip across upper 60%; headline block at lower-left but entirely above subtitle-safe band; one tiny source/date tag; restrained paper edge and red tick,"paper file-tab detail, restrained red accent, authentic source framing",BOTTOM_AT_LEAST_20_PERCENT_TARGET_22_PERCENT_VISUALLY_QUIET,None beyond the locked narration.,"BEAT_ID: B027
ROUTE: SOURCE_STYLED_GENERATION
FRAME_FAMILY: T01 / evidence
NARRATIVE_PURPOSE: Follow the escalation of internal communications into the security chain, alternating exact source excerpts, executive context and legal clarifiers.
VOICE_CONTEXT: ""It had entered the security chain.""
VIEWER_TAKEAWAY / EXACT ON-IMAGE TEXT: ""INTO THE SECURITY CHAIN""

ATTACH STYLE REFERENCE: R5_STYLE_EVIDENCE — Higgsfield media_id dd9e6d29-9423-461b-8888-ca89b476cb76. Use it only as the channel style/composition reference: approved pig-mask evidence reference: dark textured black field, framed authentic evidence photo, large condensed headline, thin rules, small factual source label, restrained red dash.
ATTACH SOURCE ASSETS: OFFICE_INTERIOR_CC0.jpg; EBAY_HQ_2018_CC_BY_SA.jpg.
SOURCE PREP BEFORE JOB: Direct image refs: OFFICE_INTERIOR_CC0.jpg; EBAY_HQ_2018_CC_BY_SA.jpg.
DO NOT ATTACH: Do not attach unrelated assets or any full-page text source outside the listed references.

FINAL FRAME MUST SHOW: the listed source material visibly inside the final image itself; this is not a blank plate and there is no later source-insertion pass. Preserve real object/photo identity. For authentic text/document crops, keep the relevant excerpt visually faithful and do not invent or rewrite body text.

COMPOSITION: full-width source strip across upper 60%; headline block at lower-left but entirely above subtitle-safe band; one tiny source/date tag; restrained paper edge and red tick.
THEMATIC ELEMENTS: paper file-tab detail, restrained red accent, authentic source framing. Add only scene-relevant paper/folder/tab/clip/map/timeline/evidence details. Keep the recurring WHAT IT COST visual grammar, but do not copy the exact neighboring layout.
STYLE: premium investigative business documentary; black/charcoal textured field, warm paper materials, paper-white typography, restrained signal red, rare muted antique-gold only when useful. Condensed bold display typography + clean sans-serif support. Cinematic editorial hierarchy, deliberate negative space, authentic-source-first look. No generic law-firm aesthetic.

SUBTITLE SAFE — HARD: reserve at least the bottom 20% of the 16:9 frame, target 22% for safety. That lower band must be visually quiet and contain NO essential headline, exact quote, amount, face/eyes, evidence object, source label, legal caveat, map endpoint or diagram node. All critical content must live above that band.

TEXT RULE: render only the exact short on-image text ""INTO THE SECURITY CHAIN"" plus a factual source/date/role label only when supported by the attached source. Do not add invented captions, decorative microcopy, fake source metadata or filler text. For money/legal-status beats, numbers and qualifiers must be exact.
LEGAL / FACTUAL GUARDRAIL: None beyond the locked narration.

VARIATION RULE: keep the same channel identity as the attached style reference while changing source crop, focal placement, paper layering and thematic motif so adjacent beats do not feel like repeated templates.
FORBIDDEN FAILURES: dense fake document; gibberish pseudo-text; fabricated legal metadata; fake seal/stamp/signature; wrong source; source missing from final frame; empty placeholder slot; important content in subtitle band; red-dominant poster; horror/tabloid treatment; cluttered dashboard/card grid; unrelated thematic element; altered real-person expression; visual claim stronger than narration.

OUTPUT: one finished 16:9 montage-ready still, visually complete, source-based, subtitle-safe, and immediately usable under the locked narration.",READY_FOR_PROMPT_REVIEW_NOT_AUTHORIZED_FOR_GENERATION
B028,S04,219.200,226.140,SOURCE_STYLED_GENERATION,T02,dossier,R5_STYLE_DOSSIER,3f30e1ef-3a0e-4158-914f-70bb25fa30a4,NATICK_CENTER_2020_CC_BY_SA.jpg;MASSACHUSETTS_FENCE_CC0.jpg;DC005_FIDOMASTER_JUNE8.png,Direct image refs: NATICK_CENTER_2020_CC_BY_SA.jpg; MASSACHUSETTS_FENCE_CC0.jpg; DC005_FIDOMASTER_JUNE8.png.,Do not attach unrelated assets or any full-page text source outside the listed references.,MASSACHUSETTS — BEFORE AUGUST 2019,stacked headline on left 30%; large real photo or source portrait in a paper frame center; narrow clipped status note on right; red tape strip above; subtle file-folder edge,Massachusetts paper silhouette or Natick location cue; operation timeline/map cue with restrained route line,BOTTOM_AT_LEAST_20_PERCENT_TARGET_22_PERCENT_VISUALLY_QUIET,None beyond the locked narration.,"BEAT_ID: B028
ROUTE: SOURCE_STYLED_GENERATION
FRAME_FAMILY: T02 / dossier
NARRATIVE_PURPOSE: Show the transition from an early Massachusetts trip and FidoMaster clue into organized operation planning.
VOICE_CONTEXT: ""Before the most notorious phase of the campaign, members of Baugh's security operation had already traveled to Massachusetts.""
VIEWER_TAKEAWAY / EXACT ON-IMAGE TEXT: ""MASSACHUSETTS — BEFORE AUGUST 2019""

ATTACH STYLE REFERENCE: R5_STYLE_DOSSIER — Higgsfield media_id 3f30e1ef-3a0e-4158-914f-70bb25fa30a4. Use it only as the channel style/composition reference: approved security/dossier reference: stacked headline at left, large framed source image on paper, clipped side note, small highlight strip, red tape accent, black textured field.
ATTACH SOURCE ASSETS: NATICK_CENTER_2020_CC_BY_SA.jpg; MASSACHUSETTS_FENCE_CC0.jpg; DC005_FIDOMASTER_JUNE8.png.
SOURCE PREP BEFORE JOB: Direct image refs: NATICK_CENTER_2020_CC_BY_SA.jpg; MASSACHUSETTS_FENCE_CC0.jpg; DC005_FIDOMASTER_JUNE8.png.
DO NOT ATTACH: Do not attach unrelated assets or any full-page text source outside the listed references.

FINAL FRAME MUST SHOW: the listed source material visibly inside the final image itself; this is not a blank plate and there is no later source-insertion pass. Preserve real object/photo identity. For authentic text/document crops, keep the relevant excerpt visually faithful and do not invent or rewrite body text.

COMPOSITION: stacked headline on left 30%; large real photo or source portrait in a paper frame center; narrow clipped status note on right; red tape strip above; subtle file-folder edge.
THEMATIC ELEMENTS: Massachusetts paper silhouette or Natick location cue; operation timeline/map cue with restrained route line. Add only scene-relevant paper/folder/tab/clip/map/timeline/evidence details. Keep the recurring WHAT IT COST visual grammar, but do not copy the exact neighboring layout.
STYLE: premium investigative business documentary; black/charcoal textured field, warm paper materials, paper-white typography, restrained signal red, rare muted antique-gold only when useful. Condensed bold display typography + clean sans-serif support. Cinematic editorial hierarchy, deliberate negative space, authentic-source-first look. No generic law-firm aesthetic.

SUBTITLE SAFE — HARD: reserve at least the bottom 20% of the 16:9 frame, target 22% for safety. That lower band must be visually quiet and contain NO essential headline, exact quote, amount, face/eyes, evidence object, source label, legal caveat, map endpoint or diagram node. All critical content must live above that band.

TEXT RULE: render only the exact short on-image text ""MASSACHUSETTS — BEFORE AUGUST 2019"" plus a factual source/date/role label only when supported by the attached source. Do not add invented captions, decorative microcopy, fake source metadata or filler text. For money/legal-status beats, numbers and qualifiers must be exact.
LEGAL / FACTUAL GUARDRAIL: None beyond the locked narration.

VARIATION RULE: keep the same channel identity as the attached style reference while changing source crop, focal placement, paper layering and thematic motif so adjacent beats do not feel like repeated templates.
FORBIDDEN FAILURES: dense fake document; gibberish pseudo-text; fabricated legal metadata; fake seal/stamp/signature; wrong source; source missing from final frame; empty placeholder slot; important content in subtitle band; red-dominant poster; horror/tabloid treatment; cluttered dashboard/card grid; unrelated thematic element; altered real-person expression; visual claim stronger than narration.

OUTPUT: one finished 16:9 montage-ready still, visually complete, source-based, subtitle-safe, and immediately usable under the locked narration.",READY_FOR_PROMPT_REVIEW_NOT_AUTHORIZED_FOR_GENERATION
B029,S04,227.160,241.820,SOURCE_STYLED_GENERATION,T01,evidence,R5_STYLE_EVIDENCE,dd9e6d29-9423-461b-8888-ca89b476cb76,DC005_FIDOMASTER_JUNE8.png;MASSACHUSETTS_FENCE_CC0.jpg,Direct image refs: DC005_FIDOMASTER_JUNE8.png; MASSACHUSETTS_FENCE_CC0.jpg.,Do not attach unrelated assets or any full-page text source outside the listed references.,FIDOMASTER,hero evidence object centered high on a warm-paper mount; headline upper-left; compact source label above; small red underline; faint secondary evidence edge behind the hero,"publication/editorial paper cue, article/page edge, not generic courtroom imagery",BOTTOM_AT_LEAST_20_PERCENT_TARGET_22_PERCENT_VISUALLY_QUIET,None beyond the locked narration.,"BEAT_ID: B029
ROUTE: SOURCE_STYLED_GENERATION
FRAME_FAMILY: T01 / evidence
NARRATIVE_PURPOSE: Show the transition from an early Massachusetts trip and FidoMaster clue into organized operation planning.
VOICE_CONTEXT: ""During an early trip, security employee Brian Gilbert surveilled the Steiners and spray-painted “FidoMaster” on their fence — a username used by a commenter on EcommerceBytes whom the security team believed was connected to the Steiners.""
VIEWER_TAKEAWAY / EXACT ON-IMAGE TEXT: ""FIDOMASTER""

ATTACH STYLE REFERENCE: R5_STYLE_EVIDENCE — Higgsfield media_id dd9e6d29-9423-461b-8888-ca89b476cb76. Use it only as the channel style/composition reference: approved pig-mask evidence reference: dark textured black field, framed authentic evidence photo, large condensed headline, thin rules, small factual source label, restrained red dash.
ATTACH SOURCE ASSETS: DC005_FIDOMASTER_JUNE8.png; MASSACHUSETTS_FENCE_CC0.jpg.
SOURCE PREP BEFORE JOB: Direct image refs: DC005_FIDOMASTER_JUNE8.png; MASSACHUSETTS_FENCE_CC0.jpg.
DO NOT ATTACH: Do not attach unrelated assets or any full-page text source outside the listed references.

FINAL FRAME MUST SHOW: the listed source material visibly inside the final image itself; this is not a blank plate and there is no later source-insertion pass. Preserve real object/photo identity. For authentic text/document crops, keep the relevant excerpt visually faithful and do not invent or rewrite body text.

COMPOSITION: hero evidence object centered high on a warm-paper mount; headline upper-left; compact source label above; small red underline; faint secondary evidence edge behind the hero.
THEMATIC ELEMENTS: publication/editorial paper cue, article/page edge, not generic courtroom imagery. Add only scene-relevant paper/folder/tab/clip/map/timeline/evidence details. Keep the recurring WHAT IT COST visual grammar, but do not copy the exact neighboring layout.
STYLE: premium investigative business documentary; black/charcoal textured field, warm paper materials, paper-white typography, restrained signal red, rare muted antique-gold only when useful. Condensed bold display typography + clean sans-serif support. Cinematic editorial hierarchy, deliberate negative space, authentic-source-first look. No generic law-firm aesthetic.

SUBTITLE SAFE — HARD: reserve at least the bottom 20% of the 16:9 frame, target 22% for safety. That lower band must be visually quiet and contain NO essential headline, exact quote, amount, face/eyes, evidence object, source label, legal caveat, map endpoint or diagram node. All critical content must live above that band.

TEXT RULE: render only the exact short on-image text ""FIDOMASTER"" plus a factual source/date/role label only when supported by the attached source. Do not add invented captions, decorative microcopy, fake source metadata or filler text. For money/legal-status beats, numbers and qualifiers must be exact.
LEGAL / FACTUAL GUARDRAIL: None beyond the locked narration.

VARIATION RULE: keep the same channel identity as the attached style reference while changing source crop, focal placement, paper layering and thematic motif so adjacent beats do not feel like repeated templates.
FORBIDDEN FAILURES: dense fake document; gibberish pseudo-text; fabricated legal metadata; fake seal/stamp/signature; wrong source; source missing from final frame; empty placeholder slot; important content in subtitle band; red-dominant poster; horror/tabloid treatment; cluttered dashboard/card grid; unrelated thematic element; altered real-person expression; visual claim stronger than narration.

OUTPUT: one finished 16:9 montage-ready still, visually complete, source-based, subtitle-safe, and immediately usable under the locked narration.",READY_FOR_PROMPT_REVIEW_NOT_AUTHORIZED_FOR_GENERATION
B030,S04,242.560,252.480,SOURCE_STYLED_GENERATION,T02,dossier,R5_STYLE_DOSSIER,3f30e1ef-3a0e-4158-914f-70bb25fa30a4,DC005_FIDOMASTER_JUNE8.png;MASSACHUSETTS_FENCE_CC0.jpg;OFFICE_INTERIOR_CC0.jpg,Direct image refs: DC005_FIDOMASTER_JUNE8.png; MASSACHUSETTS_FENCE_CC0.jpg; OFFICE_INTERIOR_CC0.jpg.,Do not attach unrelated assets or any full-page text source outside the listed references.,“A TAP ON THE SHOULDER.”,centered dossier sheet with one real photo and one short source crop; headline on left margin; small role/status tab; restrained red highlight on only one factual phrase,"real eBay HQ/corporate context, subtle file-tab language",BOTTOM_AT_LEAST_20_PERCENT_TARGET_22_PERCENT_VISUALLY_QUIET,None beyond the locked narration.,"BEAT_ID: B030
ROUTE: SOURCE_STYLED_GENERATION
FRAME_FAMILY: T02 / dossier
NARRATIVE_PURPOSE: Show the transition from an early Massachusetts trip and FidoMaster clue into organized operation planning.
VOICE_CONTEXT: ""Baugh later described the trip to Wymer as a “tap on the shoulder.” That moment matters because it shows how the problem was being translated inside the company.""
VIEWER_TAKEAWAY / EXACT ON-IMAGE TEXT: ""“A TAP ON THE SHOULDER.”""

ATTACH STYLE REFERENCE: R5_STYLE_DOSSIER — Higgsfield media_id 3f30e1ef-3a0e-4158-914f-70bb25fa30a4. Use it only as the channel style/composition reference: approved security/dossier reference: stacked headline at left, large framed source image on paper, clipped side note, small highlight strip, red tape accent, black textured field.
ATTACH SOURCE ASSETS: DC005_FIDOMASTER_JUNE8.png; MASSACHUSETTS_FENCE_CC0.jpg; OFFICE_INTERIOR_CC0.jpg.
SOURCE PREP BEFORE JOB: Direct image refs: DC005_FIDOMASTER_JUNE8.png; MASSACHUSETTS_FENCE_CC0.jpg; OFFICE_INTERIOR_CC0.jpg.
DO NOT ATTACH: Do not attach unrelated assets or any full-page text source outside the listed references.

FINAL FRAME MUST SHOW: the listed source material visibly inside the final image itself; this is not a blank plate and there is no later source-insertion pass. Preserve real object/photo identity. For authentic text/document crops, keep the relevant excerpt visually faithful and do not invent or rewrite body text.

COMPOSITION: centered dossier sheet with one real photo and one short source crop; headline on left margin; small role/status tab; restrained red highlight on only one factual phrase.
THEMATIC ELEMENTS: real eBay HQ/corporate context, subtle file-tab language. Add only scene-relevant paper/folder/tab/clip/map/timeline/evidence details. Keep the recurring WHAT IT COST visual grammar, but do not copy the exact neighboring layout.
STYLE: premium investigative business documentary; black/charcoal textured field, warm paper materials, paper-white typography, restrained signal red, rare muted antique-gold only when useful. Condensed bold display typography + clean sans-serif support. Cinematic editorial hierarchy, deliberate negative space, authentic-source-first look. No generic law-firm aesthetic.

SUBTITLE SAFE — HARD: reserve at least the bottom 20% of the 16:9 frame, target 22% for safety. That lower band must be visually quiet and contain NO essential headline, exact quote, amount, face/eyes, evidence object, source label, legal caveat, map endpoint or diagram node. All critical content must live above that band.

TEXT RULE: render only the exact short on-image text ""“A TAP ON THE SHOULDER.”"" plus a factual source/date/role label only when supported by the attached source. Do not add invented captions, decorative microcopy, fake source metadata or filler text. For money/legal-status beats, numbers and qualifiers must be exact.
LEGAL / FACTUAL GUARDRAIL: None beyond the locked narration.

VARIATION RULE: keep the same channel identity as the attached style reference while changing source crop, focal placement, paper layering and thematic motif so adjacent beats do not feel like repeated templates.
FORBIDDEN FAILURES: dense fake document; gibberish pseudo-text; fabricated legal metadata; fake seal/stamp/signature; wrong source; source missing from final frame; empty placeholder slot; important content in subtitle band; red-dominant poster; horror/tabloid treatment; cluttered dashboard/card grid; unrelated thematic element; altered real-person expression; visual claim stronger than narration.

OUTPUT: one finished 16:9 montage-ready still, visually complete, source-based, subtitle-safe, and immediately usable under the locked narration.",READY_FOR_PROMPT_REVIEW_NOT_AUTHORIZED_FOR_GENERATION
B031,S04,253.440,262.820,SOURCE_STYLED_GENERATION,T03,document,R5_STYLE_EVIDENCE,dd9e6d29-9423-461b-8888-ca89b476cb76,DC001_CRUSH_THIS_LADY.png;DC003_TAKE_HER_DOWN.png;DC005_FIDOMASTER_JUNE8.png,Direct image refs: DC001_CRUSH_THIS_LADY.png; DC003_TAKE_HER_DOWN.png; DC005_FIDOMASTER_JUNE8.png.,Do not attach unrelated assets or any full-page text source outside the listed references.,ANGER → MESSAGES → ACTION,wide horizontal authentic excerpt across upper half; condensed headline above-left; one clipped corner/tab; black textured negative space below for captions,"short authentic message excerpt, one highlight strip, paperclip/document edge; publication/editorial paper cue, article/page edge, not generic courtroom imagery",BOTTOM_AT_LEAST_20_PERCENT_TARGET_22_PERCENT_VISUALLY_QUIET,None beyond the locked narration.,"BEAT_ID: B031
ROUTE: SOURCE_STYLED_GENERATION
FRAME_FAMILY: T03 / document
NARRATIVE_PURPOSE: Show the transition from an early Massachusetts trip and FidoMaster clue into organized operation planning.
VOICE_CONTEXT: ""At the top, there was anger about criticism. In the middle, increasingly forceful messages. At the security level, those messages were becoming action.""
VIEWER_TAKEAWAY / EXACT ON-IMAGE TEXT: ""ANGER → MESSAGES → ACTION""

ATTACH STYLE REFERENCE: R5_STYLE_EVIDENCE — Higgsfield media_id dd9e6d29-9423-461b-8888-ca89b476cb76. Use it only as the channel style/composition reference: approved pig-mask evidence reference: dark textured black field, framed authentic evidence photo, large condensed headline, thin rules, small factual source label, restrained red dash.
ATTACH SOURCE ASSETS: DC001_CRUSH_THIS_LADY.png; DC003_TAKE_HER_DOWN.png; DC005_FIDOMASTER_JUNE8.png.
SOURCE PREP BEFORE JOB: Direct image refs: DC001_CRUSH_THIS_LADY.png; DC003_TAKE_HER_DOWN.png; DC005_FIDOMASTER_JUNE8.png.
DO NOT ATTACH: Do not attach unrelated assets or any full-page text source outside the listed references.

FINAL FRAME MUST SHOW: the listed source material visibly inside the final image itself; this is not a blank plate and there is no later source-insertion pass. Preserve real object/photo identity. For authentic text/document crops, keep the relevant excerpt visually faithful and do not invent or rewrite body text.

COMPOSITION: wide horizontal authentic excerpt across upper half; condensed headline above-left; one clipped corner/tab; black textured negative space below for captions.
THEMATIC ELEMENTS: short authentic message excerpt, one highlight strip, paperclip/document edge; publication/editorial paper cue, article/page edge, not generic courtroom imagery. Add only scene-relevant paper/folder/tab/clip/map/timeline/evidence details. Keep the recurring WHAT IT COST visual grammar, but do not copy the exact neighboring layout.
STYLE: premium investigative business documentary; black/charcoal textured field, warm paper materials, paper-white typography, restrained signal red, rare muted antique-gold only when useful. Condensed bold display typography + clean sans-serif support. Cinematic editorial hierarchy, deliberate negative space, authentic-source-first look. No generic law-firm aesthetic.

SUBTITLE SAFE — HARD: reserve at least the bottom 20% of the 16:9 frame, target 22% for safety. That lower band must be visually quiet and contain NO essential headline, exact quote, amount, face/eyes, evidence object, source label, legal caveat, map endpoint or diagram node. All critical content must live above that band.

TEXT RULE: render only the exact short on-image text ""ANGER → MESSAGES → ACTION"" plus a factual source/date/role label only when supported by the attached source. Do not add invented captions, decorative microcopy, fake source metadata or filler text. For money/legal-status beats, numbers and qualifiers must be exact.
LEGAL / FACTUAL GUARDRAIL: None beyond the locked narration.

VARIATION RULE: keep the same channel identity as the attached style reference while changing source crop, focal placement, paper layering and thematic motif so adjacent beats do not feel like repeated templates.
FORBIDDEN FAILURES: dense fake document; gibberish pseudo-text; fabricated legal metadata; fake seal/stamp/signature; wrong source; source missing from final frame; empty placeholder slot; important content in subtitle band; red-dominant poster; horror/tabloid treatment; cluttered dashboard/card grid; unrelated thematic element; altered real-person expression; visual claim stronger than narration.

OUTPUT: one finished 16:9 montage-ready still, visually complete, source-based, subtitle-safe, and immediately usable under the locked narration.",READY_FOR_PROMPT_REVIEW_NOT_AUTHORIZED_FOR_GENERATION
B032,S04,263.740,273.040,SOURCE_STYLED_GENERATION,T02,dossier,R5_STYLE_DOSSIER,3f30e1ef-3a0e-4158-914f-70bb25fa30a4,S009_D711_SUMMARY_JUDGMENT_ORDER.pdf;OFFICE_INTERIOR_CC0.jpg,"Direct image refs: OFFICE_INTERIOR_CC0.jpg. Document refs: S009_D711_SUMMARY_JUDGMENT_ORDER.pdf — prepare a tight image crop of only the relevant page/paragraph before the Higgsfield job; preserve source pixels and exact wording, avoid whole-page density.","Do not attach raw/full text-heavy versions directly: S009_D711_SUMMARY_JUDGMENT_ORDER.pdf. Before generation, render/crop only the exact relevant page fragment or use an existing DC crop; never feed a whole dense legal page when a crop is available.","AUGUST 6, 2019 — OPERATION PLANNING",stacked headline on left 30%; large real photo or source portrait in a paper frame center; narrow clipped status note on right; red tape strip above; subtle file-folder edge,operation timeline/map cue with restrained route line,BOTTOM_AT_LEAST_20_PERCENT_TARGET_22_PERCENT_VISUALLY_QUIET,None beyond the locked narration.,"BEAT_ID: B032
ROUTE: SOURCE_STYLED_GENERATION
FRAME_FAMILY: T02 / dossier
NARRATIVE_PURPOSE: Show the transition from an early Massachusetts trip and FidoMaster clue into organized operation planning.
VOICE_CONTEXT: ""Then the process became more organized. On August sixth, Baugh held meetings with security-team members to plan an operation against the Steiners.""
VIEWER_TAKEAWAY / EXACT ON-IMAGE TEXT: ""AUGUST 6, 2019 — OPERATION PLANNING""

ATTACH STYLE REFERENCE: R5_STYLE_DOSSIER — Higgsfield media_id 3f30e1ef-3a0e-4158-914f-70bb25fa30a4. Use it only as the channel style/composition reference: approved security/dossier reference: stacked headline at left, large framed source image on paper, clipped side note, small highlight strip, red tape accent, black textured field.
ATTACH SOURCE ASSETS: S009_D711_SUMMARY_JUDGMENT_ORDER.pdf; OFFICE_INTERIOR_CC0.jpg.
SOURCE PREP BEFORE JOB: Direct image refs: OFFICE_INTERIOR_CC0.jpg. Document refs: S009_D711_SUMMARY_JUDGMENT_ORDER.pdf — prepare a tight image crop of only the relevant page/paragraph before the Higgsfield job; preserve source pixels and exact wording, avoid whole-page density.
DO NOT ATTACH: Do not attach raw/full text-heavy versions directly: S009_D711_SUMMARY_JUDGMENT_ORDER.pdf. Before generation, render/crop only the exact relevant page fragment or use an existing DC crop; never feed a whole dense legal page when a crop is available.

FINAL FRAME MUST SHOW: the listed source material visibly inside the final image itself; this is not a blank plate and there is no later source-insertion pass. Preserve real object/photo identity. For authentic text/document crops, keep the relevant excerpt visually faithful and do not invent or rewrite body text.

COMPOSITION: stacked headline on left 30%; large real photo or source portrait in a paper frame center; narrow clipped status note on right; red tape strip above; subtle file-folder edge.
THEMATIC ELEMENTS: operation timeline/map cue with restrained route line. Add only scene-relevant paper/folder/tab/clip/map/timeline/evidence details. Keep the recurring WHAT IT COST visual grammar, but do not copy the exact neighboring layout.
STYLE: premium investigative business documentary; black/charcoal textured field, warm paper materials, paper-white typography, restrained signal red, rare muted antique-gold only when useful. Condensed bold display typography + clean sans-serif support. Cinematic editorial hierarchy, deliberate negative space, authentic-source-first look. No generic law-firm aesthetic.

SUBTITLE SAFE — HARD: reserve at least the bottom 20% of the 16:9 frame, target 22% for safety. That lower band must be visually quiet and contain NO essential headline, exact quote, amount, face/eyes, evidence object, source label, legal caveat, map endpoint or diagram node. All critical content must live above that band.

TEXT RULE: render only the exact short on-image text ""AUGUST 6, 2019 — OPERATION PLANNING"" plus a factual source/date/role label only when supported by the attached source. Do not add invented captions, decorative microcopy, fake source metadata or filler text. For money/legal-status beats, numbers and qualifiers must be exact.
LEGAL / FACTUAL GUARDRAIL: None beyond the locked narration.

VARIATION RULE: keep the same channel identity as the attached style reference while changing source crop, focal placement, paper layering and thematic motif so adjacent beats do not feel like repeated templates.
FORBIDDEN FAILURES: dense fake document; gibberish pseudo-text; fabricated legal metadata; fake seal/stamp/signature; wrong source; source missing from final frame; empty placeholder slot; important content in subtitle band; red-dominant poster; horror/tabloid treatment; cluttered dashboard/card grid; unrelated thematic element; altered real-person expression; visual claim stronger than narration.

OUTPUT: one finished 16:9 montage-ready still, visually complete, source-based, subtitle-safe, and immediately usable under the locked narration.",READY_FOR_PROMPT_REVIEW_NOT_AUTHORIZED_FOR_GENERATION
B033,S04,273.860,283.080,SOURCE_STYLED_GENERATION,T02,dossier,R5_STYLE_DOSSIER,3f30e1ef-3a0e-4158-914f-70bb25fa30a4,PARCEL_CC0.webp;DC022_THREATENING_MESSAGES.png;OFFICE_INTERIOR_CC0.jpg,Direct image refs: PARCEL_CC0.webp; DC022_THREATENING_MESSAGES.png; OFFICE_INTERIOR_CC0.jpg.,Do not attach unrelated assets or any full-page text source outside the listed references.,THE OPERATION ACCELERATED,dominant source portrait/photo upper-right; left-side dossier headline and role/status line; one small authentic excerpt card beneath photo but above subtitle-safe band; thin rule divider,operation timeline/map cue with restrained route line,BOTTOM_AT_LEAST_20_PERCENT_TARGET_22_PERCENT_VISUALLY_QUIET,None beyond the locked narration.,"BEAT_ID: B033
ROUTE: SOURCE_STYLED_GENERATION
FRAME_FAMILY: T02 / dossier
NARRATIVE_PURPOSE: Show the transition from an early Massachusetts trip and FidoMaster clue into organized operation planning.
VOICE_CONTEXT: ""The plan included unwanted deliveries and online harassment. The next day, Baugh met with Wymer. And then the operation accelerated.""
VIEWER_TAKEAWAY / EXACT ON-IMAGE TEXT: ""THE OPERATION ACCELERATED""

ATTACH STYLE REFERENCE: R5_STYLE_DOSSIER — Higgsfield media_id 3f30e1ef-3a0e-4158-914f-70bb25fa30a4. Use it only as the channel style/composition reference: approved security/dossier reference: stacked headline at left, large framed source image on paper, clipped side note, small highlight strip, red tape accent, black textured field.
ATTACH SOURCE ASSETS: PARCEL_CC0.webp; DC022_THREATENING_MESSAGES.png; OFFICE_INTERIOR_CC0.jpg.
SOURCE PREP BEFORE JOB: Direct image refs: PARCEL_CC0.webp; DC022_THREATENING_MESSAGES.png; OFFICE_INTERIOR_CC0.jpg.
DO NOT ATTACH: Do not attach unrelated assets or any full-page text source outside the listed references.

FINAL FRAME MUST SHOW: the listed source material visibly inside the final image itself; this is not a blank plate and there is no later source-insertion pass. Preserve real object/photo identity. For authentic text/document crops, keep the relevant excerpt visually faithful and do not invent or rewrite body text.

COMPOSITION: dominant source portrait/photo upper-right; left-side dossier headline and role/status line; one small authentic excerpt card beneath photo but above subtitle-safe band; thin rule divider.
THEMATIC ELEMENTS: operation timeline/map cue with restrained route line. Add only scene-relevant paper/folder/tab/clip/map/timeline/evidence details. Keep the recurring WHAT IT COST visual grammar, but do not copy the exact neighboring layout.
STYLE: premium investigative business documentary; black/charcoal textured field, warm paper materials, paper-white typography, restrained signal red, rare muted antique-gold only when useful. Condensed bold display typography + clean sans-serif support. Cinematic editorial hierarchy, deliberate negative space, authentic-source-first look. No generic law-firm aesthetic.

SUBTITLE SAFE — HARD: reserve at least the bottom 20% of the 16:9 frame, target 22% for safety. That lower band must be visually quiet and contain NO essential headline, exact quote, amount, face/eyes, evidence object, source label, legal caveat, map endpoint or diagram node. All critical content must live above that band.

TEXT RULE: render only the exact short on-image text ""THE OPERATION ACCELERATED"" plus a factual source/date/role label only when supported by the attached source. Do not add invented captions, decorative microcopy, fake source metadata or filler text. For money/legal-status beats, numbers and qualifiers must be exact.
LEGAL / FACTUAL GUARDRAIL: None beyond the locked narration.

VARIATION RULE: keep the same channel identity as the attached style reference while changing source crop, focal placement, paper layering and thematic motif so adjacent beats do not feel like repeated templates.
FORBIDDEN FAILURES: dense fake document; gibberish pseudo-text; fabricated legal metadata; fake seal/stamp/signature; wrong source; source missing from final frame; empty placeholder slot; important content in subtitle band; red-dominant poster; horror/tabloid treatment; cluttered dashboard/card grid; unrelated thematic element; altered real-person expression; visual claim stronger than narration.

OUTPUT: one finished 16:9 montage-ready still, visually complete, source-based, subtitle-safe, and immediately usable under the locked narration.",READY_FOR_PROMPT_REVIEW_NOT_AUTHORIZED_FOR_GENERATION
B034,S05,284.180,293.200,SOURCE_STYLED_GENERATION,T03,document,R5_STYLE_EVIDENCE,dd9e6d29-9423-461b-8888-ca89b476cb76,DC022_THREATENING_MESSAGES.png;DOJ_FBI_PIG_MASK_AND_BOOK.jpg;COCKROACH_CC0.jpg;LARVAE_CC0.jpg,Direct image refs: DC022_THREATENING_MESSAGES.png; DOJ_FBI_PIG_MASK_AND_BOOK.jpg; COCKROACH_CC0.jpg; LARVAE_CC0.jpg.,Do not attach unrelated assets or any full-page text source outside the listed references.,THREATENING MESSAGES • LIVE INSECTS • PIG MASK,"source excerpt framed like a photographic evidence print, slightly offset; headline left or top-left; second tiny context image only if needed; no decorative body text","macro evidence-object treatment, clinical not horror; authentic pig-mask evidence image as hero, no gore embellishment; short authentic message excerpt, one highlight strip, paperclip/document edge",BOTTOM_AT_LEAST_20_PERCENT_TARGET_22_PERCENT_VISUALLY_QUIET,Authentic evidence without horror/gore treatment.,"BEAT_ID: B034
ROUTE: SOURCE_STYLED_GENERATION
FRAME_FAMILY: T03 / document
NARRATIVE_PURPOSE: Show the operation itself through concrete authentic harassment and surveillance evidence, building from deliveries to attempted GPS tracking and physical surveillance.
VOICE_CONTEXT: ""The Steiners began receiving threatening online messages and disturbing deliveries. The admitted record includes live insects and a bloody pig mask.""
VIEWER_TAKEAWAY / EXACT ON-IMAGE TEXT: ""THREATENING MESSAGES • LIVE INSECTS • PIG MASK""

ATTACH STYLE REFERENCE: R5_STYLE_EVIDENCE — Higgsfield media_id dd9e6d29-9423-461b-8888-ca89b476cb76. Use it only as the channel style/composition reference: approved pig-mask evidence reference: dark textured black field, framed authentic evidence photo, large condensed headline, thin rules, small factual source label, restrained red dash.
ATTACH SOURCE ASSETS: DC022_THREATENING_MESSAGES.png; DOJ_FBI_PIG_MASK_AND_BOOK.jpg; COCKROACH_CC0.jpg; LARVAE_CC0.jpg.
SOURCE PREP BEFORE JOB: Direct image refs: DC022_THREATENING_MESSAGES.png; DOJ_FBI_PIG_MASK_AND_BOOK.jpg; COCKROACH_CC0.jpg; LARVAE_CC0.jpg.
DO NOT ATTACH: Do not attach unrelated assets or any full-page text source outside the listed references.

FINAL FRAME MUST SHOW: the listed source material visibly inside the final image itself; this is not a blank plate and there is no later source-insertion pass. Preserve real object/photo identity. For authentic text/document crops, keep the relevant excerpt visually faithful and do not invent or rewrite body text.

COMPOSITION: source excerpt framed like a photographic evidence print, slightly offset; headline left or top-left; second tiny context image only if needed; no decorative body text.
THEMATIC ELEMENTS: macro evidence-object treatment, clinical not horror; authentic pig-mask evidence image as hero, no gore embellishment; short authentic message excerpt, one highlight strip, paperclip/document edge. Add only scene-relevant paper/folder/tab/clip/map/timeline/evidence details. Keep the recurring WHAT IT COST visual grammar, but do not copy the exact neighboring layout.
STYLE: premium investigative business documentary; black/charcoal textured field, warm paper materials, paper-white typography, restrained signal red, rare muted antique-gold only when useful. Condensed bold display typography + clean sans-serif support. Cinematic editorial hierarchy, deliberate negative space, authentic-source-first look. No generic law-firm aesthetic.

SUBTITLE SAFE — HARD: reserve at least the bottom 20% of the 16:9 frame, target 22% for safety. That lower band must be visually quiet and contain NO essential headline, exact quote, amount, face/eyes, evidence object, source label, legal caveat, map endpoint or diagram node. All critical content must live above that band.

TEXT RULE: render only the exact short on-image text ""THREATENING MESSAGES • LIVE INSECTS • PIG MASK"" plus a factual source/date/role label only when supported by the attached source. Do not add invented captions, decorative microcopy, fake source metadata or filler text. For money/legal-status beats, numbers and qualifiers must be exact.
LEGAL / FACTUAL GUARDRAIL: Authentic evidence without horror/gore treatment.

VARIATION RULE: keep the same channel identity as the attached style reference while changing source crop, focal placement, paper layering and thematic motif so adjacent beats do not feel like repeated templates.
FORBIDDEN FAILURES: dense fake document; gibberish pseudo-text; fabricated legal metadata; fake seal/stamp/signature; wrong source; source missing from final frame; empty placeholder slot; important content in subtitle band; red-dominant poster; horror/tabloid treatment; cluttered dashboard/card grid; unrelated thematic element; altered real-person expression; visual claim stronger than narration.

OUTPUT: one finished 16:9 montage-ready still, visually complete, source-based, subtitle-safe, and immediately usable under the locked narration.",READY_FOR_PROMPT_REVIEW_NOT_AUTHORIZED_FOR_GENERATION
B035,S05,294.220,300.920,SOURCE_STYLED_GENERATION,T03,document,R5_STYLE_EVIDENCE,dd9e6d29-9423-461b-8888-ca89b476cb76,DC021_CRAIGSLIST_HARASSMENT.png,Direct image refs: DC021_CRAIGSLIST_HARASSMENT.png.,Do not attach unrelated assets or any full-page text source outside the listed references.,CRAIGSLIST POSTS,wide horizontal authentic excerpt across upper half; condensed headline above-left; one clipped corner/tab; black textured negative space below for captions,"short authentic message excerpt, one highlight strip, paperclip/document edge",BOTTOM_AT_LEAST_20_PERCENT_TARGET_22_PERCENT_VISUALLY_QUIET,None beyond the locked narration.,"BEAT_ID: B035
ROUTE: SOURCE_STYLED_GENERATION
FRAME_FAMILY: T03 / document
NARRATIVE_PURPOSE: Show the operation itself through concrete authentic harassment and surveillance evidence, building from deliveries to attempted GPS tracking and physical surveillance.
VOICE_CONTEXT: ""There were also Craigslist posts designed to send strangers toward the Steiners and other messages intended to frighten them.""
VIEWER_TAKEAWAY / EXACT ON-IMAGE TEXT: ""CRAIGSLIST POSTS""

ATTACH STYLE REFERENCE: R5_STYLE_EVIDENCE — Higgsfield media_id dd9e6d29-9423-461b-8888-ca89b476cb76. Use it only as the channel style/composition reference: approved pig-mask evidence reference: dark textured black field, framed authentic evidence photo, large condensed headline, thin rules, small factual source label, restrained red dash.
ATTACH SOURCE ASSETS: DC021_CRAIGSLIST_HARASSMENT.png.
SOURCE PREP BEFORE JOB: Direct image refs: DC021_CRAIGSLIST_HARASSMENT.png.
DO NOT ATTACH: Do not attach unrelated assets or any full-page text source outside the listed references.

FINAL FRAME MUST SHOW: the listed source material visibly inside the final image itself; this is not a blank plate and there is no later source-insertion pass. Preserve real object/photo identity. For authentic text/document crops, keep the relevant excerpt visually faithful and do not invent or rewrite body text.

COMPOSITION: wide horizontal authentic excerpt across upper half; condensed headline above-left; one clipped corner/tab; black textured negative space below for captions.
THEMATIC ELEMENTS: short authentic message excerpt, one highlight strip, paperclip/document edge. Add only scene-relevant paper/folder/tab/clip/map/timeline/evidence details. Keep the recurring WHAT IT COST visual grammar, but do not copy the exact neighboring layout.
STYLE: premium investigative business documentary; black/charcoal textured field, warm paper materials, paper-white typography, restrained signal red, rare muted antique-gold only when useful. Condensed bold display typography + clean sans-serif support. Cinematic editorial hierarchy, deliberate negative space, authentic-source-first look. No generic law-firm aesthetic.

SUBTITLE SAFE — HARD: reserve at least the bottom 20% of the 16:9 frame, target 22% for safety. That lower band must be visually quiet and contain NO essential headline, exact quote, amount, face/eyes, evidence object, source label, legal caveat, map endpoint or diagram node. All critical content must live above that band.

TEXT RULE: render only the exact short on-image text ""CRAIGSLIST POSTS"" plus a factual source/date/role label only when supported by the attached source. Do not add invented captions, decorative microcopy, fake source metadata or filler text. For money/legal-status beats, numbers and qualifiers must be exact.
LEGAL / FACTUAL GUARDRAIL: None beyond the locked narration.

VARIATION RULE: keep the same channel identity as the attached style reference while changing source crop, focal placement, paper layering and thematic motif so adjacent beats do not feel like repeated templates.
FORBIDDEN FAILURES: dense fake document; gibberish pseudo-text; fabricated legal metadata; fake seal/stamp/signature; wrong source; source missing from final frame; empty placeholder slot; important content in subtitle band; red-dominant poster; horror/tabloid treatment; cluttered dashboard/card grid; unrelated thematic element; altered real-person expression; visual claim stronger than narration.

OUTPUT: one finished 16:9 montage-ready still, visually complete, source-based, subtitle-safe, and immediately usable under the locked narration.",READY_FOR_PROMPT_REVIEW_NOT_AUTHORIZED_FOR_GENERATION
B036,S05,301.780,308.420,SOURCE_STYLED_GENERATION,T01,evidence,R5_STYLE_EVIDENCE,dd9e6d29-9423-461b-8888-ca89b476cb76,DOJ_FBI_PIG_MASK_AND_BOOK.jpg;PARCEL_CC0.webp;DC022_THREATENING_MESSAGES.png,Direct image refs: DOJ_FBI_PIG_MASK_AND_BOOK.jpg; PARCEL_CC0.webp; DC022_THREATENING_MESSAGES.png.,Do not attach unrelated assets or any full-page text source outside the listed references.,"ORGANIZED, NOT RANDOM",large authentic source frame on the right two-thirds; oversized headline left; short red dash above headline; one thin horizontal rule; one small paper tab overlapping the source frame,"paper file-tab detail, restrained red accent, authentic source framing",BOTTOM_AT_LEAST_20_PERCENT_TARGET_22_PERCENT_VISUALLY_QUIET,None beyond the locked narration.,"BEAT_ID: B036
ROUTE: SOURCE_STYLED_GENERATION
FRAME_FAMILY: T01 / evidence
NARRATIVE_PURPOSE: Show the operation itself through concrete authentic harassment and surveillance evidence, building from deliveries to attempted GPS tracking and physical surveillance.
VOICE_CONTEXT: ""The details are bizarre enough to make the story feel almost unreal. But the key point is that this was organized.""
VIEWER_TAKEAWAY / EXACT ON-IMAGE TEXT: ""ORGANIZED, NOT RANDOM""

ATTACH STYLE REFERENCE: R5_STYLE_EVIDENCE — Higgsfield media_id dd9e6d29-9423-461b-8888-ca89b476cb76. Use it only as the channel style/composition reference: approved pig-mask evidence reference: dark textured black field, framed authentic evidence photo, large condensed headline, thin rules, small factual source label, restrained red dash.
ATTACH SOURCE ASSETS: DOJ_FBI_PIG_MASK_AND_BOOK.jpg; PARCEL_CC0.webp; DC022_THREATENING_MESSAGES.png.
SOURCE PREP BEFORE JOB: Direct image refs: DOJ_FBI_PIG_MASK_AND_BOOK.jpg; PARCEL_CC0.webp; DC022_THREATENING_MESSAGES.png.
DO NOT ATTACH: Do not attach unrelated assets or any full-page text source outside the listed references.

FINAL FRAME MUST SHOW: the listed source material visibly inside the final image itself; this is not a blank plate and there is no later source-insertion pass. Preserve real object/photo identity. For authentic text/document crops, keep the relevant excerpt visually faithful and do not invent or rewrite body text.

COMPOSITION: large authentic source frame on the right two-thirds; oversized headline left; short red dash above headline; one thin horizontal rule; one small paper tab overlapping the source frame.
THEMATIC ELEMENTS: paper file-tab detail, restrained red accent, authentic source framing. Add only scene-relevant paper/folder/tab/clip/map/timeline/evidence details. Keep the recurring WHAT IT COST visual grammar, but do not copy the exact neighboring layout.
STYLE: premium investigative business documentary; black/charcoal textured field, warm paper materials, paper-white typography, restrained signal red, rare muted antique-gold only when useful. Condensed bold display typography + clean sans-serif support. Cinematic editorial hierarchy, deliberate negative space, authentic-source-first look. No generic law-firm aesthetic.

SUBTITLE SAFE — HARD: reserve at least the bottom 20% of the 16:9 frame, target 22% for safety. That lower band must be visually quiet and contain NO essential headline, exact quote, amount, face/eyes, evidence object, source label, legal caveat, map endpoint or diagram node. All critical content must live above that band.

TEXT RULE: render only the exact short on-image text ""ORGANIZED, NOT RANDOM"" plus a factual source/date/role label only when supported by the attached source. Do not add invented captions, decorative microcopy, fake source metadata or filler text. For money/legal-status beats, numbers and qualifiers must be exact.
LEGAL / FACTUAL GUARDRAIL: None beyond the locked narration.

VARIATION RULE: keep the same channel identity as the attached style reference while changing source crop, focal placement, paper layering and thematic motif so adjacent beats do not feel like repeated templates.
FORBIDDEN FAILURES: dense fake document; gibberish pseudo-text; fabricated legal metadata; fake seal/stamp/signature; wrong source; source missing from final frame; empty placeholder slot; important content in subtitle band; red-dominant poster; horror/tabloid treatment; cluttered dashboard/card grid; unrelated thematic element; altered real-person expression; visual claim stronger than narration.

OUTPUT: one finished 16:9 montage-ready still, visually complete, source-based, subtitle-safe, and immediately usable under the locked narration.",READY_FOR_PROMPT_REVIEW_NOT_AUTHORIZED_FOR_GENERATION
B037,S05,309.400,318.820,SOURCE_STYLED_GENERATION,T06,timeline,R5_STYLE_MAP_LOCATION,aeaf1ee7-3e3d-42ba-b137-7eaa2218685e,OFFICE_INTERIOR_CC0.jpg;EBAY_HQ_2018_CC_BY_SA.jpg;PARCEL_CC0.webp,Direct image refs: OFFICE_INTERIOR_CC0.jpg; EBAY_HQ_2018_CC_BY_SA.jpg; PARCEL_CC0.webp.,Do not attach unrelated assets or any full-page text source outside the listed references.,PLANNING • TRAVEL • CORPORATE SECURITY,vertical chronology on left with one large date; authentic source/photo panel right; clipped note at upper-right; one red timeline marker; no crowded event list,"real eBay HQ/corporate context, subtle file-tab language; operation timeline/map cue with restrained route line",BOTTOM_AT_LEAST_20_PERCENT_TARGET_22_PERCENT_VISUALLY_QUIET,None beyond the locked narration.,"BEAT_ID: B037
ROUTE: SOURCE_STYLED_GENERATION
FRAME_FAMILY: T06 / timeline
NARRATIVE_PURPOSE: Show the operation itself through concrete authentic harassment and surveillance evidence, building from deliveries to attempted GPS tracking and physical surveillance.
VOICE_CONTEXT: ""People were planning activities, traveling, communicating, and using corporate-security personnel and resources around a campaign directed at two private citizens.""
VIEWER_TAKEAWAY / EXACT ON-IMAGE TEXT: ""PLANNING • TRAVEL • CORPORATE SECURITY""

ATTACH STYLE REFERENCE: R5_STYLE_MAP_LOCATION — Higgsfield media_id aeaf1ee7-3e3d-42ba-b137-7eaa2218685e. Use it only as the channel style/composition reference: approved Massachusetts reference: oversized white/red headline, paper map silhouette, real-location photo collage, manila-folder edge, restrained red target/route cue.
ATTACH SOURCE ASSETS: OFFICE_INTERIOR_CC0.jpg; EBAY_HQ_2018_CC_BY_SA.jpg; PARCEL_CC0.webp.
SOURCE PREP BEFORE JOB: Direct image refs: OFFICE_INTERIOR_CC0.jpg; EBAY_HQ_2018_CC_BY_SA.jpg; PARCEL_CC0.webp.
DO NOT ATTACH: Do not attach unrelated assets or any full-page text source outside the listed references.

FINAL FRAME MUST SHOW: the listed source material visibly inside the final image itself; this is not a blank plate and there is no later source-insertion pass. Preserve real object/photo identity. For authentic text/document crops, keep the relevant excerpt visually faithful and do not invent or rewrite body text.

COMPOSITION: vertical chronology on left with one large date; authentic source/photo panel right; clipped note at upper-right; one red timeline marker; no crowded event list.
THEMATIC ELEMENTS: real eBay HQ/corporate context, subtle file-tab language; operation timeline/map cue with restrained route line. Add only scene-relevant paper/folder/tab/clip/map/timeline/evidence details. Keep the recurring WHAT IT COST visual grammar, but do not copy the exact neighboring layout.
STYLE: premium investigative business documentary; black/charcoal textured field, warm paper materials, paper-white typography, restrained signal red, rare muted antique-gold only when useful. Condensed bold display typography + clean sans-serif support. Cinematic editorial hierarchy, deliberate negative space, authentic-source-first look. No generic law-firm aesthetic.

SUBTITLE SAFE — HARD: reserve at least the bottom 20% of the 16:9 frame, target 22% for safety. That lower band must be visually quiet and contain NO essential headline, exact quote, amount, face/eyes, evidence object, source label, legal caveat, map endpoint or diagram node. All critical content must live above that band.

TEXT RULE: render only the exact short on-image text ""PLANNING • TRAVEL • CORPORATE SECURITY"" plus a factual source/date/role label only when supported by the attached source. Do not add invented captions, decorative microcopy, fake source metadata or filler text. For money/legal-status beats, numbers and qualifiers must be exact.
LEGAL / FACTUAL GUARDRAIL: None beyond the locked narration.

VARIATION RULE: keep the same channel identity as the attached style reference while changing source crop, focal placement, paper layering and thematic motif so adjacent beats do not feel like repeated templates.
FORBIDDEN FAILURES: dense fake document; gibberish pseudo-text; fabricated legal metadata; fake seal/stamp/signature; wrong source; source missing from final frame; empty placeholder slot; important content in subtitle band; red-dominant poster; horror/tabloid treatment; cluttered dashboard/card grid; unrelated thematic element; altered real-person expression; visual claim stronger than narration.

OUTPUT: one finished 16:9 montage-ready still, visually complete, source-based, subtitle-safe, and immediately usable under the locked narration.",READY_FOR_PROMPT_REVIEW_NOT_AUTHORIZED_FOR_GENERATION
B038,S05,319.880,328.140,SOURCE_STYLED_GENERATION,T02,dossier,R5_STYLE_DOSSIER,3f30e1ef-3a0e-4158-914f-70bb25fa30a4,NATICK_CENTER_2020_CC_BY_SA.jpg;GENERIC_GPS_TRACKER_CC0.jpg,Direct image refs: NATICK_CENTER_2020_CC_BY_SA.jpg; GENERIC_GPS_TRACKER_CC0.jpg.,Do not attach unrelated assets or any full-page text source outside the listed references.,"AUGUST 15, 2019",centered dossier sheet with one real photo and one short source crop; headline on left margin; small role/status tab; restrained red highlight on only one factual phrase,operation timeline/map cue with restrained route line,BOTTOM_AT_LEAST_20_PERCENT_TARGET_22_PERCENT_VISUALLY_QUIET,None beyond the locked narration.,"BEAT_ID: B038
ROUTE: SOURCE_STYLED_GENERATION
FRAME_FAMILY: T02 / dossier
NARRATIVE_PURPOSE: Show the operation itself through concrete authentic harassment and surveillance evidence, building from deliveries to attempted GPS tracking and physical surveillance.
VOICE_CONTEXT: ""Then the line moved again. On August fifteenth, Baugh, David Harville and Veronica Zea traveled to the Steiners' area.""
VIEWER_TAKEAWAY / EXACT ON-IMAGE TEXT: ""AUGUST 15, 2019""

ATTACH STYLE REFERENCE: R5_STYLE_DOSSIER — Higgsfield media_id 3f30e1ef-3a0e-4158-914f-70bb25fa30a4. Use it only as the channel style/composition reference: approved security/dossier reference: stacked headline at left, large framed source image on paper, clipped side note, small highlight strip, red tape accent, black textured field.
ATTACH SOURCE ASSETS: NATICK_CENTER_2020_CC_BY_SA.jpg; GENERIC_GPS_TRACKER_CC0.jpg.
SOURCE PREP BEFORE JOB: Direct image refs: NATICK_CENTER_2020_CC_BY_SA.jpg; GENERIC_GPS_TRACKER_CC0.jpg.
DO NOT ATTACH: Do not attach unrelated assets or any full-page text source outside the listed references.

FINAL FRAME MUST SHOW: the listed source material visibly inside the final image itself; this is not a blank plate and there is no later source-insertion pass. Preserve real object/photo identity. For authentic text/document crops, keep the relevant excerpt visually faithful and do not invent or rewrite body text.

COMPOSITION: centered dossier sheet with one real photo and one short source crop; headline on left margin; small role/status tab; restrained red highlight on only one factual phrase.
THEMATIC ELEMENTS: operation timeline/map cue with restrained route line. Add only scene-relevant paper/folder/tab/clip/map/timeline/evidence details. Keep the recurring WHAT IT COST visual grammar, but do not copy the exact neighboring layout.
STYLE: premium investigative business documentary; black/charcoal textured field, warm paper materials, paper-white typography, restrained signal red, rare muted antique-gold only when useful. Condensed bold display typography + clean sans-serif support. Cinematic editorial hierarchy, deliberate negative space, authentic-source-first look. No generic law-firm aesthetic.

SUBTITLE SAFE — HARD: reserve at least the bottom 20% of the 16:9 frame, target 22% for safety. That lower band must be visually quiet and contain NO essential headline, exact quote, amount, face/eyes, evidence object, source label, legal caveat, map endpoint or diagram node. All critical content must live above that band.

TEXT RULE: render only the exact short on-image text ""AUGUST 15, 2019"" plus a factual source/date/role label only when supported by the attached source. Do not add invented captions, decorative microcopy, fake source metadata or filler text. For money/legal-status beats, numbers and qualifiers must be exact.
LEGAL / FACTUAL GUARDRAIL: None beyond the locked narration.

VARIATION RULE: keep the same channel identity as the attached style reference while changing source crop, focal placement, paper layering and thematic motif so adjacent beats do not feel like repeated templates.
FORBIDDEN FAILURES: dense fake document; gibberish pseudo-text; fabricated legal metadata; fake seal/stamp/signature; wrong source; source missing from final frame; empty placeholder slot; important content in subtitle band; red-dominant poster; horror/tabloid treatment; cluttered dashboard/card grid; unrelated thematic element; altered real-person expression; visual claim stronger than narration.

OUTPUT: one finished 16:9 montage-ready still, visually complete, source-based, subtitle-safe, and immediately usable under the locked narration.",READY_FOR_PROMPT_REVIEW_NOT_AUTHORIZED_FOR_GENERATION
B039,S05,328.940,337.480,SOURCE_STYLED_GENERATION,T03,document,R5_STYLE_EVIDENCE,dd9e6d29-9423-461b-8888-ca89b476cb76,DC006_DELIVERIES_GPS_ATTEMPT.png;DC007_GPS_GARAGE_ATTEMPT.png;GENERIC_GPS_TRACKER_CC0.jpg,Direct image refs: DC006_DELIVERIES_GPS_ATTEMPT.png; DC007_GPS_GARAGE_ATTEMPT.png; GENERIC_GPS_TRACKER_CC0.jpg.,Do not attach unrelated assets or any full-page text source outside the listed references.,GPS TRACKER ATTEMPT,wide horizontal authentic excerpt across upper half; condensed headline above-left; one clipped corner/tab; black textured negative space below for captions,tracker object + garage/delivery evidence cue; never depict it installed; court-document excerpt + clipped legal-status note,BOTTOM_AT_LEAST_20_PERCENT_TARGET_22_PERCENT_VISUALLY_QUIET,Tracker attempted; installation not established.,"BEAT_ID: B039
ROUTE: SOURCE_STYLED_GENERATION
FRAME_FAMILY: T03 / document
NARRATIVE_PURPOSE: Show the operation itself through concrete authentic harassment and surveillance evidence, building from deliveries to attempted GPS tracking and physical surveillance.
VOICE_CONTEXT: ""According to the federal court record, they attempted to install a G-P-S tracker on the Steiners' vehicle. They also surveilled and followed the couple.""
VIEWER_TAKEAWAY / EXACT ON-IMAGE TEXT: ""GPS TRACKER ATTEMPT""

ATTACH STYLE REFERENCE: R5_STYLE_EVIDENCE — Higgsfield media_id dd9e6d29-9423-461b-8888-ca89b476cb76. Use it only as the channel style/composition reference: approved pig-mask evidence reference: dark textured black field, framed authentic evidence photo, large condensed headline, thin rules, small factual source label, restrained red dash.
ATTACH SOURCE ASSETS: DC006_DELIVERIES_GPS_ATTEMPT.png; DC007_GPS_GARAGE_ATTEMPT.png; GENERIC_GPS_TRACKER_CC0.jpg.
SOURCE PREP BEFORE JOB: Direct image refs: DC006_DELIVERIES_GPS_ATTEMPT.png; DC007_GPS_GARAGE_ATTEMPT.png; GENERIC_GPS_TRACKER_CC0.jpg.
DO NOT ATTACH: Do not attach unrelated assets or any full-page text source outside the listed references.

FINAL FRAME MUST SHOW: the listed source material visibly inside the final image itself; this is not a blank plate and there is no later source-insertion pass. Preserve real object/photo identity. For authentic text/document crops, keep the relevant excerpt visually faithful and do not invent or rewrite body text.

COMPOSITION: wide horizontal authentic excerpt across upper half; condensed headline above-left; one clipped corner/tab; black textured negative space below for captions.
THEMATIC ELEMENTS: tracker object + garage/delivery evidence cue; never depict it installed; court-document excerpt + clipped legal-status note. Add only scene-relevant paper/folder/tab/clip/map/timeline/evidence details. Keep the recurring WHAT IT COST visual grammar, but do not copy the exact neighboring layout.
STYLE: premium investigative business documentary; black/charcoal textured field, warm paper materials, paper-white typography, restrained signal red, rare muted antique-gold only when useful. Condensed bold display typography + clean sans-serif support. Cinematic editorial hierarchy, deliberate negative space, authentic-source-first look. No generic law-firm aesthetic.

SUBTITLE SAFE — HARD: reserve at least the bottom 20% of the 16:9 frame, target 22% for safety. That lower band must be visually quiet and contain NO essential headline, exact quote, amount, face/eyes, evidence object, source label, legal caveat, map endpoint or diagram node. All critical content must live above that band.

TEXT RULE: render only the exact short on-image text ""GPS TRACKER ATTEMPT"" plus a factual source/date/role label only when supported by the attached source. Do not add invented captions, decorative microcopy, fake source metadata or filler text. For money/legal-status beats, numbers and qualifiers must be exact.
LEGAL / FACTUAL GUARDRAIL: Tracker attempted; installation not established.

VARIATION RULE: keep the same channel identity as the attached style reference while changing source crop, focal placement, paper layering and thematic motif so adjacent beats do not feel like repeated templates.
FORBIDDEN FAILURES: dense fake document; gibberish pseudo-text; fabricated legal metadata; fake seal/stamp/signature; wrong source; source missing from final frame; empty placeholder slot; important content in subtitle band; red-dominant poster; horror/tabloid treatment; cluttered dashboard/card grid; unrelated thematic element; altered real-person expression; visual claim stronger than narration.

OUTPUT: one finished 16:9 montage-ready still, visually complete, source-based, subtitle-safe, and immediately usable under the locked narration.",READY_FOR_PROMPT_REVIEW_NOT_AUTHORIZED_FOR_GENERATION
B040,S05,338.340,349.320,HYBRID_SOURCE_EDITORIAL,T01,evidence,R5_STYLE_EVIDENCE,dd9e6d29-9423-461b-8888-ca89b476cb76,DC007_GPS_GARAGE_ATTEMPT.png;GENERIC_GPS_TRACKER_CC0.jpg,Direct image refs: DC007_GPS_GARAGE_ATTEMPT.png; GENERIC_GPS_TRACKER_CC0.jpg.,Do not attach unrelated assets or any full-page text source outside the listed references.,ATTEMPTED — NOT INSTALLED,large authentic source frame on the right two-thirds; oversized headline left; short red dash above headline; one thin horizontal rule; one small paper tab overlapping the source frame,tracker object + garage/delivery evidence cue; never depict it installed,BOTTOM_AT_LEAST_20_PERCENT_TARGET_22_PERCENT_VISUALLY_QUIET,Tracker attempted; installation not established.,"BEAT_ID: B040
ROUTE: HYBRID_SOURCE_EDITORIAL
FRAME_FAMILY: T01 / evidence
NARRATIVE_PURPOSE: Show the operation itself through concrete authentic harassment and surveillance evidence, building from deliveries to attempted GPS tracking and physical surveillance.
VOICE_CONTEXT: ""The tracker was not established as successfully installed. But the attempt changed the nature of the story. This was no longer just anonymous online harassment or disturbing deliveries.""
VIEWER_TAKEAWAY / EXACT ON-IMAGE TEXT: ""ATTEMPTED — NOT INSTALLED""

ATTACH STYLE REFERENCE: R5_STYLE_EVIDENCE — Higgsfield media_id dd9e6d29-9423-461b-8888-ca89b476cb76. Use it only as the channel style/composition reference: approved pig-mask evidence reference: dark textured black field, framed authentic evidence photo, large condensed headline, thin rules, small factual source label, restrained red dash.
ATTACH SOURCE ASSETS: DC007_GPS_GARAGE_ATTEMPT.png; GENERIC_GPS_TRACKER_CC0.jpg.
SOURCE PREP BEFORE JOB: Direct image refs: DC007_GPS_GARAGE_ATTEMPT.png; GENERIC_GPS_TRACKER_CC0.jpg.
DO NOT ATTACH: Do not attach unrelated assets or any full-page text source outside the listed references.

FINAL FRAME MUST SHOW: the listed source material visibly inside the final image itself; this is not a blank plate and there is no later source-insertion pass. Preserve real object/photo identity. For authentic text/document crops, keep the relevant excerpt visually faithful and do not invent or rewrite body text.

COMPOSITION: large authentic source frame on the right two-thirds; oversized headline left; short red dash above headline; one thin horizontal rule; one small paper tab overlapping the source frame.
THEMATIC ELEMENTS: tracker object + garage/delivery evidence cue; never depict it installed. Add only scene-relevant paper/folder/tab/clip/map/timeline/evidence details. Keep the recurring WHAT IT COST visual grammar, but do not copy the exact neighboring layout.
STYLE: premium investigative business documentary; black/charcoal textured field, warm paper materials, paper-white typography, restrained signal red, rare muted antique-gold only when useful. Condensed bold display typography + clean sans-serif support. Cinematic editorial hierarchy, deliberate negative space, authentic-source-first look. No generic law-firm aesthetic.

SUBTITLE SAFE — HARD: reserve at least the bottom 20% of the 16:9 frame, target 22% for safety. That lower band must be visually quiet and contain NO essential headline, exact quote, amount, face/eyes, evidence object, source label, legal caveat, map endpoint or diagram node. All critical content must live above that band.

TEXT RULE: render only the exact short on-image text ""ATTEMPTED — NOT INSTALLED"" plus a factual source/date/role label only when supported by the attached source. Do not add invented captions, decorative microcopy, fake source metadata or filler text. For money/legal-status beats, numbers and qualifiers must be exact.
LEGAL / FACTUAL GUARDRAIL: Tracker attempted; installation not established.

VARIATION RULE: keep the same channel identity as the attached style reference while changing source crop, focal placement, paper layering and thematic motif so adjacent beats do not feel like repeated templates.
FORBIDDEN FAILURES: dense fake document; gibberish pseudo-text; fabricated legal metadata; fake seal/stamp/signature; wrong source; source missing from final frame; empty placeholder slot; important content in subtitle band; red-dominant poster; horror/tabloid treatment; cluttered dashboard/card grid; unrelated thematic element; altered real-person expression; visual claim stronger than narration.

OUTPUT: one finished 16:9 montage-ready still, visually complete, source-based, subtitle-safe, and immediately usable under the locked narration.",READY_FOR_PROMPT_REVIEW_NOT_AUTHORIZED_FOR_GENERATION
B041,S05,350.380,355.800,SOURCE_STYLED_GENERATION,T05,map_location,R5_STYLE_MAP_LOCATION,aeaf1ee7-3e3d-42ba-b137-7eaa2218685e,NATICK_CENTER_2020_CC_BY_SA.jpg;GENERIC_GPS_TRACKER_CC0.jpg,Direct image refs: NATICK_CENTER_2020_CC_BY_SA.jpg; GENERIC_GPS_TRACKER_CC0.jpg.,Do not attach unrelated assets or any full-page text source outside the listed references.,PHYSICAL SURVEILLANCE,real-location photo dominates top half; map silhouette and date marker on left; one small source/location label; clean bottom band,"investigation chronology cue, document edge, Natick context; operation timeline/map cue with restrained route line",BOTTOM_AT_LEAST_20_PERCENT_TARGET_22_PERCENT_VISUALLY_QUIET,None beyond the locked narration.,"BEAT_ID: B041
ROUTE: SOURCE_STYLED_GENERATION
FRAME_FAMILY: T05 / map_location
NARRATIVE_PURPOSE: Show the operation itself through concrete authentic harassment and surveillance evidence, building from deliveries to attempted GPS tracking and physical surveillance.
VOICE_CONTEXT: ""It had become a physical surveillance operation. And the next day, the Steiners went to the police.""
VIEWER_TAKEAWAY / EXACT ON-IMAGE TEXT: ""PHYSICAL SURVEILLANCE""

ATTACH STYLE REFERENCE: R5_STYLE_MAP_LOCATION — Higgsfield media_id aeaf1ee7-3e3d-42ba-b137-7eaa2218685e. Use it only as the channel style/composition reference: approved Massachusetts reference: oversized white/red headline, paper map silhouette, real-location photo collage, manila-folder edge, restrained red target/route cue.
ATTACH SOURCE ASSETS: NATICK_CENTER_2020_CC_BY_SA.jpg; GENERIC_GPS_TRACKER_CC0.jpg.
SOURCE PREP BEFORE JOB: Direct image refs: NATICK_CENTER_2020_CC_BY_SA.jpg; GENERIC_GPS_TRACKER_CC0.jpg.
DO NOT ATTACH: Do not attach unrelated assets or any full-page text source outside the listed references.

FINAL FRAME MUST SHOW: the listed source material visibly inside the final image itself; this is not a blank plate and there is no later source-insertion pass. Preserve real object/photo identity. For authentic text/document crops, keep the relevant excerpt visually faithful and do not invent or rewrite body text.

COMPOSITION: real-location photo dominates top half; map silhouette and date marker on left; one small source/location label; clean bottom band.
THEMATIC ELEMENTS: investigation chronology cue, document edge, Natick context; operation timeline/map cue with restrained route line. Add only scene-relevant paper/folder/tab/clip/map/timeline/evidence details. Keep the recurring WHAT IT COST visual grammar, but do not copy the exact neighboring layout.
STYLE: premium investigative business documentary; black/charcoal textured field, warm paper materials, paper-white typography, restrained signal red, rare muted antique-gold only when useful. Condensed bold display typography + clean sans-serif support. Cinematic editorial hierarchy, deliberate negative space, authentic-source-first look. No generic law-firm aesthetic.

SUBTITLE SAFE — HARD: reserve at least the bottom 20% of the 16:9 frame, target 22% for safety. That lower band must be visually quiet and contain NO essential headline, exact quote, amount, face/eyes, evidence object, source label, legal caveat, map endpoint or diagram node. All critical content must live above that band.

TEXT RULE: render only the exact short on-image text ""PHYSICAL SURVEILLANCE"" plus a factual source/date/role label only when supported by the attached source. Do not add invented captions, decorative microcopy, fake source metadata or filler text. For money/legal-status beats, numbers and qualifiers must be exact.
LEGAL / FACTUAL GUARDRAIL: None beyond the locked narration.

VARIATION RULE: keep the same channel identity as the attached style reference while changing source crop, focal placement, paper layering and thematic motif so adjacent beats do not feel like repeated templates.
FORBIDDEN FAILURES: dense fake document; gibberish pseudo-text; fabricated legal metadata; fake seal/stamp/signature; wrong source; source missing from final frame; empty placeholder slot; important content in subtitle band; red-dominant poster; horror/tabloid treatment; cluttered dashboard/card grid; unrelated thematic element; altered real-person expression; visual claim stronger than narration.

OUTPUT: one finished 16:9 montage-ready still, visually complete, source-based, subtitle-safe, and immediately usable under the locked narration.",READY_FOR_PROMPT_REVIEW_NOT_AUTHORIZED_FOR_GENERATION
B042,S06,356.860,366.060,SOURCE_STYLED_GENERATION,T06,timeline,R5_STYLE_MAP_LOCATION,aeaf1ee7-3e3d-42ba-b137-7eaa2218685e,DC023_OBSTRUCTION_DELETION.png;EBAY_HQ_2018_CC_BY_SA.jpg;NATICK_CENTER_2020_CC_BY_SA.jpg,Direct image refs: DC023_OBSTRUCTION_DELETION.png; EBAY_HQ_2018_CC_BY_SA.jpg; NATICK_CENTER_2020_CC_BY_SA.jpg.,Do not attach unrelated assets or any full-page text source outside the listed references.,"AUGUST 16, 2019 — POLICE INVESTIGATION",large event/date headline upper-left; two sequential source crops in staggered paper frames across top/right; thin connecting line; bottom kept empty,"Massachusetts paper silhouette or Natick location cue; investigation chronology cue, document edge, Natick context; operation timeline/map cue with restrained route line",BOTTOM_AT_LEAST_20_PERCENT_TARGET_22_PERCENT_VISUALLY_QUIET,None beyond the locked narration.,"BEAT_ID: B042
ROUTE: SOURCE_STYLED_GENERATION
FRAME_FAMILY: T06 / timeline
NARRATIVE_PURPOSE: Show the police/investigation pivot and the second layer of risk: obstruction, deletion, falsified records and internal discipline.
VOICE_CONTEXT: ""Natick police began investigating on August sixteenth, twenty nineteen. That should have ended the operation. Instead, it created a second problem.""
VIEWER_TAKEAWAY / EXACT ON-IMAGE TEXT: ""AUGUST 16, 2019 — POLICE INVESTIGATION""

ATTACH STYLE REFERENCE: R5_STYLE_MAP_LOCATION — Higgsfield media_id aeaf1ee7-3e3d-42ba-b137-7eaa2218685e. Use it only as the channel style/composition reference: approved Massachusetts reference: oversized white/red headline, paper map silhouette, real-location photo collage, manila-folder edge, restrained red target/route cue.
ATTACH SOURCE ASSETS: DC023_OBSTRUCTION_DELETION.png; EBAY_HQ_2018_CC_BY_SA.jpg; NATICK_CENTER_2020_CC_BY_SA.jpg.
SOURCE PREP BEFORE JOB: Direct image refs: DC023_OBSTRUCTION_DELETION.png; EBAY_HQ_2018_CC_BY_SA.jpg; NATICK_CENTER_2020_CC_BY_SA.jpg.
DO NOT ATTACH: Do not attach unrelated assets or any full-page text source outside the listed references.

FINAL FRAME MUST SHOW: the listed source material visibly inside the final image itself; this is not a blank plate and there is no later source-insertion pass. Preserve real object/photo identity. For authentic text/document crops, keep the relevant excerpt visually faithful and do not invent or rewrite body text.

COMPOSITION: large event/date headline upper-left; two sequential source crops in staggered paper frames across top/right; thin connecting line; bottom kept empty.
THEMATIC ELEMENTS: Massachusetts paper silhouette or Natick location cue; investigation chronology cue, document edge, Natick context; operation timeline/map cue with restrained route line. Add only scene-relevant paper/folder/tab/clip/map/timeline/evidence details. Keep the recurring WHAT IT COST visual grammar, but do not copy the exact neighboring layout.
STYLE: premium investigative business documentary; black/charcoal textured field, warm paper materials, paper-white typography, restrained signal red, rare muted antique-gold only when useful. Condensed bold display typography + clean sans-serif support. Cinematic editorial hierarchy, deliberate negative space, authentic-source-first look. No generic law-firm aesthetic.

SUBTITLE SAFE — HARD: reserve at least the bottom 20% of the 16:9 frame, target 22% for safety. That lower band must be visually quiet and contain NO essential headline, exact quote, amount, face/eyes, evidence object, source label, legal caveat, map endpoint or diagram node. All critical content must live above that band.

TEXT RULE: render only the exact short on-image text ""AUGUST 16, 2019 — POLICE INVESTIGATION"" plus a factual source/date/role label only when supported by the attached source. Do not add invented captions, decorative microcopy, fake source metadata or filler text. For money/legal-status beats, numbers and qualifiers must be exact.
LEGAL / FACTUAL GUARDRAIL: None beyond the locked narration.

VARIATION RULE: keep the same channel identity as the attached style reference while changing source crop, focal placement, paper layering and thematic motif so adjacent beats do not feel like repeated templates.
FORBIDDEN FAILURES: dense fake document; gibberish pseudo-text; fabricated legal metadata; fake seal/stamp/signature; wrong source; source missing from final frame; empty placeholder slot; important content in subtitle band; red-dominant poster; horror/tabloid treatment; cluttered dashboard/card grid; unrelated thematic element; altered real-person expression; visual claim stronger than narration.

OUTPUT: one finished 16:9 montage-ready still, visually complete, source-based, subtitle-safe, and immediately usable under the locked narration.",READY_FOR_PROMPT_REVIEW_NOT_AUTHORIZED_FOR_GENERATION
B043,S06,366.980,374.300,SOURCE_STYLED_GENERATION,T01,evidence,R5_STYLE_EVIDENCE,dd9e6d29-9423-461b-8888-ca89b476cb76,DC023_OBSTRUCTION_DELETION.png;EBAY_HQ_2018_CC_BY_SA.jpg;NATICK_CENTER_2020_CC_BY_SA.jpg,Direct image refs: DC023_OBSTRUCTION_DELETION.png; EBAY_HQ_2018_CC_BY_SA.jpg; NATICK_CENTER_2020_CC_BY_SA.jpg.,Do not attach unrelated assets or any full-page text source outside the listed references.,A SECOND PROBLEM,full-width source strip across upper 60%; headline block at lower-left but entirely above subtitle-safe band; one tiny source/date tag; restrained paper edge and red tick,"investigation chronology cue, document edge, Natick context",BOTTOM_AT_LEAST_20_PERCENT_TARGET_22_PERCENT_VISUALLY_QUIET,None beyond the locked narration.,"BEAT_ID: B043
ROUTE: SOURCE_STYLED_GENERATION
FRAME_FAMILY: T01 / evidence
NARRATIVE_PURPOSE: Show the police/investigation pivot and the second layer of risk: obstruction, deletion, falsified records and internal discipline.
VOICE_CONTEXT: ""The first was what the security team had done. The second was what members of that team did once investigators started asking questions.""
VIEWER_TAKEAWAY / EXACT ON-IMAGE TEXT: ""A SECOND PROBLEM""

ATTACH STYLE REFERENCE: R5_STYLE_EVIDENCE — Higgsfield media_id dd9e6d29-9423-461b-8888-ca89b476cb76. Use it only as the channel style/composition reference: approved pig-mask evidence reference: dark textured black field, framed authentic evidence photo, large condensed headline, thin rules, small factual source label, restrained red dash.
ATTACH SOURCE ASSETS: DC023_OBSTRUCTION_DELETION.png; EBAY_HQ_2018_CC_BY_SA.jpg; NATICK_CENTER_2020_CC_BY_SA.jpg.
SOURCE PREP BEFORE JOB: Direct image refs: DC023_OBSTRUCTION_DELETION.png; EBAY_HQ_2018_CC_BY_SA.jpg; NATICK_CENTER_2020_CC_BY_SA.jpg.
DO NOT ATTACH: Do not attach unrelated assets or any full-page text source outside the listed references.

FINAL FRAME MUST SHOW: the listed source material visibly inside the final image itself; this is not a blank plate and there is no later source-insertion pass. Preserve real object/photo identity. For authentic text/document crops, keep the relevant excerpt visually faithful and do not invent or rewrite body text.

COMPOSITION: full-width source strip across upper 60%; headline block at lower-left but entirely above subtitle-safe band; one tiny source/date tag; restrained paper edge and red tick.
THEMATIC ELEMENTS: investigation chronology cue, document edge, Natick context. Add only scene-relevant paper/folder/tab/clip/map/timeline/evidence details. Keep the recurring WHAT IT COST visual grammar, but do not copy the exact neighboring layout.
STYLE: premium investigative business documentary; black/charcoal textured field, warm paper materials, paper-white typography, restrained signal red, rare muted antique-gold only when useful. Condensed bold display typography + clean sans-serif support. Cinematic editorial hierarchy, deliberate negative space, authentic-source-first look. No generic law-firm aesthetic.

SUBTITLE SAFE — HARD: reserve at least the bottom 20% of the 16:9 frame, target 22% for safety. That lower band must be visually quiet and contain NO essential headline, exact quote, amount, face/eyes, evidence object, source label, legal caveat, map endpoint or diagram node. All critical content must live above that band.

TEXT RULE: render only the exact short on-image text ""A SECOND PROBLEM"" plus a factual source/date/role label only when supported by the attached source. Do not add invented captions, decorative microcopy, fake source metadata or filler text. For money/legal-status beats, numbers and qualifiers must be exact.
LEGAL / FACTUAL GUARDRAIL: None beyond the locked narration.

VARIATION RULE: keep the same channel identity as the attached style reference while changing source crop, focal placement, paper layering and thematic motif so adjacent beats do not feel like repeated templates.
FORBIDDEN FAILURES: dense fake document; gibberish pseudo-text; fabricated legal metadata; fake seal/stamp/signature; wrong source; source missing from final frame; empty placeholder slot; important content in subtitle band; red-dominant poster; horror/tabloid treatment; cluttered dashboard/card grid; unrelated thematic element; altered real-person expression; visual claim stronger than narration.

OUTPUT: one finished 16:9 montage-ready still, visually complete, source-based, subtitle-safe, and immediately usable under the locked narration.",READY_FOR_PROMPT_REVIEW_NOT_AUTHORIZED_FOR_GENERATION
B044,S06,375.480,384.240,HYBRID_SOURCE_EDITORIAL,T01,evidence,R5_STYLE_EVIDENCE,dd9e6d29-9423-461b-8888-ca89b476cb76,DC023_OBSTRUCTION_DELETION.png;EBAY_HQ_2018_CC_BY_SA.jpg;NATICK_CENTER_2020_CC_BY_SA.jpg,Direct image refs: DC023_OBSTRUCTION_DELETION.png; EBAY_HQ_2018_CC_BY_SA.jpg; NATICK_CENTER_2020_CC_BY_SA.jpg.,Do not attach unrelated assets or any full-page text source outside the listed references.,FALSE STATEMENTS • DELETED EVIDENCE • FALSIFIED RECORDS,large authentic source frame on the right two-thirds; oversized headline left; short red dash above headline; one thin horizontal rule; one small paper tab overlapping the source frame,"real eBay HQ/corporate context, subtle file-tab language; obstruction/deletion evidence crop with broken-document/erased-data motif, no fake stamps",BOTTOM_AT_LEAST_20_PERCENT_TARGET_22_PERCENT_VISUALLY_QUIET,None beyond the locked narration.,"BEAT_ID: B044
ROUTE: HYBRID_SOURCE_EDITORIAL
FRAME_FAMILY: T01 / evidence
NARRATIVE_PURPOSE: Show the police/investigation pivot and the second layer of risk: obstruction, deletion, falsified records and internal discipline.
VOICE_CONTEXT: ""The record admitted by eBay and described by federal prosecutors includes false statements, deletion of digital evidence, and falsified records.""
VIEWER_TAKEAWAY / EXACT ON-IMAGE TEXT: ""FALSE STATEMENTS • DELETED EVIDENCE • FALSIFIED RECORDS""

ATTACH STYLE REFERENCE: R5_STYLE_EVIDENCE — Higgsfield media_id dd9e6d29-9423-461b-8888-ca89b476cb76. Use it only as the channel style/composition reference: approved pig-mask evidence reference: dark textured black field, framed authentic evidence photo, large condensed headline, thin rules, small factual source label, restrained red dash.
ATTACH SOURCE ASSETS: DC023_OBSTRUCTION_DELETION.png; EBAY_HQ_2018_CC_BY_SA.jpg; NATICK_CENTER_2020_CC_BY_SA.jpg.
SOURCE PREP BEFORE JOB: Direct image refs: DC023_OBSTRUCTION_DELETION.png; EBAY_HQ_2018_CC_BY_SA.jpg; NATICK_CENTER_2020_CC_BY_SA.jpg.
DO NOT ATTACH: Do not attach unrelated assets or any full-page text source outside the listed references.

FINAL FRAME MUST SHOW: the listed source material visibly inside the final image itself; this is not a blank plate and there is no later source-insertion pass. Preserve real object/photo identity. For authentic text/document crops, keep the relevant excerpt visually faithful and do not invent or rewrite body text.

COMPOSITION: large authentic source frame on the right two-thirds; oversized headline left; short red dash above headline; one thin horizontal rule; one small paper tab overlapping the source frame.
THEMATIC ELEMENTS: real eBay HQ/corporate context, subtle file-tab language; obstruction/deletion evidence crop with broken-document/erased-data motif, no fake stamps. Add only scene-relevant paper/folder/tab/clip/map/timeline/evidence details. Keep the recurring WHAT IT COST visual grammar, but do not copy the exact neighboring layout.
STYLE: premium investigative business documentary; black/charcoal textured field, warm paper materials, paper-white typography, restrained signal red, rare muted antique-gold only when useful. Condensed bold display typography + clean sans-serif support. Cinematic editorial hierarchy, deliberate negative space, authentic-source-first look. No generic law-firm aesthetic.

SUBTITLE SAFE — HARD: reserve at least the bottom 20% of the 16:9 frame, target 22% for safety. That lower band must be visually quiet and contain NO essential headline, exact quote, amount, face/eyes, evidence object, source label, legal caveat, map endpoint or diagram node. All critical content must live above that band.

TEXT RULE: render only the exact short on-image text ""FALSE STATEMENTS • DELETED EVIDENCE • FALSIFIED RECORDS"" plus a factual source/date/role label only when supported by the attached source. Do not add invented captions, decorative microcopy, fake source metadata or filler text. For money/legal-status beats, numbers and qualifiers must be exact.
LEGAL / FACTUAL GUARDRAIL: None beyond the locked narration.

VARIATION RULE: keep the same channel identity as the attached style reference while changing source crop, focal placement, paper layering and thematic motif so adjacent beats do not feel like repeated templates.
FORBIDDEN FAILURES: dense fake document; gibberish pseudo-text; fabricated legal metadata; fake seal/stamp/signature; wrong source; source missing from final frame; empty placeholder slot; important content in subtitle band; red-dominant poster; horror/tabloid treatment; cluttered dashboard/card grid; unrelated thematic element; altered real-person expression; visual claim stronger than narration.

OUTPUT: one finished 16:9 montage-ready still, visually complete, source-based, subtitle-safe, and immediately usable under the locked narration.",READY_FOR_PROMPT_REVIEW_NOT_AUTHORIZED_FOR_GENERATION
B045,S06,385.280,394.160,SOURCE_STYLED_GENERATION,T01,evidence,R5_STYLE_EVIDENCE,dd9e6d29-9423-461b-8888-ca89b476cb76,DC023_OBSTRUCTION_DELETION.png;EBAY_HQ_2018_CC_BY_SA.jpg;NATICK_CENTER_2020_CC_BY_SA.jpg,Direct image refs: DC023_OBSTRUCTION_DELETION.png; EBAY_HQ_2018_CC_BY_SA.jpg; NATICK_CENTER_2020_CC_BY_SA.jpg.,Do not attach unrelated assets or any full-page text source outside the listed references.,OPERATION + CONCEALMENT,hero evidence object centered high on a warm-paper mount; headline upper-left; compact source label above; small red underline; faint secondary evidence edge behind the hero,"real eBay HQ/corporate context, subtle file-tab language; obstruction/deletion evidence crop with broken-document/erased-data motif, no fake stamps; operation timeline/map cue with restrained route line",BOTTOM_AT_LEAST_20_PERCENT_TARGET_22_PERCENT_VISUALLY_QUIET,None beyond the locked narration.,"BEAT_ID: B045
ROUTE: SOURCE_STYLED_GENERATION
FRAME_FAMILY: T01 / evidence
NARRATIVE_PURPOSE: Show the police/investigation pivot and the second layer of risk: obstruction, deletion, falsified records and internal discipline.
VOICE_CONTEXT: ""A security organization that existed to reduce risk had now created two kinds of risk: the operation itself, and the effort to conceal it.""
VIEWER_TAKEAWAY / EXACT ON-IMAGE TEXT: ""OPERATION + CONCEALMENT""

ATTACH STYLE REFERENCE: R5_STYLE_EVIDENCE — Higgsfield media_id dd9e6d29-9423-461b-8888-ca89b476cb76. Use it only as the channel style/composition reference: approved pig-mask evidence reference: dark textured black field, framed authentic evidence photo, large condensed headline, thin rules, small factual source label, restrained red dash.
ATTACH SOURCE ASSETS: DC023_OBSTRUCTION_DELETION.png; EBAY_HQ_2018_CC_BY_SA.jpg; NATICK_CENTER_2020_CC_BY_SA.jpg.
SOURCE PREP BEFORE JOB: Direct image refs: DC023_OBSTRUCTION_DELETION.png; EBAY_HQ_2018_CC_BY_SA.jpg; NATICK_CENTER_2020_CC_BY_SA.jpg.
DO NOT ATTACH: Do not attach unrelated assets or any full-page text source outside the listed references.

FINAL FRAME MUST SHOW: the listed source material visibly inside the final image itself; this is not a blank plate and there is no later source-insertion pass. Preserve real object/photo identity. For authentic text/document crops, keep the relevant excerpt visually faithful and do not invent or rewrite body text.

COMPOSITION: hero evidence object centered high on a warm-paper mount; headline upper-left; compact source label above; small red underline; faint secondary evidence edge behind the hero.
THEMATIC ELEMENTS: real eBay HQ/corporate context, subtle file-tab language; obstruction/deletion evidence crop with broken-document/erased-data motif, no fake stamps; operation timeline/map cue with restrained route line. Add only scene-relevant paper/folder/tab/clip/map/timeline/evidence details. Keep the recurring WHAT IT COST visual grammar, but do not copy the exact neighboring layout.
STYLE: premium investigative business documentary; black/charcoal textured field, warm paper materials, paper-white typography, restrained signal red, rare muted antique-gold only when useful. Condensed bold display typography + clean sans-serif support. Cinematic editorial hierarchy, deliberate negative space, authentic-source-first look. No generic law-firm aesthetic.

SUBTITLE SAFE — HARD: reserve at least the bottom 20% of the 16:9 frame, target 22% for safety. That lower band must be visually quiet and contain NO essential headline, exact quote, amount, face/eyes, evidence object, source label, legal caveat, map endpoint or diagram node. All critical content must live above that band.

TEXT RULE: render only the exact short on-image text ""OPERATION + CONCEALMENT"" plus a factual source/date/role label only when supported by the attached source. Do not add invented captions, decorative microcopy, fake source metadata or filler text. For money/legal-status beats, numbers and qualifiers must be exact.
LEGAL / FACTUAL GUARDRAIL: None beyond the locked narration.

VARIATION RULE: keep the same channel identity as the attached style reference while changing source crop, focal placement, paper layering and thematic motif so adjacent beats do not feel like repeated templates.
FORBIDDEN FAILURES: dense fake document; gibberish pseudo-text; fabricated legal metadata; fake seal/stamp/signature; wrong source; source missing from final frame; empty placeholder slot; important content in subtitle band; red-dominant poster; horror/tabloid treatment; cluttered dashboard/card grid; unrelated thematic element; altered real-person expression; visual claim stronger than narration.

OUTPUT: one finished 16:9 montage-ready still, visually complete, source-based, subtitle-safe, and immediately usable under the locked narration.",READY_FOR_PROMPT_REVIEW_NOT_AUTHORIZED_FOR_GENERATION
B046,S06,395.020,410.060,SOURCE_STYLED_GENERATION,T06,timeline,R5_STYLE_MAP_LOCATION,aeaf1ee7-3e3d-42ba-b137-7eaa2218685e,DC023_OBSTRUCTION_DELETION.png;EBAY_HQ_2018_CC_BY_SA.jpg;NATICK_CENTER_2020_CC_BY_SA.jpg,Direct image refs: DC023_OBSTRUCTION_DELETION.png; EBAY_HQ_2018_CC_BY_SA.jpg; NATICK_CENTER_2020_CC_BY_SA.jpg.,Do not attach unrelated assets or any full-page text source outside the listed references.,INTERNAL INVESTIGATION,large event/date headline upper-left; two sequential source crops in staggered paper frames across top/right; thin connecting line; bottom kept empty,"real eBay HQ/corporate context, subtle file-tab language; investigation chronology cue, document edge, Natick context; operation timeline/map cue with restrained route line",BOTTOM_AT_LEAST_20_PERCENT_TARGET_22_PERCENT_VISUALLY_QUIET,None beyond the locked narration.,"BEAT_ID: B046
ROUTE: SOURCE_STYLED_GENERATION
FRAME_FAMILY: T06 / timeline
NARRATIVE_PURPOSE: Show the police/investigation pivot and the second layer of risk: obstruction, deletion, falsified records and internal discipline.
VOICE_CONTEXT: ""eBay began its own internal investigation days later. By the end of August, several security employees had been placed on leave. Over time, key members of the operation were removed or terminated, and one contractor's relationship ended.""
VIEWER_TAKEAWAY / EXACT ON-IMAGE TEXT: ""INTERNAL INVESTIGATION""

ATTACH STYLE REFERENCE: R5_STYLE_MAP_LOCATION — Higgsfield media_id aeaf1ee7-3e3d-42ba-b137-7eaa2218685e. Use it only as the channel style/composition reference: approved Massachusetts reference: oversized white/red headline, paper map silhouette, real-location photo collage, manila-folder edge, restrained red target/route cue.
ATTACH SOURCE ASSETS: DC023_OBSTRUCTION_DELETION.png; EBAY_HQ_2018_CC_BY_SA.jpg; NATICK_CENTER_2020_CC_BY_SA.jpg.
SOURCE PREP BEFORE JOB: Direct image refs: DC023_OBSTRUCTION_DELETION.png; EBAY_HQ_2018_CC_BY_SA.jpg; NATICK_CENTER_2020_CC_BY_SA.jpg.
DO NOT ATTACH: Do not attach unrelated assets or any full-page text source outside the listed references.

FINAL FRAME MUST SHOW: the listed source material visibly inside the final image itself; this is not a blank plate and there is no later source-insertion pass. Preserve real object/photo identity. For authentic text/document crops, keep the relevant excerpt visually faithful and do not invent or rewrite body text.

COMPOSITION: large event/date headline upper-left; two sequential source crops in staggered paper frames across top/right; thin connecting line; bottom kept empty.
THEMATIC ELEMENTS: real eBay HQ/corporate context, subtle file-tab language; investigation chronology cue, document edge, Natick context; operation timeline/map cue with restrained route line. Add only scene-relevant paper/folder/tab/clip/map/timeline/evidence details. Keep the recurring WHAT IT COST visual grammar, but do not copy the exact neighboring layout.
STYLE: premium investigative business documentary; black/charcoal textured field, warm paper materials, paper-white typography, restrained signal red, rare muted antique-gold only when useful. Condensed bold display typography + clean sans-serif support. Cinematic editorial hierarchy, deliberate negative space, authentic-source-first look. No generic law-firm aesthetic.

SUBTITLE SAFE — HARD: reserve at least the bottom 20% of the 16:9 frame, target 22% for safety. That lower band must be visually quiet and contain NO essential headline, exact quote, amount, face/eyes, evidence object, source label, legal caveat, map endpoint or diagram node. All critical content must live above that band.

TEXT RULE: render only the exact short on-image text ""INTERNAL INVESTIGATION"" plus a factual source/date/role label only when supported by the attached source. Do not add invented captions, decorative microcopy, fake source metadata or filler text. For money/legal-status beats, numbers and qualifiers must be exact.
LEGAL / FACTUAL GUARDRAIL: None beyond the locked narration.

VARIATION RULE: keep the same channel identity as the attached style reference while changing source crop, focal placement, paper layering and thematic motif so adjacent beats do not feel like repeated templates.
FORBIDDEN FAILURES: dense fake document; gibberish pseudo-text; fabricated legal metadata; fake seal/stamp/signature; wrong source; source missing from final frame; empty placeholder slot; important content in subtitle band; red-dominant poster; horror/tabloid treatment; cluttered dashboard/card grid; unrelated thematic element; altered real-person expression; visual claim stronger than narration.

OUTPUT: one finished 16:9 montage-ready still, visually complete, source-based, subtitle-safe, and immediately usable under the locked narration.",READY_FOR_PROMPT_REVIEW_NOT_AUTHORIZED_FOR_GENERATION
B047,S06,410.900,415.800,SOURCE_STYLED_GENERATION,T01,evidence,R5_STYLE_EVIDENCE,dd9e6d29-9423-461b-8888-ca89b476cb76,DC023_OBSTRUCTION_DELETION.png;EBAY_HQ_2018_CC_BY_SA.jpg;NATICK_CENTER_2020_CC_BY_SA.jpg,Direct image refs: DC023_OBSTRUCTION_DELETION.png; EBAY_HQ_2018_CC_BY_SA.jpg; NATICK_CENTER_2020_CC_BY_SA.jpg.,Do not attach unrelated assets or any full-page text source outside the listed references.,FEDERAL PROSECUTORS,full-width source strip across upper 60%; headline block at lower-left but entirely above subtitle-safe band; one tiny source/date tag; restrained paper edge and red tick,"paper file-tab detail, restrained red accent, authentic source framing",BOTTOM_AT_LEAST_20_PERCENT_TARGET_22_PERCENT_VISUALLY_QUIET,None beyond the locked narration.,"BEAT_ID: B047
ROUTE: SOURCE_STYLED_GENERATION
FRAME_FAMILY: T01 / evidence
NARRATIVE_PURPOSE: Show the police/investigation pivot and the second layer of risk: obstruction, deletion, falsified records and internal discipline.
VOICE_CONTEXT: ""But internal discipline was only the beginning. Federal prosecutors were coming next.""
VIEWER_TAKEAWAY / EXACT ON-IMAGE TEXT: ""FEDERAL PROSECUTORS""

ATTACH STYLE REFERENCE: R5_STYLE_EVIDENCE — Higgsfield media_id dd9e6d29-9423-461b-8888-ca89b476cb76. Use it only as the channel style/composition reference: approved pig-mask evidence reference: dark textured black field, framed authentic evidence photo, large condensed headline, thin rules, small factual source label, restrained red dash.
ATTACH SOURCE ASSETS: DC023_OBSTRUCTION_DELETION.png; EBAY_HQ_2018_CC_BY_SA.jpg; NATICK_CENTER_2020_CC_BY_SA.jpg.
SOURCE PREP BEFORE JOB: Direct image refs: DC023_OBSTRUCTION_DELETION.png; EBAY_HQ_2018_CC_BY_SA.jpg; NATICK_CENTER_2020_CC_BY_SA.jpg.
DO NOT ATTACH: Do not attach unrelated assets or any full-page text source outside the listed references.

FINAL FRAME MUST SHOW: the listed source material visibly inside the final image itself; this is not a blank plate and there is no later source-insertion pass. Preserve real object/photo identity. For authentic text/document crops, keep the relevant excerpt visually faithful and do not invent or rewrite body text.

COMPOSITION: full-width source strip across upper 60%; headline block at lower-left but entirely above subtitle-safe band; one tiny source/date tag; restrained paper edge and red tick.
THEMATIC ELEMENTS: paper file-tab detail, restrained red accent, authentic source framing. Add only scene-relevant paper/folder/tab/clip/map/timeline/evidence details. Keep the recurring WHAT IT COST visual grammar, but do not copy the exact neighboring layout.
STYLE: premium investigative business documentary; black/charcoal textured field, warm paper materials, paper-white typography, restrained signal red, rare muted antique-gold only when useful. Condensed bold display typography + clean sans-serif support. Cinematic editorial hierarchy, deliberate negative space, authentic-source-first look. No generic law-firm aesthetic.

SUBTITLE SAFE — HARD: reserve at least the bottom 20% of the 16:9 frame, target 22% for safety. That lower band must be visually quiet and contain NO essential headline, exact quote, amount, face/eyes, evidence object, source label, legal caveat, map endpoint or diagram node. All critical content must live above that band.

TEXT RULE: render only the exact short on-image text ""FEDERAL PROSECUTORS"" plus a factual source/date/role label only when supported by the attached source. Do not add invented captions, decorative microcopy, fake source metadata or filler text. For money/legal-status beats, numbers and qualifiers must be exact.
LEGAL / FACTUAL GUARDRAIL: None beyond the locked narration.

VARIATION RULE: keep the same channel identity as the attached style reference while changing source crop, focal placement, paper layering and thematic motif so adjacent beats do not feel like repeated templates.
FORBIDDEN FAILURES: dense fake document; gibberish pseudo-text; fabricated legal metadata; fake seal/stamp/signature; wrong source; source missing from final frame; empty placeholder slot; important content in subtitle band; red-dominant poster; horror/tabloid treatment; cluttered dashboard/card grid; unrelated thematic element; altered real-person expression; visual claim stronger than narration.

OUTPUT: one finished 16:9 montage-ready still, visually complete, source-based, subtitle-safe, and immediately usable under the locked narration.",READY_FOR_PROMPT_REVIEW_NOT_AUTHORIZED_FOR_GENERATION
B048,S07,416.540,422.360,SOURCE_STYLED_GENERATION,T01,evidence,R5_STYLE_EVIDENCE,dd9e6d29-9423-461b-8888-ca89b476cb76,DC011_SEVEN_GUILTY_DOJ.png;S004_DOJ_FINAL_DEFENDANT_PAGE.pdf,"Direct image refs: DC011_SEVEN_GUILTY_DOJ.png. Document refs: S004_DOJ_FINAL_DEFENDANT_PAGE.pdf — prepare a tight image crop of only the relevant page/paragraph before the Higgsfield job; preserve source pixels and exact wording, avoid whole-page density.","Do not attach raw/full text-heavy versions directly: S004_DOJ_FINAL_DEFENDANT_PAGE.pdf. Before generation, render/crop only the exact relevant page fragment or use an existing DC crop; never feed a whole dense legal page when a crop is available.",FEDERAL CASES BEGIN — 2020,large authentic source frame on the right two-thirds; oversized headline left; short red dash above headline; one thin horizontal rule; one small paper tab overlapping the source frame,"paper file-tab detail, restrained red accent, authentic source framing",BOTTOM_AT_LEAST_20_PERCENT_TARGET_22_PERCENT_VISUALLY_QUIET,None beyond the locked narration.,"BEAT_ID: B048
ROUTE: SOURCE_STYLED_GENERATION
FRAME_FAMILY: T01 / evidence
NARRATIVE_PURPOSE: Show individual federal accountability: prosecutions, guilty pleas and sentences, then pivot from people to the company.
VOICE_CONTEXT: ""Beginning in twenty twenty, federal prosecutors brought criminal cases against people involved in the campaign.""
VIEWER_TAKEAWAY / EXACT ON-IMAGE TEXT: ""FEDERAL CASES BEGIN — 2020""

ATTACH STYLE REFERENCE: R5_STYLE_EVIDENCE — Higgsfield media_id dd9e6d29-9423-461b-8888-ca89b476cb76. Use it only as the channel style/composition reference: approved pig-mask evidence reference: dark textured black field, framed authentic evidence photo, large condensed headline, thin rules, small factual source label, restrained red dash.
ATTACH SOURCE ASSETS: DC011_SEVEN_GUILTY_DOJ.png; S004_DOJ_FINAL_DEFENDANT_PAGE.pdf.
SOURCE PREP BEFORE JOB: Direct image refs: DC011_SEVEN_GUILTY_DOJ.png. Document refs: S004_DOJ_FINAL_DEFENDANT_PAGE.pdf — prepare a tight image crop of only the relevant page/paragraph before the Higgsfield job; preserve source pixels and exact wording, avoid whole-page density.
DO NOT ATTACH: Do not attach raw/full text-heavy versions directly: S004_DOJ_FINAL_DEFENDANT_PAGE.pdf. Before generation, render/crop only the exact relevant page fragment or use an existing DC crop; never feed a whole dense legal page when a crop is available.

FINAL FRAME MUST SHOW: the listed source material visibly inside the final image itself; this is not a blank plate and there is no later source-insertion pass. Preserve real object/photo identity. For authentic text/document crops, keep the relevant excerpt visually faithful and do not invent or rewrite body text.

COMPOSITION: large authentic source frame on the right two-thirds; oversized headline left; short red dash above headline; one thin horizontal rule; one small paper tab overlapping the source frame.
THEMATIC ELEMENTS: paper file-tab detail, restrained red accent, authentic source framing. Add only scene-relevant paper/folder/tab/clip/map/timeline/evidence details. Keep the recurring WHAT IT COST visual grammar, but do not copy the exact neighboring layout.
STYLE: premium investigative business documentary; black/charcoal textured field, warm paper materials, paper-white typography, restrained signal red, rare muted antique-gold only when useful. Condensed bold display typography + clean sans-serif support. Cinematic editorial hierarchy, deliberate negative space, authentic-source-first look. No generic law-firm aesthetic.

SUBTITLE SAFE — HARD: reserve at least the bottom 20% of the 16:9 frame, target 22% for safety. That lower band must be visually quiet and contain NO essential headline, exact quote, amount, face/eyes, evidence object, source label, legal caveat, map endpoint or diagram node. All critical content must live above that band.

TEXT RULE: render only the exact short on-image text ""FEDERAL CASES BEGIN — 2020"" plus a factual source/date/role label only when supported by the attached source. Do not add invented captions, decorative microcopy, fake source metadata or filler text. For money/legal-status beats, numbers and qualifiers must be exact.
LEGAL / FACTUAL GUARDRAIL: None beyond the locked narration.

VARIATION RULE: keep the same channel identity as the attached style reference while changing source crop, focal placement, paper layering and thematic motif so adjacent beats do not feel like repeated templates.
FORBIDDEN FAILURES: dense fake document; gibberish pseudo-text; fabricated legal metadata; fake seal/stamp/signature; wrong source; source missing from final frame; empty placeholder slot; important content in subtitle band; red-dominant poster; horror/tabloid treatment; cluttered dashboard/card grid; unrelated thematic element; altered real-person expression; visual claim stronger than narration.

OUTPUT: one finished 16:9 montage-ready still, visually complete, source-based, subtitle-safe, and immediately usable under the locked narration.",READY_FOR_PROMPT_REVIEW_NOT_AUTHORIZED_FOR_GENERATION
B049,S07,423.480,429.180,HYBRID_SOURCE_EDITORIAL,T07,accountability,R5_STYLE_DOSSIER,3f30e1ef-3a0e-4158-914f-70bb25fa30a4,DC011_SEVEN_GUILTY_DOJ.png;S004_DOJ_FINAL_DEFENDANT_PAGE.pdf,"Direct image refs: DC011_SEVEN_GUILTY_DOJ.png. Document refs: S004_DOJ_FINAL_DEFENDANT_PAGE.pdf — prepare a tight image crop of only the relevant page/paragraph before the Higgsfield job; preserve source pixels and exact wording, avoid whole-page density.","Do not attach raw/full text-heavy versions directly: S004_DOJ_FINAL_DEFENDANT_PAGE.pdf. Before generation, render/crop only the exact relevant page fragment or use an existing DC crop; never feed a whole dense legal page when a crop is available.",SEVEN GUILTY PLEAS,one authentic sentencing/plea source panel upper-right; large exact outcome left; smaller supporting participant line beneath; file-tab and red rule,"real eBay HQ/corporate context, subtle file-tab language; accountability dossier with exact outcome hierarchy",BOTTOM_AT_LEAST_20_PERCENT_TARGET_22_PERCENT_VISUALLY_QUIET,None beyond the locked narration.,"BEAT_ID: B049
ROUTE: HYBRID_SOURCE_EDITORIAL
FRAME_FAMILY: T07 / accountability
NARRATIVE_PURPOSE: Show individual federal accountability: prosecutions, guilty pleas and sentences, then pivot from people to the company.
VOICE_CONTEXT: ""Eventually, all seven former eBay employees and contractors who were prosecuted pleaded guilty.""
VIEWER_TAKEAWAY / EXACT ON-IMAGE TEXT: ""SEVEN GUILTY PLEAS""

ATTACH STYLE REFERENCE: R5_STYLE_DOSSIER — Higgsfield media_id 3f30e1ef-3a0e-4158-914f-70bb25fa30a4. Use it only as the channel style/composition reference: approved security/dossier reference: stacked headline at left, large framed source image on paper, clipped side note, small highlight strip, red tape accent, black textured field.
ATTACH SOURCE ASSETS: DC011_SEVEN_GUILTY_DOJ.png; S004_DOJ_FINAL_DEFENDANT_PAGE.pdf.
SOURCE PREP BEFORE JOB: Direct image refs: DC011_SEVEN_GUILTY_DOJ.png. Document refs: S004_DOJ_FINAL_DEFENDANT_PAGE.pdf — prepare a tight image crop of only the relevant page/paragraph before the Higgsfield job; preserve source pixels and exact wording, avoid whole-page density.
DO NOT ATTACH: Do not attach raw/full text-heavy versions directly: S004_DOJ_FINAL_DEFENDANT_PAGE.pdf. Before generation, render/crop only the exact relevant page fragment or use an existing DC crop; never feed a whole dense legal page when a crop is available.

FINAL FRAME MUST SHOW: the listed source material visibly inside the final image itself; this is not a blank plate and there is no later source-insertion pass. Preserve real object/photo identity. For authentic text/document crops, keep the relevant excerpt visually faithful and do not invent or rewrite body text.

COMPOSITION: one authentic sentencing/plea source panel upper-right; large exact outcome left; smaller supporting participant line beneath; file-tab and red rule.
THEMATIC ELEMENTS: real eBay HQ/corporate context, subtle file-tab language; accountability dossier with exact outcome hierarchy. Add only scene-relevant paper/folder/tab/clip/map/timeline/evidence details. Keep the recurring WHAT IT COST visual grammar, but do not copy the exact neighboring layout.
STYLE: premium investigative business documentary; black/charcoal textured field, warm paper materials, paper-white typography, restrained signal red, rare muted antique-gold only when useful. Condensed bold display typography + clean sans-serif support. Cinematic editorial hierarchy, deliberate negative space, authentic-source-first look. No generic law-firm aesthetic.

SUBTITLE SAFE — HARD: reserve at least the bottom 20% of the 16:9 frame, target 22% for safety. That lower band must be visually quiet and contain NO essential headline, exact quote, amount, face/eyes, evidence object, source label, legal caveat, map endpoint or diagram node. All critical content must live above that band.

TEXT RULE: render only the exact short on-image text ""SEVEN GUILTY PLEAS"" plus a factual source/date/role label only when supported by the attached source. Do not add invented captions, decorative microcopy, fake source metadata or filler text. For money/legal-status beats, numbers and qualifiers must be exact.
LEGAL / FACTUAL GUARDRAIL: None beyond the locked narration.

VARIATION RULE: keep the same channel identity as the attached style reference while changing source crop, focal placement, paper layering and thematic motif so adjacent beats do not feel like repeated templates.
FORBIDDEN FAILURES: dense fake document; gibberish pseudo-text; fabricated legal metadata; fake seal/stamp/signature; wrong source; source missing from final frame; empty placeholder slot; important content in subtitle band; red-dominant poster; horror/tabloid treatment; cluttered dashboard/card grid; unrelated thematic element; altered real-person expression; visual claim stronger than narration.

OUTPUT: one finished 16:9 montage-ready still, visually complete, source-based, subtitle-safe, and immediately usable under the locked narration.",READY_FOR_PROMPT_REVIEW_NOT_AUTHORIZED_FOR_GENERATION
B050,S07,430.420,439.600,SOURCE_NATIVE_EDITORIAL,T07,accountability,R5_STYLE_DOSSIER,3f30e1ef-3a0e-4158-914f-70bb25fa30a4,DC012_BAUGH_HARVILLE_SENTENCES_DOJ.png;S005_DOJ_BAUGH_HARVILLE_SENTENCING_PAGE.pdf,"Direct image refs: DC012_BAUGH_HARVILLE_SENTENCES_DOJ.png. Document refs: S005_DOJ_BAUGH_HARVILLE_SENTENCING_PAGE.pdf — prepare a tight image crop of only the relevant page/paragraph before the Higgsfield job; preserve source pixels and exact wording, avoid whole-page density.","Do not attach raw/full text-heavy versions directly: S005_DOJ_BAUGH_HARVILLE_SENTENCING_PAGE.pdf. Before generation, render/crop only the exact relevant page fragment or use an existing DC crop; never feed a whole dense legal page when a crop is available.",JIM BAUGH — 57 MONTHS,stacked participant dossier sheets with only the current beat’s people/outcomes readable; headline upper-left; one source label; no dense roster grid,accountability dossier with exact outcome hierarchy,BOTTOM_AT_LEAST_20_PERCENT_TARGET_22_PERCENT_VISUALLY_QUIET,None beyond the locked narration.,"BEAT_ID: B050
ROUTE: SOURCE_NATIVE_EDITORIAL
FRAME_FAMILY: T07 / accountability
NARRATIVE_PURPOSE: Show individual federal accountability: prosecutions, guilty pleas and sentences, then pivot from people to the company.
VOICE_CONTEXT: ""A guilty plea is not an allegation. It establishes criminal guilt without a trial. Jim Baugh received fifty-seven months in prison.""
VIEWER_TAKEAWAY / EXACT ON-IMAGE TEXT: ""JIM BAUGH — 57 MONTHS""

ATTACH STYLE REFERENCE: R5_STYLE_DOSSIER — Higgsfield media_id 3f30e1ef-3a0e-4158-914f-70bb25fa30a4. Use it only as the channel style/composition reference: approved security/dossier reference: stacked headline at left, large framed source image on paper, clipped side note, small highlight strip, red tape accent, black textured field.
ATTACH SOURCE ASSETS: DC012_BAUGH_HARVILLE_SENTENCES_DOJ.png; S005_DOJ_BAUGH_HARVILLE_SENTENCING_PAGE.pdf.
SOURCE PREP BEFORE JOB: Direct image refs: DC012_BAUGH_HARVILLE_SENTENCES_DOJ.png. Document refs: S005_DOJ_BAUGH_HARVILLE_SENTENCING_PAGE.pdf — prepare a tight image crop of only the relevant page/paragraph before the Higgsfield job; preserve source pixels and exact wording, avoid whole-page density.
DO NOT ATTACH: Do not attach raw/full text-heavy versions directly: S005_DOJ_BAUGH_HARVILLE_SENTENCING_PAGE.pdf. Before generation, render/crop only the exact relevant page fragment or use an existing DC crop; never feed a whole dense legal page when a crop is available.

FINAL FRAME MUST SHOW: the listed source material visibly inside the final image itself; this is not a blank plate and there is no later source-insertion pass. Preserve real object/photo identity. For authentic text/document crops, keep the relevant excerpt visually faithful and do not invent or rewrite body text.

COMPOSITION: stacked participant dossier sheets with only the current beat’s people/outcomes readable; headline upper-left; one source label; no dense roster grid.
THEMATIC ELEMENTS: accountability dossier with exact outcome hierarchy. Add only scene-relevant paper/folder/tab/clip/map/timeline/evidence details. Keep the recurring WHAT IT COST visual grammar, but do not copy the exact neighboring layout.
STYLE: premium investigative business documentary; black/charcoal textured field, warm paper materials, paper-white typography, restrained signal red, rare muted antique-gold only when useful. Condensed bold display typography + clean sans-serif support. Cinematic editorial hierarchy, deliberate negative space, authentic-source-first look. No generic law-firm aesthetic.

SUBTITLE SAFE — HARD: reserve at least the bottom 20% of the 16:9 frame, target 22% for safety. That lower band must be visually quiet and contain NO essential headline, exact quote, amount, face/eyes, evidence object, source label, legal caveat, map endpoint or diagram node. All critical content must live above that band.

TEXT RULE: render only the exact short on-image text ""JIM BAUGH — 57 MONTHS"" plus a factual source/date/role label only when supported by the attached source. Do not add invented captions, decorative microcopy, fake source metadata or filler text. For money/legal-status beats, numbers and qualifiers must be exact.
LEGAL / FACTUAL GUARDRAIL: None beyond the locked narration.

VARIATION RULE: keep the same channel identity as the attached style reference while changing source crop, focal placement, paper layering and thematic motif so adjacent beats do not feel like repeated templates.
FORBIDDEN FAILURES: dense fake document; gibberish pseudo-text; fabricated legal metadata; fake seal/stamp/signature; wrong source; source missing from final frame; empty placeholder slot; important content in subtitle band; red-dominant poster; horror/tabloid treatment; cluttered dashboard/card grid; unrelated thematic element; altered real-person expression; visual claim stronger than narration.

OUTPUT: one finished 16:9 montage-ready still, visually complete, source-based, subtitle-safe, and immediately usable under the locked narration.",READY_FOR_PROMPT_REVIEW_NOT_AUTHORIZED_FOR_GENERATION
B051,S07,440.920,449.880,SOURCE_NATIVE_EDITORIAL,T07,accountability,R5_STYLE_DOSSIER,3f30e1ef-3a0e-4158-914f-70bb25fa30a4,DC012_BAUGH_HARVILLE_SENTENCES_DOJ.png;S005_DOJ_BAUGH_HARVILLE_SENTENCING_PAGE.pdf,"Direct image refs: DC012_BAUGH_HARVILLE_SENTENCES_DOJ.png. Document refs: S005_DOJ_BAUGH_HARVILLE_SENTENCING_PAGE.pdf — prepare a tight image crop of only the relevant page/paragraph before the Higgsfield job; preserve source pixels and exact wording, avoid whole-page density.","Do not attach raw/full text-heavy versions directly: S005_DOJ_BAUGH_HARVILLE_SENTENCING_PAGE.pdf. Before generation, render/crop only the exact relevant page fragment or use an existing DC crop; never feed a whole dense legal page when a crop is available.",DAVID HARVILLE — 24 MONTHS,clean accountability board with one dominant DOJ/court source crop and 2–4 large name/status labels; headline left; no seven tiny cards; restrained paper tabs,accountability dossier with exact outcome hierarchy,BOTTOM_AT_LEAST_20_PERCENT_TARGET_22_PERCENT_VISUALLY_QUIET,None beyond the locked narration.,"BEAT_ID: B051
ROUTE: SOURCE_NATIVE_EDITORIAL
FRAME_FAMILY: T07 / accountability
NARRATIVE_PURPOSE: Show individual federal accountability: prosecutions, guilty pleas and sentences, then pivot from people to the company.
VOICE_CONTEXT: ""David Harville received twenty-four months. Other participants received combinations of prison, probation, home confinement, and financial penalties.""
VIEWER_TAKEAWAY / EXACT ON-IMAGE TEXT: ""DAVID HARVILLE — 24 MONTHS""

ATTACH STYLE REFERENCE: R5_STYLE_DOSSIER — Higgsfield media_id 3f30e1ef-3a0e-4158-914f-70bb25fa30a4. Use it only as the channel style/composition reference: approved security/dossier reference: stacked headline at left, large framed source image on paper, clipped side note, small highlight strip, red tape accent, black textured field.
ATTACH SOURCE ASSETS: DC012_BAUGH_HARVILLE_SENTENCES_DOJ.png; S005_DOJ_BAUGH_HARVILLE_SENTENCING_PAGE.pdf.
SOURCE PREP BEFORE JOB: Direct image refs: DC012_BAUGH_HARVILLE_SENTENCES_DOJ.png. Document refs: S005_DOJ_BAUGH_HARVILLE_SENTENCING_PAGE.pdf — prepare a tight image crop of only the relevant page/paragraph before the Higgsfield job; preserve source pixels and exact wording, avoid whole-page density.
DO NOT ATTACH: Do not attach raw/full text-heavy versions directly: S005_DOJ_BAUGH_HARVILLE_SENTENCING_PAGE.pdf. Before generation, render/crop only the exact relevant page fragment or use an existing DC crop; never feed a whole dense legal page when a crop is available.

FINAL FRAME MUST SHOW: the listed source material visibly inside the final image itself; this is not a blank plate and there is no later source-insertion pass. Preserve real object/photo identity. For authentic text/document crops, keep the relevant excerpt visually faithful and do not invent or rewrite body text.

COMPOSITION: clean accountability board with one dominant DOJ/court source crop and 2–4 large name/status labels; headline left; no seven tiny cards; restrained paper tabs.
THEMATIC ELEMENTS: accountability dossier with exact outcome hierarchy. Add only scene-relevant paper/folder/tab/clip/map/timeline/evidence details. Keep the recurring WHAT IT COST visual grammar, but do not copy the exact neighboring layout.
STYLE: premium investigative business documentary; black/charcoal textured field, warm paper materials, paper-white typography, restrained signal red, rare muted antique-gold only when useful. Condensed bold display typography + clean sans-serif support. Cinematic editorial hierarchy, deliberate negative space, authentic-source-first look. No generic law-firm aesthetic.

SUBTITLE SAFE — HARD: reserve at least the bottom 20% of the 16:9 frame, target 22% for safety. That lower band must be visually quiet and contain NO essential headline, exact quote, amount, face/eyes, evidence object, source label, legal caveat, map endpoint or diagram node. All critical content must live above that band.

TEXT RULE: render only the exact short on-image text ""DAVID HARVILLE — 24 MONTHS"" plus a factual source/date/role label only when supported by the attached source. Do not add invented captions, decorative microcopy, fake source metadata or filler text. For money/legal-status beats, numbers and qualifiers must be exact.
LEGAL / FACTUAL GUARDRAIL: None beyond the locked narration.

VARIATION RULE: keep the same channel identity as the attached style reference while changing source crop, focal placement, paper layering and thematic motif so adjacent beats do not feel like repeated templates.
FORBIDDEN FAILURES: dense fake document; gibberish pseudo-text; fabricated legal metadata; fake seal/stamp/signature; wrong source; source missing from final frame; empty placeholder slot; important content in subtitle band; red-dominant poster; horror/tabloid treatment; cluttered dashboard/card grid; unrelated thematic element; altered real-person expression; visual claim stronger than narration.

OUTPUT: one finished 16:9 montage-ready still, visually complete, source-based, subtitle-safe, and immediately usable under the locked narration.",READY_FOR_PROMPT_REVIEW_NOT_AUTHORIZED_FOR_GENERATION
B052,S07,451.340,460.880,SOURCE_STYLED_GENERATION,T01,evidence,R5_STYLE_EVIDENCE,dd9e6d29-9423-461b-8888-ca89b476cb76,DC011_SEVEN_GUILTY_DOJ.png;DC012_BAUGH_HARVILLE_SENTENCES_DOJ.png;EBAY_HQ_2018_CC_BY_SA.jpg,Direct image refs: DC011_SEVEN_GUILTY_DOJ.png; DC012_BAUGH_HARVILLE_SENTENCES_DOJ.png; EBAY_HQ_2018_CC_BY_SA.jpg.,Do not attach unrelated assets or any full-page text source outside the listed references.,PERSONAL ACCOUNTABILITY,large authentic source frame on the right two-thirds; oversized headline left; short red dash above headline; one thin horizontal rule; one small paper tab overlapping the source frame,"paper file-tab detail, restrained red accent, authentic source framing",BOTTOM_AT_LEAST_20_PERCENT_TARGET_22_PERCENT_VISUALLY_QUIET,None beyond the locked narration.,"BEAT_ID: B052
ROUTE: SOURCE_STYLED_GENERATION
FRAME_FAMILY: T01 / evidence
NARRATIVE_PURPOSE: Show individual federal accountability: prosecutions, guilty pleas and sentences, then pivot from people to the company.
VOICE_CONTEXT: ""By twenty twenty-four, the individual criminal cases had produced a clear story of personal accountability. And from a distance, that can look like the ending.""
VIEWER_TAKEAWAY / EXACT ON-IMAGE TEXT: ""PERSONAL ACCOUNTABILITY""

ATTACH STYLE REFERENCE: R5_STYLE_EVIDENCE — Higgsfield media_id dd9e6d29-9423-461b-8888-ca89b476cb76. Use it only as the channel style/composition reference: approved pig-mask evidence reference: dark textured black field, framed authentic evidence photo, large condensed headline, thin rules, small factual source label, restrained red dash.
ATTACH SOURCE ASSETS: DC011_SEVEN_GUILTY_DOJ.png; DC012_BAUGH_HARVILLE_SENTENCES_DOJ.png; EBAY_HQ_2018_CC_BY_SA.jpg.
SOURCE PREP BEFORE JOB: Direct image refs: DC011_SEVEN_GUILTY_DOJ.png; DC012_BAUGH_HARVILLE_SENTENCES_DOJ.png; EBAY_HQ_2018_CC_BY_SA.jpg.
DO NOT ATTACH: Do not attach unrelated assets or any full-page text source outside the listed references.

FINAL FRAME MUST SHOW: the listed source material visibly inside the final image itself; this is not a blank plate and there is no later source-insertion pass. Preserve real object/photo identity. For authentic text/document crops, keep the relevant excerpt visually faithful and do not invent or rewrite body text.

COMPOSITION: large authentic source frame on the right two-thirds; oversized headline left; short red dash above headline; one thin horizontal rule; one small paper tab overlapping the source frame.
THEMATIC ELEMENTS: paper file-tab detail, restrained red accent, authentic source framing. Add only scene-relevant paper/folder/tab/clip/map/timeline/evidence details. Keep the recurring WHAT IT COST visual grammar, but do not copy the exact neighboring layout.
STYLE: premium investigative business documentary; black/charcoal textured field, warm paper materials, paper-white typography, restrained signal red, rare muted antique-gold only when useful. Condensed bold display typography + clean sans-serif support. Cinematic editorial hierarchy, deliberate negative space, authentic-source-first look. No generic law-firm aesthetic.

SUBTITLE SAFE — HARD: reserve at least the bottom 20% of the 16:9 frame, target 22% for safety. That lower band must be visually quiet and contain NO essential headline, exact quote, amount, face/eyes, evidence object, source label, legal caveat, map endpoint or diagram node. All critical content must live above that band.

TEXT RULE: render only the exact short on-image text ""PERSONAL ACCOUNTABILITY"" plus a factual source/date/role label only when supported by the attached source. Do not add invented captions, decorative microcopy, fake source metadata or filler text. For money/legal-status beats, numbers and qualifiers must be exact.
LEGAL / FACTUAL GUARDRAIL: None beyond the locked narration.

VARIATION RULE: keep the same channel identity as the attached style reference while changing source crop, focal placement, paper layering and thematic motif so adjacent beats do not feel like repeated templates.
FORBIDDEN FAILURES: dense fake document; gibberish pseudo-text; fabricated legal metadata; fake seal/stamp/signature; wrong source; source missing from final frame; empty placeholder slot; important content in subtitle band; red-dominant poster; horror/tabloid treatment; cluttered dashboard/card grid; unrelated thematic element; altered real-person expression; visual claim stronger than narration.

OUTPUT: one finished 16:9 montage-ready still, visually complete, source-based, subtitle-safe, and immediately usable under the locked narration.",READY_FOR_PROMPT_REVIEW_NOT_AUTHORIZED_FOR_GENERATION
B053,S07,462.060,468.780,HYBRID_SOURCE_EDITORIAL,T07,accountability,R5_STYLE_DOSSIER,3f30e1ef-3a0e-4158-914f-70bb25fa30a4,DC011_SEVEN_GUILTY_DOJ.png;DC012_BAUGH_HARVILLE_SENTENCES_DOJ.png;EBAY_HQ_2018_CC_BY_SA.jpg,Direct image refs: DC011_SEVEN_GUILTY_DOJ.png; DC012_BAUGH_HARVILLE_SENTENCES_DOJ.png; EBAY_HQ_2018_CC_BY_SA.jpg.,Do not attach unrelated assets or any full-page text source outside the listed references.,ALL SEVEN PROSECUTED PLEADED GUILTY,stacked participant dossier sheets with only the current beat’s people/outcomes readable; headline upper-left; one source label; no dense roster grid,"real eBay HQ/corporate context, subtle file-tab language; accountability dossier with exact outcome hierarchy; operation timeline/map cue with restrained route line",BOTTOM_AT_LEAST_20_PERCENT_TARGET_22_PERCENT_VISUALLY_QUIET,None beyond the locked narration.,"BEAT_ID: B053
ROUTE: HYBRID_SOURCE_EDITORIAL
FRAME_FAMILY: T07 / accountability
NARRATIVE_PURPOSE: Show individual federal accountability: prosecutions, guilty pleas and sentences, then pivot from people to the company.
VOICE_CONTEXT: ""eBay had removed key members of the security operation. The people who were federally prosecuted had pleaded guilty.""
VIEWER_TAKEAWAY / EXACT ON-IMAGE TEXT: ""ALL SEVEN PROSECUTED PLEADED GUILTY""

ATTACH STYLE REFERENCE: R5_STYLE_DOSSIER — Higgsfield media_id 3f30e1ef-3a0e-4158-914f-70bb25fa30a4. Use it only as the channel style/composition reference: approved security/dossier reference: stacked headline at left, large framed source image on paper, clipped side note, small highlight strip, red tape accent, black textured field.
ATTACH SOURCE ASSETS: DC011_SEVEN_GUILTY_DOJ.png; DC012_BAUGH_HARVILLE_SENTENCES_DOJ.png; EBAY_HQ_2018_CC_BY_SA.jpg.
SOURCE PREP BEFORE JOB: Direct image refs: DC011_SEVEN_GUILTY_DOJ.png; DC012_BAUGH_HARVILLE_SENTENCES_DOJ.png; EBAY_HQ_2018_CC_BY_SA.jpg.
DO NOT ATTACH: Do not attach unrelated assets or any full-page text source outside the listed references.

FINAL FRAME MUST SHOW: the listed source material visibly inside the final image itself; this is not a blank plate and there is no later source-insertion pass. Preserve real object/photo identity. For authentic text/document crops, keep the relevant excerpt visually faithful and do not invent or rewrite body text.

COMPOSITION: stacked participant dossier sheets with only the current beat’s people/outcomes readable; headline upper-left; one source label; no dense roster grid.
THEMATIC ELEMENTS: real eBay HQ/corporate context, subtle file-tab language; accountability dossier with exact outcome hierarchy; operation timeline/map cue with restrained route line. Add only scene-relevant paper/folder/tab/clip/map/timeline/evidence details. Keep the recurring WHAT IT COST visual grammar, but do not copy the exact neighboring layout.
STYLE: premium investigative business documentary; black/charcoal textured field, warm paper materials, paper-white typography, restrained signal red, rare muted antique-gold only when useful. Condensed bold display typography + clean sans-serif support. Cinematic editorial hierarchy, deliberate negative space, authentic-source-first look. No generic law-firm aesthetic.

SUBTITLE SAFE — HARD: reserve at least the bottom 20% of the 16:9 frame, target 22% for safety. That lower band must be visually quiet and contain NO essential headline, exact quote, amount, face/eyes, evidence object, source label, legal caveat, map endpoint or diagram node. All critical content must live above that band.

TEXT RULE: render only the exact short on-image text ""ALL SEVEN PROSECUTED PLEADED GUILTY"" plus a factual source/date/role label only when supported by the attached source. Do not add invented captions, decorative microcopy, fake source metadata or filler text. For money/legal-status beats, numbers and qualifiers must be exact.
LEGAL / FACTUAL GUARDRAIL: None beyond the locked narration.

VARIATION RULE: keep the same channel identity as the attached style reference while changing source crop, focal placement, paper layering and thematic motif so adjacent beats do not feel like repeated templates.
FORBIDDEN FAILURES: dense fake document; gibberish pseudo-text; fabricated legal metadata; fake seal/stamp/signature; wrong source; source missing from final frame; empty placeholder slot; important content in subtitle band; red-dominant poster; horror/tabloid treatment; cluttered dashboard/card grid; unrelated thematic element; altered real-person expression; visual claim stronger than narration.

OUTPUT: one finished 16:9 montage-ready still, visually complete, source-based, subtitle-safe, and immediately usable under the locked narration.",READY_FOR_PROMPT_REVIEW_NOT_AUTHORIZED_FOR_GENERATION
B054,S07,469.980,476.000,SOURCE_STYLED_GENERATION,T01,evidence,R5_STYLE_EVIDENCE,dd9e6d29-9423-461b-8888-ca89b476cb76,DC011_SEVEN_GUILTY_DOJ.png;DC012_BAUGH_HARVILLE_SENTENCES_DOJ.png;EBAY_HQ_2018_CC_BY_SA.jpg,Direct image refs: DC011_SEVEN_GUILTY_DOJ.png; DC012_BAUGH_HARVILLE_SENTENCES_DOJ.png; EBAY_HQ_2018_CC_BY_SA.jpg.,Do not attach unrelated assets or any full-page text source outside the listed references.,FROM INDIVIDUALS TO THE COMPANY,two-source asymmetrical collage: dominant authentic source upper-right and smaller context crop upper-left; headline mid-left; black negative space below; one subtle binder-clip or file-tab element,"real eBay HQ/corporate context, subtle file-tab language",BOTTOM_AT_LEAST_20_PERCENT_TARGET_22_PERCENT_VISUALLY_QUIET,None beyond the locked narration.,"BEAT_ID: B054
ROUTE: SOURCE_STYLED_GENERATION
FRAME_FAMILY: T01 / evidence
NARRATIVE_PURPOSE: Show individual federal accountability: prosecutions, guilty pleas and sentences, then pivot from people to the company.
VOICE_CONTEXT: ""But federal prosecutors eventually turned from the individuals inside the company to the company itself.""
VIEWER_TAKEAWAY / EXACT ON-IMAGE TEXT: ""FROM INDIVIDUALS TO THE COMPANY""

ATTACH STYLE REFERENCE: R5_STYLE_EVIDENCE — Higgsfield media_id dd9e6d29-9423-461b-8888-ca89b476cb76. Use it only as the channel style/composition reference: approved pig-mask evidence reference: dark textured black field, framed authentic evidence photo, large condensed headline, thin rules, small factual source label, restrained red dash.
ATTACH SOURCE ASSETS: DC011_SEVEN_GUILTY_DOJ.png; DC012_BAUGH_HARVILLE_SENTENCES_DOJ.png; EBAY_HQ_2018_CC_BY_SA.jpg.
SOURCE PREP BEFORE JOB: Direct image refs: DC011_SEVEN_GUILTY_DOJ.png; DC012_BAUGH_HARVILLE_SENTENCES_DOJ.png; EBAY_HQ_2018_CC_BY_SA.jpg.
DO NOT ATTACH: Do not attach unrelated assets or any full-page text source outside the listed references.

FINAL FRAME MUST SHOW: the listed source material visibly inside the final image itself; this is not a blank plate and there is no later source-insertion pass. Preserve real object/photo identity. For authentic text/document crops, keep the relevant excerpt visually faithful and do not invent or rewrite body text.

COMPOSITION: two-source asymmetrical collage: dominant authentic source upper-right and smaller context crop upper-left; headline mid-left; black negative space below; one subtle binder-clip or file-tab element.
THEMATIC ELEMENTS: real eBay HQ/corporate context, subtle file-tab language. Add only scene-relevant paper/folder/tab/clip/map/timeline/evidence details. Keep the recurring WHAT IT COST visual grammar, but do not copy the exact neighboring layout.
STYLE: premium investigative business documentary; black/charcoal textured field, warm paper materials, paper-white typography, restrained signal red, rare muted antique-gold only when useful. Condensed bold display typography + clean sans-serif support. Cinematic editorial hierarchy, deliberate negative space, authentic-source-first look. No generic law-firm aesthetic.

SUBTITLE SAFE — HARD: reserve at least the bottom 20% of the 16:9 frame, target 22% for safety. That lower band must be visually quiet and contain NO essential headline, exact quote, amount, face/eyes, evidence object, source label, legal caveat, map endpoint or diagram node. All critical content must live above that band.

TEXT RULE: render only the exact short on-image text ""FROM INDIVIDUALS TO THE COMPANY"" plus a factual source/date/role label only when supported by the attached source. Do not add invented captions, decorative microcopy, fake source metadata or filler text. For money/legal-status beats, numbers and qualifiers must be exact.
LEGAL / FACTUAL GUARDRAIL: None beyond the locked narration.

VARIATION RULE: keep the same channel identity as the attached style reference while changing source crop, focal placement, paper layering and thematic motif so adjacent beats do not feel like repeated templates.
FORBIDDEN FAILURES: dense fake document; gibberish pseudo-text; fabricated legal metadata; fake seal/stamp/signature; wrong source; source missing from final frame; empty placeholder slot; important content in subtitle band; red-dominant poster; horror/tabloid treatment; cluttered dashboard/card grid; unrelated thematic element; altered real-person expression; visual claim stronger than narration.

OUTPUT: one finished 16:9 montage-ready still, visually complete, source-based, subtitle-safe, and immediately usable under the locked narration.",READY_FOR_PROMPT_REVIEW_NOT_AUTHORIZED_FOR_GENERATION
B055,S08,477.340,483.160,SOURCE_NATIVE_EDITORIAL,T03,document,R5_STYLE_EVIDENCE,dd9e6d29-9423-461b-8888-ca89b476cb76,S003_EBAY_CRIMINAL_INFORMATION.pdf;EBAY_HQ_2018_CC_BY_SA.jpg,"Direct image refs: EBAY_HQ_2018_CC_BY_SA.jpg. Document refs: S003_EBAY_CRIMINAL_INFORMATION.pdf — prepare a tight image crop of only the relevant page/paragraph before the Higgsfield job; preserve source pixels and exact wording, avoid whole-page density.","Do not attach raw/full text-heavy versions directly: S003_EBAY_CRIMINAL_INFORMATION.pdf. Before generation, render/crop only the exact relevant page fragment or use an existing DC crop; never feed a whole dense legal page when a crop is available.",JANUARY 2024 — SIX-COUNT INFORMATION,wide horizontal authentic excerpt across upper half; condensed headline above-left; one clipped corner/tab; black textured negative space below for captions,"real eBay HQ/corporate context, subtle file-tab language",BOTTOM_AT_LEAST_20_PERCENT_TARGET_22_PERCENT_VISUALLY_QUIET,None beyond the locked narration.,"BEAT_ID: B055
ROUTE: SOURCE_NATIVE_EDITORIAL
FRAME_FAMILY: T03 / document
NARRATIVE_PURPOSE: Explain eBay’s own criminal case and DPA accurately: charges, no conviction, admitted facts, $3M penalty and independent monitor.
VOICE_CONTEXT: ""In January twenty twenty-four, prosecutors filed a six-count criminal Information against eBay.""
VIEWER_TAKEAWAY / EXACT ON-IMAGE TEXT: ""JANUARY 2024 — SIX-COUNT INFORMATION""

ATTACH STYLE REFERENCE: R5_STYLE_EVIDENCE — Higgsfield media_id dd9e6d29-9423-461b-8888-ca89b476cb76. Use it only as the channel style/composition reference: approved pig-mask evidence reference: dark textured black field, framed authentic evidence photo, large condensed headline, thin rules, small factual source label, restrained red dash.
ATTACH SOURCE ASSETS: S003_EBAY_CRIMINAL_INFORMATION.pdf; EBAY_HQ_2018_CC_BY_SA.jpg.
SOURCE PREP BEFORE JOB: Direct image refs: EBAY_HQ_2018_CC_BY_SA.jpg. Document refs: S003_EBAY_CRIMINAL_INFORMATION.pdf — prepare a tight image crop of only the relevant page/paragraph before the Higgsfield job; preserve source pixels and exact wording, avoid whole-page density.
DO NOT ATTACH: Do not attach raw/full text-heavy versions directly: S003_EBAY_CRIMINAL_INFORMATION.pdf. Before generation, render/crop only the exact relevant page fragment or use an existing DC crop; never feed a whole dense legal page when a crop is available.

FINAL FRAME MUST SHOW: the listed source material visibly inside the final image itself; this is not a blank plate and there is no later source-insertion pass. Preserve real object/photo identity. For authentic text/document crops, keep the relevant excerpt visually faithful and do not invent or rewrite body text.

COMPOSITION: wide horizontal authentic excerpt across upper half; condensed headline above-left; one clipped corner/tab; black textured negative space below for captions.
THEMATIC ELEMENTS: real eBay HQ/corporate context, subtle file-tab language. Add only scene-relevant paper/folder/tab/clip/map/timeline/evidence details. Keep the recurring WHAT IT COST visual grammar, but do not copy the exact neighboring layout.
STYLE: premium investigative business documentary; black/charcoal textured field, warm paper materials, paper-white typography, restrained signal red, rare muted antique-gold only when useful. Condensed bold display typography + clean sans-serif support. Cinematic editorial hierarchy, deliberate negative space, authentic-source-first look. No generic law-firm aesthetic.

SUBTITLE SAFE — HARD: reserve at least the bottom 20% of the 16:9 frame, target 22% for safety. That lower band must be visually quiet and contain NO essential headline, exact quote, amount, face/eyes, evidence object, source label, legal caveat, map endpoint or diagram node. All critical content must live above that band.

TEXT RULE: render only the exact short on-image text ""JANUARY 2024 — SIX-COUNT INFORMATION"" plus a factual source/date/role label only when supported by the attached source. Do not add invented captions, decorative microcopy, fake source metadata or filler text. For money/legal-status beats, numbers and qualifiers must be exact.
LEGAL / FACTUAL GUARDRAIL: None beyond the locked narration.

VARIATION RULE: keep the same channel identity as the attached style reference while changing source crop, focal placement, paper layering and thematic motif so adjacent beats do not feel like repeated templates.
FORBIDDEN FAILURES: dense fake document; gibberish pseudo-text; fabricated legal metadata; fake seal/stamp/signature; wrong source; source missing from final frame; empty placeholder slot; important content in subtitle band; red-dominant poster; horror/tabloid treatment; cluttered dashboard/card grid; unrelated thematic element; altered real-person expression; visual claim stronger than narration.

OUTPUT: one finished 16:9 montage-ready still, visually complete, source-based, subtitle-safe, and immediately usable under the locked narration.",READY_FOR_PROMPT_REVIEW_NOT_AUTHORIZED_FOR_GENERATION
B056,S08,484.200,495.500,SOURCE_NATIVE_EDITORIAL,T01,evidence,R5_STYLE_EVIDENCE,dd9e6d29-9423-461b-8888-ca89b476cb76,S003_EBAY_CRIMINAL_INFORMATION.pdf;EBAY_HQ_2018_CC_BY_SA.jpg,"Direct image refs: EBAY_HQ_2018_CC_BY_SA.jpg. Document refs: S003_EBAY_CRIMINAL_INFORMATION.pdf — prepare a tight image crop of only the relevant page/paragraph before the Higgsfield job; preserve source pixels and exact wording, avoid whole-page density.","Do not attach raw/full text-heavy versions directly: S003_EBAY_CRIMINAL_INFORMATION.pdf. Before generation, render/crop only the exact relevant page fragment or use an existing DC crop; never feed a whole dense legal page when a crop is available.",STALKING • WITNESS TAMPERING • RECORDS,large authentic source frame on the right two-thirds; oversized headline left; short red dash above headline; one thin horizontal rule; one small paper tab overlapping the source frame,"investigation chronology cue, document edge, Natick context",BOTTOM_AT_LEAST_20_PERCENT_TARGET_22_PERCENT_VISUALLY_QUIET,None beyond the locked narration.,"BEAT_ID: B056
ROUTE: SOURCE_NATIVE_EDITORIAL
FRAME_FAMILY: T01 / evidence
NARRATIVE_PURPOSE: Explain eBay’s own criminal case and DPA accurately: charges, no conviction, admitted facts, $3M penalty and independent monitor.
VOICE_CONTEXT: ""The counts included interstate stalking, stalking through electronic communications, witness tampering, and destruction or falsification of records connected to a federal investigation.""
VIEWER_TAKEAWAY / EXACT ON-IMAGE TEXT: ""STALKING • WITNESS TAMPERING • RECORDS""

ATTACH STYLE REFERENCE: R5_STYLE_EVIDENCE — Higgsfield media_id dd9e6d29-9423-461b-8888-ca89b476cb76. Use it only as the channel style/composition reference: approved pig-mask evidence reference: dark textured black field, framed authentic evidence photo, large condensed headline, thin rules, small factual source label, restrained red dash.
ATTACH SOURCE ASSETS: S003_EBAY_CRIMINAL_INFORMATION.pdf; EBAY_HQ_2018_CC_BY_SA.jpg.
SOURCE PREP BEFORE JOB: Direct image refs: EBAY_HQ_2018_CC_BY_SA.jpg. Document refs: S003_EBAY_CRIMINAL_INFORMATION.pdf — prepare a tight image crop of only the relevant page/paragraph before the Higgsfield job; preserve source pixels and exact wording, avoid whole-page density.
DO NOT ATTACH: Do not attach raw/full text-heavy versions directly: S003_EBAY_CRIMINAL_INFORMATION.pdf. Before generation, render/crop only the exact relevant page fragment or use an existing DC crop; never feed a whole dense legal page when a crop is available.

FINAL FRAME MUST SHOW: the listed source material visibly inside the final image itself; this is not a blank plate and there is no later source-insertion pass. Preserve real object/photo identity. For authentic text/document crops, keep the relevant excerpt visually faithful and do not invent or rewrite body text.

COMPOSITION: large authentic source frame on the right two-thirds; oversized headline left; short red dash above headline; one thin horizontal rule; one small paper tab overlapping the source frame.
THEMATIC ELEMENTS: investigation chronology cue, document edge, Natick context. Add only scene-relevant paper/folder/tab/clip/map/timeline/evidence details. Keep the recurring WHAT IT COST visual grammar, but do not copy the exact neighboring layout.
STYLE: premium investigative business documentary; black/charcoal textured field, warm paper materials, paper-white typography, restrained signal red, rare muted antique-gold only when useful. Condensed bold display typography + clean sans-serif support. Cinematic editorial hierarchy, deliberate negative space, authentic-source-first look. No generic law-firm aesthetic.

SUBTITLE SAFE — HARD: reserve at least the bottom 20% of the 16:9 frame, target 22% for safety. That lower band must be visually quiet and contain NO essential headline, exact quote, amount, face/eyes, evidence object, source label, legal caveat, map endpoint or diagram node. All critical content must live above that band.

TEXT RULE: render only the exact short on-image text ""STALKING • WITNESS TAMPERING • RECORDS"" plus a factual source/date/role label only when supported by the attached source. Do not add invented captions, decorative microcopy, fake source metadata or filler text. For money/legal-status beats, numbers and qualifiers must be exact.
LEGAL / FACTUAL GUARDRAIL: None beyond the locked narration.

VARIATION RULE: keep the same channel identity as the attached style reference while changing source crop, focal placement, paper layering and thematic motif so adjacent beats do not feel like repeated templates.
FORBIDDEN FAILURES: dense fake document; gibberish pseudo-text; fabricated legal metadata; fake seal/stamp/signature; wrong source; source missing from final frame; empty placeholder slot; important content in subtitle band; red-dominant poster; horror/tabloid treatment; cluttered dashboard/card grid; unrelated thematic element; altered real-person expression; visual claim stronger than narration.

OUTPUT: one finished 16:9 montage-ready still, visually complete, source-based, subtitle-safe, and immediately usable under the locked narration.",READY_FOR_PROMPT_REVIEW_NOT_AUTHORIZED_FOR_GENERATION
B057,S08,496.900,499.300,SOURCE_NATIVE_EDITORIAL,T03,document,R5_STYLE_EVIDENCE,dd9e6d29-9423-461b-8888-ca89b476cb76,DC015_DPA_CRIMINAL_PENALTY.png;DC016_DPA_COMPLIANCE_MONITOR.png;DC017_DPA_ACCEPTANCE_OF_RESPONSIBILITY.png;EBAY_HQ_2018_CC_BY_SA.jpg,Direct image refs: DC015_DPA_CRIMINAL_PENALTY.png; DC016_DPA_COMPLIANCE_MONITOR.png; DC017_DPA_ACCEPTANCE_OF_RESPONSIBILITY.png; EBAY_HQ_2018_CC_BY_SA.jpg.,Do not attach unrelated assets or any full-page text source outside the listed references.,DPA ≠ CONVICTION,single document crop mounted high-center on warm paper; headline upper-left; one yellow or red highlight over the exact relevant line; small source/date line above subtitle-safe zone,"real eBay HQ/corporate context, subtle file-tab language",BOTTOM_AT_LEAST_20_PERCENT_TARGET_22_PERCENT_VISUALLY_QUIET,DPA is not a conviction.,"BEAT_ID: B057
ROUTE: SOURCE_NATIVE_EDITORIAL
FRAME_FAMILY: T03 / document
NARRATIVE_PURPOSE: Explain eBay’s own criminal case and DPA accurately: charges, no conviction, admitted facts, $3M penalty and independent monitor.
VOICE_CONTEXT: ""But eBay was not convicted on those charges.""
VIEWER_TAKEAWAY / EXACT ON-IMAGE TEXT: ""DPA ≠ CONVICTION""

ATTACH STYLE REFERENCE: R5_STYLE_EVIDENCE — Higgsfield media_id dd9e6d29-9423-461b-8888-ca89b476cb76. Use it only as the channel style/composition reference: approved pig-mask evidence reference: dark textured black field, framed authentic evidence photo, large condensed headline, thin rules, small factual source label, restrained red dash.
ATTACH SOURCE ASSETS: DC015_DPA_CRIMINAL_PENALTY.png; DC016_DPA_COMPLIANCE_MONITOR.png; DC017_DPA_ACCEPTANCE_OF_RESPONSIBILITY.png; EBAY_HQ_2018_CC_BY_SA.jpg.
SOURCE PREP BEFORE JOB: Direct image refs: DC015_DPA_CRIMINAL_PENALTY.png; DC016_DPA_COMPLIANCE_MONITOR.png; DC017_DPA_ACCEPTANCE_OF_RESPONSIBILITY.png; EBAY_HQ_2018_CC_BY_SA.jpg.
DO NOT ATTACH: Do not attach unrelated assets or any full-page text source outside the listed references.

FINAL FRAME MUST SHOW: the listed source material visibly inside the final image itself; this is not a blank plate and there is no later source-insertion pass. Preserve real object/photo identity. For authentic text/document crops, keep the relevant excerpt visually faithful and do not invent or rewrite body text.

COMPOSITION: single document crop mounted high-center on warm paper; headline upper-left; one yellow or red highlight over the exact relevant line; small source/date line above subtitle-safe zone.
THEMATIC ELEMENTS: real eBay HQ/corporate context, subtle file-tab language. Add only scene-relevant paper/folder/tab/clip/map/timeline/evidence details. Keep the recurring WHAT IT COST visual grammar, but do not copy the exact neighboring layout.
STYLE: premium investigative business documentary; black/charcoal textured field, warm paper materials, paper-white typography, restrained signal red, rare muted antique-gold only when useful. Condensed bold display typography + clean sans-serif support. Cinematic editorial hierarchy, deliberate negative space, authentic-source-first look. No generic law-firm aesthetic.

SUBTITLE SAFE — HARD: reserve at least the bottom 20% of the 16:9 frame, target 22% for safety. That lower band must be visually quiet and contain NO essential headline, exact quote, amount, face/eyes, evidence object, source label, legal caveat, map endpoint or diagram node. All critical content must live above that band.

TEXT RULE: render only the exact short on-image text ""DPA ≠ CONVICTION"" plus a factual source/date/role label only when supported by the attached source. Do not add invented captions, decorative microcopy, fake source metadata or filler text. For money/legal-status beats, numbers and qualifiers must be exact.
LEGAL / FACTUAL GUARDRAIL: DPA is not a conviction.

VARIATION RULE: keep the same channel identity as the attached style reference while changing source crop, focal placement, paper layering and thematic motif so adjacent beats do not feel like repeated templates.
FORBIDDEN FAILURES: dense fake document; gibberish pseudo-text; fabricated legal metadata; fake seal/stamp/signature; wrong source; source missing from final frame; empty placeholder slot; important content in subtitle band; red-dominant poster; horror/tabloid treatment; cluttered dashboard/card grid; unrelated thematic element; altered real-person expression; visual claim stronger than narration.

OUTPUT: one finished 16:9 montage-ready still, visually complete, source-based, subtitle-safe, and immediately usable under the locked narration.",READY_FOR_PROMPT_REVIEW_NOT_AUTHORIZED_FOR_GENERATION
B058,S08,500.300,503.880,SOURCE_NATIVE_EDITORIAL,T01,evidence,R5_STYLE_EVIDENCE,dd9e6d29-9423-461b-8888-ca89b476cb76,DC015_DPA_CRIMINAL_PENALTY.png;DC016_DPA_COMPLIANCE_MONITOR.png;DC017_DPA_ACCEPTANCE_OF_RESPONSIBILITY.png;EBAY_HQ_2018_CC_BY_SA.jpg,Direct image refs: DC015_DPA_CRIMINAL_PENALTY.png; DC016_DPA_COMPLIANCE_MONITOR.png; DC017_DPA_ACCEPTANCE_OF_RESPONSIBILITY.png; EBAY_HQ_2018_CC_BY_SA.jpg.,Do not attach unrelated assets or any full-page text source outside the listed references.,DEFERRED PROSECUTION AGREEMENT,two-source asymmetrical collage: dominant authentic source upper-right and smaller context crop upper-left; headline mid-left; black negative space below; one subtle binder-clip or file-tab element,"real eBay HQ/corporate context, subtle file-tab language; DPA paper cue + corporate consequence treatment",BOTTOM_AT_LEAST_20_PERCENT_TARGET_22_PERCENT_VISUALLY_QUIET,DPA is not a conviction.,"BEAT_ID: B058
ROUTE: SOURCE_NATIVE_EDITORIAL
FRAME_FAMILY: T01 / evidence
NARRATIVE_PURPOSE: Explain eBay’s own criminal case and DPA accurately: charges, no conviction, admitted facts, $3M penalty and independent monitor.
VOICE_CONTEXT: ""Instead, the company entered a deferred prosecution agreement.""
VIEWER_TAKEAWAY / EXACT ON-IMAGE TEXT: ""DEFERRED PROSECUTION AGREEMENT""

ATTACH STYLE REFERENCE: R5_STYLE_EVIDENCE — Higgsfield media_id dd9e6d29-9423-461b-8888-ca89b476cb76. Use it only as the channel style/composition reference: approved pig-mask evidence reference: dark textured black field, framed authentic evidence photo, large condensed headline, thin rules, small factual source label, restrained red dash.
ATTACH SOURCE ASSETS: DC015_DPA_CRIMINAL_PENALTY.png; DC016_DPA_COMPLIANCE_MONITOR.png; DC017_DPA_ACCEPTANCE_OF_RESPONSIBILITY.png; EBAY_HQ_2018_CC_BY_SA.jpg.
SOURCE PREP BEFORE JOB: Direct image refs: DC015_DPA_CRIMINAL_PENALTY.png; DC016_DPA_COMPLIANCE_MONITOR.png; DC017_DPA_ACCEPTANCE_OF_RESPONSIBILITY.png; EBAY_HQ_2018_CC_BY_SA.jpg.
DO NOT ATTACH: Do not attach unrelated assets or any full-page text source outside the listed references.

FINAL FRAME MUST SHOW: the listed source material visibly inside the final image itself; this is not a blank plate and there is no later source-insertion pass. Preserve real object/photo identity. For authentic text/document crops, keep the relevant excerpt visually faithful and do not invent or rewrite body text.

COMPOSITION: two-source asymmetrical collage: dominant authentic source upper-right and smaller context crop upper-left; headline mid-left; black negative space below; one subtle binder-clip or file-tab element.
THEMATIC ELEMENTS: real eBay HQ/corporate context, subtle file-tab language; DPA paper cue + corporate consequence treatment. Add only scene-relevant paper/folder/tab/clip/map/timeline/evidence details. Keep the recurring WHAT IT COST visual grammar, but do not copy the exact neighboring layout.
STYLE: premium investigative business documentary; black/charcoal textured field, warm paper materials, paper-white typography, restrained signal red, rare muted antique-gold only when useful. Condensed bold display typography + clean sans-serif support. Cinematic editorial hierarchy, deliberate negative space, authentic-source-first look. No generic law-firm aesthetic.

SUBTITLE SAFE — HARD: reserve at least the bottom 20% of the 16:9 frame, target 22% for safety. That lower band must be visually quiet and contain NO essential headline, exact quote, amount, face/eyes, evidence object, source label, legal caveat, map endpoint or diagram node. All critical content must live above that band.

TEXT RULE: render only the exact short on-image text ""DEFERRED PROSECUTION AGREEMENT"" plus a factual source/date/role label only when supported by the attached source. Do not add invented captions, decorative microcopy, fake source metadata or filler text. For money/legal-status beats, numbers and qualifiers must be exact.
LEGAL / FACTUAL GUARDRAIL: DPA is not a conviction.

VARIATION RULE: keep the same channel identity as the attached style reference while changing source crop, focal placement, paper layering and thematic motif so adjacent beats do not feel like repeated templates.
FORBIDDEN FAILURES: dense fake document; gibberish pseudo-text; fabricated legal metadata; fake seal/stamp/signature; wrong source; source missing from final frame; empty placeholder slot; important content in subtitle band; red-dominant poster; horror/tabloid treatment; cluttered dashboard/card grid; unrelated thematic element; altered real-person expression; visual claim stronger than narration.

OUTPUT: one finished 16:9 montage-ready still, visually complete, source-based, subtitle-safe, and immediately usable under the locked narration.",READY_FOR_PROMPT_REVIEW_NOT_AUTHORIZED_FOR_GENERATION
B059,S08,505.020,508.380,SOURCE_NATIVE_EDITORIAL,T03,document,R5_STYLE_EVIDENCE,dd9e6d29-9423-461b-8888-ca89b476cb76,DC015_DPA_CRIMINAL_PENALTY.png;DC016_DPA_COMPLIANCE_MONITOR.png;DC017_DPA_ACCEPTANCE_OF_RESPONSIBILITY.png;EBAY_HQ_2018_CC_BY_SA.jpg,Direct image refs: DC015_DPA_CRIMINAL_PENALTY.png; DC016_DPA_COMPLIANCE_MONITOR.png; DC017_DPA_ACCEPTANCE_OF_RESPONSIBILITY.png; EBAY_HQ_2018_CC_BY_SA.jpg.,Do not attach unrelated assets or any full-page text source outside the listed references.,DPA ≠ CONVICTION,wide horizontal authentic excerpt across upper half; condensed headline above-left; one clipped corner/tab; black textured negative space below for captions,DPA paper cue + corporate consequence treatment,BOTTOM_AT_LEAST_20_PERCENT_TARGET_22_PERCENT_VISUALLY_QUIET,DPA is not a conviction.,"BEAT_ID: B059
ROUTE: SOURCE_NATIVE_EDITORIAL
FRAME_FAMILY: T03 / document
NARRATIVE_PURPOSE: Explain eBay’s own criminal case and DPA accurately: charges, no conviction, admitted facts, $3M penalty and independent monitor.
VOICE_CONTEXT: ""A deferred prosecution agreement works differently from a conviction.""
VIEWER_TAKEAWAY / EXACT ON-IMAGE TEXT: ""DPA ≠ CONVICTION""

ATTACH STYLE REFERENCE: R5_STYLE_EVIDENCE — Higgsfield media_id dd9e6d29-9423-461b-8888-ca89b476cb76. Use it only as the channel style/composition reference: approved pig-mask evidence reference: dark textured black field, framed authentic evidence photo, large condensed headline, thin rules, small factual source label, restrained red dash.
ATTACH SOURCE ASSETS: DC015_DPA_CRIMINAL_PENALTY.png; DC016_DPA_COMPLIANCE_MONITOR.png; DC017_DPA_ACCEPTANCE_OF_RESPONSIBILITY.png; EBAY_HQ_2018_CC_BY_SA.jpg.
SOURCE PREP BEFORE JOB: Direct image refs: DC015_DPA_CRIMINAL_PENALTY.png; DC016_DPA_COMPLIANCE_MONITOR.png; DC017_DPA_ACCEPTANCE_OF_RESPONSIBILITY.png; EBAY_HQ_2018_CC_BY_SA.jpg.
DO NOT ATTACH: Do not attach unrelated assets or any full-page text source outside the listed references.

FINAL FRAME MUST SHOW: the listed source material visibly inside the final image itself; this is not a blank plate and there is no later source-insertion pass. Preserve real object/photo identity. For authentic text/document crops, keep the relevant excerpt visually faithful and do not invent or rewrite body text.

COMPOSITION: wide horizontal authentic excerpt across upper half; condensed headline above-left; one clipped corner/tab; black textured negative space below for captions.
THEMATIC ELEMENTS: DPA paper cue + corporate consequence treatment. Add only scene-relevant paper/folder/tab/clip/map/timeline/evidence details. Keep the recurring WHAT IT COST visual grammar, but do not copy the exact neighboring layout.
STYLE: premium investigative business documentary; black/charcoal textured field, warm paper materials, paper-white typography, restrained signal red, rare muted antique-gold only when useful. Condensed bold display typography + clean sans-serif support. Cinematic editorial hierarchy, deliberate negative space, authentic-source-first look. No generic law-firm aesthetic.

SUBTITLE SAFE — HARD: reserve at least the bottom 20% of the 16:9 frame, target 22% for safety. That lower band must be visually quiet and contain NO essential headline, exact quote, amount, face/eyes, evidence object, source label, legal caveat, map endpoint or diagram node. All critical content must live above that band.

TEXT RULE: render only the exact short on-image text ""DPA ≠ CONVICTION"" plus a factual source/date/role label only when supported by the attached source. Do not add invented captions, decorative microcopy, fake source metadata or filler text. For money/legal-status beats, numbers and qualifiers must be exact.
LEGAL / FACTUAL GUARDRAIL: DPA is not a conviction.

VARIATION RULE: keep the same channel identity as the attached style reference while changing source crop, focal placement, paper layering and thematic motif so adjacent beats do not feel like repeated templates.
FORBIDDEN FAILURES: dense fake document; gibberish pseudo-text; fabricated legal metadata; fake seal/stamp/signature; wrong source; source missing from final frame; empty placeholder slot; important content in subtitle band; red-dominant poster; horror/tabloid treatment; cluttered dashboard/card grid; unrelated thematic element; altered real-person expression; visual claim stronger than narration.

OUTPUT: one finished 16:9 montage-ready still, visually complete, source-based, subtitle-safe, and immediately usable under the locked narration.",READY_FOR_PROMPT_REVIEW_NOT_AUTHORIZED_FOR_GENERATION
B060,S08,509.420,524.080,SOURCE_NATIVE_EDITORIAL,T01,evidence,R5_STYLE_EVIDENCE,dd9e6d29-9423-461b-8888-ca89b476cb76,DC015_DPA_CRIMINAL_PENALTY.png;DC016_DPA_COMPLIANCE_MONITOR.png;DC017_DPA_ACCEPTANCE_OF_RESPONSIBILITY.png;EBAY_HQ_2018_CC_BY_SA.jpg,Direct image refs: DC015_DPA_CRIMINAL_PENALTY.png; DC016_DPA_COMPLIANCE_MONITOR.png; DC017_DPA_ACCEPTANCE_OF_RESPONSIBILITY.png; EBAY_HQ_2018_CC_BY_SA.jpg.,Do not attach unrelated assets or any full-page text source outside the listed references.,CHARGES FILED • PROSECUTION DEFERRED,large authentic source frame on the right two-thirds; oversized headline left; short red dash above headline; one thin horizontal rule; one small paper tab overlapping the source frame,"real eBay HQ/corporate context, subtle file-tab language",BOTTOM_AT_LEAST_20_PERCENT_TARGET_22_PERCENT_VISUALLY_QUIET,DPA is not a conviction.,"BEAT_ID: B060
ROUTE: SOURCE_NATIVE_EDITORIAL
FRAME_FAMILY: T01 / evidence
NARRATIVE_PURPOSE: Explain eBay’s own criminal case and DPA accurately: charges, no conviction, admitted facts, $3M penalty and independent monitor.
VOICE_CONTEXT: ""The government files charges, but prosecution is held back while the company complies with negotiated conditions. If the agreement is completed successfully, the criminal case is intended to end without a trial on those corporate charges.""
VIEWER_TAKEAWAY / EXACT ON-IMAGE TEXT: ""CHARGES FILED • PROSECUTION DEFERRED""

ATTACH STYLE REFERENCE: R5_STYLE_EVIDENCE — Higgsfield media_id dd9e6d29-9423-461b-8888-ca89b476cb76. Use it only as the channel style/composition reference: approved pig-mask evidence reference: dark textured black field, framed authentic evidence photo, large condensed headline, thin rules, small factual source label, restrained red dash.
ATTACH SOURCE ASSETS: DC015_DPA_CRIMINAL_PENALTY.png; DC016_DPA_COMPLIANCE_MONITOR.png; DC017_DPA_ACCEPTANCE_OF_RESPONSIBILITY.png; EBAY_HQ_2018_CC_BY_SA.jpg.
SOURCE PREP BEFORE JOB: Direct image refs: DC015_DPA_CRIMINAL_PENALTY.png; DC016_DPA_COMPLIANCE_MONITOR.png; DC017_DPA_ACCEPTANCE_OF_RESPONSIBILITY.png; EBAY_HQ_2018_CC_BY_SA.jpg.
DO NOT ATTACH: Do not attach unrelated assets or any full-page text source outside the listed references.

FINAL FRAME MUST SHOW: the listed source material visibly inside the final image itself; this is not a blank plate and there is no later source-insertion pass. Preserve real object/photo identity. For authentic text/document crops, keep the relevant excerpt visually faithful and do not invent or rewrite body text.

COMPOSITION: large authentic source frame on the right two-thirds; oversized headline left; short red dash above headline; one thin horizontal rule; one small paper tab overlapping the source frame.
THEMATIC ELEMENTS: real eBay HQ/corporate context, subtle file-tab language. Add only scene-relevant paper/folder/tab/clip/map/timeline/evidence details. Keep the recurring WHAT IT COST visual grammar, but do not copy the exact neighboring layout.
STYLE: premium investigative business documentary; black/charcoal textured field, warm paper materials, paper-white typography, restrained signal red, rare muted antique-gold only when useful. Condensed bold display typography + clean sans-serif support. Cinematic editorial hierarchy, deliberate negative space, authentic-source-first look. No generic law-firm aesthetic.

SUBTITLE SAFE — HARD: reserve at least the bottom 20% of the 16:9 frame, target 22% for safety. That lower band must be visually quiet and contain NO essential headline, exact quote, amount, face/eyes, evidence object, source label, legal caveat, map endpoint or diagram node. All critical content must live above that band.

TEXT RULE: render only the exact short on-image text ""CHARGES FILED • PROSECUTION DEFERRED"" plus a factual source/date/role label only when supported by the attached source. Do not add invented captions, decorative microcopy, fake source metadata or filler text. For money/legal-status beats, numbers and qualifiers must be exact.
LEGAL / FACTUAL GUARDRAIL: DPA is not a conviction.

VARIATION RULE: keep the same channel identity as the attached style reference while changing source crop, focal placement, paper layering and thematic motif so adjacent beats do not feel like repeated templates.
FORBIDDEN FAILURES: dense fake document; gibberish pseudo-text; fabricated legal metadata; fake seal/stamp/signature; wrong source; source missing from final frame; empty placeholder slot; important content in subtitle band; red-dominant poster; horror/tabloid treatment; cluttered dashboard/card grid; unrelated thematic element; altered real-person expression; visual claim stronger than narration.

OUTPUT: one finished 16:9 montage-ready still, visually complete, source-based, subtitle-safe, and immediately usable under the locked narration.",READY_FOR_PROMPT_REVIEW_NOT_AUTHORIZED_FOR_GENERATION
B061,S08,525.140,528.120,HYBRID_SOURCE_EDITORIAL,T01,evidence,R5_STYLE_EVIDENCE,dd9e6d29-9423-461b-8888-ca89b476cb76,DC015_DPA_CRIMINAL_PENALTY.png;DC016_DPA_COMPLIANCE_MONITOR.png;DC017_DPA_ACCEPTANCE_OF_RESPONSIBILITY.png;EBAY_HQ_2018_CC_BY_SA.jpg,Direct image refs: DC015_DPA_CRIMINAL_PENALTY.png; DC016_DPA_COMPLIANCE_MONITOR.png; DC017_DPA_ACCEPTANCE_OF_RESPONSIBILITY.png; EBAY_HQ_2018_CC_BY_SA.jpg.,Do not attach unrelated assets or any full-page text source outside the listed references.,CORPORATE CONSEQUENCES,hero evidence object centered high on a warm-paper mount; headline upper-left; compact source label above; small red underline; faint secondary evidence edge behind the hero,"real eBay HQ/corporate context, subtle file-tab language",BOTTOM_AT_LEAST_20_PERCENT_TARGET_22_PERCENT_VISUALLY_QUIET,DPA is not a conviction.,"BEAT_ID: B061
ROUTE: HYBRID_SOURCE_EDITORIAL
FRAME_FAMILY: T01 / evidence
NARRATIVE_PURPOSE: Explain eBay’s own criminal case and DPA accurately: charges, no conviction, admitted facts, $3M penalty and independent monitor.
VOICE_CONTEXT: ""For eBay, the agreement came with real consequences.""
VIEWER_TAKEAWAY / EXACT ON-IMAGE TEXT: ""CORPORATE CONSEQUENCES""

ATTACH STYLE REFERENCE: R5_STYLE_EVIDENCE — Higgsfield media_id dd9e6d29-9423-461b-8888-ca89b476cb76. Use it only as the channel style/composition reference: approved pig-mask evidence reference: dark textured black field, framed authentic evidence photo, large condensed headline, thin rules, small factual source label, restrained red dash.
ATTACH SOURCE ASSETS: DC015_DPA_CRIMINAL_PENALTY.png; DC016_DPA_COMPLIANCE_MONITOR.png; DC017_DPA_ACCEPTANCE_OF_RESPONSIBILITY.png; EBAY_HQ_2018_CC_BY_SA.jpg.
SOURCE PREP BEFORE JOB: Direct image refs: DC015_DPA_CRIMINAL_PENALTY.png; DC016_DPA_COMPLIANCE_MONITOR.png; DC017_DPA_ACCEPTANCE_OF_RESPONSIBILITY.png; EBAY_HQ_2018_CC_BY_SA.jpg.
DO NOT ATTACH: Do not attach unrelated assets or any full-page text source outside the listed references.

FINAL FRAME MUST SHOW: the listed source material visibly inside the final image itself; this is not a blank plate and there is no later source-insertion pass. Preserve real object/photo identity. For authentic text/document crops, keep the relevant excerpt visually faithful and do not invent or rewrite body text.

COMPOSITION: hero evidence object centered high on a warm-paper mount; headline upper-left; compact source label above; small red underline; faint secondary evidence edge behind the hero.
THEMATIC ELEMENTS: real eBay HQ/corporate context, subtle file-tab language. Add only scene-relevant paper/folder/tab/clip/map/timeline/evidence details. Keep the recurring WHAT IT COST visual grammar, but do not copy the exact neighboring layout.
STYLE: premium investigative business documentary; black/charcoal textured field, warm paper materials, paper-white typography, restrained signal red, rare muted antique-gold only when useful. Condensed bold display typography + clean sans-serif support. Cinematic editorial hierarchy, deliberate negative space, authentic-source-first look. No generic law-firm aesthetic.

SUBTITLE SAFE — HARD: reserve at least the bottom 20% of the 16:9 frame, target 22% for safety. That lower band must be visually quiet and contain NO essential headline, exact quote, amount, face/eyes, evidence object, source label, legal caveat, map endpoint or diagram node. All critical content must live above that band.

TEXT RULE: render only the exact short on-image text ""CORPORATE CONSEQUENCES"" plus a factual source/date/role label only when supported by the attached source. Do not add invented captions, decorative microcopy, fake source metadata or filler text. For money/legal-status beats, numbers and qualifiers must be exact.
LEGAL / FACTUAL GUARDRAIL: DPA is not a conviction.

VARIATION RULE: keep the same channel identity as the attached style reference while changing source crop, focal placement, paper layering and thematic motif so adjacent beats do not feel like repeated templates.
FORBIDDEN FAILURES: dense fake document; gibberish pseudo-text; fabricated legal metadata; fake seal/stamp/signature; wrong source; source missing from final frame; empty placeholder slot; important content in subtitle band; red-dominant poster; horror/tabloid treatment; cluttered dashboard/card grid; unrelated thematic element; altered real-person expression; visual claim stronger than narration.

OUTPUT: one finished 16:9 montage-ready still, visually complete, source-based, subtitle-safe, and immediately usable under the locked narration.",READY_FOR_PROMPT_REVIEW_NOT_AUTHORIZED_FOR_GENERATION
B062,S08,529.300,536.780,SOURCE_NATIVE_EDITORIAL,T04,money,R5_STYLE_DOSSIER,3f30e1ef-3a0e-4158-914f-70bb25fa30a4,DC015_DPA_CRIMINAL_PENALTY.png;DC016_DPA_COMPLIANCE_MONITOR.png;DC017_DPA_ACCEPTANCE_OF_RESPONSIBILITY.png;EBAY_HQ_2018_CC_BY_SA.jpg,Direct image refs: DC015_DPA_CRIMINAL_PENALTY.png; DC016_DPA_COMPLIANCE_MONITOR.png; DC017_DPA_ACCEPTANCE_OF_RESPONSIBILITY.png; EBAY_HQ_2018_CC_BY_SA.jpg.,Do not attach unrelated assets or any full-page text source outside the listed references.,$3M CRIMINAL PENALTY,asymmetrical settlement sheet: amount and short label left; authentic filing/company context right; one paper tab with exact legal qualifier; no extra numbers,"real eBay HQ/corporate context, subtle file-tab language; DPA paper cue + corporate consequence treatment; money-ledger visual language with exact deterministic figures",BOTTOM_AT_LEAST_20_PERCENT_TARGET_22_PERCENT_VISUALLY_QUIET,DPA is not a conviction. $3M criminal DPA penalty is separate from the $55.7M civil settlement package.,"BEAT_ID: B062
ROUTE: SOURCE_NATIVE_EDITORIAL
FRAME_FAMILY: T04 / money
NARRATIVE_PURPOSE: Explain eBay’s own criminal case and DPA accurately: charges, no conviction, admitted facts, $3M penalty and independent monitor.
VOICE_CONTEXT: ""The company admitted a detailed factual account of the conduct. It agreed to pay a three-million-dollar criminal penalty.""
VIEWER_TAKEAWAY / EXACT ON-IMAGE TEXT: ""$3M CRIMINAL PENALTY""

ATTACH STYLE REFERENCE: R5_STYLE_DOSSIER — Higgsfield media_id 3f30e1ef-3a0e-4158-914f-70bb25fa30a4. Use it only as the channel style/composition reference: approved security/dossier reference: stacked headline at left, large framed source image on paper, clipped side note, small highlight strip, red tape accent, black textured field.
ATTACH SOURCE ASSETS: DC015_DPA_CRIMINAL_PENALTY.png; DC016_DPA_COMPLIANCE_MONITOR.png; DC017_DPA_ACCEPTANCE_OF_RESPONSIBILITY.png; EBAY_HQ_2018_CC_BY_SA.jpg.
SOURCE PREP BEFORE JOB: Direct image refs: DC015_DPA_CRIMINAL_PENALTY.png; DC016_DPA_COMPLIANCE_MONITOR.png; DC017_DPA_ACCEPTANCE_OF_RESPONSIBILITY.png; EBAY_HQ_2018_CC_BY_SA.jpg.
DO NOT ATTACH: Do not attach unrelated assets or any full-page text source outside the listed references.

FINAL FRAME MUST SHOW: the listed source material visibly inside the final image itself; this is not a blank plate and there is no later source-insertion pass. Preserve real object/photo identity. For authentic text/document crops, keep the relevant excerpt visually faithful and do not invent or rewrite body text.

COMPOSITION: asymmetrical settlement sheet: amount and short label left; authentic filing/company context right; one paper tab with exact legal qualifier; no extra numbers.
THEMATIC ELEMENTS: real eBay HQ/corporate context, subtle file-tab language; DPA paper cue + corporate consequence treatment; money-ledger visual language with exact deterministic figures. Add only scene-relevant paper/folder/tab/clip/map/timeline/evidence details. Keep the recurring WHAT IT COST visual grammar, but do not copy the exact neighboring layout.
STYLE: premium investigative business documentary; black/charcoal textured field, warm paper materials, paper-white typography, restrained signal red, rare muted antique-gold only when useful. Condensed bold display typography + clean sans-serif support. Cinematic editorial hierarchy, deliberate negative space, authentic-source-first look. No generic law-firm aesthetic.

SUBTITLE SAFE — HARD: reserve at least the bottom 20% of the 16:9 frame, target 22% for safety. That lower band must be visually quiet and contain NO essential headline, exact quote, amount, face/eyes, evidence object, source label, legal caveat, map endpoint or diagram node. All critical content must live above that band.

TEXT RULE: render only the exact short on-image text ""$3M CRIMINAL PENALTY"" plus a factual source/date/role label only when supported by the attached source. Do not add invented captions, decorative microcopy, fake source metadata or filler text. For money/legal-status beats, numbers and qualifiers must be exact.
LEGAL / FACTUAL GUARDRAIL: DPA is not a conviction. $3M criminal DPA penalty is separate from the $55.7M civil settlement package.

VARIATION RULE: keep the same channel identity as the attached style reference while changing source crop, focal placement, paper layering and thematic motif so adjacent beats do not feel like repeated templates.
FORBIDDEN FAILURES: dense fake document; gibberish pseudo-text; fabricated legal metadata; fake seal/stamp/signature; wrong source; source missing from final frame; empty placeholder slot; important content in subtitle band; red-dominant poster; horror/tabloid treatment; cluttered dashboard/card grid; unrelated thematic element; altered real-person expression; visual claim stronger than narration.

OUTPUT: one finished 16:9 montage-ready still, visually complete, source-based, subtitle-safe, and immediately usable under the locked narration.",READY_FOR_PROMPT_REVIEW_NOT_AUTHORIZED_FOR_GENERATION
B063,S08,537.600,544.240,SOURCE_NATIVE_EDITORIAL,T01,evidence,R5_STYLE_EVIDENCE,dd9e6d29-9423-461b-8888-ca89b476cb76,DC015_DPA_CRIMINAL_PENALTY.png;DC016_DPA_COMPLIANCE_MONITOR.png;DC017_DPA_ACCEPTANCE_OF_RESPONSIBILITY.png;EBAY_HQ_2018_CC_BY_SA.jpg,Direct image refs: DC015_DPA_CRIMINAL_PENALTY.png; DC016_DPA_COMPLIANCE_MONITOR.png; DC017_DPA_ACCEPTANCE_OF_RESPONSIBILITY.png; EBAY_HQ_2018_CC_BY_SA.jpg.,Do not attach unrelated assets or any full-page text source outside the listed references.,3-YEAR INDEPENDENT MONITOR,full-width source strip across upper 60%; headline block at lower-left but entirely above subtitle-safe band; one tiny source/date tag; restrained paper edge and red tick,DPA paper cue + corporate consequence treatment; operation timeline/map cue with restrained route line,BOTTOM_AT_LEAST_20_PERCENT_TARGET_22_PERCENT_VISUALLY_QUIET,DPA is not a conviction.,"BEAT_ID: B063
ROUTE: SOURCE_NATIVE_EDITORIAL
FRAME_FAMILY: T01 / evidence
NARRATIVE_PURPOSE: Explain eBay’s own criminal case and DPA accurately: charges, no conviction, admitted facts, $3M penalty and independent monitor.
VOICE_CONTEXT: ""And it accepted an independent compliance monitor for three years, along with cooperation and compliance obligations.""
VIEWER_TAKEAWAY / EXACT ON-IMAGE TEXT: ""3-YEAR INDEPENDENT MONITOR""

ATTACH STYLE REFERENCE: R5_STYLE_EVIDENCE — Higgsfield media_id dd9e6d29-9423-461b-8888-ca89b476cb76. Use it only as the channel style/composition reference: approved pig-mask evidence reference: dark textured black field, framed authentic evidence photo, large condensed headline, thin rules, small factual source label, restrained red dash.
ATTACH SOURCE ASSETS: DC015_DPA_CRIMINAL_PENALTY.png; DC016_DPA_COMPLIANCE_MONITOR.png; DC017_DPA_ACCEPTANCE_OF_RESPONSIBILITY.png; EBAY_HQ_2018_CC_BY_SA.jpg.
SOURCE PREP BEFORE JOB: Direct image refs: DC015_DPA_CRIMINAL_PENALTY.png; DC016_DPA_COMPLIANCE_MONITOR.png; DC017_DPA_ACCEPTANCE_OF_RESPONSIBILITY.png; EBAY_HQ_2018_CC_BY_SA.jpg.
DO NOT ATTACH: Do not attach unrelated assets or any full-page text source outside the listed references.

FINAL FRAME MUST SHOW: the listed source material visibly inside the final image itself; this is not a blank plate and there is no later source-insertion pass. Preserve real object/photo identity. For authentic text/document crops, keep the relevant excerpt visually faithful and do not invent or rewrite body text.

COMPOSITION: full-width source strip across upper 60%; headline block at lower-left but entirely above subtitle-safe band; one tiny source/date tag; restrained paper edge and red tick.
THEMATIC ELEMENTS: DPA paper cue + corporate consequence treatment; operation timeline/map cue with restrained route line. Add only scene-relevant paper/folder/tab/clip/map/timeline/evidence details. Keep the recurring WHAT IT COST visual grammar, but do not copy the exact neighboring layout.
STYLE: premium investigative business documentary; black/charcoal textured field, warm paper materials, paper-white typography, restrained signal red, rare muted antique-gold only when useful. Condensed bold display typography + clean sans-serif support. Cinematic editorial hierarchy, deliberate negative space, authentic-source-first look. No generic law-firm aesthetic.

SUBTITLE SAFE — HARD: reserve at least the bottom 20% of the 16:9 frame, target 22% for safety. That lower band must be visually quiet and contain NO essential headline, exact quote, amount, face/eyes, evidence object, source label, legal caveat, map endpoint or diagram node. All critical content must live above that band.

TEXT RULE: render only the exact short on-image text ""3-YEAR INDEPENDENT MONITOR"" plus a factual source/date/role label only when supported by the attached source. Do not add invented captions, decorative microcopy, fake source metadata or filler text. For money/legal-status beats, numbers and qualifiers must be exact.
LEGAL / FACTUAL GUARDRAIL: DPA is not a conviction.

VARIATION RULE: keep the same channel identity as the attached style reference while changing source crop, focal placement, paper layering and thematic motif so adjacent beats do not feel like repeated templates.
FORBIDDEN FAILURES: dense fake document; gibberish pseudo-text; fabricated legal metadata; fake seal/stamp/signature; wrong source; source missing from final frame; empty placeholder slot; important content in subtitle band; red-dominant poster; horror/tabloid treatment; cluttered dashboard/card grid; unrelated thematic element; altered real-person expression; visual claim stronger than narration.

OUTPUT: one finished 16:9 montage-ready still, visually complete, source-based, subtitle-safe, and immediately usable under the locked narration.",READY_FOR_PROMPT_REVIEW_NOT_AUTHORIZED_FOR_GENERATION
B064,S08,545.640,555.980,HYBRID_SOURCE_EDITORIAL,T01,evidence,R5_STYLE_EVIDENCE,dd9e6d29-9423-461b-8888-ca89b476cb76,DC015_DPA_CRIMINAL_PENALTY.png;DC016_DPA_COMPLIANCE_MONITOR.png;DC017_DPA_ACCEPTANCE_OF_RESPONSIBILITY.png;EBAY_HQ_2018_CC_BY_SA.jpg,Direct image refs: DC015_DPA_CRIMINAL_PENALTY.png; DC016_DPA_COMPLIANCE_MONITOR.png; DC017_DPA_ACCEPTANCE_OF_RESPONSIBILITY.png; EBAY_HQ_2018_CC_BY_SA.jpg.,Do not attach unrelated assets or any full-page text source outside the listed references.,EBAY — FEDERAL CRIMINAL RESOLUTION,large authentic source frame on the right two-thirds; oversized headline left; short red dash above headline; one thin horizontal rule; one small paper tab overlapping the source frame,"real eBay HQ/corporate context, subtle file-tab language",BOTTOM_AT_LEAST_20_PERCENT_TARGET_22_PERCENT_VISUALLY_QUIET,DPA is not a conviction.,"BEAT_ID: B064
ROUTE: HYBRID_SOURCE_EDITORIAL
FRAME_FAMILY: T01 / evidence
NARRATIVE_PURPOSE: Explain eBay’s own criminal case and DPA accurately: charges, no conviction, admitted facts, $3M penalty and independent monitor.
VOICE_CONTEXT: ""At that point, the legal consequences no longer belonged only to individuals. eBay itself had entered a federal criminal resolution tied to the conduct.""
VIEWER_TAKEAWAY / EXACT ON-IMAGE TEXT: ""EBAY — FEDERAL CRIMINAL RESOLUTION""

ATTACH STYLE REFERENCE: R5_STYLE_EVIDENCE — Higgsfield media_id dd9e6d29-9423-461b-8888-ca89b476cb76. Use it only as the channel style/composition reference: approved pig-mask evidence reference: dark textured black field, framed authentic evidence photo, large condensed headline, thin rules, small factual source label, restrained red dash.
ATTACH SOURCE ASSETS: DC015_DPA_CRIMINAL_PENALTY.png; DC016_DPA_COMPLIANCE_MONITOR.png; DC017_DPA_ACCEPTANCE_OF_RESPONSIBILITY.png; EBAY_HQ_2018_CC_BY_SA.jpg.
SOURCE PREP BEFORE JOB: Direct image refs: DC015_DPA_CRIMINAL_PENALTY.png; DC016_DPA_COMPLIANCE_MONITOR.png; DC017_DPA_ACCEPTANCE_OF_RESPONSIBILITY.png; EBAY_HQ_2018_CC_BY_SA.jpg.
DO NOT ATTACH: Do not attach unrelated assets or any full-page text source outside the listed references.

FINAL FRAME MUST SHOW: the listed source material visibly inside the final image itself; this is not a blank plate and there is no later source-insertion pass. Preserve real object/photo identity. For authentic text/document crops, keep the relevant excerpt visually faithful and do not invent or rewrite body text.

COMPOSITION: large authentic source frame on the right two-thirds; oversized headline left; short red dash above headline; one thin horizontal rule; one small paper tab overlapping the source frame.
THEMATIC ELEMENTS: real eBay HQ/corporate context, subtle file-tab language. Add only scene-relevant paper/folder/tab/clip/map/timeline/evidence details. Keep the recurring WHAT IT COST visual grammar, but do not copy the exact neighboring layout.
STYLE: premium investigative business documentary; black/charcoal textured field, warm paper materials, paper-white typography, restrained signal red, rare muted antique-gold only when useful. Condensed bold display typography + clean sans-serif support. Cinematic editorial hierarchy, deliberate negative space, authentic-source-first look. No generic law-firm aesthetic.

SUBTITLE SAFE — HARD: reserve at least the bottom 20% of the 16:9 frame, target 22% for safety. That lower band must be visually quiet and contain NO essential headline, exact quote, amount, face/eyes, evidence object, source label, legal caveat, map endpoint or diagram node. All critical content must live above that band.

TEXT RULE: render only the exact short on-image text ""EBAY — FEDERAL CRIMINAL RESOLUTION"" plus a factual source/date/role label only when supported by the attached source. Do not add invented captions, decorative microcopy, fake source metadata or filler text. For money/legal-status beats, numbers and qualifiers must be exact.
LEGAL / FACTUAL GUARDRAIL: DPA is not a conviction.

VARIATION RULE: keep the same channel identity as the attached style reference while changing source crop, focal placement, paper layering and thematic motif so adjacent beats do not feel like repeated templates.
FORBIDDEN FAILURES: dense fake document; gibberish pseudo-text; fabricated legal metadata; fake seal/stamp/signature; wrong source; source missing from final frame; empty placeholder slot; important content in subtitle band; red-dominant poster; horror/tabloid treatment; cluttered dashboard/card grid; unrelated thematic element; altered real-person expression; visual claim stronger than narration.

OUTPUT: one finished 16:9 montage-ready still, visually complete, source-based, subtitle-safe, and immediately usable under the locked narration.",READY_FOR_PROMPT_REVIEW_NOT_AUTHORIZED_FOR_GENERATION
B065,S08,556.820,565.860,HYBRID_SOURCE_EDITORIAL,T01,evidence,R5_STYLE_EVIDENCE,dd9e6d29-9423-461b-8888-ca89b476cb76,EBAY_HQ_2018_CC_BY_SA.jpg;LIVE_MOAKLEY_COURTHOUSE_CC0.jpg,Direct image refs: EBAY_HQ_2018_CC_BY_SA.jpg; LIVE_MOAKLEY_COURTHOUSE_CC0.jpg.,Do not attach unrelated assets or any full-page text source outside the listed references.,HOW FAR UP DID RESPONSIBILITY GO?,hero evidence object centered high on a warm-paper mount; headline upper-left; compact source label above; small red underline; faint secondary evidence edge behind the hero,court-document excerpt + clipped legal-status note,BOTTOM_AT_LEAST_20_PERCENT_TARGET_22_PERCENT_VISUALLY_QUIET,None beyond the locked narration.,"BEAT_ID: B065
ROUTE: HYBRID_SOURCE_EDITORIAL
FRAME_FAMILY: T01 / evidence
NARRATIVE_PURPOSE: Explain eBay’s own criminal case and DPA accurately: charges, no conviction, admitted facts, $3M penalty and independent monitor.
VOICE_CONTEXT: ""But one major question was still unresolved. How far up the organization could civil responsibility for the campaign extend?""
VIEWER_TAKEAWAY / EXACT ON-IMAGE TEXT: ""HOW FAR UP DID RESPONSIBILITY GO?""

ATTACH STYLE REFERENCE: R5_STYLE_EVIDENCE — Higgsfield media_id dd9e6d29-9423-461b-8888-ca89b476cb76. Use it only as the channel style/composition reference: approved pig-mask evidence reference: dark textured black field, framed authentic evidence photo, large condensed headline, thin rules, small factual source label, restrained red dash.
ATTACH SOURCE ASSETS: EBAY_HQ_2018_CC_BY_SA.jpg; LIVE_MOAKLEY_COURTHOUSE_CC0.jpg.
SOURCE PREP BEFORE JOB: Direct image refs: EBAY_HQ_2018_CC_BY_SA.jpg; LIVE_MOAKLEY_COURTHOUSE_CC0.jpg.
DO NOT ATTACH: Do not attach unrelated assets or any full-page text source outside the listed references.

FINAL FRAME MUST SHOW: the listed source material visibly inside the final image itself; this is not a blank plate and there is no later source-insertion pass. Preserve real object/photo identity. For authentic text/document crops, keep the relevant excerpt visually faithful and do not invent or rewrite body text.

COMPOSITION: hero evidence object centered high on a warm-paper mount; headline upper-left; compact source label above; small red underline; faint secondary evidence edge behind the hero.
THEMATIC ELEMENTS: court-document excerpt + clipped legal-status note. Add only scene-relevant paper/folder/tab/clip/map/timeline/evidence details. Keep the recurring WHAT IT COST visual grammar, but do not copy the exact neighboring layout.
STYLE: premium investigative business documentary; black/charcoal textured field, warm paper materials, paper-white typography, restrained signal red, rare muted antique-gold only when useful. Condensed bold display typography + clean sans-serif support. Cinematic editorial hierarchy, deliberate negative space, authentic-source-first look. No generic law-firm aesthetic.

SUBTITLE SAFE — HARD: reserve at least the bottom 20% of the 16:9 frame, target 22% for safety. That lower band must be visually quiet and contain NO essential headline, exact quote, amount, face/eyes, evidence object, source label, legal caveat, map endpoint or diagram node. All critical content must live above that band.

TEXT RULE: render only the exact short on-image text ""HOW FAR UP DID RESPONSIBILITY GO?"" plus a factual source/date/role label only when supported by the attached source. Do not add invented captions, decorative microcopy, fake source metadata or filler text. For money/legal-status beats, numbers and qualifiers must be exact.
LEGAL / FACTUAL GUARDRAIL: None beyond the locked narration.

VARIATION RULE: keep the same channel identity as the attached style reference while changing source crop, focal placement, paper layering and thematic motif so adjacent beats do not feel like repeated templates.
FORBIDDEN FAILURES: dense fake document; gibberish pseudo-text; fabricated legal metadata; fake seal/stamp/signature; wrong source; source missing from final frame; empty placeholder slot; important content in subtitle band; red-dominant poster; horror/tabloid treatment; cluttered dashboard/card grid; unrelated thematic element; altered real-person expression; visual claim stronger than narration.

OUTPUT: one finished 16:9 montage-ready still, visually complete, source-based, subtitle-safe, and immediately usable under the locked narration.",READY_FOR_PROMPT_REVIEW_NOT_AUTHORIZED_FOR_GENERATION
B066,S08,566.960,569.300,HYBRID_SOURCE_EDITORIAL,T03,document,R5_STYLE_EVIDENCE,dd9e6d29-9423-461b-8888-ca89b476cb76,LIVE_MOAKLEY_COURTHOUSE_CC0.jpg,Direct image refs: LIVE_MOAKLEY_COURTHOUSE_CC0.jpg.,Do not attach unrelated assets or any full-page text source outside the listed references.,TOWARD A JURY,"source excerpt framed like a photographic evidence print, slightly offset; headline left or top-left; second tiny context image only if needed; no decorative body text",court-document excerpt + clipped legal-status note,BOTTOM_AT_LEAST_20_PERCENT_TARGET_22_PERCENT_VISUALLY_QUIET,None beyond the locked narration.,"BEAT_ID: B066
ROUTE: HYBRID_SOURCE_EDITORIAL
FRAME_FAMILY: T03 / document
NARRATIVE_PURPOSE: Explain eBay’s own criminal case and DPA accurately: charges, no conviction, admitted facts, $3M penalty and independent monitor.
VOICE_CONTEXT: ""That question was moving toward a jury.""
VIEWER_TAKEAWAY / EXACT ON-IMAGE TEXT: ""TOWARD A JURY""

ATTACH STYLE REFERENCE: R5_STYLE_EVIDENCE — Higgsfield media_id dd9e6d29-9423-461b-8888-ca89b476cb76. Use it only as the channel style/composition reference: approved pig-mask evidence reference: dark textured black field, framed authentic evidence photo, large condensed headline, thin rules, small factual source label, restrained red dash.
ATTACH SOURCE ASSETS: LIVE_MOAKLEY_COURTHOUSE_CC0.jpg.
SOURCE PREP BEFORE JOB: Direct image refs: LIVE_MOAKLEY_COURTHOUSE_CC0.jpg.
DO NOT ATTACH: Do not attach unrelated assets or any full-page text source outside the listed references.

FINAL FRAME MUST SHOW: the listed source material visibly inside the final image itself; this is not a blank plate and there is no later source-insertion pass. Preserve real object/photo identity. For authentic text/document crops, keep the relevant excerpt visually faithful and do not invent or rewrite body text.

COMPOSITION: source excerpt framed like a photographic evidence print, slightly offset; headline left or top-left; second tiny context image only if needed; no decorative body text.
THEMATIC ELEMENTS: court-document excerpt + clipped legal-status note. Add only scene-relevant paper/folder/tab/clip/map/timeline/evidence details. Keep the recurring WHAT IT COST visual grammar, but do not copy the exact neighboring layout.
STYLE: premium investigative business documentary; black/charcoal textured field, warm paper materials, paper-white typography, restrained signal red, rare muted antique-gold only when useful. Condensed bold display typography + clean sans-serif support. Cinematic editorial hierarchy, deliberate negative space, authentic-source-first look. No generic law-firm aesthetic.

SUBTITLE SAFE — HARD: reserve at least the bottom 20% of the 16:9 frame, target 22% for safety. That lower band must be visually quiet and contain NO essential headline, exact quote, amount, face/eyes, evidence object, source label, legal caveat, map endpoint or diagram node. All critical content must live above that band.

TEXT RULE: render only the exact short on-image text ""TOWARD A JURY"" plus a factual source/date/role label only when supported by the attached source. Do not add invented captions, decorative microcopy, fake source metadata or filler text. For money/legal-status beats, numbers and qualifiers must be exact.
LEGAL / FACTUAL GUARDRAIL: None beyond the locked narration.

VARIATION RULE: keep the same channel identity as the attached style reference while changing source crop, focal placement, paper layering and thematic motif so adjacent beats do not feel like repeated templates.
FORBIDDEN FAILURES: dense fake document; gibberish pseudo-text; fabricated legal metadata; fake seal/stamp/signature; wrong source; source missing from final frame; empty placeholder slot; important content in subtitle band; red-dominant poster; horror/tabloid treatment; cluttered dashboard/card grid; unrelated thematic element; altered real-person expression; visual claim stronger than narration.

OUTPUT: one finished 16:9 montage-ready still, visually complete, source-based, subtitle-safe, and immediately usable under the locked narration.",READY_FOR_PROMPT_REVIEW_NOT_AUTHORIZED_FOR_GENERATION
B067,S09,570.640,574.500,SOURCE_NATIVE_EDITORIAL,T06,timeline,R5_STYLE_MAP_LOCATION,aeaf1ee7-3e3d-42ba-b137-7eaa2218685e,DC018_CIVIL_COMPLAINT_COVER.png;LIVE_MOAKLEY_COURTHOUSE_CC0.jpg,Direct image refs: DC018_CIVIL_COMPLAINT_COVER.png; LIVE_MOAKLEY_COURTHOUSE_CC0.jpg.,Do not attach unrelated assets or any full-page text source outside the listed references.,JULY 2021 — CIVIL CASE FILED,"single temporal pivot frame: date card left, authentic source image right, one small next-step cue; black paper texture and restrained red underline",court-document excerpt + clipped legal-status note,BOTTOM_AT_LEAST_20_PERCENT_TARGET_22_PERCENT_VISUALLY_QUIET,None beyond the locked narration.,"BEAT_ID: B067
ROUTE: SOURCE_NATIVE_EDITORIAL
FRAME_FAMILY: T06 / timeline
NARRATIVE_PURPOSE: Walk through the civil case and summary-judgment distinctions, using authentic court/executive sources and explicit not-final-liability framing.
VOICE_CONTEXT: ""The Steiners filed their federal civil case in July twenty twenty-one.""
VIEWER_TAKEAWAY / EXACT ON-IMAGE TEXT: ""JULY 2021 — CIVIL CASE FILED""

ATTACH STYLE REFERENCE: R5_STYLE_MAP_LOCATION — Higgsfield media_id aeaf1ee7-3e3d-42ba-b137-7eaa2218685e. Use it only as the channel style/composition reference: approved Massachusetts reference: oversized white/red headline, paper map silhouette, real-location photo collage, manila-folder edge, restrained red target/route cue.
ATTACH SOURCE ASSETS: DC018_CIVIL_COMPLAINT_COVER.png; LIVE_MOAKLEY_COURTHOUSE_CC0.jpg.
SOURCE PREP BEFORE JOB: Direct image refs: DC018_CIVIL_COMPLAINT_COVER.png; LIVE_MOAKLEY_COURTHOUSE_CC0.jpg.
DO NOT ATTACH: Do not attach unrelated assets or any full-page text source outside the listed references.

FINAL FRAME MUST SHOW: the listed source material visibly inside the final image itself; this is not a blank plate and there is no later source-insertion pass. Preserve real object/photo identity. For authentic text/document crops, keep the relevant excerpt visually faithful and do not invent or rewrite body text.

COMPOSITION: single temporal pivot frame: date card left, authentic source image right, one small next-step cue; black paper texture and restrained red underline.
THEMATIC ELEMENTS: court-document excerpt + clipped legal-status note. Add only scene-relevant paper/folder/tab/clip/map/timeline/evidence details. Keep the recurring WHAT IT COST visual grammar, but do not copy the exact neighboring layout.
STYLE: premium investigative business documentary; black/charcoal textured field, warm paper materials, paper-white typography, restrained signal red, rare muted antique-gold only when useful. Condensed bold display typography + clean sans-serif support. Cinematic editorial hierarchy, deliberate negative space, authentic-source-first look. No generic law-firm aesthetic.

SUBTITLE SAFE — HARD: reserve at least the bottom 20% of the 16:9 frame, target 22% for safety. That lower band must be visually quiet and contain NO essential headline, exact quote, amount, face/eyes, evidence object, source label, legal caveat, map endpoint or diagram node. All critical content must live above that band.

TEXT RULE: render only the exact short on-image text ""JULY 2021 — CIVIL CASE FILED"" plus a factual source/date/role label only when supported by the attached source. Do not add invented captions, decorative microcopy, fake source metadata or filler text. For money/legal-status beats, numbers and qualifiers must be exact.
LEGAL / FACTUAL GUARDRAIL: None beyond the locked narration.

VARIATION RULE: keep the same channel identity as the attached style reference while changing source crop, focal placement, paper layering and thematic motif so adjacent beats do not feel like repeated templates.
FORBIDDEN FAILURES: dense fake document; gibberish pseudo-text; fabricated legal metadata; fake seal/stamp/signature; wrong source; source missing from final frame; empty placeholder slot; important content in subtitle band; red-dominant poster; horror/tabloid treatment; cluttered dashboard/card grid; unrelated thematic element; altered real-person expression; visual claim stronger than narration.

OUTPUT: one finished 16:9 montage-ready still, visually complete, source-based, subtitle-safe, and immediately usable under the locked narration.",READY_FOR_PROMPT_REVIEW_NOT_AUTHORIZED_FOR_GENERATION
B068,S09,575.640,580.400,SOURCE_NATIVE_EDITORIAL,T03,document,R5_STYLE_EVIDENCE,dd9e6d29-9423-461b-8888-ca89b476cb76,DC010_SUMMARY_JUDGMENT_ORDER.png;LIVE_MOAKLEY_COURTHOUSE_CC0.jpg,Direct image refs: DC010_SUMMARY_JUDGMENT_ORDER.png; LIVE_MOAKLEY_COURTHOUSE_CC0.jpg.,Do not attach unrelated assets or any full-page text source outside the listed references.,2025 — SUMMARY JUDGMENT,"tight authentic quote/document crop as the hero on the right; large headline on left; one exact highlighted line only; paper edge, clip, and small factual source label; no full-page text wall",court-document excerpt + clipped legal-status note,BOTTOM_AT_LEAST_20_PERCENT_TARGET_22_PERCENT_VISUALLY_QUIET,None beyond the locked narration.,"BEAT_ID: B068
ROUTE: SOURCE_NATIVE_EDITORIAL
FRAME_FAMILY: T03 / document
NARRATIVE_PURPOSE: Walk through the civil case and summary-judgment distinctions, using authentic court/executive sources and explicit not-final-liability framing.
VOICE_CONTEXT: ""Four years later, Judge Patti Saris issued a major summary-judgment order.""
VIEWER_TAKEAWAY / EXACT ON-IMAGE TEXT: ""2025 — SUMMARY JUDGMENT""

ATTACH STYLE REFERENCE: R5_STYLE_EVIDENCE — Higgsfield media_id dd9e6d29-9423-461b-8888-ca89b476cb76. Use it only as the channel style/composition reference: approved pig-mask evidence reference: dark textured black field, framed authentic evidence photo, large condensed headline, thin rules, small factual source label, restrained red dash.
ATTACH SOURCE ASSETS: DC010_SUMMARY_JUDGMENT_ORDER.png; LIVE_MOAKLEY_COURTHOUSE_CC0.jpg.
SOURCE PREP BEFORE JOB: Direct image refs: DC010_SUMMARY_JUDGMENT_ORDER.png; LIVE_MOAKLEY_COURTHOUSE_CC0.jpg.
DO NOT ATTACH: Do not attach unrelated assets or any full-page text source outside the listed references.

FINAL FRAME MUST SHOW: the listed source material visibly inside the final image itself; this is not a blank plate and there is no later source-insertion pass. Preserve real object/photo identity. For authentic text/document crops, keep the relevant excerpt visually faithful and do not invent or rewrite body text.

COMPOSITION: tight authentic quote/document crop as the hero on the right; large headline on left; one exact highlighted line only; paper edge, clip, and small factual source label; no full-page text wall.
THEMATIC ELEMENTS: court-document excerpt + clipped legal-status note. Add only scene-relevant paper/folder/tab/clip/map/timeline/evidence details. Keep the recurring WHAT IT COST visual grammar, but do not copy the exact neighboring layout.
STYLE: premium investigative business documentary; black/charcoal textured field, warm paper materials, paper-white typography, restrained signal red, rare muted antique-gold only when useful. Condensed bold display typography + clean sans-serif support. Cinematic editorial hierarchy, deliberate negative space, authentic-source-first look. No generic law-firm aesthetic.

SUBTITLE SAFE — HARD: reserve at least the bottom 20% of the 16:9 frame, target 22% for safety. That lower band must be visually quiet and contain NO essential headline, exact quote, amount, face/eyes, evidence object, source label, legal caveat, map endpoint or diagram node. All critical content must live above that band.

TEXT RULE: render only the exact short on-image text ""2025 — SUMMARY JUDGMENT"" plus a factual source/date/role label only when supported by the attached source. Do not add invented captions, decorative microcopy, fake source metadata or filler text. For money/legal-status beats, numbers and qualifiers must be exact.
LEGAL / FACTUAL GUARDRAIL: None beyond the locked narration.

VARIATION RULE: keep the same channel identity as the attached style reference while changing source crop, focal placement, paper layering and thematic motif so adjacent beats do not feel like repeated templates.
FORBIDDEN FAILURES: dense fake document; gibberish pseudo-text; fabricated legal metadata; fake seal/stamp/signature; wrong source; source missing from final frame; empty placeholder slot; important content in subtitle band; red-dominant poster; horror/tabloid treatment; cluttered dashboard/card grid; unrelated thematic element; altered real-person expression; visual claim stronger than narration.

OUTPUT: one finished 16:9 montage-ready still, visually complete, source-based, subtitle-safe, and immediately usable under the locked narration.",READY_FOR_PROMPT_REVIEW_NOT_AUTHORIZED_FOR_GENERATION
B069,S09,581.040,593.080,SOURCE_NATIVE_EDITORIAL,T03,document,R5_STYLE_EVIDENCE,dd9e6d29-9423-461b-8888-ca89b476cb76,DC010_SUMMARY_JUDGMENT_ORDER.png;LIVE_MOAKLEY_COURTHOUSE_CC0.jpg,Direct image refs: DC010_SUMMARY_JUDGMENT_ORDER.png; LIVE_MOAKLEY_COURTHOUSE_CC0.jpg.,Do not attach unrelated assets or any full-page text source outside the listed references.,SURVIVING CLAIM ≠ LIABILITY,single document crop mounted high-center on warm paper; headline upper-left; one yellow or red highlight over the exact relevant line; small source/date line above subtitle-safe zone,court-document excerpt + clipped legal-status note,BOTTOM_AT_LEAST_20_PERCENT_TARGET_22_PERCENT_VISUALLY_QUIET,Surviving civil claim / jury question is not final liability.,"BEAT_ID: B069
ROUTE: SOURCE_NATIVE_EDITORIAL
FRAME_FAMILY: T03 / document
NARRATIVE_PURPOSE: Walk through the civil case and summary-judgment distinctions, using authentic court/executive sources and explicit not-final-liability framing.
VOICE_CONTEXT: ""At this stage, the key distinction is simple: allowing a claim to continue does not mean a defendant has been found liable. It means the issue can still be decided by a jury.""
VIEWER_TAKEAWAY / EXACT ON-IMAGE TEXT: ""SURVIVING CLAIM ≠ LIABILITY""

ATTACH STYLE REFERENCE: R5_STYLE_EVIDENCE — Higgsfield media_id dd9e6d29-9423-461b-8888-ca89b476cb76. Use it only as the channel style/composition reference: approved pig-mask evidence reference: dark textured black field, framed authentic evidence photo, large condensed headline, thin rules, small factual source label, restrained red dash.
ATTACH SOURCE ASSETS: DC010_SUMMARY_JUDGMENT_ORDER.png; LIVE_MOAKLEY_COURTHOUSE_CC0.jpg.
SOURCE PREP BEFORE JOB: Direct image refs: DC010_SUMMARY_JUDGMENT_ORDER.png; LIVE_MOAKLEY_COURTHOUSE_CC0.jpg.
DO NOT ATTACH: Do not attach unrelated assets or any full-page text source outside the listed references.

FINAL FRAME MUST SHOW: the listed source material visibly inside the final image itself; this is not a blank plate and there is no later source-insertion pass. Preserve real object/photo identity. For authentic text/document crops, keep the relevant excerpt visually faithful and do not invent or rewrite body text.

COMPOSITION: single document crop mounted high-center on warm paper; headline upper-left; one yellow or red highlight over the exact relevant line; small source/date line above subtitle-safe zone.
THEMATIC ELEMENTS: court-document excerpt + clipped legal-status note. Add only scene-relevant paper/folder/tab/clip/map/timeline/evidence details. Keep the recurring WHAT IT COST visual grammar, but do not copy the exact neighboring layout.
STYLE: premium investigative business documentary; black/charcoal textured field, warm paper materials, paper-white typography, restrained signal red, rare muted antique-gold only when useful. Condensed bold display typography + clean sans-serif support. Cinematic editorial hierarchy, deliberate negative space, authentic-source-first look. No generic law-firm aesthetic.

SUBTITLE SAFE — HARD: reserve at least the bottom 20% of the 16:9 frame, target 22% for safety. That lower band must be visually quiet and contain NO essential headline, exact quote, amount, face/eyes, evidence object, source label, legal caveat, map endpoint or diagram node. All critical content must live above that band.

TEXT RULE: render only the exact short on-image text ""SURVIVING CLAIM ≠ LIABILITY"" plus a factual source/date/role label only when supported by the attached source. Do not add invented captions, decorative microcopy, fake source metadata or filler text. For money/legal-status beats, numbers and qualifiers must be exact.
LEGAL / FACTUAL GUARDRAIL: Surviving civil claim / jury question is not final liability.

VARIATION RULE: keep the same channel identity as the attached style reference while changing source crop, focal placement, paper layering and thematic motif so adjacent beats do not feel like repeated templates.
FORBIDDEN FAILURES: dense fake document; gibberish pseudo-text; fabricated legal metadata; fake seal/stamp/signature; wrong source; source missing from final frame; empty placeholder slot; important content in subtitle band; red-dominant poster; horror/tabloid treatment; cluttered dashboard/card grid; unrelated thematic element; altered real-person expression; visual claim stronger than narration.

OUTPUT: one finished 16:9 montage-ready still, visually complete, source-based, subtitle-safe, and immediately usable under the locked narration.",READY_FOR_PROMPT_REVIEW_NOT_AUTHORIZED_FOR_GENERATION
B070,S09,593.800,603.440,SOURCE_NATIVE_EDITORIAL,T01,evidence,R5_STYLE_EVIDENCE,dd9e6d29-9423-461b-8888-ca89b476cb76,DC010_SUMMARY_JUDGMENT_ORDER.png;LIVE_MOAKLEY_COURTHOUSE_CC0.jpg,Direct image refs: DC010_SUMMARY_JUDGMENT_ORDER.png; LIVE_MOAKLEY_COURTHOUSE_CC0.jpg.,Do not attach unrelated assets or any full-page text source outside the listed references.,PFC WON SUMMARY JUDGMENT,two-source asymmetrical collage: dominant authentic source upper-right and smaller context crop upper-left; headline mid-left; black negative space below; one subtle binder-clip or file-tab element,court-document excerpt + clipped legal-status note,BOTTOM_AT_LEAST_20_PERCENT_TARGET_22_PERCENT_VISUALLY_QUIET,Surviving civil claim / jury question is not final liability.,"BEAT_ID: B070
ROUTE: SOURCE_NATIVE_EDITORIAL
FRAME_FAMILY: T01 / evidence
NARRATIVE_PURPOSE: Walk through the civil case and summary-judgment distinctions, using authentic court/executive sources and explicit not-final-liability framing.
VOICE_CONTEXT: ""And the court treated different defendants differently. A security contractor named P-F-C won summary judgment on the claims against it.""
VIEWER_TAKEAWAY / EXACT ON-IMAGE TEXT: ""PFC WON SUMMARY JUDGMENT""

ATTACH STYLE REFERENCE: R5_STYLE_EVIDENCE — Higgsfield media_id dd9e6d29-9423-461b-8888-ca89b476cb76. Use it only as the channel style/composition reference: approved pig-mask evidence reference: dark textured black field, framed authentic evidence photo, large condensed headline, thin rules, small factual source label, restrained red dash.
ATTACH SOURCE ASSETS: DC010_SUMMARY_JUDGMENT_ORDER.png; LIVE_MOAKLEY_COURTHOUSE_CC0.jpg.
SOURCE PREP BEFORE JOB: Direct image refs: DC010_SUMMARY_JUDGMENT_ORDER.png; LIVE_MOAKLEY_COURTHOUSE_CC0.jpg.
DO NOT ATTACH: Do not attach unrelated assets or any full-page text source outside the listed references.

FINAL FRAME MUST SHOW: the listed source material visibly inside the final image itself; this is not a blank plate and there is no later source-insertion pass. Preserve real object/photo identity. For authentic text/document crops, keep the relevant excerpt visually faithful and do not invent or rewrite body text.

COMPOSITION: two-source asymmetrical collage: dominant authentic source upper-right and smaller context crop upper-left; headline mid-left; black negative space below; one subtle binder-clip or file-tab element.
THEMATIC ELEMENTS: court-document excerpt + clipped legal-status note. Add only scene-relevant paper/folder/tab/clip/map/timeline/evidence details. Keep the recurring WHAT IT COST visual grammar, but do not copy the exact neighboring layout.
STYLE: premium investigative business documentary; black/charcoal textured field, warm paper materials, paper-white typography, restrained signal red, rare muted antique-gold only when useful. Condensed bold display typography + clean sans-serif support. Cinematic editorial hierarchy, deliberate negative space, authentic-source-first look. No generic law-firm aesthetic.

SUBTITLE SAFE — HARD: reserve at least the bottom 20% of the 16:9 frame, target 22% for safety. That lower band must be visually quiet and contain NO essential headline, exact quote, amount, face/eyes, evidence object, source label, legal caveat, map endpoint or diagram node. All critical content must live above that band.

TEXT RULE: render only the exact short on-image text ""PFC WON SUMMARY JUDGMENT"" plus a factual source/date/role label only when supported by the attached source. Do not add invented captions, decorative microcopy, fake source metadata or filler text. For money/legal-status beats, numbers and qualifiers must be exact.
LEGAL / FACTUAL GUARDRAIL: Surviving civil claim / jury question is not final liability.

VARIATION RULE: keep the same channel identity as the attached style reference while changing source crop, focal placement, paper layering and thematic motif so adjacent beats do not feel like repeated templates.
FORBIDDEN FAILURES: dense fake document; gibberish pseudo-text; fabricated legal metadata; fake seal/stamp/signature; wrong source; source missing from final frame; empty placeholder slot; important content in subtitle band; red-dominant poster; horror/tabloid treatment; cluttered dashboard/card grid; unrelated thematic element; altered real-person expression; visual claim stronger than narration.

OUTPUT: one finished 16:9 montage-ready still, visually complete, source-based, subtitle-safe, and immediately usable under the locked narration.",READY_FOR_PROMPT_REVIEW_NOT_AUTHORIZED_FOR_GENERATION
B071,S09,604.100,608.760,SOURCE_NATIVE_EDITORIAL,T02,dossier,R5_STYLE_DOSSIER,3f30e1ef-3a0e-4158-914f-70bb25fa30a4,DC010_SUMMARY_JUDGMENT_ORDER.png;LIVE_MOAKLEY_COURTHOUSE_CC0.jpg,Direct image refs: DC010_SUMMARY_JUDGMENT_ORDER.png; LIVE_MOAKLEY_COURTHOUSE_CC0.jpg.,Do not attach unrelated assets or any full-page text source outside the listed references.,CLAIMS AGAINST EBAY / EXECUTIVES SURVIVED,"split dossier: real person/company context on left, authentic court/source crop on right; headline across upper-left; one paperclip/tab motif; no card-grid UI","real eBay HQ/corporate context, subtle file-tab language; court-document excerpt + clipped legal-status note",BOTTOM_AT_LEAST_20_PERCENT_TARGET_22_PERCENT_VISUALLY_QUIET,Surviving civil claim / jury question is not final liability.,"BEAT_ID: B071
ROUTE: SOURCE_NATIVE_EDITORIAL
FRAME_FAMILY: T02 / dossier
NARRATIVE_PURPOSE: Walk through the civil case and summary-judgment distinctions, using authentic court/executive sources and explicit not-final-liability framing.
VOICE_CONTEXT: ""But significant claims involving eBay and former executives survived.""
VIEWER_TAKEAWAY / EXACT ON-IMAGE TEXT: ""CLAIMS AGAINST EBAY / EXECUTIVES SURVIVED""

ATTACH STYLE REFERENCE: R5_STYLE_DOSSIER — Higgsfield media_id 3f30e1ef-3a0e-4158-914f-70bb25fa30a4. Use it only as the channel style/composition reference: approved security/dossier reference: stacked headline at left, large framed source image on paper, clipped side note, small highlight strip, red tape accent, black textured field.
ATTACH SOURCE ASSETS: DC010_SUMMARY_JUDGMENT_ORDER.png; LIVE_MOAKLEY_COURTHOUSE_CC0.jpg.
SOURCE PREP BEFORE JOB: Direct image refs: DC010_SUMMARY_JUDGMENT_ORDER.png; LIVE_MOAKLEY_COURTHOUSE_CC0.jpg.
DO NOT ATTACH: Do not attach unrelated assets or any full-page text source outside the listed references.

FINAL FRAME MUST SHOW: the listed source material visibly inside the final image itself; this is not a blank plate and there is no later source-insertion pass. Preserve real object/photo identity. For authentic text/document crops, keep the relevant excerpt visually faithful and do not invent or rewrite body text.

COMPOSITION: split dossier: real person/company context on left, authentic court/source crop on right; headline across upper-left; one paperclip/tab motif; no card-grid UI.
THEMATIC ELEMENTS: real eBay HQ/corporate context, subtle file-tab language; court-document excerpt + clipped legal-status note. Add only scene-relevant paper/folder/tab/clip/map/timeline/evidence details. Keep the recurring WHAT IT COST visual grammar, but do not copy the exact neighboring layout.
STYLE: premium investigative business documentary; black/charcoal textured field, warm paper materials, paper-white typography, restrained signal red, rare muted antique-gold only when useful. Condensed bold display typography + clean sans-serif support. Cinematic editorial hierarchy, deliberate negative space, authentic-source-first look. No generic law-firm aesthetic.

SUBTITLE SAFE — HARD: reserve at least the bottom 20% of the 16:9 frame, target 22% for safety. That lower band must be visually quiet and contain NO essential headline, exact quote, amount, face/eyes, evidence object, source label, legal caveat, map endpoint or diagram node. All critical content must live above that band.

TEXT RULE: render only the exact short on-image text ""CLAIMS AGAINST EBAY / EXECUTIVES SURVIVED"" plus a factual source/date/role label only when supported by the attached source. Do not add invented captions, decorative microcopy, fake source metadata or filler text. For money/legal-status beats, numbers and qualifiers must be exact.
LEGAL / FACTUAL GUARDRAIL: Surviving civil claim / jury question is not final liability.

VARIATION RULE: keep the same channel identity as the attached style reference while changing source crop, focal placement, paper layering and thematic motif so adjacent beats do not feel like repeated templates.
FORBIDDEN FAILURES: dense fake document; gibberish pseudo-text; fabricated legal metadata; fake seal/stamp/signature; wrong source; source missing from final frame; empty placeholder slot; important content in subtitle band; red-dominant poster; horror/tabloid treatment; cluttered dashboard/card grid; unrelated thematic element; altered real-person expression; visual claim stronger than narration.

OUTPUT: one finished 16:9 montage-ready still, visually complete, source-based, subtitle-safe, and immediately usable under the locked narration.",READY_FOR_PROMPT_REVIEW_NOT_AUTHORIZED_FOR_GENERATION
B072,S09,609.660,619.440,SOURCE_NATIVE_EDITORIAL,T02,dossier,R5_STYLE_DOSSIER,3f30e1ef-3a0e-4158-914f-70bb25fa30a4,DC008_WENIG_NO_DIRECT_BAUGH.png;LIVE_DEVIN_WENIG_COMMONS.jpg;LIVE_MOAKLEY_COURTHOUSE_CC0.jpg,Direct image refs: DC008_WENIG_NO_DIRECT_BAUGH.png; LIVE_DEVIN_WENIG_COMMONS.jpg; LIVE_MOAKLEY_COURTHOUSE_CC0.jpg.,Do not attach unrelated assets or any full-page text source outside the listed references.,NO DIRECT BAUGH COMMUNICATION,stacked headline on left 30%; large real photo or source portrait in a paper frame center; narrow clipped status note on right; red tape strip above; subtle file-folder edge,"paper file-tab detail, restrained red accent, authentic source framing",BOTTOM_AT_LEAST_20_PERCENT_TARGET_22_PERCENT_VISUALLY_QUIET,Surviving civil claim / jury question is not final liability. Wenig/Wymer/Jones were not criminally charged over the campaign; preserve attributed positions.,"BEAT_ID: B072
ROUTE: SOURCE_NATIVE_EDITORIAL
FRAME_FAMILY: T02 / dossier
NARRATIVE_PURPOSE: Walk through the civil case and summary-judgment distinctions, using authentic court/executive sources and explicit not-final-liability framing.
VOICE_CONTEXT: ""For Devin Wenig, the record included an important limitation: Baugh testified that Wenig had not communicated with him directly about the Steiners.""
VIEWER_TAKEAWAY / EXACT ON-IMAGE TEXT: ""NO DIRECT BAUGH COMMUNICATION""

ATTACH STYLE REFERENCE: R5_STYLE_DOSSIER — Higgsfield media_id 3f30e1ef-3a0e-4158-914f-70bb25fa30a4. Use it only as the channel style/composition reference: approved security/dossier reference: stacked headline at left, large framed source image on paper, clipped side note, small highlight strip, red tape accent, black textured field.
ATTACH SOURCE ASSETS: DC008_WENIG_NO_DIRECT_BAUGH.png; LIVE_DEVIN_WENIG_COMMONS.jpg; LIVE_MOAKLEY_COURTHOUSE_CC0.jpg.
SOURCE PREP BEFORE JOB: Direct image refs: DC008_WENIG_NO_DIRECT_BAUGH.png; LIVE_DEVIN_WENIG_COMMONS.jpg; LIVE_MOAKLEY_COURTHOUSE_CC0.jpg.
DO NOT ATTACH: Do not attach unrelated assets or any full-page text source outside the listed references.

FINAL FRAME MUST SHOW: the listed source material visibly inside the final image itself; this is not a blank plate and there is no later source-insertion pass. Preserve real object/photo identity. For authentic text/document crops, keep the relevant excerpt visually faithful and do not invent or rewrite body text.

COMPOSITION: stacked headline on left 30%; large real photo or source portrait in a paper frame center; narrow clipped status note on right; red tape strip above; subtle file-folder edge.
THEMATIC ELEMENTS: paper file-tab detail, restrained red accent, authentic source framing. Add only scene-relevant paper/folder/tab/clip/map/timeline/evidence details. Keep the recurring WHAT IT COST visual grammar, but do not copy the exact neighboring layout.
STYLE: premium investigative business documentary; black/charcoal textured field, warm paper materials, paper-white typography, restrained signal red, rare muted antique-gold only when useful. Condensed bold display typography + clean sans-serif support. Cinematic editorial hierarchy, deliberate negative space, authentic-source-first look. No generic law-firm aesthetic.

SUBTITLE SAFE — HARD: reserve at least the bottom 20% of the 16:9 frame, target 22% for safety. That lower band must be visually quiet and contain NO essential headline, exact quote, amount, face/eyes, evidence object, source label, legal caveat, map endpoint or diagram node. All critical content must live above that band.

TEXT RULE: render only the exact short on-image text ""NO DIRECT BAUGH COMMUNICATION"" plus a factual source/date/role label only when supported by the attached source. Do not add invented captions, decorative microcopy, fake source metadata or filler text. For money/legal-status beats, numbers and qualifiers must be exact.
LEGAL / FACTUAL GUARDRAIL: Surviving civil claim / jury question is not final liability. Wenig/Wymer/Jones were not criminally charged over the campaign; preserve attributed positions.

VARIATION RULE: keep the same channel identity as the attached style reference while changing source crop, focal placement, paper layering and thematic motif so adjacent beats do not feel like repeated templates.
FORBIDDEN FAILURES: dense fake document; gibberish pseudo-text; fabricated legal metadata; fake seal/stamp/signature; wrong source; source missing from final frame; empty placeholder slot; important content in subtitle band; red-dominant poster; horror/tabloid treatment; cluttered dashboard/card grid; unrelated thematic element; altered real-person expression; visual claim stronger than narration.

OUTPUT: one finished 16:9 montage-ready still, visually complete, source-based, subtitle-safe, and immediately usable under the locked narration.",READY_FOR_PROMPT_REVIEW_NOT_AUTHORIZED_FOR_GENERATION
B073,S09,620.240,633.060,SOURCE_NATIVE_EDITORIAL,T03,document,R5_STYLE_EVIDENCE,dd9e6d29-9423-461b-8888-ca89b476cb76,DC008_WENIG_NO_DIRECT_BAUGH.png;LIVE_DEVIN_WENIG_COMMONS.jpg;LIVE_MOAKLEY_COURTHOUSE_CC0.jpg,Direct image refs: DC008_WENIG_NO_DIRECT_BAUGH.png; LIVE_DEVIN_WENIG_COMMONS.jpg; LIVE_MOAKLEY_COURTHOUSE_CC0.jpg.,Do not attach unrelated assets or any full-page text source outside the listed references.,JURY QUESTION — NOT FINAL LIABILITY,single document crop mounted high-center on warm paper; headline upper-left; one yellow or red highlight over the exact relevant line; small source/date line above subtitle-safe zone,court-document excerpt + clipped legal-status note,BOTTOM_AT_LEAST_20_PERCENT_TARGET_22_PERCENT_VISUALLY_QUIET,Surviving civil claim / jury question is not final liability. Wenig/Wymer/Jones were not criminally charged over the campaign; preserve attributed positions.,"BEAT_ID: B073
ROUTE: SOURCE_NATIVE_EDITORIAL
FRAME_FAMILY: T03 / document
NARRATIVE_PURPOSE: Walk through the civil case and summary-judgment distinctions, using authentic court/executive sources and explicit not-final-liability framing.
VOICE_CONTEXT: ""At the same time, the judge held that, viewing the evidence in the Steiners' favor as required at that stage, a jury could potentially find Wenig's encouragement was a substantial factor in what followed.""
VIEWER_TAKEAWAY / EXACT ON-IMAGE TEXT: ""JURY QUESTION — NOT FINAL LIABILITY""

ATTACH STYLE REFERENCE: R5_STYLE_EVIDENCE — Higgsfield media_id dd9e6d29-9423-461b-8888-ca89b476cb76. Use it only as the channel style/composition reference: approved pig-mask evidence reference: dark textured black field, framed authentic evidence photo, large condensed headline, thin rules, small factual source label, restrained red dash.
ATTACH SOURCE ASSETS: DC008_WENIG_NO_DIRECT_BAUGH.png; LIVE_DEVIN_WENIG_COMMONS.jpg; LIVE_MOAKLEY_COURTHOUSE_CC0.jpg.
SOURCE PREP BEFORE JOB: Direct image refs: DC008_WENIG_NO_DIRECT_BAUGH.png; LIVE_DEVIN_WENIG_COMMONS.jpg; LIVE_MOAKLEY_COURTHOUSE_CC0.jpg.
DO NOT ATTACH: Do not attach unrelated assets or any full-page text source outside the listed references.

FINAL FRAME MUST SHOW: the listed source material visibly inside the final image itself; this is not a blank plate and there is no later source-insertion pass. Preserve real object/photo identity. For authentic text/document crops, keep the relevant excerpt visually faithful and do not invent or rewrite body text.

COMPOSITION: single document crop mounted high-center on warm paper; headline upper-left; one yellow or red highlight over the exact relevant line; small source/date line above subtitle-safe zone.
THEMATIC ELEMENTS: court-document excerpt + clipped legal-status note. Add only scene-relevant paper/folder/tab/clip/map/timeline/evidence details. Keep the recurring WHAT IT COST visual grammar, but do not copy the exact neighboring layout.
STYLE: premium investigative business documentary; black/charcoal textured field, warm paper materials, paper-white typography, restrained signal red, rare muted antique-gold only when useful. Condensed bold display typography + clean sans-serif support. Cinematic editorial hierarchy, deliberate negative space, authentic-source-first look. No generic law-firm aesthetic.

SUBTITLE SAFE — HARD: reserve at least the bottom 20% of the 16:9 frame, target 22% for safety. That lower band must be visually quiet and contain NO essential headline, exact quote, amount, face/eyes, evidence object, source label, legal caveat, map endpoint or diagram node. All critical content must live above that band.

TEXT RULE: render only the exact short on-image text ""JURY QUESTION — NOT FINAL LIABILITY"" plus a factual source/date/role label only when supported by the attached source. Do not add invented captions, decorative microcopy, fake source metadata or filler text. For money/legal-status beats, numbers and qualifiers must be exact.
LEGAL / FACTUAL GUARDRAIL: Surviving civil claim / jury question is not final liability. Wenig/Wymer/Jones were not criminally charged over the campaign; preserve attributed positions.

VARIATION RULE: keep the same channel identity as the attached style reference while changing source crop, focal placement, paper layering and thematic motif so adjacent beats do not feel like repeated templates.
FORBIDDEN FAILURES: dense fake document; gibberish pseudo-text; fabricated legal metadata; fake seal/stamp/signature; wrong source; source missing from final frame; empty placeholder slot; important content in subtitle band; red-dominant poster; horror/tabloid treatment; cluttered dashboard/card grid; unrelated thematic element; altered real-person expression; visual claim stronger than narration.

OUTPUT: one finished 16:9 montage-ready still, visually complete, source-based, subtitle-safe, and immediately usable under the locked narration.",READY_FOR_PROMPT_REVIEW_NOT_AUTHORIZED_FOR_GENERATION
B074,S09,634.080,650.940,SOURCE_NATIVE_EDITORIAL,T03,document,R5_STYLE_EVIDENCE,dd9e6d29-9423-461b-8888-ca89b476cb76,DC008_WENIG_NO_DIRECT_BAUGH.png;LIVE_DEVIN_WENIG_COMMONS.jpg;LIVE_MOAKLEY_COURTHOUSE_CC0.jpg,Direct image refs: DC008_WENIG_NO_DIRECT_BAUGH.png; LIVE_DEVIN_WENIG_COMMONS.jpg; LIVE_MOAKLEY_COURTHOUSE_CC0.jpg.,Do not attach unrelated assets or any full-page text source outside the listed references.,WENIG DISPUTED THAT INTERPRETATION,"source excerpt framed like a photographic evidence print, slightly offset; headline left or top-left; second tiny context image only if needed; no decorative body text","short authentic message excerpt, one highlight strip, paperclip/document edge",BOTTOM_AT_LEAST_20_PERCENT_TARGET_22_PERCENT_VISUALLY_QUIET,Surviving civil claim / jury question is not final liability. Wenig/Wymer/Jones were not criminally charged over the campaign; preserve attributed positions.,"BEAT_ID: B074
ROUTE: SOURCE_NATIVE_EDITORIAL
FRAME_FAMILY: T03 / document
NARRATIVE_PURPOSE: Walk through the civil case and summary-judgment distinctions, using authentic court/executive sources and explicit not-final-liability framing.
VOICE_CONTEXT: ""Wenig disputed that interpretation. His lawyers said he had no knowledge of or involvement in the harassment campaign, did not approve or authorize it, and argued that his messages concerned a public-relations response to the Steiners' reporting.""
VIEWER_TAKEAWAY / EXACT ON-IMAGE TEXT: ""WENIG DISPUTED THAT INTERPRETATION""

ATTACH STYLE REFERENCE: R5_STYLE_EVIDENCE — Higgsfield media_id dd9e6d29-9423-461b-8888-ca89b476cb76. Use it only as the channel style/composition reference: approved pig-mask evidence reference: dark textured black field, framed authentic evidence photo, large condensed headline, thin rules, small factual source label, restrained red dash.
ATTACH SOURCE ASSETS: DC008_WENIG_NO_DIRECT_BAUGH.png; LIVE_DEVIN_WENIG_COMMONS.jpg; LIVE_MOAKLEY_COURTHOUSE_CC0.jpg.
SOURCE PREP BEFORE JOB: Direct image refs: DC008_WENIG_NO_DIRECT_BAUGH.png; LIVE_DEVIN_WENIG_COMMONS.jpg; LIVE_MOAKLEY_COURTHOUSE_CC0.jpg.
DO NOT ATTACH: Do not attach unrelated assets or any full-page text source outside the listed references.

FINAL FRAME MUST SHOW: the listed source material visibly inside the final image itself; this is not a blank plate and there is no later source-insertion pass. Preserve real object/photo identity. For authentic text/document crops, keep the relevant excerpt visually faithful and do not invent or rewrite body text.

COMPOSITION: source excerpt framed like a photographic evidence print, slightly offset; headline left or top-left; second tiny context image only if needed; no decorative body text.
THEMATIC ELEMENTS: short authentic message excerpt, one highlight strip, paperclip/document edge. Add only scene-relevant paper/folder/tab/clip/map/timeline/evidence details. Keep the recurring WHAT IT COST visual grammar, but do not copy the exact neighboring layout.
STYLE: premium investigative business documentary; black/charcoal textured field, warm paper materials, paper-white typography, restrained signal red, rare muted antique-gold only when useful. Condensed bold display typography + clean sans-serif support. Cinematic editorial hierarchy, deliberate negative space, authentic-source-first look. No generic law-firm aesthetic.

SUBTITLE SAFE — HARD: reserve at least the bottom 20% of the 16:9 frame, target 22% for safety. That lower band must be visually quiet and contain NO essential headline, exact quote, amount, face/eyes, evidence object, source label, legal caveat, map endpoint or diagram node. All critical content must live above that band.

TEXT RULE: render only the exact short on-image text ""WENIG DISPUTED THAT INTERPRETATION"" plus a factual source/date/role label only when supported by the attached source. Do not add invented captions, decorative microcopy, fake source metadata or filler text. For money/legal-status beats, numbers and qualifiers must be exact.
LEGAL / FACTUAL GUARDRAIL: Surviving civil claim / jury question is not final liability. Wenig/Wymer/Jones were not criminally charged over the campaign; preserve attributed positions.

VARIATION RULE: keep the same channel identity as the attached style reference while changing source crop, focal placement, paper layering and thematic motif so adjacent beats do not feel like repeated templates.
FORBIDDEN FAILURES: dense fake document; gibberish pseudo-text; fabricated legal metadata; fake seal/stamp/signature; wrong source; source missing from final frame; empty placeholder slot; important content in subtitle band; red-dominant poster; horror/tabloid treatment; cluttered dashboard/card grid; unrelated thematic element; altered real-person expression; visual claim stronger than narration.

OUTPUT: one finished 16:9 montage-ready still, visually complete, source-based, subtitle-safe, and immediately usable under the locked narration.",READY_FOR_PROMPT_REVIEW_NOT_AUTHORIZED_FOR_GENERATION
B075,S09,652.280,663.820,SOURCE_NATIVE_EDITORIAL,T03,document,R5_STYLE_EVIDENCE,dd9e6d29-9423-461b-8888-ca89b476cb76,DC009_WYMER_REASONABLE_JUROR.png;LIVE_MOAKLEY_COURTHOUSE_CC0.jpg,Direct image refs: DC009_WYMER_REASONABLE_JUROR.png; LIVE_MOAKLEY_COURTHOUSE_CC0.jpg.,Do not attach unrelated assets or any full-page text source outside the listed references.,A REASONABLE JURY COULD FIND…,wide horizontal authentic excerpt across upper half; condensed headline above-left; one clipped corner/tab; black textured negative space below for captions,court-document excerpt + clipped legal-status note,BOTTOM_AT_LEAST_20_PERCENT_TARGET_22_PERCENT_VISUALLY_QUIET,Surviving civil claim / jury question is not final liability.,"BEAT_ID: B075
ROUTE: SOURCE_NATIVE_EDITORIAL
FRAME_FAMILY: T03 / document
NARRATIVE_PURPOSE: Walk through the civil case and summary-judgment distinctions, using authentic court/executive sources and explicit not-final-liability framing.
VOICE_CONTEXT: ""For Steve Wymer, the court pointed to a more extensive communication record and held that a reasonable jury could find he had induced, encouraged or authorized tortious conduct.""
VIEWER_TAKEAWAY / EXACT ON-IMAGE TEXT: ""A REASONABLE JURY COULD FIND…""

ATTACH STYLE REFERENCE: R5_STYLE_EVIDENCE — Higgsfield media_id dd9e6d29-9423-461b-8888-ca89b476cb76. Use it only as the channel style/composition reference: approved pig-mask evidence reference: dark textured black field, framed authentic evidence photo, large condensed headline, thin rules, small factual source label, restrained red dash.
ATTACH SOURCE ASSETS: DC009_WYMER_REASONABLE_JUROR.png; LIVE_MOAKLEY_COURTHOUSE_CC0.jpg.
SOURCE PREP BEFORE JOB: Direct image refs: DC009_WYMER_REASONABLE_JUROR.png; LIVE_MOAKLEY_COURTHOUSE_CC0.jpg.
DO NOT ATTACH: Do not attach unrelated assets or any full-page text source outside the listed references.

FINAL FRAME MUST SHOW: the listed source material visibly inside the final image itself; this is not a blank plate and there is no later source-insertion pass. Preserve real object/photo identity. For authentic text/document crops, keep the relevant excerpt visually faithful and do not invent or rewrite body text.

COMPOSITION: wide horizontal authentic excerpt across upper half; condensed headline above-left; one clipped corner/tab; black textured negative space below for captions.
THEMATIC ELEMENTS: court-document excerpt + clipped legal-status note. Add only scene-relevant paper/folder/tab/clip/map/timeline/evidence details. Keep the recurring WHAT IT COST visual grammar, but do not copy the exact neighboring layout.
STYLE: premium investigative business documentary; black/charcoal textured field, warm paper materials, paper-white typography, restrained signal red, rare muted antique-gold only when useful. Condensed bold display typography + clean sans-serif support. Cinematic editorial hierarchy, deliberate negative space, authentic-source-first look. No generic law-firm aesthetic.

SUBTITLE SAFE — HARD: reserve at least the bottom 20% of the 16:9 frame, target 22% for safety. That lower band must be visually quiet and contain NO essential headline, exact quote, amount, face/eyes, evidence object, source label, legal caveat, map endpoint or diagram node. All critical content must live above that band.

TEXT RULE: render only the exact short on-image text ""A REASONABLE JURY COULD FIND…"" plus a factual source/date/role label only when supported by the attached source. Do not add invented captions, decorative microcopy, fake source metadata or filler text. For money/legal-status beats, numbers and qualifiers must be exact.
LEGAL / FACTUAL GUARDRAIL: Surviving civil claim / jury question is not final liability.

VARIATION RULE: keep the same channel identity as the attached style reference while changing source crop, focal placement, paper layering and thematic motif so adjacent beats do not feel like repeated templates.
FORBIDDEN FAILURES: dense fake document; gibberish pseudo-text; fabricated legal metadata; fake seal/stamp/signature; wrong source; source missing from final frame; empty placeholder slot; important content in subtitle band; red-dominant poster; horror/tabloid treatment; cluttered dashboard/card grid; unrelated thematic element; altered real-person expression; visual claim stronger than narration.

OUTPUT: one finished 16:9 montage-ready still, visually complete, source-based, subtitle-safe, and immediately usable under the locked narration.",READY_FOR_PROMPT_REVIEW_NOT_AUTHORIZED_FOR_GENERATION
B076,S09,664.560,667.640,SOURCE_NATIVE_EDITORIAL,T03,document,R5_STYLE_EVIDENCE,dd9e6d29-9423-461b-8888-ca89b476cb76,DC009_WYMER_REASONABLE_JUROR.png;LIVE_MOAKLEY_COURTHOUSE_CC0.jpg,Direct image refs: DC009_WYMER_REASONABLE_JUROR.png; LIVE_MOAKLEY_COURTHOUSE_CC0.jpg.,Do not attach unrelated assets or any full-page text source outside the listed references.,NOT A FINAL FINDING,"tight authentic quote/document crop as the hero on the right; large headline on left; one exact highlighted line only; paper edge, clip, and small factual source label; no full-page text wall",court-document excerpt + clipped legal-status note,BOTTOM_AT_LEAST_20_PERCENT_TARGET_22_PERCENT_VISUALLY_QUIET,Surviving civil claim / jury question is not final liability.,"BEAT_ID: B076
ROUTE: SOURCE_NATIVE_EDITORIAL
FRAME_FAMILY: T03 / document
NARRATIVE_PURPOSE: Walk through the civil case and summary-judgment distinctions, using authentic court/executive sources and explicit not-final-liability framing.
VOICE_CONTEXT: ""Again, that was not a final finding of liability.""
VIEWER_TAKEAWAY / EXACT ON-IMAGE TEXT: ""NOT A FINAL FINDING""

ATTACH STYLE REFERENCE: R5_STYLE_EVIDENCE — Higgsfield media_id dd9e6d29-9423-461b-8888-ca89b476cb76. Use it only as the channel style/composition reference: approved pig-mask evidence reference: dark textured black field, framed authentic evidence photo, large condensed headline, thin rules, small factual source label, restrained red dash.
ATTACH SOURCE ASSETS: DC009_WYMER_REASONABLE_JUROR.png; LIVE_MOAKLEY_COURTHOUSE_CC0.jpg.
SOURCE PREP BEFORE JOB: Direct image refs: DC009_WYMER_REASONABLE_JUROR.png; LIVE_MOAKLEY_COURTHOUSE_CC0.jpg.
DO NOT ATTACH: Do not attach unrelated assets or any full-page text source outside the listed references.

FINAL FRAME MUST SHOW: the listed source material visibly inside the final image itself; this is not a blank plate and there is no later source-insertion pass. Preserve real object/photo identity. For authentic text/document crops, keep the relevant excerpt visually faithful and do not invent or rewrite body text.

COMPOSITION: tight authentic quote/document crop as the hero on the right; large headline on left; one exact highlighted line only; paper edge, clip, and small factual source label; no full-page text wall.
THEMATIC ELEMENTS: court-document excerpt + clipped legal-status note. Add only scene-relevant paper/folder/tab/clip/map/timeline/evidence details. Keep the recurring WHAT IT COST visual grammar, but do not copy the exact neighboring layout.
STYLE: premium investigative business documentary; black/charcoal textured field, warm paper materials, paper-white typography, restrained signal red, rare muted antique-gold only when useful. Condensed bold display typography + clean sans-serif support. Cinematic editorial hierarchy, deliberate negative space, authentic-source-first look. No generic law-firm aesthetic.

SUBTITLE SAFE — HARD: reserve at least the bottom 20% of the 16:9 frame, target 22% for safety. That lower band must be visually quiet and contain NO essential headline, exact quote, amount, face/eyes, evidence object, source label, legal caveat, map endpoint or diagram node. All critical content must live above that band.

TEXT RULE: render only the exact short on-image text ""NOT A FINAL FINDING"" plus a factual source/date/role label only when supported by the attached source. Do not add invented captions, decorative microcopy, fake source metadata or filler text. For money/legal-status beats, numbers and qualifiers must be exact.
LEGAL / FACTUAL GUARDRAIL: Surviving civil claim / jury question is not final liability.

VARIATION RULE: keep the same channel identity as the attached style reference while changing source crop, focal placement, paper layering and thematic motif so adjacent beats do not feel like repeated templates.
FORBIDDEN FAILURES: dense fake document; gibberish pseudo-text; fabricated legal metadata; fake seal/stamp/signature; wrong source; source missing from final frame; empty placeholder slot; important content in subtitle band; red-dominant poster; horror/tabloid treatment; cluttered dashboard/card grid; unrelated thematic element; altered real-person expression; visual claim stronger than narration.

OUTPUT: one finished 16:9 montage-ready still, visually complete, source-based, subtitle-safe, and immediately usable under the locked narration.",READY_FOR_PROMPT_REVIEW_NOT_AUTHORIZED_FOR_GENERATION
B077,S09,669.000,674.260,SOURCE_NATIVE_EDITORIAL,T02,dossier,R5_STYLE_DOSSIER,3f30e1ef-3a0e-4158-914f-70bb25fa30a4,LIVE_DEVIN_WENIG_COMMONS.jpg;S024_WENDY_JONES_EBAY_BIO_REFERENCE.pdf;S025_STEVE_WYMER_EBAY_PROFILE_REFERENCE.html,"Direct image refs: LIVE_DEVIN_WENIG_COMMONS.jpg. Document refs: S024_WENDY_JONES_EBAY_BIO_REFERENCE.pdf; S025_STEVE_WYMER_EBAY_PROFILE_REFERENCE.html — prepare a tight image crop of only the relevant page/paragraph before the Higgsfield job; preserve source pixels and exact wording, avoid whole-page density.","Do not attach raw/full text-heavy versions directly: S024_WENDY_JONES_EBAY_BIO_REFERENCE.pdf; S025_STEVE_WYMER_EBAY_PROFILE_REFERENCE.html. Before generation, render/crop only the exact relevant page fragment or use an existing DC crop; never feed a whole dense legal page when a crop is available.",NOT CRIMINALLY CHARGED,dominant source portrait/photo upper-right; left-side dossier headline and role/status line; one small authentic excerpt card beneath photo but above subtitle-safe band; thin rule divider,"paper file-tab detail, restrained red accent, authentic source framing",BOTTOM_AT_LEAST_20_PERCENT_TARGET_22_PERCENT_VISUALLY_QUIET,Surviving civil claim / jury question is not final liability. Wenig/Wymer/Jones were not criminally charged over the campaign; preserve attributed positions.,"BEAT_ID: B077
ROUTE: SOURCE_NATIVE_EDITORIAL
FRAME_FAMILY: T02 / dossier
NARRATIVE_PURPOSE: Walk through the civil case and summary-judgment distinctions, using authentic court/executive sources and explicit not-final-liability framing.
VOICE_CONTEXT: ""And Wenig, Wymer and Wendy Jones were not criminally charged over the campaign.""
VIEWER_TAKEAWAY / EXACT ON-IMAGE TEXT: ""NOT CRIMINALLY CHARGED""

ATTACH STYLE REFERENCE: R5_STYLE_DOSSIER — Higgsfield media_id 3f30e1ef-3a0e-4158-914f-70bb25fa30a4. Use it only as the channel style/composition reference: approved security/dossier reference: stacked headline at left, large framed source image on paper, clipped side note, small highlight strip, red tape accent, black textured field.
ATTACH SOURCE ASSETS: LIVE_DEVIN_WENIG_COMMONS.jpg; S024_WENDY_JONES_EBAY_BIO_REFERENCE.pdf; S025_STEVE_WYMER_EBAY_PROFILE_REFERENCE.html.
SOURCE PREP BEFORE JOB: Direct image refs: LIVE_DEVIN_WENIG_COMMONS.jpg. Document refs: S024_WENDY_JONES_EBAY_BIO_REFERENCE.pdf; S025_STEVE_WYMER_EBAY_PROFILE_REFERENCE.html — prepare a tight image crop of only the relevant page/paragraph before the Higgsfield job; preserve source pixels and exact wording, avoid whole-page density.
DO NOT ATTACH: Do not attach raw/full text-heavy versions directly: S024_WENDY_JONES_EBAY_BIO_REFERENCE.pdf; S025_STEVE_WYMER_EBAY_PROFILE_REFERENCE.html. Before generation, render/crop only the exact relevant page fragment or use an existing DC crop; never feed a whole dense legal page when a crop is available.

FINAL FRAME MUST SHOW: the listed source material visibly inside the final image itself; this is not a blank plate and there is no later source-insertion pass. Preserve real object/photo identity. For authentic text/document crops, keep the relevant excerpt visually faithful and do not invent or rewrite body text.

COMPOSITION: dominant source portrait/photo upper-right; left-side dossier headline and role/status line; one small authentic excerpt card beneath photo but above subtitle-safe band; thin rule divider.
THEMATIC ELEMENTS: paper file-tab detail, restrained red accent, authentic source framing. Add only scene-relevant paper/folder/tab/clip/map/timeline/evidence details. Keep the recurring WHAT IT COST visual grammar, but do not copy the exact neighboring layout.
STYLE: premium investigative business documentary; black/charcoal textured field, warm paper materials, paper-white typography, restrained signal red, rare muted antique-gold only when useful. Condensed bold display typography + clean sans-serif support. Cinematic editorial hierarchy, deliberate negative space, authentic-source-first look. No generic law-firm aesthetic.

SUBTITLE SAFE — HARD: reserve at least the bottom 20% of the 16:9 frame, target 22% for safety. That lower band must be visually quiet and contain NO essential headline, exact quote, amount, face/eyes, evidence object, source label, legal caveat, map endpoint or diagram node. All critical content must live above that band.

TEXT RULE: render only the exact short on-image text ""NOT CRIMINALLY CHARGED"" plus a factual source/date/role label only when supported by the attached source. Do not add invented captions, decorative microcopy, fake source metadata or filler text. For money/legal-status beats, numbers and qualifiers must be exact.
LEGAL / FACTUAL GUARDRAIL: Surviving civil claim / jury question is not final liability. Wenig/Wymer/Jones were not criminally charged over the campaign; preserve attributed positions.

VARIATION RULE: keep the same channel identity as the attached style reference while changing source crop, focal placement, paper layering and thematic motif so adjacent beats do not feel like repeated templates.
FORBIDDEN FAILURES: dense fake document; gibberish pseudo-text; fabricated legal metadata; fake seal/stamp/signature; wrong source; source missing from final frame; empty placeholder slot; important content in subtitle band; red-dominant poster; horror/tabloid treatment; cluttered dashboard/card grid; unrelated thematic element; altered real-person expression; visual claim stronger than narration.

OUTPUT: one finished 16:9 montage-ready still, visually complete, source-based, subtitle-safe, and immediately usable under the locked narration.",READY_FOR_PROMPT_REVIEW_NOT_AUTHORIZED_FOR_GENERATION
B078,S09,675.700,691.400,SOURCE_NATIVE_EDITORIAL,T02,dossier,R5_STYLE_DOSSIER,3f30e1ef-3a0e-4158-914f-70bb25fa30a4,S021_EBAY_2020_INTERNAL_INVESTIGATION_STATEMENT_REFERENCE.html;EBAY_HQ_2018_CC_BY_SA.jpg,"Direct image refs: EBAY_HQ_2018_CC_BY_SA.jpg. Document refs: S021_EBAY_2020_INTERNAL_INVESTIGATION_STATEMENT_REFERENCE.html — prepare a tight image crop of only the relevant page/paragraph before the Higgsfield job; preserve source pixels and exact wording, avoid whole-page density.","Do not attach raw/full text-heavy versions directly: S021_EBAY_2020_INTERNAL_INVESTIGATION_STATEMENT_REFERENCE.html. Before generation, render/crop only the exact relevant page fragment or use an existing DC crop; never feed a whole dense legal page when a crop is available.",EBAY INTERNAL-INVESTIGATION POSITION,centered dossier sheet with one real photo and one short source crop; headline on left margin; small role/status tab; restrained red highlight on only one factual phrase,"real eBay HQ/corporate context, subtle file-tab language; investigation chronology cue, document edge, Natick context",BOTTOM_AT_LEAST_20_PERCENT_TARGET_22_PERCENT_VISUALLY_QUIET,Surviving civil claim / jury question is not final liability. Wenig/Wymer/Jones were not criminally charged over the campaign; preserve attributed positions.,"BEAT_ID: B078
ROUTE: SOURCE_NATIVE_EDITORIAL
FRAME_FAMILY: T02 / dossier
NARRATIVE_PURPOSE: Walk through the civil case and summary-judgment distinctions, using authentic court/executive sources and explicit not-final-liability framing.
VOICE_CONTEXT: ""eBay's internal-investigation position also cut the other way: according to reporting on a company presentation, its lawyers said they had found no evidence that Wenig or Wymer directed the criminal acts or knew those acts would follow.""
VIEWER_TAKEAWAY / EXACT ON-IMAGE TEXT: ""EBAY INTERNAL-INVESTIGATION POSITION""

ATTACH STYLE REFERENCE: R5_STYLE_DOSSIER — Higgsfield media_id 3f30e1ef-3a0e-4158-914f-70bb25fa30a4. Use it only as the channel style/composition reference: approved security/dossier reference: stacked headline at left, large framed source image on paper, clipped side note, small highlight strip, red tape accent, black textured field.
ATTACH SOURCE ASSETS: S021_EBAY_2020_INTERNAL_INVESTIGATION_STATEMENT_REFERENCE.html; EBAY_HQ_2018_CC_BY_SA.jpg.
SOURCE PREP BEFORE JOB: Direct image refs: EBAY_HQ_2018_CC_BY_SA.jpg. Document refs: S021_EBAY_2020_INTERNAL_INVESTIGATION_STATEMENT_REFERENCE.html — prepare a tight image crop of only the relevant page/paragraph before the Higgsfield job; preserve source pixels and exact wording, avoid whole-page density.
DO NOT ATTACH: Do not attach raw/full text-heavy versions directly: S021_EBAY_2020_INTERNAL_INVESTIGATION_STATEMENT_REFERENCE.html. Before generation, render/crop only the exact relevant page fragment or use an existing DC crop; never feed a whole dense legal page when a crop is available.

FINAL FRAME MUST SHOW: the listed source material visibly inside the final image itself; this is not a blank plate and there is no later source-insertion pass. Preserve real object/photo identity. For authentic text/document crops, keep the relevant excerpt visually faithful and do not invent or rewrite body text.

COMPOSITION: centered dossier sheet with one real photo and one short source crop; headline on left margin; small role/status tab; restrained red highlight on only one factual phrase.
THEMATIC ELEMENTS: real eBay HQ/corporate context, subtle file-tab language; investigation chronology cue, document edge, Natick context. Add only scene-relevant paper/folder/tab/clip/map/timeline/evidence details. Keep the recurring WHAT IT COST visual grammar, but do not copy the exact neighboring layout.
STYLE: premium investigative business documentary; black/charcoal textured field, warm paper materials, paper-white typography, restrained signal red, rare muted antique-gold only when useful. Condensed bold display typography + clean sans-serif support. Cinematic editorial hierarchy, deliberate negative space, authentic-source-first look. No generic law-firm aesthetic.

SUBTITLE SAFE — HARD: reserve at least the bottom 20% of the 16:9 frame, target 22% for safety. That lower band must be visually quiet and contain NO essential headline, exact quote, amount, face/eyes, evidence object, source label, legal caveat, map endpoint or diagram node. All critical content must live above that band.

TEXT RULE: render only the exact short on-image text ""EBAY INTERNAL-INVESTIGATION POSITION"" plus a factual source/date/role label only when supported by the attached source. Do not add invented captions, decorative microcopy, fake source metadata or filler text. For money/legal-status beats, numbers and qualifiers must be exact.
LEGAL / FACTUAL GUARDRAIL: Surviving civil claim / jury question is not final liability. Wenig/Wymer/Jones were not criminally charged over the campaign; preserve attributed positions.

VARIATION RULE: keep the same channel identity as the attached style reference while changing source crop, focal placement, paper layering and thematic motif so adjacent beats do not feel like repeated templates.
FORBIDDEN FAILURES: dense fake document; gibberish pseudo-text; fabricated legal metadata; fake seal/stamp/signature; wrong source; source missing from final frame; empty placeholder slot; important content in subtitle band; red-dominant poster; horror/tabloid treatment; cluttered dashboard/card grid; unrelated thematic element; altered real-person expression; visual claim stronger than narration.

OUTPUT: one finished 16:9 montage-ready still, visually complete, source-based, subtitle-safe, and immediately usable under the locked narration.",READY_FOR_PROMPT_REVIEW_NOT_AUTHORIZED_FOR_GENERATION
B079,S09,692.440,702.280,HYBRID_SOURCE_EDITORIAL,T01,evidence,R5_STYLE_EVIDENCE,dd9e6d29-9423-461b-8888-ca89b476cb76,LIVE_MOAKLEY_COURTHOUSE_CC0.jpg;EBAY_HQ_2018_CC_BY_SA.jpg,Direct image refs: LIVE_MOAKLEY_COURTHOUSE_CC0.jpg; EBAY_HQ_2018_CC_BY_SA.jpg.,Do not attach unrelated assets or any full-page text source outside the listed references.,RESPONSIBILITY ABOVE THE OPERATION,full-width source strip across upper 60%; headline block at lower-left but entirely above subtitle-safe band; one tiny source/date tag; restrained paper edge and red tick,operation timeline/map cue with restrained route line,BOTTOM_AT_LEAST_20_PERCENT_TARGET_22_PERCENT_VISUALLY_QUIET,Surviving civil claim / jury question is not final liability.,"BEAT_ID: B079
ROUTE: HYBRID_SOURCE_EDITORIAL
FRAME_FAMILY: T01 / evidence
NARRATIVE_PURPOSE: Walk through the civil case and summary-judgment distinctions, using authentic court/executive sources and explicit not-final-liability framing.
VOICE_CONTEXT: ""So by late twenty twenty-five, the unresolved question was how far responsibility extended above the people who had carried out the security operation.""
VIEWER_TAKEAWAY / EXACT ON-IMAGE TEXT: ""RESPONSIBILITY ABOVE THE OPERATION""

ATTACH STYLE REFERENCE: R5_STYLE_EVIDENCE — Higgsfield media_id dd9e6d29-9423-461b-8888-ca89b476cb76. Use it only as the channel style/composition reference: approved pig-mask evidence reference: dark textured black field, framed authentic evidence photo, large condensed headline, thin rules, small factual source label, restrained red dash.
ATTACH SOURCE ASSETS: LIVE_MOAKLEY_COURTHOUSE_CC0.jpg; EBAY_HQ_2018_CC_BY_SA.jpg.
SOURCE PREP BEFORE JOB: Direct image refs: LIVE_MOAKLEY_COURTHOUSE_CC0.jpg; EBAY_HQ_2018_CC_BY_SA.jpg.
DO NOT ATTACH: Do not attach unrelated assets or any full-page text source outside the listed references.

FINAL FRAME MUST SHOW: the listed source material visibly inside the final image itself; this is not a blank plate and there is no later source-insertion pass. Preserve real object/photo identity. For authentic text/document crops, keep the relevant excerpt visually faithful and do not invent or rewrite body text.

COMPOSITION: full-width source strip across upper 60%; headline block at lower-left but entirely above subtitle-safe band; one tiny source/date tag; restrained paper edge and red tick.
THEMATIC ELEMENTS: operation timeline/map cue with restrained route line. Add only scene-relevant paper/folder/tab/clip/map/timeline/evidence details. Keep the recurring WHAT IT COST visual grammar, but do not copy the exact neighboring layout.
STYLE: premium investigative business documentary; black/charcoal textured field, warm paper materials, paper-white typography, restrained signal red, rare muted antique-gold only when useful. Condensed bold display typography + clean sans-serif support. Cinematic editorial hierarchy, deliberate negative space, authentic-source-first look. No generic law-firm aesthetic.

SUBTITLE SAFE — HARD: reserve at least the bottom 20% of the 16:9 frame, target 22% for safety. That lower band must be visually quiet and contain NO essential headline, exact quote, amount, face/eyes, evidence object, source label, legal caveat, map endpoint or diagram node. All critical content must live above that band.

TEXT RULE: render only the exact short on-image text ""RESPONSIBILITY ABOVE THE OPERATION"" plus a factual source/date/role label only when supported by the attached source. Do not add invented captions, decorative microcopy, fake source metadata or filler text. For money/legal-status beats, numbers and qualifiers must be exact.
LEGAL / FACTUAL GUARDRAIL: Surviving civil claim / jury question is not final liability.

VARIATION RULE: keep the same channel identity as the attached style reference while changing source crop, focal placement, paper layering and thematic motif so adjacent beats do not feel like repeated templates.
FORBIDDEN FAILURES: dense fake document; gibberish pseudo-text; fabricated legal metadata; fake seal/stamp/signature; wrong source; source missing from final frame; empty placeholder slot; important content in subtitle band; red-dominant poster; horror/tabloid treatment; cluttered dashboard/card grid; unrelated thematic element; altered real-person expression; visual claim stronger than narration.

OUTPUT: one finished 16:9 montage-ready still, visually complete, source-based, subtitle-safe, and immediately usable under the locked narration.",READY_FOR_PROMPT_REVIEW_NOT_AUTHORIZED_FOR_GENERATION
B080,S09,703.640,709.000,HYBRID_SOURCE_EDITORIAL,T03,document,R5_STYLE_EVIDENCE,dd9e6d29-9423-461b-8888-ca89b476cb76,LIVE_MOAKLEY_COURTHOUSE_CC0.jpg;EBAY_HQ_2018_CC_BY_SA.jpg,Direct image refs: LIVE_MOAKLEY_COURTHOUSE_CC0.jpg; EBAY_HQ_2018_CC_BY_SA.jpg.,Do not attach unrelated assets or any full-page text source outside the listed references.,A JURY WAS GETTING CLOSE,"tight authentic quote/document crop as the hero on the right; large headline on left; one exact highlighted line only; paper edge, clip, and small factual source label; no full-page text wall",court-document excerpt + clipped legal-status note,BOTTOM_AT_LEAST_20_PERCENT_TARGET_22_PERCENT_VISUALLY_QUIET,Surviving civil claim / jury question is not final liability.,"BEAT_ID: B080
ROUTE: HYBRID_SOURCE_EDITORIAL
FRAME_FAMILY: T03 / document
NARRATIVE_PURPOSE: Walk through the civil case and summary-judgment distinctions, using authentic court/executive sources and explicit not-final-liability framing.
VOICE_CONTEXT: ""A jury was getting close to answering that. Then the case appeared to end.""
VIEWER_TAKEAWAY / EXACT ON-IMAGE TEXT: ""A JURY WAS GETTING CLOSE""

ATTACH STYLE REFERENCE: R5_STYLE_EVIDENCE — Higgsfield media_id dd9e6d29-9423-461b-8888-ca89b476cb76. Use it only as the channel style/composition reference: approved pig-mask evidence reference: dark textured black field, framed authentic evidence photo, large condensed headline, thin rules, small factual source label, restrained red dash.
ATTACH SOURCE ASSETS: LIVE_MOAKLEY_COURTHOUSE_CC0.jpg; EBAY_HQ_2018_CC_BY_SA.jpg.
SOURCE PREP BEFORE JOB: Direct image refs: LIVE_MOAKLEY_COURTHOUSE_CC0.jpg; EBAY_HQ_2018_CC_BY_SA.jpg.
DO NOT ATTACH: Do not attach unrelated assets or any full-page text source outside the listed references.

FINAL FRAME MUST SHOW: the listed source material visibly inside the final image itself; this is not a blank plate and there is no later source-insertion pass. Preserve real object/photo identity. For authentic text/document crops, keep the relevant excerpt visually faithful and do not invent or rewrite body text.

COMPOSITION: tight authentic quote/document crop as the hero on the right; large headline on left; one exact highlighted line only; paper edge, clip, and small factual source label; no full-page text wall.
THEMATIC ELEMENTS: court-document excerpt + clipped legal-status note. Add only scene-relevant paper/folder/tab/clip/map/timeline/evidence details. Keep the recurring WHAT IT COST visual grammar, but do not copy the exact neighboring layout.
STYLE: premium investigative business documentary; black/charcoal textured field, warm paper materials, paper-white typography, restrained signal red, rare muted antique-gold only when useful. Condensed bold display typography + clean sans-serif support. Cinematic editorial hierarchy, deliberate negative space, authentic-source-first look. No generic law-firm aesthetic.

SUBTITLE SAFE — HARD: reserve at least the bottom 20% of the 16:9 frame, target 22% for safety. That lower band must be visually quiet and contain NO essential headline, exact quote, amount, face/eyes, evidence object, source label, legal caveat, map endpoint or diagram node. All critical content must live above that band.

TEXT RULE: render only the exact short on-image text ""A JURY WAS GETTING CLOSE"" plus a factual source/date/role label only when supported by the attached source. Do not add invented captions, decorative microcopy, fake source metadata or filler text. For money/legal-status beats, numbers and qualifiers must be exact.
LEGAL / FACTUAL GUARDRAIL: Surviving civil claim / jury question is not final liability.

VARIATION RULE: keep the same channel identity as the attached style reference while changing source crop, focal placement, paper layering and thematic motif so adjacent beats do not feel like repeated templates.
FORBIDDEN FAILURES: dense fake document; gibberish pseudo-text; fabricated legal metadata; fake seal/stamp/signature; wrong source; source missing from final frame; empty placeholder slot; important content in subtitle band; red-dominant poster; horror/tabloid treatment; cluttered dashboard/card grid; unrelated thematic element; altered real-person expression; visual claim stronger than narration.

OUTPUT: one finished 16:9 montage-ready still, visually complete, source-based, subtitle-safe, and immediately usable under the locked narration.",READY_FOR_PROMPT_REVIEW_NOT_AUTHORIZED_FOR_GENERATION
B081,S10,710.380,718.560,SOURCE_NATIVE_EDITORIAL,T03,document,R5_STYLE_EVIDENCE,dd9e6d29-9423-461b-8888-ca89b476cb76,LIVE_MOAKLEY_COURTHOUSE_CC0.jpg,Direct image refs: LIVE_MOAKLEY_COURTHOUSE_CC0.jpg.,Do not attach unrelated assets or any full-page text source outside the listed references.,"FEB. 25, 2026 — SETTLEMENT IN PRINCIPLE","source excerpt framed like a photographic evidence print, slightly offset; headline left or top-left; second tiny context image only if needed; no decorative body text",money-ledger visual language with exact deterministic figures,BOTTOM_AT_LEAST_20_PERCENT_TARGET_22_PERCENT_VISUALLY_QUIET,February 2026 settlement in principle failed; do not depict it as final settlement.,"BEAT_ID: B081
ROUTE: SOURCE_NATIVE_EDITORIAL
FRAME_FAMILY: T03 / document
NARRATIVE_PURPOSE: Build the 2026 settlement chronology: settlement in principle, conditional dismissal, failure, reopening, new trial date, then final deal.
VOICE_CONTEXT: ""On February twenty-fifth, twenty twenty-six, just before trial, the parties reported a settlement in principle. The terms were not disclosed.""
VIEWER_TAKEAWAY / EXACT ON-IMAGE TEXT: ""FEB. 25, 2026 — SETTLEMENT IN PRINCIPLE""

ATTACH STYLE REFERENCE: R5_STYLE_EVIDENCE — Higgsfield media_id dd9e6d29-9423-461b-8888-ca89b476cb76. Use it only as the channel style/composition reference: approved pig-mask evidence reference: dark textured black field, framed authentic evidence photo, large condensed headline, thin rules, small factual source label, restrained red dash.
ATTACH SOURCE ASSETS: LIVE_MOAKLEY_COURTHOUSE_CC0.jpg.
SOURCE PREP BEFORE JOB: Direct image refs: LIVE_MOAKLEY_COURTHOUSE_CC0.jpg.
DO NOT ATTACH: Do not attach unrelated assets or any full-page text source outside the listed references.

FINAL FRAME MUST SHOW: the listed source material visibly inside the final image itself; this is not a blank plate and there is no later source-insertion pass. Preserve real object/photo identity. For authentic text/document crops, keep the relevant excerpt visually faithful and do not invent or rewrite body text.

COMPOSITION: source excerpt framed like a photographic evidence print, slightly offset; headline left or top-left; second tiny context image only if needed; no decorative body text.
THEMATIC ELEMENTS: money-ledger visual language with exact deterministic figures. Add only scene-relevant paper/folder/tab/clip/map/timeline/evidence details. Keep the recurring WHAT IT COST visual grammar, but do not copy the exact neighboring layout.
STYLE: premium investigative business documentary; black/charcoal textured field, warm paper materials, paper-white typography, restrained signal red, rare muted antique-gold only when useful. Condensed bold display typography + clean sans-serif support. Cinematic editorial hierarchy, deliberate negative space, authentic-source-first look. No generic law-firm aesthetic.

SUBTITLE SAFE — HARD: reserve at least the bottom 20% of the 16:9 frame, target 22% for safety. That lower band must be visually quiet and contain NO essential headline, exact quote, amount, face/eyes, evidence object, source label, legal caveat, map endpoint or diagram node. All critical content must live above that band.

TEXT RULE: render only the exact short on-image text ""FEB. 25, 2026 — SETTLEMENT IN PRINCIPLE"" plus a factual source/date/role label only when supported by the attached source. Do not add invented captions, decorative microcopy, fake source metadata or filler text. For money/legal-status beats, numbers and qualifiers must be exact.
LEGAL / FACTUAL GUARDRAIL: February 2026 settlement in principle failed; do not depict it as final settlement.

VARIATION RULE: keep the same channel identity as the attached style reference while changing source crop, focal placement, paper layering and thematic motif so adjacent beats do not feel like repeated templates.
FORBIDDEN FAILURES: dense fake document; gibberish pseudo-text; fabricated legal metadata; fake seal/stamp/signature; wrong source; source missing from final frame; empty placeholder slot; important content in subtitle band; red-dominant poster; horror/tabloid treatment; cluttered dashboard/card grid; unrelated thematic element; altered real-person expression; visual claim stronger than narration.

OUTPUT: one finished 16:9 montage-ready still, visually complete, source-based, subtitle-safe, and immediately usable under the locked narration.",READY_FOR_PROMPT_REVIEW_NOT_AUTHORIZED_FOR_GENERATION
B082,S10,718.560,723.480,SOURCE_NATIVE_EDITORIAL,T03,document,R5_STYLE_EVIDENCE,dd9e6d29-9423-461b-8888-ca89b476cb76,LIVE_MOAKLEY_COURTHOUSE_CC0.jpg,Direct image refs: LIVE_MOAKLEY_COURTHOUSE_CC0.jpg.,Do not attach unrelated assets or any full-page text source outside the listed references.,CONDITIONAL DISMISSAL,wide horizontal authentic excerpt across upper half; condensed headline above-left; one clipped corner/tab; black textured negative space below for captions,"paper file-tab detail, restrained red accent, authentic source framing",BOTTOM_AT_LEAST_20_PERCENT_TARGET_22_PERCENT_VISUALLY_QUIET,February 2026 settlement in principle failed; do not depict it as final settlement.,"BEAT_ID: B082
ROUTE: SOURCE_NATIVE_EDITORIAL
FRAME_FAMILY: T03 / document
NARRATIVE_PURPOSE: Build the 2026 settlement chronology: settlement in principle, conditional dismissal, failure, reopening, new trial date, then final deal.
VOICE_CONTEXT: ""The case was conditionally dismissed while they worked to finalize the agreement.""
VIEWER_TAKEAWAY / EXACT ON-IMAGE TEXT: ""CONDITIONAL DISMISSAL""

ATTACH STYLE REFERENCE: R5_STYLE_EVIDENCE — Higgsfield media_id dd9e6d29-9423-461b-8888-ca89b476cb76. Use it only as the channel style/composition reference: approved pig-mask evidence reference: dark textured black field, framed authentic evidence photo, large condensed headline, thin rules, small factual source label, restrained red dash.
ATTACH SOURCE ASSETS: LIVE_MOAKLEY_COURTHOUSE_CC0.jpg.
SOURCE PREP BEFORE JOB: Direct image refs: LIVE_MOAKLEY_COURTHOUSE_CC0.jpg.
DO NOT ATTACH: Do not attach unrelated assets or any full-page text source outside the listed references.

FINAL FRAME MUST SHOW: the listed source material visibly inside the final image itself; this is not a blank plate and there is no later source-insertion pass. Preserve real object/photo identity. For authentic text/document crops, keep the relevant excerpt visually faithful and do not invent or rewrite body text.

COMPOSITION: wide horizontal authentic excerpt across upper half; condensed headline above-left; one clipped corner/tab; black textured negative space below for captions.
THEMATIC ELEMENTS: paper file-tab detail, restrained red accent, authentic source framing. Add only scene-relevant paper/folder/tab/clip/map/timeline/evidence details. Keep the recurring WHAT IT COST visual grammar, but do not copy the exact neighboring layout.
STYLE: premium investigative business documentary; black/charcoal textured field, warm paper materials, paper-white typography, restrained signal red, rare muted antique-gold only when useful. Condensed bold display typography + clean sans-serif support. Cinematic editorial hierarchy, deliberate negative space, authentic-source-first look. No generic law-firm aesthetic.

SUBTITLE SAFE — HARD: reserve at least the bottom 20% of the 16:9 frame, target 22% for safety. That lower band must be visually quiet and contain NO essential headline, exact quote, amount, face/eyes, evidence object, source label, legal caveat, map endpoint or diagram node. All critical content must live above that band.

TEXT RULE: render only the exact short on-image text ""CONDITIONAL DISMISSAL"" plus a factual source/date/role label only when supported by the attached source. Do not add invented captions, decorative microcopy, fake source metadata or filler text. For money/legal-status beats, numbers and qualifiers must be exact.
LEGAL / FACTUAL GUARDRAIL: February 2026 settlement in principle failed; do not depict it as final settlement.

VARIATION RULE: keep the same channel identity as the attached style reference while changing source crop, focal placement, paper layering and thematic motif so adjacent beats do not feel like repeated templates.
FORBIDDEN FAILURES: dense fake document; gibberish pseudo-text; fabricated legal metadata; fake seal/stamp/signature; wrong source; source missing from final frame; empty placeholder slot; important content in subtitle band; red-dominant poster; horror/tabloid treatment; cluttered dashboard/card grid; unrelated thematic element; altered real-person expression; visual claim stronger than narration.

OUTPUT: one finished 16:9 montage-ready still, visually complete, source-based, subtitle-safe, and immediately usable under the locked narration.",READY_FOR_PROMPT_REVIEW_NOT_AUTHORIZED_FOR_GENERATION
B083,S10,724.220,733.820,SOURCE_NATIVE_EDITORIAL,T06,timeline,R5_STYLE_MAP_LOCATION,aeaf1ee7-3e3d-42ba-b137-7eaa2218685e,LIVE_MOAKLEY_COURTHOUSE_CC0.jpg,Direct image refs: LIVE_MOAKLEY_COURTHOUSE_CC0.jpg.,Do not attach unrelated assets or any full-page text source outside the listed references.,THE DEAL FAILED,horizontal date spine across upper third with 2–3 verified event markers; one real source/photo anchor right; headline left; folder tab and restrained red progress line,"real eBay HQ/corporate context, subtle file-tab language; DPA paper cue + corporate consequence treatment; court-document excerpt + clipped legal-status note",BOTTOM_AT_LEAST_20_PERCENT_TARGET_22_PERCENT_VISUALLY_QUIET,DPA is not a conviction. February 2026 settlement in principle failed; do not depict it as final settlement.,"BEAT_ID: B083
ROUTE: SOURCE_NATIVE_EDITORIAL
FRAME_FAMILY: T06 / timeline
NARRATIVE_PURPOSE: Build the 2026 settlement chronology: settlement in principle, conditional dismissal, failure, reopening, new trial date, then final deal.
VOICE_CONTEXT: ""After years of criminal cases, a corporate D-P-A, civil discovery and pretrial rulings, it looked like the final chapter. Then the deal failed.""
VIEWER_TAKEAWAY / EXACT ON-IMAGE TEXT: ""THE DEAL FAILED""

ATTACH STYLE REFERENCE: R5_STYLE_MAP_LOCATION — Higgsfield media_id aeaf1ee7-3e3d-42ba-b137-7eaa2218685e. Use it only as the channel style/composition reference: approved Massachusetts reference: oversized white/red headline, paper map silhouette, real-location photo collage, manila-folder edge, restrained red target/route cue.
ATTACH SOURCE ASSETS: LIVE_MOAKLEY_COURTHOUSE_CC0.jpg.
SOURCE PREP BEFORE JOB: Direct image refs: LIVE_MOAKLEY_COURTHOUSE_CC0.jpg.
DO NOT ATTACH: Do not attach unrelated assets or any full-page text source outside the listed references.

FINAL FRAME MUST SHOW: the listed source material visibly inside the final image itself; this is not a blank plate and there is no later source-insertion pass. Preserve real object/photo identity. For authentic text/document crops, keep the relevant excerpt visually faithful and do not invent or rewrite body text.

COMPOSITION: horizontal date spine across upper third with 2–3 verified event markers; one real source/photo anchor right; headline left; folder tab and restrained red progress line.
THEMATIC ELEMENTS: real eBay HQ/corporate context, subtle file-tab language; DPA paper cue + corporate consequence treatment; court-document excerpt + clipped legal-status note. Add only scene-relevant paper/folder/tab/clip/map/timeline/evidence details. Keep the recurring WHAT IT COST visual grammar, but do not copy the exact neighboring layout.
STYLE: premium investigative business documentary; black/charcoal textured field, warm paper materials, paper-white typography, restrained signal red, rare muted antique-gold only when useful. Condensed bold display typography + clean sans-serif support. Cinematic editorial hierarchy, deliberate negative space, authentic-source-first look. No generic law-firm aesthetic.

SUBTITLE SAFE — HARD: reserve at least the bottom 20% of the 16:9 frame, target 22% for safety. That lower band must be visually quiet and contain NO essential headline, exact quote, amount, face/eyes, evidence object, source label, legal caveat, map endpoint or diagram node. All critical content must live above that band.

TEXT RULE: render only the exact short on-image text ""THE DEAL FAILED"" plus a factual source/date/role label only when supported by the attached source. Do not add invented captions, decorative microcopy, fake source metadata or filler text. For money/legal-status beats, numbers and qualifiers must be exact.
LEGAL / FACTUAL GUARDRAIL: DPA is not a conviction. February 2026 settlement in principle failed; do not depict it as final settlement.

VARIATION RULE: keep the same channel identity as the attached style reference while changing source crop, focal placement, paper layering and thematic motif so adjacent beats do not feel like repeated templates.
FORBIDDEN FAILURES: dense fake document; gibberish pseudo-text; fabricated legal metadata; fake seal/stamp/signature; wrong source; source missing from final frame; empty placeholder slot; important content in subtitle band; red-dominant poster; horror/tabloid treatment; cluttered dashboard/card grid; unrelated thematic element; altered real-person expression; visual claim stronger than narration.

OUTPUT: one finished 16:9 montage-ready still, visually complete, source-based, subtitle-safe, and immediately usable under the locked narration.",READY_FOR_PROMPT_REVIEW_NOT_AUTHORIZED_FOR_GENERATION
B084,S10,734.860,743.180,SOURCE_NATIVE_EDITORIAL,T06,timeline,R5_STYLE_MAP_LOCATION,aeaf1ee7-3e3d-42ba-b137-7eaa2218685e,LIVE_MOAKLEY_COURTHOUSE_CC0.jpg,Direct image refs: LIVE_MOAKLEY_COURTHOUSE_CC0.jpg.,Do not attach unrelated assets or any full-page text source outside the listed references.,CASE REOPENED • JAN. 2027 TRIAL SET,vertical chronology on left with one large date; authentic source/photo panel right; clipped note at upper-right; one red timeline marker; no crowded event list,court-document excerpt + clipped legal-status note; money-ledger visual language with exact deterministic figures,BOTTOM_AT_LEAST_20_PERCENT_TARGET_22_PERCENT_VISUALLY_QUIET,February 2026 settlement in principle failed; do not depict it as final settlement.,"BEAT_ID: B084
ROUTE: SOURCE_NATIVE_EDITORIAL
FRAME_FAMILY: T06 / timeline
NARRATIVE_PURPOSE: Build the 2026 settlement chronology: settlement in principle, conditional dismissal, failure, reopening, new trial date, then final deal.
VOICE_CONTEXT: ""By June, the settlement had not been finalized. The civil case was reopened. A new trial date was set for January twenty twenty-seven.""
VIEWER_TAKEAWAY / EXACT ON-IMAGE TEXT: ""CASE REOPENED • JAN. 2027 TRIAL SET""

ATTACH STYLE REFERENCE: R5_STYLE_MAP_LOCATION — Higgsfield media_id aeaf1ee7-3e3d-42ba-b137-7eaa2218685e. Use it only as the channel style/composition reference: approved Massachusetts reference: oversized white/red headline, paper map silhouette, real-location photo collage, manila-folder edge, restrained red target/route cue.
ATTACH SOURCE ASSETS: LIVE_MOAKLEY_COURTHOUSE_CC0.jpg.
SOURCE PREP BEFORE JOB: Direct image refs: LIVE_MOAKLEY_COURTHOUSE_CC0.jpg.
DO NOT ATTACH: Do not attach unrelated assets or any full-page text source outside the listed references.

FINAL FRAME MUST SHOW: the listed source material visibly inside the final image itself; this is not a blank plate and there is no later source-insertion pass. Preserve real object/photo identity. For authentic text/document crops, keep the relevant excerpt visually faithful and do not invent or rewrite body text.

COMPOSITION: vertical chronology on left with one large date; authentic source/photo panel right; clipped note at upper-right; one red timeline marker; no crowded event list.
THEMATIC ELEMENTS: court-document excerpt + clipped legal-status note; money-ledger visual language with exact deterministic figures. Add only scene-relevant paper/folder/tab/clip/map/timeline/evidence details. Keep the recurring WHAT IT COST visual grammar, but do not copy the exact neighboring layout.
STYLE: premium investigative business documentary; black/charcoal textured field, warm paper materials, paper-white typography, restrained signal red, rare muted antique-gold only when useful. Condensed bold display typography + clean sans-serif support. Cinematic editorial hierarchy, deliberate negative space, authentic-source-first look. No generic law-firm aesthetic.

SUBTITLE SAFE — HARD: reserve at least the bottom 20% of the 16:9 frame, target 22% for safety. That lower band must be visually quiet and contain NO essential headline, exact quote, amount, face/eyes, evidence object, source label, legal caveat, map endpoint or diagram node. All critical content must live above that band.

TEXT RULE: render only the exact short on-image text ""CASE REOPENED • JAN. 2027 TRIAL SET"" plus a factual source/date/role label only when supported by the attached source. Do not add invented captions, decorative microcopy, fake source metadata or filler text. For money/legal-status beats, numbers and qualifiers must be exact.
LEGAL / FACTUAL GUARDRAIL: February 2026 settlement in principle failed; do not depict it as final settlement.

VARIATION RULE: keep the same channel identity as the attached style reference while changing source crop, focal placement, paper layering and thematic motif so adjacent beats do not feel like repeated templates.
FORBIDDEN FAILURES: dense fake document; gibberish pseudo-text; fabricated legal metadata; fake seal/stamp/signature; wrong source; source missing from final frame; empty placeholder slot; important content in subtitle band; red-dominant poster; horror/tabloid treatment; cluttered dashboard/card grid; unrelated thematic element; altered real-person expression; visual claim stronger than narration.

OUTPUT: one finished 16:9 montage-ready still, visually complete, source-based, subtitle-safe, and immediately usable under the locked narration.",READY_FOR_PROMPT_REVIEW_NOT_AUTHORIZED_FOR_GENERATION
B085,S10,743.960,752.340,SOURCE_NATIVE_EDITORIAL,T03,document,R5_STYLE_EVIDENCE,dd9e6d29-9423-461b-8888-ca89b476cb76,LIVE_MOAKLEY_COURTHOUSE_CC0.jpg,Direct image refs: LIVE_MOAKLEY_COURTHOUSE_CC0.jpg.,Do not attach unrelated assets or any full-page text source outside the listed references.,ANOTHER DEAL,"source excerpt framed like a photographic evidence print, slightly offset; headline left or top-left; second tiny context image only if needed; no decorative body text",court-document excerpt + clipped legal-status note,BOTTOM_AT_LEAST_20_PERCENT_TARGET_22_PERCENT_VISUALLY_QUIET,February 2026 settlement in principle failed; do not depict it as final settlement.,"BEAT_ID: B085
ROUTE: SOURCE_NATIVE_EDITORIAL
FRAME_FAMILY: T03 / document
NARRATIVE_PURPOSE: Build the 2026 settlement chronology: settlement in principle, conditional dismissal, failure, reopening, new trial date, then final deal.
VOICE_CONTEXT: ""That put the unresolved civil-responsibility question back on the table. But before a jury could hear the case, the parties reached another deal.""
VIEWER_TAKEAWAY / EXACT ON-IMAGE TEXT: ""ANOTHER DEAL""

ATTACH STYLE REFERENCE: R5_STYLE_EVIDENCE — Higgsfield media_id dd9e6d29-9423-461b-8888-ca89b476cb76. Use it only as the channel style/composition reference: approved pig-mask evidence reference: dark textured black field, framed authentic evidence photo, large condensed headline, thin rules, small factual source label, restrained red dash.
ATTACH SOURCE ASSETS: LIVE_MOAKLEY_COURTHOUSE_CC0.jpg.
SOURCE PREP BEFORE JOB: Direct image refs: LIVE_MOAKLEY_COURTHOUSE_CC0.jpg.
DO NOT ATTACH: Do not attach unrelated assets or any full-page text source outside the listed references.

FINAL FRAME MUST SHOW: the listed source material visibly inside the final image itself; this is not a blank plate and there is no later source-insertion pass. Preserve real object/photo identity. For authentic text/document crops, keep the relevant excerpt visually faithful and do not invent or rewrite body text.

COMPOSITION: source excerpt framed like a photographic evidence print, slightly offset; headline left or top-left; second tiny context image only if needed; no decorative body text.
THEMATIC ELEMENTS: court-document excerpt + clipped legal-status note. Add only scene-relevant paper/folder/tab/clip/map/timeline/evidence details. Keep the recurring WHAT IT COST visual grammar, but do not copy the exact neighboring layout.
STYLE: premium investigative business documentary; black/charcoal textured field, warm paper materials, paper-white typography, restrained signal red, rare muted antique-gold only when useful. Condensed bold display typography + clean sans-serif support. Cinematic editorial hierarchy, deliberate negative space, authentic-source-first look. No generic law-firm aesthetic.

SUBTITLE SAFE — HARD: reserve at least the bottom 20% of the 16:9 frame, target 22% for safety. That lower band must be visually quiet and contain NO essential headline, exact quote, amount, face/eyes, evidence object, source label, legal caveat, map endpoint or diagram node. All critical content must live above that band.

TEXT RULE: render only the exact short on-image text ""ANOTHER DEAL"" plus a factual source/date/role label only when supported by the attached source. Do not add invented captions, decorative microcopy, fake source metadata or filler text. For money/legal-status beats, numbers and qualifiers must be exact.
LEGAL / FACTUAL GUARDRAIL: February 2026 settlement in principle failed; do not depict it as final settlement.

VARIATION RULE: keep the same channel identity as the attached style reference while changing source crop, focal placement, paper layering and thematic motif so adjacent beats do not feel like repeated templates.
FORBIDDEN FAILURES: dense fake document; gibberish pseudo-text; fabricated legal metadata; fake seal/stamp/signature; wrong source; source missing from final frame; empty placeholder slot; important content in subtitle band; red-dominant poster; horror/tabloid treatment; cluttered dashboard/card grid; unrelated thematic element; altered real-person expression; visual claim stronger than narration.

OUTPUT: one finished 16:9 montage-ready still, visually complete, source-based, subtitle-safe, and immediately usable under the locked narration.",READY_FOR_PROMPT_REVIEW_NOT_AUTHORIZED_FOR_GENERATION
B086,S10,752.940,757.000,SOURCE_NATIVE_EDITORIAL,T01,evidence,R5_STYLE_EVIDENCE,dd9e6d29-9423-461b-8888-ca89b476cb76,S020_D986_STIPULATION_DISMISSAL.pdf;LIVE_MOAKLEY_COURTHOUSE_CC0.jpg;EBAY_HQ_2018_CC_BY_SA.jpg,"Direct image refs: LIVE_MOAKLEY_COURTHOUSE_CC0.jpg; EBAY_HQ_2018_CC_BY_SA.jpg. Document refs: S020_D986_STIPULATION_DISMISSAL.pdf — prepare a tight image crop of only the relevant page/paragraph before the Higgsfield job; preserve source pixels and exact wording, avoid whole-page density.","Do not attach raw/full text-heavy versions directly: S020_D986_STIPULATION_DISMISSAL.pdf. Before generation, render/crop only the exact relevant page fragment or use an existing DC crop; never feed a whole dense legal page when a crop is available.",FINAL SETTLEMENT • NUMBERS PUBLIC,full-width source strip across upper 60%; headline block at lower-left but entirely above subtitle-safe band; one tiny source/date tag; restrained paper edge and red tick,money-ledger visual language with exact deterministic figures,BOTTOM_AT_LEAST_20_PERCENT_TARGET_22_PERCENT_VISUALLY_QUIET,None beyond the locked narration.,"BEAT_ID: B086
ROUTE: SOURCE_NATIVE_EDITORIAL
FRAME_FAMILY: T01 / evidence
NARRATIVE_PURPOSE: Build the 2026 settlement chronology: settlement in principle, conditional dismissal, failure, reopening, new trial date, then final deal.
VOICE_CONTEXT: ""This one became the final settlement. And this time, the numbers were public.""
VIEWER_TAKEAWAY / EXACT ON-IMAGE TEXT: ""FINAL SETTLEMENT • NUMBERS PUBLIC""

ATTACH STYLE REFERENCE: R5_STYLE_EVIDENCE — Higgsfield media_id dd9e6d29-9423-461b-8888-ca89b476cb76. Use it only as the channel style/composition reference: approved pig-mask evidence reference: dark textured black field, framed authentic evidence photo, large condensed headline, thin rules, small factual source label, restrained red dash.
ATTACH SOURCE ASSETS: S020_D986_STIPULATION_DISMISSAL.pdf; LIVE_MOAKLEY_COURTHOUSE_CC0.jpg; EBAY_HQ_2018_CC_BY_SA.jpg.
SOURCE PREP BEFORE JOB: Direct image refs: LIVE_MOAKLEY_COURTHOUSE_CC0.jpg; EBAY_HQ_2018_CC_BY_SA.jpg. Document refs: S020_D986_STIPULATION_DISMISSAL.pdf — prepare a tight image crop of only the relevant page/paragraph before the Higgsfield job; preserve source pixels and exact wording, avoid whole-page density.
DO NOT ATTACH: Do not attach raw/full text-heavy versions directly: S020_D986_STIPULATION_DISMISSAL.pdf. Before generation, render/crop only the exact relevant page fragment or use an existing DC crop; never feed a whole dense legal page when a crop is available.

FINAL FRAME MUST SHOW: the listed source material visibly inside the final image itself; this is not a blank plate and there is no later source-insertion pass. Preserve real object/photo identity. For authentic text/document crops, keep the relevant excerpt visually faithful and do not invent or rewrite body text.

COMPOSITION: full-width source strip across upper 60%; headline block at lower-left but entirely above subtitle-safe band; one tiny source/date tag; restrained paper edge and red tick.
THEMATIC ELEMENTS: money-ledger visual language with exact deterministic figures. Add only scene-relevant paper/folder/tab/clip/map/timeline/evidence details. Keep the recurring WHAT IT COST visual grammar, but do not copy the exact neighboring layout.
STYLE: premium investigative business documentary; black/charcoal textured field, warm paper materials, paper-white typography, restrained signal red, rare muted antique-gold only when useful. Condensed bold display typography + clean sans-serif support. Cinematic editorial hierarchy, deliberate negative space, authentic-source-first look. No generic law-firm aesthetic.

SUBTITLE SAFE — HARD: reserve at least the bottom 20% of the 16:9 frame, target 22% for safety. That lower band must be visually quiet and contain NO essential headline, exact quote, amount, face/eyes, evidence object, source label, legal caveat, map endpoint or diagram node. All critical content must live above that band.

TEXT RULE: render only the exact short on-image text ""FINAL SETTLEMENT • NUMBERS PUBLIC"" plus a factual source/date/role label only when supported by the attached source. Do not add invented captions, decorative microcopy, fake source metadata or filler text. For money/legal-status beats, numbers and qualifiers must be exact.
LEGAL / FACTUAL GUARDRAIL: None beyond the locked narration.

VARIATION RULE: keep the same channel identity as the attached style reference while changing source crop, focal placement, paper layering and thematic motif so adjacent beats do not feel like repeated templates.
FORBIDDEN FAILURES: dense fake document; gibberish pseudo-text; fabricated legal metadata; fake seal/stamp/signature; wrong source; source missing from final frame; empty placeholder slot; important content in subtitle band; red-dominant poster; horror/tabloid treatment; cluttered dashboard/card grid; unrelated thematic element; altered real-person expression; visual claim stronger than narration.

OUTPUT: one finished 16:9 montage-ready still, visually complete, source-based, subtitle-safe, and immediately usable under the locked narration.",READY_FOR_PROMPT_REVIEW_NOT_AUTHORIZED_FOR_GENERATION
B087,S11,757.980,761.360,SOURCE_NATIVE_EDITORIAL,T06,timeline,R5_STYLE_MAP_LOCATION,aeaf1ee7-3e3d-42ba-b137-7eaa2218685e,S020_D986_STIPULATION_DISMISSAL.pdf;LIVE_MOAKLEY_COURTHOUSE_CC0.jpg;EBAY_HQ_2018_CC_BY_SA.jpg,"Direct image refs: LIVE_MOAKLEY_COURTHOUSE_CC0.jpg; EBAY_HQ_2018_CC_BY_SA.jpg. Document refs: S020_D986_STIPULATION_DISMISSAL.pdf — prepare a tight image crop of only the relevant page/paragraph before the Higgsfield job; preserve source pixels and exact wording, avoid whole-page density.","Do not attach raw/full text-heavy versions directly: S020_D986_STIPULATION_DISMISSAL.pdf. Before generation, render/crop only the exact relevant page fragment or use an existing DC crop; never feed a whole dense legal page when a crop is available.",LATE JULY 2026,horizontal date spine across upper third with 2–3 verified event markers; one real source/photo anchor right; headline left; folder tab and restrained red progress line,"paper file-tab detail, restrained red accent, authentic source framing",BOTTOM_AT_LEAST_20_PERCENT_TARGET_22_PERCENT_VISUALLY_QUIET,None beyond the locked narration.,"BEAT_ID: B087
ROUTE: SOURCE_NATIVE_EDITORIAL
FRAME_FAMILY: T06 / timeline
NARRATIVE_PURPOSE: Build the 2026 settlement chronology: settlement in principle, conditional dismissal, failure, reopening, new trial date, then final deal.
VOICE_CONTEXT: ""The final agreement was announced in late July twenty twenty-six.""
VIEWER_TAKEAWAY / EXACT ON-IMAGE TEXT: ""LATE JULY 2026""

ATTACH STYLE REFERENCE: R5_STYLE_MAP_LOCATION — Higgsfield media_id aeaf1ee7-3e3d-42ba-b137-7eaa2218685e. Use it only as the channel style/composition reference: approved Massachusetts reference: oversized white/red headline, paper map silhouette, real-location photo collage, manila-folder edge, restrained red target/route cue.
ATTACH SOURCE ASSETS: S020_D986_STIPULATION_DISMISSAL.pdf; LIVE_MOAKLEY_COURTHOUSE_CC0.jpg; EBAY_HQ_2018_CC_BY_SA.jpg.
SOURCE PREP BEFORE JOB: Direct image refs: LIVE_MOAKLEY_COURTHOUSE_CC0.jpg; EBAY_HQ_2018_CC_BY_SA.jpg. Document refs: S020_D986_STIPULATION_DISMISSAL.pdf — prepare a tight image crop of only the relevant page/paragraph before the Higgsfield job; preserve source pixels and exact wording, avoid whole-page density.
DO NOT ATTACH: Do not attach raw/full text-heavy versions directly: S020_D986_STIPULATION_DISMISSAL.pdf. Before generation, render/crop only the exact relevant page fragment or use an existing DC crop; never feed a whole dense legal page when a crop is available.

FINAL FRAME MUST SHOW: the listed source material visibly inside the final image itself; this is not a blank plate and there is no later source-insertion pass. Preserve real object/photo identity. For authentic text/document crops, keep the relevant excerpt visually faithful and do not invent or rewrite body text.

COMPOSITION: horizontal date spine across upper third with 2–3 verified event markers; one real source/photo anchor right; headline left; folder tab and restrained red progress line.
THEMATIC ELEMENTS: paper file-tab detail, restrained red accent, authentic source framing. Add only scene-relevant paper/folder/tab/clip/map/timeline/evidence details. Keep the recurring WHAT IT COST visual grammar, but do not copy the exact neighboring layout.
STYLE: premium investigative business documentary; black/charcoal textured field, warm paper materials, paper-white typography, restrained signal red, rare muted antique-gold only when useful. Condensed bold display typography + clean sans-serif support. Cinematic editorial hierarchy, deliberate negative space, authentic-source-first look. No generic law-firm aesthetic.

SUBTITLE SAFE — HARD: reserve at least the bottom 20% of the 16:9 frame, target 22% for safety. That lower band must be visually quiet and contain NO essential headline, exact quote, amount, face/eyes, evidence object, source label, legal caveat, map endpoint or diagram node. All critical content must live above that band.

TEXT RULE: render only the exact short on-image text ""LATE JULY 2026"" plus a factual source/date/role label only when supported by the attached source. Do not add invented captions, decorative microcopy, fake source metadata or filler text. For money/legal-status beats, numbers and qualifiers must be exact.
LEGAL / FACTUAL GUARDRAIL: None beyond the locked narration.

VARIATION RULE: keep the same channel identity as the attached style reference while changing source crop, focal placement, paper layering and thematic motif so adjacent beats do not feel like repeated templates.
FORBIDDEN FAILURES: dense fake document; gibberish pseudo-text; fabricated legal metadata; fake seal/stamp/signature; wrong source; source missing from final frame; empty placeholder slot; important content in subtitle band; red-dominant poster; horror/tabloid treatment; cluttered dashboard/card grid; unrelated thematic element; altered real-person expression; visual claim stronger than narration.

OUTPUT: one finished 16:9 montage-ready still, visually complete, source-based, subtitle-safe, and immediately usable under the locked narration.",READY_FOR_PROMPT_REVIEW_NOT_AUTHORIZED_FOR_GENERATION
B088,S11,762.080,766.940,EDITOR_GFX_SOURCE_BACKED,T04,money,R5_STYLE_DOSSIER,3f30e1ef-3a0e-4158-914f-70bb25fa30a4,S020_D986_STIPULATION_DISMISSAL.pdf;EBAY_HQ_2018_CC_BY_SA.jpg;LIVE_MOAKLEY_COURTHOUSE_CC0.jpg,"Direct image refs: EBAY_HQ_2018_CC_BY_SA.jpg; LIVE_MOAKLEY_COURTHOUSE_CC0.jpg. Document refs: S020_D986_STIPULATION_DISMISSAL.pdf — prepare a tight image crop of only the relevant page/paragraph before the Higgsfield job; preserve source pixels and exact wording, avoid whole-page density.","Do not attach raw/full text-heavy versions directly: S020_D986_STIPULATION_DISMISSAL.pdf. Before generation, render/crop only the exact relevant page fragment or use an existing DC crop; never feed a whole dense legal page when a crop is available.",$55.7 MILLION,large money figure centered high; supporting source image in a bordered panel behind/right; one clipped legal caveat card; thin red underline; generous black negative space,money-ledger visual language with exact deterministic figures,BOTTOM_AT_LEAST_20_PERCENT_TARGET_22_PERCENT_VISUALLY_QUIET,"$55.7M is the announced civil settlement package, not a judgment or eBay-only payment.","BEAT_ID: B088
ROUTE: EDITOR_GFX_SOURCE_BACKED
FRAME_FAMILY: T04 / money
NARRATIVE_PURPOSE: Deliver the WHAT IT COST money payoff with large exact figures, restrained source anchors and crystal-clear separation of civil settlement from criminal penalty.
VOICE_CONTEXT: ""The total announced settlement package was fifty-five-point-seven million dollars.""
VIEWER_TAKEAWAY / EXACT ON-IMAGE TEXT: ""$55.7 MILLION""

ATTACH STYLE REFERENCE: R5_STYLE_DOSSIER — Higgsfield media_id 3f30e1ef-3a0e-4158-914f-70bb25fa30a4. Use it only as the channel style/composition reference: approved security/dossier reference: stacked headline at left, large framed source image on paper, clipped side note, small highlight strip, red tape accent, black textured field.
ATTACH SOURCE ASSETS: S020_D986_STIPULATION_DISMISSAL.pdf; EBAY_HQ_2018_CC_BY_SA.jpg; LIVE_MOAKLEY_COURTHOUSE_CC0.jpg.
SOURCE PREP BEFORE JOB: Direct image refs: EBAY_HQ_2018_CC_BY_SA.jpg; LIVE_MOAKLEY_COURTHOUSE_CC0.jpg. Document refs: S020_D986_STIPULATION_DISMISSAL.pdf — prepare a tight image crop of only the relevant page/paragraph before the Higgsfield job; preserve source pixels and exact wording, avoid whole-page density.
DO NOT ATTACH: Do not attach raw/full text-heavy versions directly: S020_D986_STIPULATION_DISMISSAL.pdf. Before generation, render/crop only the exact relevant page fragment or use an existing DC crop; never feed a whole dense legal page when a crop is available.

FINAL FRAME MUST SHOW: the listed source material visibly inside the final image itself; this is not a blank plate and there is no later source-insertion pass. Preserve real object/photo identity. For authentic text/document crops, keep the relevant excerpt visually faithful and do not invent or rewrite body text.

COMPOSITION: large money figure centered high; supporting source image in a bordered panel behind/right; one clipped legal caveat card; thin red underline; generous black negative space.
THEMATIC ELEMENTS: money-ledger visual language with exact deterministic figures. Add only scene-relevant paper/folder/tab/clip/map/timeline/evidence details. Keep the recurring WHAT IT COST visual grammar, but do not copy the exact neighboring layout.
STYLE: premium investigative business documentary; black/charcoal textured field, warm paper materials, paper-white typography, restrained signal red, rare muted antique-gold only when useful. Condensed bold display typography + clean sans-serif support. Cinematic editorial hierarchy, deliberate negative space, authentic-source-first look. No generic law-firm aesthetic.

SUBTITLE SAFE — HARD: reserve at least the bottom 20% of the 16:9 frame, target 22% for safety. That lower band must be visually quiet and contain NO essential headline, exact quote, amount, face/eyes, evidence object, source label, legal caveat, map endpoint or diagram node. All critical content must live above that band.

TEXT RULE: render only the exact short on-image text ""$55.7 MILLION"" plus a factual source/date/role label only when supported by the attached source. Do not add invented captions, decorative microcopy, fake source metadata or filler text. For money/legal-status beats, numbers and qualifiers must be exact.
LEGAL / FACTUAL GUARDRAIL: $55.7M is the announced civil settlement package, not a judgment or eBay-only payment.

VARIATION RULE: keep the same channel identity as the attached style reference while changing source crop, focal placement, paper layering and thematic motif so adjacent beats do not feel like repeated templates.
FORBIDDEN FAILURES: dense fake document; gibberish pseudo-text; fabricated legal metadata; fake seal/stamp/signature; wrong source; source missing from final frame; empty placeholder slot; important content in subtitle band; red-dominant poster; horror/tabloid treatment; cluttered dashboard/card grid; unrelated thematic element; altered real-person expression; visual claim stronger than narration.

OUTPUT: one finished 16:9 montage-ready still, visually complete, source-based, subtitle-safe, and immediately usable under the locked narration.",READY_FOR_PROMPT_REVIEW_NOT_AUTHORIZED_FOR_GENERATION
B089,S11,766.940,772.520,EDITOR_GFX_SOURCE_BACKED,T04,money,R5_STYLE_EVIDENCE,dd9e6d29-9423-461b-8888-ca89b476cb76,S020_D986_STIPULATION_DISMISSAL.pdf;EBAY_HQ_2018_CC_BY_SA.jpg;LIVE_MOAKLEY_COURTHOUSE_CC0.jpg,"Direct image refs: EBAY_HQ_2018_CC_BY_SA.jpg; LIVE_MOAKLEY_COURTHOUSE_CC0.jpg. Document refs: S020_D986_STIPULATION_DISMISSAL.pdf — prepare a tight image crop of only the relevant page/paragraph before the Higgsfield job; preserve source pixels and exact wording, avoid whole-page density.","Do not attach raw/full text-heavy versions directly: S020_D986_STIPULATION_DISMISSAL.pdf. Before generation, render/crop only the exact relevant page fragment or use an existing DC crop; never feed a whole dense legal page when a crop is available.",NOT A $55.7M JUDGMENT,asymmetrical settlement sheet: amount and short label left; authentic filing/company context right; one paper tab with exact legal qualifier; no extra numbers,money-ledger visual language with exact deterministic figures,BOTTOM_AT_LEAST_20_PERCENT_TARGET_22_PERCENT_VISUALLY_QUIET,"$55.7M is the announced civil settlement package, not a judgment or eBay-only payment.","BEAT_ID: B089
ROUTE: EDITOR_GFX_SOURCE_BACKED
FRAME_FAMILY: T04 / money
NARRATIVE_PURPOSE: Deliver the WHAT IT COST money payoff with large exact figures, restrained source anchors and crystal-clear separation of civil settlement from criminal penalty.
VOICE_CONTEXT: ""But that number has to be broken apart. It was not a fifty-five-point-seven-million-dollar judgment.""
VIEWER_TAKEAWAY / EXACT ON-IMAGE TEXT: ""NOT A $55.7M JUDGMENT""

ATTACH STYLE REFERENCE: R5_STYLE_EVIDENCE — Higgsfield media_id dd9e6d29-9423-461b-8888-ca89b476cb76. Use it only as the channel style/composition reference: approved pig-mask evidence reference: dark textured black field, framed authentic evidence photo, large condensed headline, thin rules, small factual source label, restrained red dash.
ATTACH SOURCE ASSETS: S020_D986_STIPULATION_DISMISSAL.pdf; EBAY_HQ_2018_CC_BY_SA.jpg; LIVE_MOAKLEY_COURTHOUSE_CC0.jpg.
SOURCE PREP BEFORE JOB: Direct image refs: EBAY_HQ_2018_CC_BY_SA.jpg; LIVE_MOAKLEY_COURTHOUSE_CC0.jpg. Document refs: S020_D986_STIPULATION_DISMISSAL.pdf — prepare a tight image crop of only the relevant page/paragraph before the Higgsfield job; preserve source pixels and exact wording, avoid whole-page density.
DO NOT ATTACH: Do not attach raw/full text-heavy versions directly: S020_D986_STIPULATION_DISMISSAL.pdf. Before generation, render/crop only the exact relevant page fragment or use an existing DC crop; never feed a whole dense legal page when a crop is available.

FINAL FRAME MUST SHOW: the listed source material visibly inside the final image itself; this is not a blank plate and there is no later source-insertion pass. Preserve real object/photo identity. For authentic text/document crops, keep the relevant excerpt visually faithful and do not invent or rewrite body text.

COMPOSITION: asymmetrical settlement sheet: amount and short label left; authentic filing/company context right; one paper tab with exact legal qualifier; no extra numbers.
THEMATIC ELEMENTS: money-ledger visual language with exact deterministic figures. Add only scene-relevant paper/folder/tab/clip/map/timeline/evidence details. Keep the recurring WHAT IT COST visual grammar, but do not copy the exact neighboring layout.
STYLE: premium investigative business documentary; black/charcoal textured field, warm paper materials, paper-white typography, restrained signal red, rare muted antique-gold only when useful. Condensed bold display typography + clean sans-serif support. Cinematic editorial hierarchy, deliberate negative space, authentic-source-first look. No generic law-firm aesthetic.

SUBTITLE SAFE — HARD: reserve at least the bottom 20% of the 16:9 frame, target 22% for safety. That lower band must be visually quiet and contain NO essential headline, exact quote, amount, face/eyes, evidence object, source label, legal caveat, map endpoint or diagram node. All critical content must live above that band.

TEXT RULE: render only the exact short on-image text ""NOT A $55.7M JUDGMENT"" plus a factual source/date/role label only when supported by the attached source. Do not add invented captions, decorative microcopy, fake source metadata or filler text. For money/legal-status beats, numbers and qualifiers must be exact.
LEGAL / FACTUAL GUARDRAIL: $55.7M is the announced civil settlement package, not a judgment or eBay-only payment.

VARIATION RULE: keep the same channel identity as the attached style reference while changing source crop, focal placement, paper layering and thematic motif so adjacent beats do not feel like repeated templates.
FORBIDDEN FAILURES: dense fake document; gibberish pseudo-text; fabricated legal metadata; fake seal/stamp/signature; wrong source; source missing from final frame; empty placeholder slot; important content in subtitle band; red-dominant poster; horror/tabloid treatment; cluttered dashboard/card grid; unrelated thematic element; altered real-person expression; visual claim stronger than narration.

OUTPUT: one finished 16:9 montage-ready still, visually complete, source-based, subtitle-safe, and immediately usable under the locked narration.",READY_FOR_PROMPT_REVIEW_NOT_AUTHORIZED_FOR_GENERATION
B090,S11,773.220,777.680,EDITOR_GFX_SOURCE_BACKED,T04,money,R5_STYLE_DOSSIER,3f30e1ef-3a0e-4158-914f-70bb25fa30a4,S020_D986_STIPULATION_DISMISSAL.pdf;EBAY_HQ_2018_CC_BY_SA.jpg;LIVE_MOAKLEY_COURTHOUSE_CC0.jpg,"Direct image refs: EBAY_HQ_2018_CC_BY_SA.jpg; LIVE_MOAKLEY_COURTHOUSE_CC0.jpg. Document refs: S020_D986_STIPULATION_DISMISSAL.pdf — prepare a tight image crop of only the relevant page/paragraph before the Higgsfield job; preserve source pixels and exact wording, avoid whole-page density.","Do not attach raw/full text-heavy versions directly: S020_D986_STIPULATION_DISMISSAL.pdf. Before generation, render/crop only the exact relevant page fragment or use an existing DC crop; never feed a whole dense legal page when a crop is available.",NOT AN EBAY-ONLY PAYMENT,two-column money consequence frame with one large primary amount and one smaller exact component; authentic source strip across top; all typography oversized and deterministic,"real eBay HQ/corporate context, subtle file-tab language; money-ledger visual language with exact deterministic figures",BOTTOM_AT_LEAST_20_PERCENT_TARGET_22_PERCENT_VISUALLY_QUIET,"$55.7M is the announced civil settlement package, not a judgment or eBay-only payment.","BEAT_ID: B090
ROUTE: EDITOR_GFX_SOURCE_BACKED
FRAME_FAMILY: T04 / money
NARRATIVE_PURPOSE: Deliver the WHAT IT COST money payoff with large exact figures, restrained source anchors and crystal-clear separation of civil settlement from criminal penalty.
VOICE_CONTEXT: ""And it was not a fifty-five-point-seven-million-dollar payment made only by eBay.""
VIEWER_TAKEAWAY / EXACT ON-IMAGE TEXT: ""NOT AN EBAY-ONLY PAYMENT""

ATTACH STYLE REFERENCE: R5_STYLE_DOSSIER — Higgsfield media_id 3f30e1ef-3a0e-4158-914f-70bb25fa30a4. Use it only as the channel style/composition reference: approved security/dossier reference: stacked headline at left, large framed source image on paper, clipped side note, small highlight strip, red tape accent, black textured field.
ATTACH SOURCE ASSETS: S020_D986_STIPULATION_DISMISSAL.pdf; EBAY_HQ_2018_CC_BY_SA.jpg; LIVE_MOAKLEY_COURTHOUSE_CC0.jpg.
SOURCE PREP BEFORE JOB: Direct image refs: EBAY_HQ_2018_CC_BY_SA.jpg; LIVE_MOAKLEY_COURTHOUSE_CC0.jpg. Document refs: S020_D986_STIPULATION_DISMISSAL.pdf — prepare a tight image crop of only the relevant page/paragraph before the Higgsfield job; preserve source pixels and exact wording, avoid whole-page density.
DO NOT ATTACH: Do not attach raw/full text-heavy versions directly: S020_D986_STIPULATION_DISMISSAL.pdf. Before generation, render/crop only the exact relevant page fragment or use an existing DC crop; never feed a whole dense legal page when a crop is available.

FINAL FRAME MUST SHOW: the listed source material visibly inside the final image itself; this is not a blank plate and there is no later source-insertion pass. Preserve real object/photo identity. For authentic text/document crops, keep the relevant excerpt visually faithful and do not invent or rewrite body text.

COMPOSITION: two-column money consequence frame with one large primary amount and one smaller exact component; authentic source strip across top; all typography oversized and deterministic.
THEMATIC ELEMENTS: real eBay HQ/corporate context, subtle file-tab language; money-ledger visual language with exact deterministic figures. Add only scene-relevant paper/folder/tab/clip/map/timeline/evidence details. Keep the recurring WHAT IT COST visual grammar, but do not copy the exact neighboring layout.
STYLE: premium investigative business documentary; black/charcoal textured field, warm paper materials, paper-white typography, restrained signal red, rare muted antique-gold only when useful. Condensed bold display typography + clean sans-serif support. Cinematic editorial hierarchy, deliberate negative space, authentic-source-first look. No generic law-firm aesthetic.

SUBTITLE SAFE — HARD: reserve at least the bottom 20% of the 16:9 frame, target 22% for safety. That lower band must be visually quiet and contain NO essential headline, exact quote, amount, face/eyes, evidence object, source label, legal caveat, map endpoint or diagram node. All critical content must live above that band.

TEXT RULE: render only the exact short on-image text ""NOT AN EBAY-ONLY PAYMENT"" plus a factual source/date/role label only when supported by the attached source. Do not add invented captions, decorative microcopy, fake source metadata or filler text. For money/legal-status beats, numbers and qualifiers must be exact.
LEGAL / FACTUAL GUARDRAIL: $55.7M is the announced civil settlement package, not a judgment or eBay-only payment.

VARIATION RULE: keep the same channel identity as the attached style reference while changing source crop, focal placement, paper layering and thematic motif so adjacent beats do not feel like repeated templates.
FORBIDDEN FAILURES: dense fake document; gibberish pseudo-text; fabricated legal metadata; fake seal/stamp/signature; wrong source; source missing from final frame; empty placeholder slot; important content in subtitle band; red-dominant poster; horror/tabloid treatment; cluttered dashboard/card grid; unrelated thematic element; altered real-person expression; visual claim stronger than narration.

OUTPUT: one finished 16:9 montage-ready still, visually complete, source-based, subtitle-safe, and immediately usable under the locked narration.",READY_FOR_PROMPT_REVIEW_NOT_AUTHORIZED_FOR_GENERATION
B091,S11,778.640,784.000,EDITOR_GFX_SOURCE_BACKED,T04,money,R5_STYLE_EVIDENCE,dd9e6d29-9423-461b-8888-ca89b476cb76,S020_D986_STIPULATION_DISMISSAL.pdf;EBAY_HQ_2018_CC_BY_SA.jpg;LIVE_MOAKLEY_COURTHOUSE_CC0.jpg,"Direct image refs: EBAY_HQ_2018_CC_BY_SA.jpg; LIVE_MOAKLEY_COURTHOUSE_CC0.jpg. Document refs: S020_D986_STIPULATION_DISMISSAL.pdf — prepare a tight image crop of only the relevant page/paragraph before the Higgsfield job; preserve source pixels and exact wording, avoid whole-page density.","Do not attach raw/full text-heavy versions directly: S020_D986_STIPULATION_DISMISSAL.pdf. Before generation, render/crop only the exact relevant page fragment or use an existing DC crop; never feed a whole dense legal page when a crop is available.",$48.7M COMPENSATION,one dominant exact amount on left or upper-left; authentic source/context crop on right; one narrow allocation/clarifier strip; paper ledger texture and a restrained red marker; no dashboard grid,money-ledger visual language with exact deterministic figures,BOTTOM_AT_LEAST_20_PERCENT_TARGET_22_PERCENT_VISUALLY_QUIET,"$55.7M is the announced civil settlement package, not a judgment or eBay-only payment.","BEAT_ID: B091
ROUTE: EDITOR_GFX_SOURCE_BACKED
FRAME_FAMILY: T04 / money
NARRATIVE_PURPOSE: Deliver the WHAT IT COST money payoff with large exact figures, restrained source anchors and crystal-clear separation of civil settlement from criminal penalty.
VOICE_CONTEXT: ""According to the announced terms, forty-eight-point-seven million dollars was compensation to the Steiners.""
VIEWER_TAKEAWAY / EXACT ON-IMAGE TEXT: ""$48.7M COMPENSATION""

ATTACH STYLE REFERENCE: R5_STYLE_EVIDENCE — Higgsfield media_id dd9e6d29-9423-461b-8888-ca89b476cb76. Use it only as the channel style/composition reference: approved pig-mask evidence reference: dark textured black field, framed authentic evidence photo, large condensed headline, thin rules, small factual source label, restrained red dash.
ATTACH SOURCE ASSETS: S020_D986_STIPULATION_DISMISSAL.pdf; EBAY_HQ_2018_CC_BY_SA.jpg; LIVE_MOAKLEY_COURTHOUSE_CC0.jpg.
SOURCE PREP BEFORE JOB: Direct image refs: EBAY_HQ_2018_CC_BY_SA.jpg; LIVE_MOAKLEY_COURTHOUSE_CC0.jpg. Document refs: S020_D986_STIPULATION_DISMISSAL.pdf — prepare a tight image crop of only the relevant page/paragraph before the Higgsfield job; preserve source pixels and exact wording, avoid whole-page density.
DO NOT ATTACH: Do not attach raw/full text-heavy versions directly: S020_D986_STIPULATION_DISMISSAL.pdf. Before generation, render/crop only the exact relevant page fragment or use an existing DC crop; never feed a whole dense legal page when a crop is available.

FINAL FRAME MUST SHOW: the listed source material visibly inside the final image itself; this is not a blank plate and there is no later source-insertion pass. Preserve real object/photo identity. For authentic text/document crops, keep the relevant excerpt visually faithful and do not invent or rewrite body text.

COMPOSITION: one dominant exact amount on left or upper-left; authentic source/context crop on right; one narrow allocation/clarifier strip; paper ledger texture and a restrained red marker; no dashboard grid.
THEMATIC ELEMENTS: money-ledger visual language with exact deterministic figures. Add only scene-relevant paper/folder/tab/clip/map/timeline/evidence details. Keep the recurring WHAT IT COST visual grammar, but do not copy the exact neighboring layout.
STYLE: premium investigative business documentary; black/charcoal textured field, warm paper materials, paper-white typography, restrained signal red, rare muted antique-gold only when useful. Condensed bold display typography + clean sans-serif support. Cinematic editorial hierarchy, deliberate negative space, authentic-source-first look. No generic law-firm aesthetic.

SUBTITLE SAFE — HARD: reserve at least the bottom 20% of the 16:9 frame, target 22% for safety. That lower band must be visually quiet and contain NO essential headline, exact quote, amount, face/eyes, evidence object, source label, legal caveat, map endpoint or diagram node. All critical content must live above that band.

TEXT RULE: render only the exact short on-image text ""$48.7M COMPENSATION"" plus a factual source/date/role label only when supported by the attached source. Do not add invented captions, decorative microcopy, fake source metadata or filler text. For money/legal-status beats, numbers and qualifiers must be exact.
LEGAL / FACTUAL GUARDRAIL: $55.7M is the announced civil settlement package, not a judgment or eBay-only payment.

VARIATION RULE: keep the same channel identity as the attached style reference while changing source crop, focal placement, paper layering and thematic motif so adjacent beats do not feel like repeated templates.
FORBIDDEN FAILURES: dense fake document; gibberish pseudo-text; fabricated legal metadata; fake seal/stamp/signature; wrong source; source missing from final frame; empty placeholder slot; important content in subtitle band; red-dominant poster; horror/tabloid treatment; cluttered dashboard/card grid; unrelated thematic element; altered real-person expression; visual claim stronger than narration.

OUTPUT: one finished 16:9 montage-ready still, visually complete, source-based, subtitle-safe, and immediately usable under the locked narration.",READY_FOR_PROMPT_REVIEW_NOT_AUTHORIZED_FOR_GENERATION
B092,S11,784.680,787.640,EDITOR_GFX_SOURCE_BACKED,T04,money,R5_STYLE_DOSSIER,3f30e1ef-3a0e-4158-914f-70bb25fa30a4,S020_D986_STIPULATION_DISMISSAL.pdf;EBAY_HQ_2018_CC_BY_SA.jpg;LIVE_MOAKLEY_COURTHOUSE_CC0.jpg,"Direct image refs: EBAY_HQ_2018_CC_BY_SA.jpg; LIVE_MOAKLEY_COURTHOUSE_CC0.jpg. Document refs: S020_D986_STIPULATION_DISMISSAL.pdf — prepare a tight image crop of only the relevant page/paragraph before the Higgsfield job; preserve source pixels and exact wording, avoid whole-page density.","Do not attach raw/full text-heavy versions directly: S020_D986_STIPULATION_DISMISSAL.pdf. Before generation, render/crop only the exact relevant page fragment or use an existing DC crop; never feed a whole dense legal page when a crop is available.",$7M CHARITABLE COMMITMENTS,large money figure centered high; supporting source image in a bordered panel behind/right; one clipped legal caveat card; thin red underline; generous black negative space,money-ledger visual language with exact deterministic figures,BOTTOM_AT_LEAST_20_PERCENT_TARGET_22_PERCENT_VISUALLY_QUIET,"$55.7M is the announced civil settlement package, not a judgment or eBay-only payment.","BEAT_ID: B092
ROUTE: EDITOR_GFX_SOURCE_BACKED
FRAME_FAMILY: T04 / money
NARRATIVE_PURPOSE: Deliver the WHAT IT COST money payoff with large exact figures, restrained source anchors and crystal-clear separation of civil settlement from criminal penalty.
VOICE_CONTEXT: ""Another seven million dollars consisted of charitable commitments.""
VIEWER_TAKEAWAY / EXACT ON-IMAGE TEXT: ""$7M CHARITABLE COMMITMENTS""

ATTACH STYLE REFERENCE: R5_STYLE_DOSSIER — Higgsfield media_id 3f30e1ef-3a0e-4158-914f-70bb25fa30a4. Use it only as the channel style/composition reference: approved security/dossier reference: stacked headline at left, large framed source image on paper, clipped side note, small highlight strip, red tape accent, black textured field.
ATTACH SOURCE ASSETS: S020_D986_STIPULATION_DISMISSAL.pdf; EBAY_HQ_2018_CC_BY_SA.jpg; LIVE_MOAKLEY_COURTHOUSE_CC0.jpg.
SOURCE PREP BEFORE JOB: Direct image refs: EBAY_HQ_2018_CC_BY_SA.jpg; LIVE_MOAKLEY_COURTHOUSE_CC0.jpg. Document refs: S020_D986_STIPULATION_DISMISSAL.pdf — prepare a tight image crop of only the relevant page/paragraph before the Higgsfield job; preserve source pixels and exact wording, avoid whole-page density.
DO NOT ATTACH: Do not attach raw/full text-heavy versions directly: S020_D986_STIPULATION_DISMISSAL.pdf. Before generation, render/crop only the exact relevant page fragment or use an existing DC crop; never feed a whole dense legal page when a crop is available.

FINAL FRAME MUST SHOW: the listed source material visibly inside the final image itself; this is not a blank plate and there is no later source-insertion pass. Preserve real object/photo identity. For authentic text/document crops, keep the relevant excerpt visually faithful and do not invent or rewrite body text.

COMPOSITION: large money figure centered high; supporting source image in a bordered panel behind/right; one clipped legal caveat card; thin red underline; generous black negative space.
THEMATIC ELEMENTS: money-ledger visual language with exact deterministic figures. Add only scene-relevant paper/folder/tab/clip/map/timeline/evidence details. Keep the recurring WHAT IT COST visual grammar, but do not copy the exact neighboring layout.
STYLE: premium investigative business documentary; black/charcoal textured field, warm paper materials, paper-white typography, restrained signal red, rare muted antique-gold only when useful. Condensed bold display typography + clean sans-serif support. Cinematic editorial hierarchy, deliberate negative space, authentic-source-first look. No generic law-firm aesthetic.

SUBTITLE SAFE — HARD: reserve at least the bottom 20% of the 16:9 frame, target 22% for safety. That lower band must be visually quiet and contain NO essential headline, exact quote, amount, face/eyes, evidence object, source label, legal caveat, map endpoint or diagram node. All critical content must live above that band.

TEXT RULE: render only the exact short on-image text ""$7M CHARITABLE COMMITMENTS"" plus a factual source/date/role label only when supported by the attached source. Do not add invented captions, decorative microcopy, fake source metadata or filler text. For money/legal-status beats, numbers and qualifiers must be exact.
LEGAL / FACTUAL GUARDRAIL: $55.7M is the announced civil settlement package, not a judgment or eBay-only payment.

VARIATION RULE: keep the same channel identity as the attached style reference while changing source crop, focal placement, paper layering and thematic motif so adjacent beats do not feel like repeated templates.
FORBIDDEN FAILURES: dense fake document; gibberish pseudo-text; fabricated legal metadata; fake seal/stamp/signature; wrong source; source missing from final frame; empty placeholder slot; important content in subtitle band; red-dominant poster; horror/tabloid treatment; cluttered dashboard/card grid; unrelated thematic element; altered real-person expression; visual claim stronger than narration.

OUTPUT: one finished 16:9 montage-ready still, visually complete, source-based, subtitle-safe, and immediately usable under the locked narration.",READY_FOR_PROMPT_REVIEW_NOT_AUTHORIZED_FOR_GENERATION
B093,S11,788.540,794.660,EDITOR_GFX_SOURCE_BACKED,T04,money,R5_STYLE_EVIDENCE,dd9e6d29-9423-461b-8888-ca89b476cb76,S020_D986_STIPULATION_DISMISSAL.pdf;EBAY_HQ_2018_CC_BY_SA.jpg;LIVE_MOAKLEY_COURTHOUSE_CC0.jpg,"Direct image refs: EBAY_HQ_2018_CC_BY_SA.jpg; LIVE_MOAKLEY_COURTHOUSE_CC0.jpg. Document refs: S020_D986_STIPULATION_DISMISSAL.pdf — prepare a tight image crop of only the relevant page/paragraph before the Higgsfield job; preserve source pixels and exact wording, avoid whole-page density.","Do not attach raw/full text-heavy versions directly: S020_D986_STIPULATION_DISMISSAL.pdf. Before generation, render/crop only the exact relevant page fragment or use an existing DC crop; never feed a whole dense legal page when a crop is available.",EBAY — $46.15M,asymmetrical settlement sheet: amount and short label left; authentic filing/company context right; one paper tab with exact legal qualifier; no extra numbers,"real eBay HQ/corporate context, subtle file-tab language; money-ledger visual language with exact deterministic figures",BOTTOM_AT_LEAST_20_PERCENT_TARGET_22_PERCENT_VISUALLY_QUIET,"$55.7M is the announced civil settlement package, not a judgment or eBay-only payment.","BEAT_ID: B093
ROUTE: EDITOR_GFX_SOURCE_BACKED
FRAME_FAMILY: T04 / money
NARRATIVE_PURPOSE: Deliver the WHAT IT COST money payoff with large exact figures, restrained source anchors and crystal-clear separation of civil settlement from criminal penalty.
VOICE_CONTEXT: ""Of the direct compensation, eBay's announced share was forty-six-point-one-five million dollars.""
VIEWER_TAKEAWAY / EXACT ON-IMAGE TEXT: ""EBAY — $46.15M""

ATTACH STYLE REFERENCE: R5_STYLE_EVIDENCE — Higgsfield media_id dd9e6d29-9423-461b-8888-ca89b476cb76. Use it only as the channel style/composition reference: approved pig-mask evidence reference: dark textured black field, framed authentic evidence photo, large condensed headline, thin rules, small factual source label, restrained red dash.
ATTACH SOURCE ASSETS: S020_D986_STIPULATION_DISMISSAL.pdf; EBAY_HQ_2018_CC_BY_SA.jpg; LIVE_MOAKLEY_COURTHOUSE_CC0.jpg.
SOURCE PREP BEFORE JOB: Direct image refs: EBAY_HQ_2018_CC_BY_SA.jpg; LIVE_MOAKLEY_COURTHOUSE_CC0.jpg. Document refs: S020_D986_STIPULATION_DISMISSAL.pdf — prepare a tight image crop of only the relevant page/paragraph before the Higgsfield job; preserve source pixels and exact wording, avoid whole-page density.
DO NOT ATTACH: Do not attach raw/full text-heavy versions directly: S020_D986_STIPULATION_DISMISSAL.pdf. Before generation, render/crop only the exact relevant page fragment or use an existing DC crop; never feed a whole dense legal page when a crop is available.

FINAL FRAME MUST SHOW: the listed source material visibly inside the final image itself; this is not a blank plate and there is no later source-insertion pass. Preserve real object/photo identity. For authentic text/document crops, keep the relevant excerpt visually faithful and do not invent or rewrite body text.

COMPOSITION: asymmetrical settlement sheet: amount and short label left; authentic filing/company context right; one paper tab with exact legal qualifier; no extra numbers.
THEMATIC ELEMENTS: real eBay HQ/corporate context, subtle file-tab language; money-ledger visual language with exact deterministic figures. Add only scene-relevant paper/folder/tab/clip/map/timeline/evidence details. Keep the recurring WHAT IT COST visual grammar, but do not copy the exact neighboring layout.
STYLE: premium investigative business documentary; black/charcoal textured field, warm paper materials, paper-white typography, restrained signal red, rare muted antique-gold only when useful. Condensed bold display typography + clean sans-serif support. Cinematic editorial hierarchy, deliberate negative space, authentic-source-first look. No generic law-firm aesthetic.

SUBTITLE SAFE — HARD: reserve at least the bottom 20% of the 16:9 frame, target 22% for safety. That lower band must be visually quiet and contain NO essential headline, exact quote, amount, face/eyes, evidence object, source label, legal caveat, map endpoint or diagram node. All critical content must live above that band.

TEXT RULE: render only the exact short on-image text ""EBAY — $46.15M"" plus a factual source/date/role label only when supported by the attached source. Do not add invented captions, decorative microcopy, fake source metadata or filler text. For money/legal-status beats, numbers and qualifiers must be exact.
LEGAL / FACTUAL GUARDRAIL: $55.7M is the announced civil settlement package, not a judgment or eBay-only payment.

VARIATION RULE: keep the same channel identity as the attached style reference while changing source crop, focal placement, paper layering and thematic motif so adjacent beats do not feel like repeated templates.
FORBIDDEN FAILURES: dense fake document; gibberish pseudo-text; fabricated legal metadata; fake seal/stamp/signature; wrong source; source missing from final frame; empty placeholder slot; important content in subtitle band; red-dominant poster; horror/tabloid treatment; cluttered dashboard/card grid; unrelated thematic element; altered real-person expression; visual claim stronger than narration.

OUTPUT: one finished 16:9 montage-ready still, visually complete, source-based, subtitle-safe, and immediately usable under the locked narration.",READY_FOR_PROMPT_REVIEW_NOT_AUTHORIZED_FOR_GENERATION
B094,S11,794.660,796.180,EDITOR_GFX_SOURCE_BACKED,T04,money,R5_STYLE_DOSSIER,3f30e1ef-3a0e-4158-914f-70bb25fa30a4,S020_D986_STIPULATION_DISMISSAL.pdf;EBAY_HQ_2018_CC_BY_SA.jpg;LIVE_MOAKLEY_COURTHOUSE_CC0.jpg,"Direct image refs: EBAY_HQ_2018_CC_BY_SA.jpg; LIVE_MOAKLEY_COURTHOUSE_CC0.jpg. Document refs: S020_D986_STIPULATION_DISMISSAL.pdf — prepare a tight image crop of only the relevant page/paragraph before the Higgsfield job; preserve source pixels and exact wording, avoid whole-page density.","Do not attach raw/full text-heavy versions directly: S020_D986_STIPULATION_DISMISSAL.pdf. Before generation, render/crop only the exact relevant page fragment or use an existing DC crop; never feed a whole dense legal page when a crop is available.",DEVIN WENIG — $2M,two-column money consequence frame with one large primary amount and one smaller exact component; authentic source strip across top; all typography oversized and deterministic,money-ledger visual language with exact deterministic figures,BOTTOM_AT_LEAST_20_PERCENT_TARGET_22_PERCENT_VISUALLY_QUIET,"$55.7M is the announced civil settlement package, not a judgment or eBay-only payment.","BEAT_ID: B094
ROUTE: EDITOR_GFX_SOURCE_BACKED
FRAME_FAMILY: T04 / money
NARRATIVE_PURPOSE: Deliver the WHAT IT COST money payoff with large exact figures, restrained source anchors and crystal-clear separation of civil settlement from criminal penalty.
VOICE_CONTEXT: ""Devin Wenig's was two million.""
VIEWER_TAKEAWAY / EXACT ON-IMAGE TEXT: ""DEVIN WENIG — $2M""

ATTACH STYLE REFERENCE: R5_STYLE_DOSSIER — Higgsfield media_id 3f30e1ef-3a0e-4158-914f-70bb25fa30a4. Use it only as the channel style/composition reference: approved security/dossier reference: stacked headline at left, large framed source image on paper, clipped side note, small highlight strip, red tape accent, black textured field.
ATTACH SOURCE ASSETS: S020_D986_STIPULATION_DISMISSAL.pdf; EBAY_HQ_2018_CC_BY_SA.jpg; LIVE_MOAKLEY_COURTHOUSE_CC0.jpg.
SOURCE PREP BEFORE JOB: Direct image refs: EBAY_HQ_2018_CC_BY_SA.jpg; LIVE_MOAKLEY_COURTHOUSE_CC0.jpg. Document refs: S020_D986_STIPULATION_DISMISSAL.pdf — prepare a tight image crop of only the relevant page/paragraph before the Higgsfield job; preserve source pixels and exact wording, avoid whole-page density.
DO NOT ATTACH: Do not attach raw/full text-heavy versions directly: S020_D986_STIPULATION_DISMISSAL.pdf. Before generation, render/crop only the exact relevant page fragment or use an existing DC crop; never feed a whole dense legal page when a crop is available.

FINAL FRAME MUST SHOW: the listed source material visibly inside the final image itself; this is not a blank plate and there is no later source-insertion pass. Preserve real object/photo identity. For authentic text/document crops, keep the relevant excerpt visually faithful and do not invent or rewrite body text.

COMPOSITION: two-column money consequence frame with one large primary amount and one smaller exact component; authentic source strip across top; all typography oversized and deterministic.
THEMATIC ELEMENTS: money-ledger visual language with exact deterministic figures. Add only scene-relevant paper/folder/tab/clip/map/timeline/evidence details. Keep the recurring WHAT IT COST visual grammar, but do not copy the exact neighboring layout.
STYLE: premium investigative business documentary; black/charcoal textured field, warm paper materials, paper-white typography, restrained signal red, rare muted antique-gold only when useful. Condensed bold display typography + clean sans-serif support. Cinematic editorial hierarchy, deliberate negative space, authentic-source-first look. No generic law-firm aesthetic.

SUBTITLE SAFE — HARD: reserve at least the bottom 20% of the 16:9 frame, target 22% for safety. That lower band must be visually quiet and contain NO essential headline, exact quote, amount, face/eyes, evidence object, source label, legal caveat, map endpoint or diagram node. All critical content must live above that band.

TEXT RULE: render only the exact short on-image text ""DEVIN WENIG — $2M"" plus a factual source/date/role label only when supported by the attached source. Do not add invented captions, decorative microcopy, fake source metadata or filler text. For money/legal-status beats, numbers and qualifiers must be exact.
LEGAL / FACTUAL GUARDRAIL: $55.7M is the announced civil settlement package, not a judgment or eBay-only payment.

VARIATION RULE: keep the same channel identity as the attached style reference while changing source crop, focal placement, paper layering and thematic motif so adjacent beats do not feel like repeated templates.
FORBIDDEN FAILURES: dense fake document; gibberish pseudo-text; fabricated legal metadata; fake seal/stamp/signature; wrong source; source missing from final frame; empty placeholder slot; important content in subtitle band; red-dominant poster; horror/tabloid treatment; cluttered dashboard/card grid; unrelated thematic element; altered real-person expression; visual claim stronger than narration.

OUTPUT: one finished 16:9 montage-ready still, visually complete, source-based, subtitle-safe, and immediately usable under the locked narration.",READY_FOR_PROMPT_REVIEW_NOT_AUTHORIZED_FOR_GENERATION
B095,S11,797.040,801.260,EDITOR_GFX_SOURCE_BACKED,T04,money,R5_STYLE_EVIDENCE,dd9e6d29-9423-461b-8888-ca89b476cb76,S020_D986_STIPULATION_DISMISSAL.pdf;EBAY_HQ_2018_CC_BY_SA.jpg;LIVE_MOAKLEY_COURTHOUSE_CC0.jpg,"Direct image refs: EBAY_HQ_2018_CC_BY_SA.jpg; LIVE_MOAKLEY_COURTHOUSE_CC0.jpg. Document refs: S020_D986_STIPULATION_DISMISSAL.pdf — prepare a tight image crop of only the relevant page/paragraph before the Higgsfield job; preserve source pixels and exact wording, avoid whole-page density.","Do not attach raw/full text-heavy versions directly: S020_D986_STIPULATION_DISMISSAL.pdf. Before generation, render/crop only the exact relevant page fragment or use an existing DC crop; never feed a whole dense legal page when a crop is available.",WENDY JONES — $500K • STEVE WYMER — $50K,one dominant exact amount on left or upper-left; authentic source/context crop on right; one narrow allocation/clarifier strip; paper ledger texture and a restrained red marker; no dashboard grid,"paper file-tab detail, restrained red accent, authentic source framing",BOTTOM_AT_LEAST_20_PERCENT_TARGET_22_PERCENT_VISUALLY_QUIET,"$55.7M is the announced civil settlement package, not a judgment or eBay-only payment.","BEAT_ID: B095
ROUTE: EDITOR_GFX_SOURCE_BACKED
FRAME_FAMILY: T04 / money
NARRATIVE_PURPOSE: Deliver the WHAT IT COST money payoff with large exact figures, restrained source anchors and crystal-clear separation of civil settlement from criminal penalty.
VOICE_CONTEXT: ""Wendy Jones's was five hundred thousand. Steve Wymer's was fifty thousand.""
VIEWER_TAKEAWAY / EXACT ON-IMAGE TEXT: ""WENDY JONES — $500K • STEVE WYMER — $50K""

ATTACH STYLE REFERENCE: R5_STYLE_EVIDENCE — Higgsfield media_id dd9e6d29-9423-461b-8888-ca89b476cb76. Use it only as the channel style/composition reference: approved pig-mask evidence reference: dark textured black field, framed authentic evidence photo, large condensed headline, thin rules, small factual source label, restrained red dash.
ATTACH SOURCE ASSETS: S020_D986_STIPULATION_DISMISSAL.pdf; EBAY_HQ_2018_CC_BY_SA.jpg; LIVE_MOAKLEY_COURTHOUSE_CC0.jpg.
SOURCE PREP BEFORE JOB: Direct image refs: EBAY_HQ_2018_CC_BY_SA.jpg; LIVE_MOAKLEY_COURTHOUSE_CC0.jpg. Document refs: S020_D986_STIPULATION_DISMISSAL.pdf — prepare a tight image crop of only the relevant page/paragraph before the Higgsfield job; preserve source pixels and exact wording, avoid whole-page density.
DO NOT ATTACH: Do not attach raw/full text-heavy versions directly: S020_D986_STIPULATION_DISMISSAL.pdf. Before generation, render/crop only the exact relevant page fragment or use an existing DC crop; never feed a whole dense legal page when a crop is available.

FINAL FRAME MUST SHOW: the listed source material visibly inside the final image itself; this is not a blank plate and there is no later source-insertion pass. Preserve real object/photo identity. For authentic text/document crops, keep the relevant excerpt visually faithful and do not invent or rewrite body text.

COMPOSITION: one dominant exact amount on left or upper-left; authentic source/context crop on right; one narrow allocation/clarifier strip; paper ledger texture and a restrained red marker; no dashboard grid.
THEMATIC ELEMENTS: paper file-tab detail, restrained red accent, authentic source framing. Add only scene-relevant paper/folder/tab/clip/map/timeline/evidence details. Keep the recurring WHAT IT COST visual grammar, but do not copy the exact neighboring layout.
STYLE: premium investigative business documentary; black/charcoal textured field, warm paper materials, paper-white typography, restrained signal red, rare muted antique-gold only when useful. Condensed bold display typography + clean sans-serif support. Cinematic editorial hierarchy, deliberate negative space, authentic-source-first look. No generic law-firm aesthetic.

SUBTITLE SAFE — HARD: reserve at least the bottom 20% of the 16:9 frame, target 22% for safety. That lower band must be visually quiet and contain NO essential headline, exact quote, amount, face/eyes, evidence object, source label, legal caveat, map endpoint or diagram node. All critical content must live above that band.

TEXT RULE: render only the exact short on-image text ""WENDY JONES — $500K • STEVE WYMER — $50K"" plus a factual source/date/role label only when supported by the attached source. Do not add invented captions, decorative microcopy, fake source metadata or filler text. For money/legal-status beats, numbers and qualifiers must be exact.
LEGAL / FACTUAL GUARDRAIL: $55.7M is the announced civil settlement package, not a judgment or eBay-only payment.

VARIATION RULE: keep the same channel identity as the attached style reference while changing source crop, focal placement, paper layering and thematic motif so adjacent beats do not feel like repeated templates.
FORBIDDEN FAILURES: dense fake document; gibberish pseudo-text; fabricated legal metadata; fake seal/stamp/signature; wrong source; source missing from final frame; empty placeholder slot; important content in subtitle band; red-dominant poster; horror/tabloid treatment; cluttered dashboard/card grid; unrelated thematic element; altered real-person expression; visual claim stronger than narration.

OUTPUT: one finished 16:9 montage-ready still, visually complete, source-based, subtitle-safe, and immediately usable under the locked narration.",READY_FOR_PROMPT_REVIEW_NOT_AUTHORIZED_FOR_GENERATION
B096,S11,801.740,812.020,EDITOR_GFX_SOURCE_BACKED,T04,money,R5_STYLE_DOSSIER,3f30e1ef-3a0e-4158-914f-70bb25fa30a4,S020_D986_STIPULATION_DISMISSAL.pdf;EBAY_HQ_2018_CC_BY_SA.jpg;LIVE_MOAKLEY_COURTHOUSE_CC0.jpg,"Direct image refs: EBAY_HQ_2018_CC_BY_SA.jpg; LIVE_MOAKLEY_COURTHOUSE_CC0.jpg. Document refs: S020_D986_STIPULATION_DISMISSAL.pdf — prepare a tight image crop of only the relevant page/paragraph before the Higgsfield job; preserve source pixels and exact wording, avoid whole-page density.","Do not attach raw/full text-heavy versions directly: S020_D986_STIPULATION_DISMISSAL.pdf. Before generation, render/crop only the exact relevant page fragment or use an existing DC crop; never feed a whole dense legal page when a crop is available.",EBAY — $6M • WENIG — $1M,large money figure centered high; supporting source image in a bordered panel behind/right; one clipped legal caveat card; thin red underline; generous black negative space,"real eBay HQ/corporate context, subtle file-tab language; money-ledger visual language with exact deterministic figures",BOTTOM_AT_LEAST_20_PERCENT_TARGET_22_PERCENT_VISUALLY_QUIET,"$55.7M is the announced civil settlement package, not a judgment or eBay-only payment.","BEAT_ID: B096
ROUTE: EDITOR_GFX_SOURCE_BACKED
FRAME_FAMILY: T04 / money
NARRATIVE_PURPOSE: Deliver the WHAT IT COST money payoff with large exact figures, restrained source anchors and crystal-clear separation of civil settlement from criminal penalty.
VOICE_CONTEXT: ""Separately, eBay committed six million dollars to nonprofit organizations, and Wenig committed one million dollars to a First Amendment-focused charity in Ina Steiner's name.""
VIEWER_TAKEAWAY / EXACT ON-IMAGE TEXT: ""EBAY — $6M • WENIG — $1M""

ATTACH STYLE REFERENCE: R5_STYLE_DOSSIER — Higgsfield media_id 3f30e1ef-3a0e-4158-914f-70bb25fa30a4. Use it only as the channel style/composition reference: approved security/dossier reference: stacked headline at left, large framed source image on paper, clipped side note, small highlight strip, red tape accent, black textured field.
ATTACH SOURCE ASSETS: S020_D986_STIPULATION_DISMISSAL.pdf; EBAY_HQ_2018_CC_BY_SA.jpg; LIVE_MOAKLEY_COURTHOUSE_CC0.jpg.
SOURCE PREP BEFORE JOB: Direct image refs: EBAY_HQ_2018_CC_BY_SA.jpg; LIVE_MOAKLEY_COURTHOUSE_CC0.jpg. Document refs: S020_D986_STIPULATION_DISMISSAL.pdf — prepare a tight image crop of only the relevant page/paragraph before the Higgsfield job; preserve source pixels and exact wording, avoid whole-page density.
DO NOT ATTACH: Do not attach raw/full text-heavy versions directly: S020_D986_STIPULATION_DISMISSAL.pdf. Before generation, render/crop only the exact relevant page fragment or use an existing DC crop; never feed a whole dense legal page when a crop is available.

FINAL FRAME MUST SHOW: the listed source material visibly inside the final image itself; this is not a blank plate and there is no later source-insertion pass. Preserve real object/photo identity. For authentic text/document crops, keep the relevant excerpt visually faithful and do not invent or rewrite body text.

COMPOSITION: large money figure centered high; supporting source image in a bordered panel behind/right; one clipped legal caveat card; thin red underline; generous black negative space.
THEMATIC ELEMENTS: real eBay HQ/corporate context, subtle file-tab language; money-ledger visual language with exact deterministic figures. Add only scene-relevant paper/folder/tab/clip/map/timeline/evidence details. Keep the recurring WHAT IT COST visual grammar, but do not copy the exact neighboring layout.
STYLE: premium investigative business documentary; black/charcoal textured field, warm paper materials, paper-white typography, restrained signal red, rare muted antique-gold only when useful. Condensed bold display typography + clean sans-serif support. Cinematic editorial hierarchy, deliberate negative space, authentic-source-first look. No generic law-firm aesthetic.

SUBTITLE SAFE — HARD: reserve at least the bottom 20% of the 16:9 frame, target 22% for safety. That lower band must be visually quiet and contain NO essential headline, exact quote, amount, face/eyes, evidence object, source label, legal caveat, map endpoint or diagram node. All critical content must live above that band.

TEXT RULE: render only the exact short on-image text ""EBAY — $6M • WENIG — $1M"" plus a factual source/date/role label only when supported by the attached source. Do not add invented captions, decorative microcopy, fake source metadata or filler text. For money/legal-status beats, numbers and qualifiers must be exact.
LEGAL / FACTUAL GUARDRAIL: $55.7M is the announced civil settlement package, not a judgment or eBay-only payment.

VARIATION RULE: keep the same channel identity as the attached style reference while changing source crop, focal placement, paper layering and thematic motif so adjacent beats do not feel like repeated templates.
FORBIDDEN FAILURES: dense fake document; gibberish pseudo-text; fabricated legal metadata; fake seal/stamp/signature; wrong source; source missing from final frame; empty placeholder slot; important content in subtitle band; red-dominant poster; horror/tabloid treatment; cluttered dashboard/card grid; unrelated thematic element; altered real-person expression; visual claim stronger than narration.

OUTPUT: one finished 16:9 montage-ready still, visually complete, source-based, subtitle-safe, and immediately usable under the locked narration.",READY_FOR_PROMPT_REVIEW_NOT_AUTHORIZED_FOR_GENERATION
B097,S11,812.780,815.940,EDITOR_GFX_SOURCE_BACKED,T04,money,R5_STYLE_EVIDENCE,dd9e6d29-9423-461b-8888-ca89b476cb76,S020_D986_STIPULATION_DISMISSAL.pdf;EBAY_HQ_2018_CC_BY_SA.jpg;LIVE_MOAKLEY_COURTHOUSE_CC0.jpg,"Direct image refs: EBAY_HQ_2018_CC_BY_SA.jpg; LIVE_MOAKLEY_COURTHOUSE_CC0.jpg. Document refs: S020_D986_STIPULATION_DISMISSAL.pdf — prepare a tight image crop of only the relevant page/paragraph before the Higgsfield job; preserve source pixels and exact wording, avoid whole-page density.","Do not attach raw/full text-heavy versions directly: S020_D986_STIPULATION_DISMISSAL.pdf. Before generation, render/crop only the exact relevant page fragment or use an existing DC crop; never feed a whole dense legal page when a crop is available.",$48.7M + $7M = $55.7M,asymmetrical settlement sheet: amount and short label left; authentic filing/company context right; one paper tab with exact legal qualifier; no extra numbers,money-ledger visual language with exact deterministic figures,BOTTOM_AT_LEAST_20_PERCENT_TARGET_22_PERCENT_VISUALLY_QUIET,"$55.7M is the announced civil settlement package, not a judgment or eBay-only payment.","BEAT_ID: B097
ROUTE: EDITOR_GFX_SOURCE_BACKED
FRAME_FAMILY: T04 / money
NARRATIVE_PURPOSE: Deliver the WHAT IT COST money payoff with large exact figures, restrained source anchors and crystal-clear separation of civil settlement from criminal penalty.
VOICE_CONTEXT: ""That is how the total reached fifty-five-point-seven million.""
VIEWER_TAKEAWAY / EXACT ON-IMAGE TEXT: ""$48.7M + $7M = $55.7M""

ATTACH STYLE REFERENCE: R5_STYLE_EVIDENCE — Higgsfield media_id dd9e6d29-9423-461b-8888-ca89b476cb76. Use it only as the channel style/composition reference: approved pig-mask evidence reference: dark textured black field, framed authentic evidence photo, large condensed headline, thin rules, small factual source label, restrained red dash.
ATTACH SOURCE ASSETS: S020_D986_STIPULATION_DISMISSAL.pdf; EBAY_HQ_2018_CC_BY_SA.jpg; LIVE_MOAKLEY_COURTHOUSE_CC0.jpg.
SOURCE PREP BEFORE JOB: Direct image refs: EBAY_HQ_2018_CC_BY_SA.jpg; LIVE_MOAKLEY_COURTHOUSE_CC0.jpg. Document refs: S020_D986_STIPULATION_DISMISSAL.pdf — prepare a tight image crop of only the relevant page/paragraph before the Higgsfield job; preserve source pixels and exact wording, avoid whole-page density.
DO NOT ATTACH: Do not attach raw/full text-heavy versions directly: S020_D986_STIPULATION_DISMISSAL.pdf. Before generation, render/crop only the exact relevant page fragment or use an existing DC crop; never feed a whole dense legal page when a crop is available.

FINAL FRAME MUST SHOW: the listed source material visibly inside the final image itself; this is not a blank plate and there is no later source-insertion pass. Preserve real object/photo identity. For authentic text/document crops, keep the relevant excerpt visually faithful and do not invent or rewrite body text.

COMPOSITION: asymmetrical settlement sheet: amount and short label left; authentic filing/company context right; one paper tab with exact legal qualifier; no extra numbers.
THEMATIC ELEMENTS: money-ledger visual language with exact deterministic figures. Add only scene-relevant paper/folder/tab/clip/map/timeline/evidence details. Keep the recurring WHAT IT COST visual grammar, but do not copy the exact neighboring layout.
STYLE: premium investigative business documentary; black/charcoal textured field, warm paper materials, paper-white typography, restrained signal red, rare muted antique-gold only when useful. Condensed bold display typography + clean sans-serif support. Cinematic editorial hierarchy, deliberate negative space, authentic-source-first look. No generic law-firm aesthetic.

SUBTITLE SAFE — HARD: reserve at least the bottom 20% of the 16:9 frame, target 22% for safety. That lower band must be visually quiet and contain NO essential headline, exact quote, amount, face/eyes, evidence object, source label, legal caveat, map endpoint or diagram node. All critical content must live above that band.

TEXT RULE: render only the exact short on-image text ""$48.7M + $7M = $55.7M"" plus a factual source/date/role label only when supported by the attached source. Do not add invented captions, decorative microcopy, fake source metadata or filler text. For money/legal-status beats, numbers and qualifiers must be exact.
LEGAL / FACTUAL GUARDRAIL: $55.7M is the announced civil settlement package, not a judgment or eBay-only payment.

VARIATION RULE: keep the same channel identity as the attached style reference while changing source crop, focal placement, paper layering and thematic motif so adjacent beats do not feel like repeated templates.
FORBIDDEN FAILURES: dense fake document; gibberish pseudo-text; fabricated legal metadata; fake seal/stamp/signature; wrong source; source missing from final frame; empty placeholder slot; important content in subtitle band; red-dominant poster; horror/tabloid treatment; cluttered dashboard/card grid; unrelated thematic element; altered real-person expression; visual claim stronger than narration.

OUTPUT: one finished 16:9 montage-ready still, visually complete, source-based, subtitle-safe, and immediately usable under the locked narration.",READY_FOR_PROMPT_REVIEW_NOT_AUTHORIZED_FOR_GENERATION
B098,S11,816.540,825.700,EDITOR_GFX_SOURCE_BACKED,T04,money,R5_STYLE_DOSSIER,3f30e1ef-3a0e-4158-914f-70bb25fa30a4,S020_D986_STIPULATION_DISMISSAL.pdf;EBAY_HQ_2018_CC_BY_SA.jpg;LIVE_MOAKLEY_COURTHOUSE_CC0.jpg,"Direct image refs: EBAY_HQ_2018_CC_BY_SA.jpg; LIVE_MOAKLEY_COURTHOUSE_CC0.jpg. Document refs: S020_D986_STIPULATION_DISMISSAL.pdf — prepare a tight image crop of only the relevant page/paragraph before the Higgsfield job; preserve source pixels and exact wording, avoid whole-page density.","Do not attach raw/full text-heavy versions directly: S020_D986_STIPULATION_DISMISSAL.pdf. Before generation, render/crop only the exact relevant page fragment or use an existing DC crop; never feed a whole dense legal page when a crop is available.",$3M CRIMINAL PENALTY — SEPARATE,two-column money consequence frame with one large primary amount and one smaller exact component; authentic source strip across top; all typography oversized and deterministic,"real eBay HQ/corporate context, subtle file-tab language; DPA paper cue + corporate consequence treatment; money-ledger visual language with exact deterministic figures",BOTTOM_AT_LEAST_20_PERCENT_TARGET_22_PERCENT_VISUALLY_QUIET,"$55.7M is the announced civil settlement package, not a judgment or eBay-only payment. $3M criminal DPA penalty is separate from the $55.7M civil settlement package.","BEAT_ID: B098
ROUTE: EDITOR_GFX_SOURCE_BACKED
FRAME_FAMILY: T04 / money
NARRATIVE_PURPOSE: Deliver the WHAT IT COST money payoff with large exact figures, restrained source anchors and crystal-clear separation of civil settlement from criminal penalty.
VOICE_CONTEXT: ""And that number should not be combined with eBay's separate three-million-dollar criminal penalty and presented as a fifty-eight-point-seven-million-dollar award.""
VIEWER_TAKEAWAY / EXACT ON-IMAGE TEXT: ""$3M CRIMINAL PENALTY — SEPARATE""

ATTACH STYLE REFERENCE: R5_STYLE_DOSSIER — Higgsfield media_id 3f30e1ef-3a0e-4158-914f-70bb25fa30a4. Use it only as the channel style/composition reference: approved security/dossier reference: stacked headline at left, large framed source image on paper, clipped side note, small highlight strip, red tape accent, black textured field.
ATTACH SOURCE ASSETS: S020_D986_STIPULATION_DISMISSAL.pdf; EBAY_HQ_2018_CC_BY_SA.jpg; LIVE_MOAKLEY_COURTHOUSE_CC0.jpg.
SOURCE PREP BEFORE JOB: Direct image refs: EBAY_HQ_2018_CC_BY_SA.jpg; LIVE_MOAKLEY_COURTHOUSE_CC0.jpg. Document refs: S020_D986_STIPULATION_DISMISSAL.pdf — prepare a tight image crop of only the relevant page/paragraph before the Higgsfield job; preserve source pixels and exact wording, avoid whole-page density.
DO NOT ATTACH: Do not attach raw/full text-heavy versions directly: S020_D986_STIPULATION_DISMISSAL.pdf. Before generation, render/crop only the exact relevant page fragment or use an existing DC crop; never feed a whole dense legal page when a crop is available.

FINAL FRAME MUST SHOW: the listed source material visibly inside the final image itself; this is not a blank plate and there is no later source-insertion pass. Preserve real object/photo identity. For authentic text/document crops, keep the relevant excerpt visually faithful and do not invent or rewrite body text.

COMPOSITION: two-column money consequence frame with one large primary amount and one smaller exact component; authentic source strip across top; all typography oversized and deterministic.
THEMATIC ELEMENTS: real eBay HQ/corporate context, subtle file-tab language; DPA paper cue + corporate consequence treatment; money-ledger visual language with exact deterministic figures. Add only scene-relevant paper/folder/tab/clip/map/timeline/evidence details. Keep the recurring WHAT IT COST visual grammar, but do not copy the exact neighboring layout.
STYLE: premium investigative business documentary; black/charcoal textured field, warm paper materials, paper-white typography, restrained signal red, rare muted antique-gold only when useful. Condensed bold display typography + clean sans-serif support. Cinematic editorial hierarchy, deliberate negative space, authentic-source-first look. No generic law-firm aesthetic.

SUBTITLE SAFE — HARD: reserve at least the bottom 20% of the 16:9 frame, target 22% for safety. That lower band must be visually quiet and contain NO essential headline, exact quote, amount, face/eyes, evidence object, source label, legal caveat, map endpoint or diagram node. All critical content must live above that band.

TEXT RULE: render only the exact short on-image text ""$3M CRIMINAL PENALTY — SEPARATE"" plus a factual source/date/role label only when supported by the attached source. Do not add invented captions, decorative microcopy, fake source metadata or filler text. For money/legal-status beats, numbers and qualifiers must be exact.
LEGAL / FACTUAL GUARDRAIL: $55.7M is the announced civil settlement package, not a judgment or eBay-only payment. $3M criminal DPA penalty is separate from the $55.7M civil settlement package.

VARIATION RULE: keep the same channel identity as the attached style reference while changing source crop, focal placement, paper layering and thematic motif so adjacent beats do not feel like repeated templates.
FORBIDDEN FAILURES: dense fake document; gibberish pseudo-text; fabricated legal metadata; fake seal/stamp/signature; wrong source; source missing from final frame; empty placeholder slot; important content in subtitle band; red-dominant poster; horror/tabloid treatment; cluttered dashboard/card grid; unrelated thematic element; altered real-person expression; visual claim stronger than narration.

OUTPUT: one finished 16:9 montage-ready still, visually complete, source-based, subtitle-safe, and immediately usable under the locked narration.",READY_FOR_PROMPT_REVIEW_NOT_AUTHORIZED_FOR_GENERATION
B099,S11,826.300,827.520,EDITOR_GFX_SOURCE_BACKED,T04,money,R5_STYLE_EVIDENCE,dd9e6d29-9423-461b-8888-ca89b476cb76,S020_D986_STIPULATION_DISMISSAL.pdf;EBAY_HQ_2018_CC_BY_SA.jpg;LIVE_MOAKLEY_COURTHOUSE_CC0.jpg,"Direct image refs: EBAY_HQ_2018_CC_BY_SA.jpg; LIVE_MOAKLEY_COURTHOUSE_CC0.jpg. Document refs: S020_D986_STIPULATION_DISMISSAL.pdf — prepare a tight image crop of only the relevant page/paragraph before the Higgsfield job; preserve source pixels and exact wording, avoid whole-page density.","Do not attach raw/full text-heavy versions directly: S020_D986_STIPULATION_DISMISSAL.pdf. Before generation, render/crop only the exact relevant page fragment or use an existing DC crop; never feed a whole dense legal page when a crop is available.",NO $58.7M AWARD,one dominant exact amount on left or upper-left; authentic source/context crop on right; one narrow allocation/clarifier strip; paper ledger texture and a restrained red marker; no dashboard grid,money-ledger visual language with exact deterministic figures,BOTTOM_AT_LEAST_20_PERCENT_TARGET_22_PERCENT_VISUALLY_QUIET,"$55.7M is the announced civil settlement package, not a judgment or eBay-only payment.","BEAT_ID: B099
ROUTE: EDITOR_GFX_SOURCE_BACKED
FRAME_FAMILY: T04 / money
NARRATIVE_PURPOSE: Deliver the WHAT IT COST money payoff with large exact figures, restrained source anchors and crystal-clear separation of civil settlement from criminal penalty.
VOICE_CONTEXT: ""There was no such award.""
VIEWER_TAKEAWAY / EXACT ON-IMAGE TEXT: ""NO $58.7M AWARD""

ATTACH STYLE REFERENCE: R5_STYLE_EVIDENCE — Higgsfield media_id dd9e6d29-9423-461b-8888-ca89b476cb76. Use it only as the channel style/composition reference: approved pig-mask evidence reference: dark textured black field, framed authentic evidence photo, large condensed headline, thin rules, small factual source label, restrained red dash.
ATTACH SOURCE ASSETS: S020_D986_STIPULATION_DISMISSAL.pdf; EBAY_HQ_2018_CC_BY_SA.jpg; LIVE_MOAKLEY_COURTHOUSE_CC0.jpg.
SOURCE PREP BEFORE JOB: Direct image refs: EBAY_HQ_2018_CC_BY_SA.jpg; LIVE_MOAKLEY_COURTHOUSE_CC0.jpg. Document refs: S020_D986_STIPULATION_DISMISSAL.pdf — prepare a tight image crop of only the relevant page/paragraph before the Higgsfield job; preserve source pixels and exact wording, avoid whole-page density.
DO NOT ATTACH: Do not attach raw/full text-heavy versions directly: S020_D986_STIPULATION_DISMISSAL.pdf. Before generation, render/crop only the exact relevant page fragment or use an existing DC crop; never feed a whole dense legal page when a crop is available.

FINAL FRAME MUST SHOW: the listed source material visibly inside the final image itself; this is not a blank plate and there is no later source-insertion pass. Preserve real object/photo identity. For authentic text/document crops, keep the relevant excerpt visually faithful and do not invent or rewrite body text.

COMPOSITION: one dominant exact amount on left or upper-left; authentic source/context crop on right; one narrow allocation/clarifier strip; paper ledger texture and a restrained red marker; no dashboard grid.
THEMATIC ELEMENTS: money-ledger visual language with exact deterministic figures. Add only scene-relevant paper/folder/tab/clip/map/timeline/evidence details. Keep the recurring WHAT IT COST visual grammar, but do not copy the exact neighboring layout.
STYLE: premium investigative business documentary; black/charcoal textured field, warm paper materials, paper-white typography, restrained signal red, rare muted antique-gold only when useful. Condensed bold display typography + clean sans-serif support. Cinematic editorial hierarchy, deliberate negative space, authentic-source-first look. No generic law-firm aesthetic.

SUBTITLE SAFE — HARD: reserve at least the bottom 20% of the 16:9 frame, target 22% for safety. That lower band must be visually quiet and contain NO essential headline, exact quote, amount, face/eyes, evidence object, source label, legal caveat, map endpoint or diagram node. All critical content must live above that band.

TEXT RULE: render only the exact short on-image text ""NO $58.7M AWARD"" plus a factual source/date/role label only when supported by the attached source. Do not add invented captions, decorative microcopy, fake source metadata or filler text. For money/legal-status beats, numbers and qualifiers must be exact.
LEGAL / FACTUAL GUARDRAIL: $55.7M is the announced civil settlement package, not a judgment or eBay-only payment.

VARIATION RULE: keep the same channel identity as the attached style reference while changing source crop, focal placement, paper layering and thematic motif so adjacent beats do not feel like repeated templates.
FORBIDDEN FAILURES: dense fake document; gibberish pseudo-text; fabricated legal metadata; fake seal/stamp/signature; wrong source; source missing from final frame; empty placeholder slot; important content in subtitle band; red-dominant poster; horror/tabloid treatment; cluttered dashboard/card grid; unrelated thematic element; altered real-person expression; visual claim stronger than narration.

OUTPUT: one finished 16:9 montage-ready still, visually complete, source-based, subtitle-safe, and immediately usable under the locked narration.",READY_FOR_PROMPT_REVIEW_NOT_AUTHORIZED_FOR_GENERATION
B100,S11,828.320,838.040,EDITOR_GFX_SOURCE_BACKED,T04,money,R5_STYLE_DOSSIER,3f30e1ef-3a0e-4158-914f-70bb25fa30a4,S020_D986_STIPULATION_DISMISSAL.pdf;EBAY_HQ_2018_CC_BY_SA.jpg;LIVE_MOAKLEY_COURTHOUSE_CC0.jpg,"Direct image refs: EBAY_HQ_2018_CC_BY_SA.jpg; LIVE_MOAKLEY_COURTHOUSE_CC0.jpg. Document refs: S020_D986_STIPULATION_DISMISSAL.pdf — prepare a tight image crop of only the relevant page/paragraph before the Higgsfield job; preserve source pixels and exact wording, avoid whole-page density.","Do not attach raw/full text-heavy versions directly: S020_D986_STIPULATION_DISMISSAL.pdf. Before generation, render/crop only the exact relevant page fragment or use an existing DC crop; never feed a whole dense legal page when a crop is available.",TWO SEPARATE LEGAL TRACKS,large money figure centered high; supporting source image in a bordered panel behind/right; one clipped legal caveat card; thin red underline; generous black negative space,"real eBay HQ/corporate context, subtle file-tab language; court-document excerpt + clipped legal-status note; money-ledger visual language with exact deterministic figures",BOTTOM_AT_LEAST_20_PERCENT_TARGET_22_PERCENT_VISUALLY_QUIET,"$55.7M is the announced civil settlement package, not a judgment or eBay-only payment.","BEAT_ID: B100
ROUTE: EDITOR_GFX_SOURCE_BACKED
FRAME_FAMILY: T04 / money
NARRATIVE_PURPOSE: Deliver the WHAT IT COST money payoff with large exact figures, restrained source anchors and crystal-clear separation of civil settlement from criminal penalty.
VOICE_CONTEXT: ""These were separate legal resolutions with different purposes. One was a federal criminal resolution involving the company. The other was the final civil settlement package.""
VIEWER_TAKEAWAY / EXACT ON-IMAGE TEXT: ""TWO SEPARATE LEGAL TRACKS""

ATTACH STYLE REFERENCE: R5_STYLE_DOSSIER — Higgsfield media_id 3f30e1ef-3a0e-4158-914f-70bb25fa30a4. Use it only as the channel style/composition reference: approved security/dossier reference: stacked headline at left, large framed source image on paper, clipped side note, small highlight strip, red tape accent, black textured field.
ATTACH SOURCE ASSETS: S020_D986_STIPULATION_DISMISSAL.pdf; EBAY_HQ_2018_CC_BY_SA.jpg; LIVE_MOAKLEY_COURTHOUSE_CC0.jpg.
SOURCE PREP BEFORE JOB: Direct image refs: EBAY_HQ_2018_CC_BY_SA.jpg; LIVE_MOAKLEY_COURTHOUSE_CC0.jpg. Document refs: S020_D986_STIPULATION_DISMISSAL.pdf — prepare a tight image crop of only the relevant page/paragraph before the Higgsfield job; preserve source pixels and exact wording, avoid whole-page density.
DO NOT ATTACH: Do not attach raw/full text-heavy versions directly: S020_D986_STIPULATION_DISMISSAL.pdf. Before generation, render/crop only the exact relevant page fragment or use an existing DC crop; never feed a whole dense legal page when a crop is available.

FINAL FRAME MUST SHOW: the listed source material visibly inside the final image itself; this is not a blank plate and there is no later source-insertion pass. Preserve real object/photo identity. For authentic text/document crops, keep the relevant excerpt visually faithful and do not invent or rewrite body text.

COMPOSITION: large money figure centered high; supporting source image in a bordered panel behind/right; one clipped legal caveat card; thin red underline; generous black negative space.
THEMATIC ELEMENTS: real eBay HQ/corporate context, subtle file-tab language; court-document excerpt + clipped legal-status note; money-ledger visual language with exact deterministic figures. Add only scene-relevant paper/folder/tab/clip/map/timeline/evidence details. Keep the recurring WHAT IT COST visual grammar, but do not copy the exact neighboring layout.
STYLE: premium investigative business documentary; black/charcoal textured field, warm paper materials, paper-white typography, restrained signal red, rare muted antique-gold only when useful. Condensed bold display typography + clean sans-serif support. Cinematic editorial hierarchy, deliberate negative space, authentic-source-first look. No generic law-firm aesthetic.

SUBTITLE SAFE — HARD: reserve at least the bottom 20% of the 16:9 frame, target 22% for safety. That lower band must be visually quiet and contain NO essential headline, exact quote, amount, face/eyes, evidence object, source label, legal caveat, map endpoint or diagram node. All critical content must live above that band.

TEXT RULE: render only the exact short on-image text ""TWO SEPARATE LEGAL TRACKS"" plus a factual source/date/role label only when supported by the attached source. Do not add invented captions, decorative microcopy, fake source metadata or filler text. For money/legal-status beats, numbers and qualifiers must be exact.
LEGAL / FACTUAL GUARDRAIL: $55.7M is the announced civil settlement package, not a judgment or eBay-only payment.

VARIATION RULE: keep the same channel identity as the attached style reference while changing source crop, focal placement, paper layering and thematic motif so adjacent beats do not feel like repeated templates.
FORBIDDEN FAILURES: dense fake document; gibberish pseudo-text; fabricated legal metadata; fake seal/stamp/signature; wrong source; source missing from final frame; empty placeholder slot; important content in subtitle band; red-dominant poster; horror/tabloid treatment; cluttered dashboard/card grid; unrelated thematic element; altered real-person expression; visual claim stronger than narration.

OUTPUT: one finished 16:9 montage-ready still, visually complete, source-based, subtitle-safe, and immediately usable under the locked narration.",READY_FOR_PROMPT_REVIEW_NOT_AUTHORIZED_FOR_GENERATION
B101,S11,838.820,843.700,EDITOR_GFX_SOURCE_BACKED,T04,money,R5_STYLE_EVIDENCE,dd9e6d29-9423-461b-8888-ca89b476cb76,S020_D986_STIPULATION_DISMISSAL.pdf;EBAY_HQ_2018_CC_BY_SA.jpg;LIVE_MOAKLEY_COURTHOUSE_CC0.jpg,"Direct image refs: EBAY_HQ_2018_CC_BY_SA.jpg; LIVE_MOAKLEY_COURTHOUSE_CC0.jpg. Document refs: S020_D986_STIPULATION_DISMISSAL.pdf — prepare a tight image crop of only the relevant page/paragraph before the Higgsfield job; preserve source pixels and exact wording, avoid whole-page density.","Do not attach raw/full text-heavy versions directly: S020_D986_STIPULATION_DISMISSAL.pdf. Before generation, render/crop only the exact relevant page fragment or use an existing DC crop; never feed a whole dense legal page when a crop is available.",COST ACCUMULATED OVER YEARS,asymmetrical settlement sheet: amount and short label left; authentic filing/company context right; one paper tab with exact legal qualifier; no extra numbers,court-document excerpt + clipped legal-status note,BOTTOM_AT_LEAST_20_PERCENT_TARGET_22_PERCENT_VISUALLY_QUIET,"$55.7M is the announced civil settlement package, not a judgment or eBay-only payment.","BEAT_ID: B101
ROUTE: EDITOR_GFX_SOURCE_BACKED
FRAME_FAMILY: T04 / money
NARRATIVE_PURPOSE: Deliver the WHAT IT COST money payoff with large exact figures, restrained source anchors and crystal-clear separation of civil settlement from criminal penalty.
VOICE_CONTEXT: ""The cost did not arrive in one courtroom on one day. It accumulated over years.""
VIEWER_TAKEAWAY / EXACT ON-IMAGE TEXT: ""COST ACCUMULATED OVER YEARS""

ATTACH STYLE REFERENCE: R5_STYLE_EVIDENCE — Higgsfield media_id dd9e6d29-9423-461b-8888-ca89b476cb76. Use it only as the channel style/composition reference: approved pig-mask evidence reference: dark textured black field, framed authentic evidence photo, large condensed headline, thin rules, small factual source label, restrained red dash.
ATTACH SOURCE ASSETS: S020_D986_STIPULATION_DISMISSAL.pdf; EBAY_HQ_2018_CC_BY_SA.jpg; LIVE_MOAKLEY_COURTHOUSE_CC0.jpg.
SOURCE PREP BEFORE JOB: Direct image refs: EBAY_HQ_2018_CC_BY_SA.jpg; LIVE_MOAKLEY_COURTHOUSE_CC0.jpg. Document refs: S020_D986_STIPULATION_DISMISSAL.pdf — prepare a tight image crop of only the relevant page/paragraph before the Higgsfield job; preserve source pixels and exact wording, avoid whole-page density.
DO NOT ATTACH: Do not attach raw/full text-heavy versions directly: S020_D986_STIPULATION_DISMISSAL.pdf. Before generation, render/crop only the exact relevant page fragment or use an existing DC crop; never feed a whole dense legal page when a crop is available.

FINAL FRAME MUST SHOW: the listed source material visibly inside the final image itself; this is not a blank plate and there is no later source-insertion pass. Preserve real object/photo identity. For authentic text/document crops, keep the relevant excerpt visually faithful and do not invent or rewrite body text.

COMPOSITION: asymmetrical settlement sheet: amount and short label left; authentic filing/company context right; one paper tab with exact legal qualifier; no extra numbers.
THEMATIC ELEMENTS: court-document excerpt + clipped legal-status note. Add only scene-relevant paper/folder/tab/clip/map/timeline/evidence details. Keep the recurring WHAT IT COST visual grammar, but do not copy the exact neighboring layout.
STYLE: premium investigative business documentary; black/charcoal textured field, warm paper materials, paper-white typography, restrained signal red, rare muted antique-gold only when useful. Condensed bold display typography + clean sans-serif support. Cinematic editorial hierarchy, deliberate negative space, authentic-source-first look. No generic law-firm aesthetic.

SUBTITLE SAFE — HARD: reserve at least the bottom 20% of the 16:9 frame, target 22% for safety. That lower band must be visually quiet and contain NO essential headline, exact quote, amount, face/eyes, evidence object, source label, legal caveat, map endpoint or diagram node. All critical content must live above that band.

TEXT RULE: render only the exact short on-image text ""COST ACCUMULATED OVER YEARS"" plus a factual source/date/role label only when supported by the attached source. Do not add invented captions, decorative microcopy, fake source metadata or filler text. For money/legal-status beats, numbers and qualifiers must be exact.
LEGAL / FACTUAL GUARDRAIL: $55.7M is the announced civil settlement package, not a judgment or eBay-only payment.

VARIATION RULE: keep the same channel identity as the attached style reference while changing source crop, focal placement, paper layering and thematic motif so adjacent beats do not feel like repeated templates.
FORBIDDEN FAILURES: dense fake document; gibberish pseudo-text; fabricated legal metadata; fake seal/stamp/signature; wrong source; source missing from final frame; empty placeholder slot; important content in subtitle band; red-dominant poster; horror/tabloid treatment; cluttered dashboard/card grid; unrelated thematic element; altered real-person expression; visual claim stronger than narration.

OUTPUT: one finished 16:9 montage-ready still, visually complete, source-based, subtitle-safe, and immediately usable under the locked narration.",READY_FOR_PROMPT_REVIEW_NOT_AUTHORIZED_FOR_GENERATION
B102,S12,844.600,854.500,SOURCE_STYLED_GENERATION,T06,timeline,R5_STYLE_MAP_LOCATION,aeaf1ee7-3e3d-42ba-b137-7eaa2218685e,S013_EBAY_2026_SETTLEMENT_STATEMENT_REFERENCE.html;EBAY_HQ_2018_CC_BY_SA.jpg,"Direct image refs: EBAY_HQ_2018_CC_BY_SA.jpg. Document refs: S013_EBAY_2026_SETTLEMENT_STATEMENT_REFERENCE.html — prepare a tight image crop of only the relevant page/paragraph before the Higgsfield job; preserve source pixels and exact wording, avoid whole-page density.","Do not attach raw/full text-heavy versions directly: S013_EBAY_2026_SETTLEMENT_STATEMENT_REFERENCE.html. Before generation, render/crop only the exact relevant page fragment or use an existing DC crop; never feed a whole dense legal page when a crop is available.",EBAY APOLOGIZED,"single temporal pivot frame: date card left, authentic source image right, one small next-step cue; black paper texture and restrained red underline","real eBay HQ/corporate context, subtle file-tab language",BOTTOM_AT_LEAST_20_PERCENT_TARGET_22_PERCENT_VISUALLY_QUIET,None beyond the locked narration.,"BEAT_ID: B102
ROUTE: SOURCE_STYLED_GENERATION
FRAME_FAMILY: T06 / timeline
NARRATIVE_PURPOSE: Synthesize the full chain of evidence, accountability and cost without introducing any new factual claim.
VOICE_CONTEXT: ""In its July twenty twenty-six statement, eBay apologized to Ina and David Steiner. The company called the conduct of the former employees wrong and reprehensible.""
VIEWER_TAKEAWAY / EXACT ON-IMAGE TEXT: ""EBAY APOLOGIZED""

ATTACH STYLE REFERENCE: R5_STYLE_MAP_LOCATION — Higgsfield media_id aeaf1ee7-3e3d-42ba-b137-7eaa2218685e. Use it only as the channel style/composition reference: approved Massachusetts reference: oversized white/red headline, paper map silhouette, real-location photo collage, manila-folder edge, restrained red target/route cue.
ATTACH SOURCE ASSETS: S013_EBAY_2026_SETTLEMENT_STATEMENT_REFERENCE.html; EBAY_HQ_2018_CC_BY_SA.jpg.
SOURCE PREP BEFORE JOB: Direct image refs: EBAY_HQ_2018_CC_BY_SA.jpg. Document refs: S013_EBAY_2026_SETTLEMENT_STATEMENT_REFERENCE.html — prepare a tight image crop of only the relevant page/paragraph before the Higgsfield job; preserve source pixels and exact wording, avoid whole-page density.
DO NOT ATTACH: Do not attach raw/full text-heavy versions directly: S013_EBAY_2026_SETTLEMENT_STATEMENT_REFERENCE.html. Before generation, render/crop only the exact relevant page fragment or use an existing DC crop; never feed a whole dense legal page when a crop is available.

FINAL FRAME MUST SHOW: the listed source material visibly inside the final image itself; this is not a blank plate and there is no later source-insertion pass. Preserve real object/photo identity. For authentic text/document crops, keep the relevant excerpt visually faithful and do not invent or rewrite body text.

COMPOSITION: single temporal pivot frame: date card left, authentic source image right, one small next-step cue; black paper texture and restrained red underline.
THEMATIC ELEMENTS: real eBay HQ/corporate context, subtle file-tab language. Add only scene-relevant paper/folder/tab/clip/map/timeline/evidence details. Keep the recurring WHAT IT COST visual grammar, but do not copy the exact neighboring layout.
STYLE: premium investigative business documentary; black/charcoal textured field, warm paper materials, paper-white typography, restrained signal red, rare muted antique-gold only when useful. Condensed bold display typography + clean sans-serif support. Cinematic editorial hierarchy, deliberate negative space, authentic-source-first look. No generic law-firm aesthetic.

SUBTITLE SAFE — HARD: reserve at least the bottom 20% of the 16:9 frame, target 22% for safety. That lower band must be visually quiet and contain NO essential headline, exact quote, amount, face/eyes, evidence object, source label, legal caveat, map endpoint or diagram node. All critical content must live above that band.

TEXT RULE: render only the exact short on-image text ""EBAY APOLOGIZED"" plus a factual source/date/role label only when supported by the attached source. Do not add invented captions, decorative microcopy, fake source metadata or filler text. For money/legal-status beats, numbers and qualifiers must be exact.
LEGAL / FACTUAL GUARDRAIL: None beyond the locked narration.

VARIATION RULE: keep the same channel identity as the attached style reference while changing source crop, focal placement, paper layering and thematic motif so adjacent beats do not feel like repeated templates.
FORBIDDEN FAILURES: dense fake document; gibberish pseudo-text; fabricated legal metadata; fake seal/stamp/signature; wrong source; source missing from final frame; empty placeholder slot; important content in subtitle band; red-dominant poster; horror/tabloid treatment; cluttered dashboard/card grid; unrelated thematic element; altered real-person expression; visual claim stronger than narration.

OUTPUT: one finished 16:9 montage-ready still, visually complete, source-based, subtitle-safe, and immediately usable under the locked narration.",READY_FOR_PROMPT_REVIEW_NOT_AUTHORIZED_FOR_GENERATION
B103,S12,855.180,861.280,SOURCE_STYLED_GENERATION,T02,dossier,R5_STYLE_DOSSIER,3f30e1ef-3a0e-4158-914f-70bb25fa30a4,S013_EBAY_2026_SETTLEMENT_STATEMENT_REFERENCE.html;EBAY_HQ_2018_CC_BY_SA.jpg,"Direct image refs: EBAY_HQ_2018_CC_BY_SA.jpg. Document refs: S013_EBAY_2026_SETTLEMENT_STATEMENT_REFERENCE.html — prepare a tight image crop of only the relevant page/paragraph before the Higgsfield job; preserve source pixels and exact wording, avoid whole-page density.","Do not attach raw/full text-heavy versions directly: S013_EBAY_2026_SETTLEMENT_STATEMENT_REFERENCE.html. Before generation, render/crop only the exact relevant page fragment or use an existing DC crop; never feed a whole dense legal page when a crop is available.",UNPROFESSIONAL COMMUNICATIONS,stacked headline on left 30%; large real photo or source portrait in a paper frame center; narrow clipped status note on right; red tape strip above; subtle file-folder edge,"paper file-tab detail, restrained red accent, authentic source framing",BOTTOM_AT_LEAST_20_PERCENT_TARGET_22_PERCENT_VISUALLY_QUIET,None beyond the locked narration.,"BEAT_ID: B103
ROUTE: SOURCE_STYLED_GENERATION
FRAME_FAMILY: T02 / dossier
NARRATIVE_PURPOSE: Synthesize the full chain of evidence, accountability and cost without introducing any new factual claim.
VOICE_CONTEXT: ""It also acknowledged what it described as unprofessional communications involving Wenig, Wymer and Jones.""
VIEWER_TAKEAWAY / EXACT ON-IMAGE TEXT: ""UNPROFESSIONAL COMMUNICATIONS""

ATTACH STYLE REFERENCE: R5_STYLE_DOSSIER — Higgsfield media_id 3f30e1ef-3a0e-4158-914f-70bb25fa30a4. Use it only as the channel style/composition reference: approved security/dossier reference: stacked headline at left, large framed source image on paper, clipped side note, small highlight strip, red tape accent, black textured field.
ATTACH SOURCE ASSETS: S013_EBAY_2026_SETTLEMENT_STATEMENT_REFERENCE.html; EBAY_HQ_2018_CC_BY_SA.jpg.
SOURCE PREP BEFORE JOB: Direct image refs: EBAY_HQ_2018_CC_BY_SA.jpg. Document refs: S013_EBAY_2026_SETTLEMENT_STATEMENT_REFERENCE.html — prepare a tight image crop of only the relevant page/paragraph before the Higgsfield job; preserve source pixels and exact wording, avoid whole-page density.
DO NOT ATTACH: Do not attach raw/full text-heavy versions directly: S013_EBAY_2026_SETTLEMENT_STATEMENT_REFERENCE.html. Before generation, render/crop only the exact relevant page fragment or use an existing DC crop; never feed a whole dense legal page when a crop is available.

FINAL FRAME MUST SHOW: the listed source material visibly inside the final image itself; this is not a blank plate and there is no later source-insertion pass. Preserve real object/photo identity. For authentic text/document crops, keep the relevant excerpt visually faithful and do not invent or rewrite body text.

COMPOSITION: stacked headline on left 30%; large real photo or source portrait in a paper frame center; narrow clipped status note on right; red tape strip above; subtle file-folder edge.
THEMATIC ELEMENTS: paper file-tab detail, restrained red accent, authentic source framing. Add only scene-relevant paper/folder/tab/clip/map/timeline/evidence details. Keep the recurring WHAT IT COST visual grammar, but do not copy the exact neighboring layout.
STYLE: premium investigative business documentary; black/charcoal textured field, warm paper materials, paper-white typography, restrained signal red, rare muted antique-gold only when useful. Condensed bold display typography + clean sans-serif support. Cinematic editorial hierarchy, deliberate negative space, authentic-source-first look. No generic law-firm aesthetic.

SUBTITLE SAFE — HARD: reserve at least the bottom 20% of the 16:9 frame, target 22% for safety. That lower band must be visually quiet and contain NO essential headline, exact quote, amount, face/eyes, evidence object, source label, legal caveat, map endpoint or diagram node. All critical content must live above that band.

TEXT RULE: render only the exact short on-image text ""UNPROFESSIONAL COMMUNICATIONS"" plus a factual source/date/role label only when supported by the attached source. Do not add invented captions, decorative microcopy, fake source metadata or filler text. For money/legal-status beats, numbers and qualifiers must be exact.
LEGAL / FACTUAL GUARDRAIL: None beyond the locked narration.

VARIATION RULE: keep the same channel identity as the attached style reference while changing source crop, focal placement, paper layering and thematic motif so adjacent beats do not feel like repeated templates.
FORBIDDEN FAILURES: dense fake document; gibberish pseudo-text; fabricated legal metadata; fake seal/stamp/signature; wrong source; source missing from final frame; empty placeholder slot; important content in subtitle band; red-dominant poster; horror/tabloid treatment; cluttered dashboard/card grid; unrelated thematic element; altered real-person expression; visual claim stronger than narration.

OUTPUT: one finished 16:9 montage-ready still, visually complete, source-based, subtitle-safe, and immediately usable under the locked narration.",READY_FOR_PROMPT_REVIEW_NOT_AUTHORIZED_FOR_GENERATION
B104,S12,862.240,869.060,HYBRID_SOURCE_EDITORIAL,T03,document,R5_STYLE_EVIDENCE,dd9e6d29-9423-461b-8888-ca89b476cb76,DC010_SUMMARY_JUDGMENT_ORDER.png;LIVE_MOAKLEY_COURTHOUSE_CC0.jpg,Direct image refs: DC010_SUMMARY_JUDGMENT_ORDER.png; LIVE_MOAKLEY_COURTHOUSE_CC0.jpg.,Do not attach unrelated assets or any full-page text source outside the listed references.,NO JURY VERDICT ON SURVIVING CLAIMS,single document crop mounted high-center on warm paper; headline upper-left; one yellow or red highlight over the exact relevant line; small source/date line above subtitle-safe zone,court-document excerpt + clipped legal-status note; money-ledger visual language with exact deterministic figures,BOTTOM_AT_LEAST_20_PERCENT_TARGET_22_PERCENT_VISUALLY_QUIET,None beyond the locked narration.,"BEAT_ID: B104
ROUTE: HYBRID_SOURCE_EDITORIAL
FRAME_FAMILY: T03 / document
NARRATIVE_PURPOSE: Synthesize the full chain of evidence, accountability and cost without introducing any new factual claim.
VOICE_CONTEXT: ""But the settlement meant there would be no jury verdict deciding the surviving civil-liability questions against those former executives.""
VIEWER_TAKEAWAY / EXACT ON-IMAGE TEXT: ""NO JURY VERDICT ON SURVIVING CLAIMS""

ATTACH STYLE REFERENCE: R5_STYLE_EVIDENCE — Higgsfield media_id dd9e6d29-9423-461b-8888-ca89b476cb76. Use it only as the channel style/composition reference: approved pig-mask evidence reference: dark textured black field, framed authentic evidence photo, large condensed headline, thin rules, small factual source label, restrained red dash.
ATTACH SOURCE ASSETS: DC010_SUMMARY_JUDGMENT_ORDER.png; LIVE_MOAKLEY_COURTHOUSE_CC0.jpg.
SOURCE PREP BEFORE JOB: Direct image refs: DC010_SUMMARY_JUDGMENT_ORDER.png; LIVE_MOAKLEY_COURTHOUSE_CC0.jpg.
DO NOT ATTACH: Do not attach unrelated assets or any full-page text source outside the listed references.

FINAL FRAME MUST SHOW: the listed source material visibly inside the final image itself; this is not a blank plate and there is no later source-insertion pass. Preserve real object/photo identity. For authentic text/document crops, keep the relevant excerpt visually faithful and do not invent or rewrite body text.

COMPOSITION: single document crop mounted high-center on warm paper; headline upper-left; one yellow or red highlight over the exact relevant line; small source/date line above subtitle-safe zone.
THEMATIC ELEMENTS: court-document excerpt + clipped legal-status note; money-ledger visual language with exact deterministic figures. Add only scene-relevant paper/folder/tab/clip/map/timeline/evidence details. Keep the recurring WHAT IT COST visual grammar, but do not copy the exact neighboring layout.
STYLE: premium investigative business documentary; black/charcoal textured field, warm paper materials, paper-white typography, restrained signal red, rare muted antique-gold only when useful. Condensed bold display typography + clean sans-serif support. Cinematic editorial hierarchy, deliberate negative space, authentic-source-first look. No generic law-firm aesthetic.

SUBTITLE SAFE — HARD: reserve at least the bottom 20% of the 16:9 frame, target 22% for safety. That lower band must be visually quiet and contain NO essential headline, exact quote, amount, face/eyes, evidence object, source label, legal caveat, map endpoint or diagram node. All critical content must live above that band.

TEXT RULE: render only the exact short on-image text ""NO JURY VERDICT ON SURVIVING CLAIMS"" plus a factual source/date/role label only when supported by the attached source. Do not add invented captions, decorative microcopy, fake source metadata or filler text. For money/legal-status beats, numbers and qualifiers must be exact.
LEGAL / FACTUAL GUARDRAIL: None beyond the locked narration.

VARIATION RULE: keep the same channel identity as the attached style reference while changing source crop, focal placement, paper layering and thematic motif so adjacent beats do not feel like repeated templates.
FORBIDDEN FAILURES: dense fake document; gibberish pseudo-text; fabricated legal metadata; fake seal/stamp/signature; wrong source; source missing from final frame; empty placeholder slot; important content in subtitle band; red-dominant poster; horror/tabloid treatment; cluttered dashboard/card grid; unrelated thematic element; altered real-person expression; visual claim stronger than narration.

OUTPUT: one finished 16:9 montage-ready still, visually complete, source-based, subtitle-safe, and immediately usable under the locked narration.",READY_FOR_PROMPT_REVIEW_NOT_AUTHORIZED_FOR_GENERATION
B105,S12,870.120,880.540,SOURCE_STYLED_GENERATION,T01,evidence,R5_STYLE_EVIDENCE,dd9e6d29-9423-461b-8888-ca89b476cb76,NATICK_CENTER_2020_CC_BY_SA.jpg;EBAY_HQ_2018_CC_BY_SA.jpg,Direct image refs: NATICK_CENTER_2020_CC_BY_SA.jpg; EBAY_HQ_2018_CC_BY_SA.jpg.,Do not attach unrelated assets or any full-page text source outside the listed references.,PUBLIC RECORD ≠ EVERY QUESTION ANSWERED,two-source asymmetrical collage: dominant authentic source upper-right and smaller context crop upper-left; headline mid-left; black negative space below; one subtle binder-clip or file-tab element,"court-document excerpt + clipped legal-status note; publication/editorial paper cue, article/page edge, not generic courtroom imagery",BOTTOM_AT_LEAST_20_PERCENT_TARGET_22_PERCENT_VISUALLY_QUIET,None beyond the locked narration.,"BEAT_ID: B105
ROUTE: SOURCE_STYLED_GENERATION
FRAME_FAMILY: T01 / evidence
NARRATIVE_PURPOSE: Synthesize the full chain of evidence, accountability and cost without introducing any new factual claim.
VOICE_CONTEXT: ""So the ending is not that a court answered every question. It did not. What the public record does show is enough. A small publication criticized a global marketplace.""
VIEWER_TAKEAWAY / EXACT ON-IMAGE TEXT: ""PUBLIC RECORD ≠ EVERY QUESTION ANSWERED""

ATTACH STYLE REFERENCE: R5_STYLE_EVIDENCE — Higgsfield media_id dd9e6d29-9423-461b-8888-ca89b476cb76. Use it only as the channel style/composition reference: approved pig-mask evidence reference: dark textured black field, framed authentic evidence photo, large condensed headline, thin rules, small factual source label, restrained red dash.
ATTACH SOURCE ASSETS: NATICK_CENTER_2020_CC_BY_SA.jpg; EBAY_HQ_2018_CC_BY_SA.jpg.
SOURCE PREP BEFORE JOB: Direct image refs: NATICK_CENTER_2020_CC_BY_SA.jpg; EBAY_HQ_2018_CC_BY_SA.jpg.
DO NOT ATTACH: Do not attach unrelated assets or any full-page text source outside the listed references.

FINAL FRAME MUST SHOW: the listed source material visibly inside the final image itself; this is not a blank plate and there is no later source-insertion pass. Preserve real object/photo identity. For authentic text/document crops, keep the relevant excerpt visually faithful and do not invent or rewrite body text.

COMPOSITION: two-source asymmetrical collage: dominant authentic source upper-right and smaller context crop upper-left; headline mid-left; black negative space below; one subtle binder-clip or file-tab element.
THEMATIC ELEMENTS: court-document excerpt + clipped legal-status note; publication/editorial paper cue, article/page edge, not generic courtroom imagery. Add only scene-relevant paper/folder/tab/clip/map/timeline/evidence details. Keep the recurring WHAT IT COST visual grammar, but do not copy the exact neighboring layout.
STYLE: premium investigative business documentary; black/charcoal textured field, warm paper materials, paper-white typography, restrained signal red, rare muted antique-gold only when useful. Condensed bold display typography + clean sans-serif support. Cinematic editorial hierarchy, deliberate negative space, authentic-source-first look. No generic law-firm aesthetic.

SUBTITLE SAFE — HARD: reserve at least the bottom 20% of the 16:9 frame, target 22% for safety. That lower band must be visually quiet and contain NO essential headline, exact quote, amount, face/eyes, evidence object, source label, legal caveat, map endpoint or diagram node. All critical content must live above that band.

TEXT RULE: render only the exact short on-image text ""PUBLIC RECORD ≠ EVERY QUESTION ANSWERED"" plus a factual source/date/role label only when supported by the attached source. Do not add invented captions, decorative microcopy, fake source metadata or filler text. For money/legal-status beats, numbers and qualifiers must be exact.
LEGAL / FACTUAL GUARDRAIL: None beyond the locked narration.

VARIATION RULE: keep the same channel identity as the attached style reference while changing source crop, focal placement, paper layering and thematic motif so adjacent beats do not feel like repeated templates.
FORBIDDEN FAILURES: dense fake document; gibberish pseudo-text; fabricated legal metadata; fake seal/stamp/signature; wrong source; source missing from final frame; empty placeholder slot; important content in subtitle band; red-dominant poster; horror/tabloid treatment; cluttered dashboard/card grid; unrelated thematic element; altered real-person expression; visual claim stronger than narration.

OUTPUT: one finished 16:9 montage-ready still, visually complete, source-based, subtitle-safe, and immediately usable under the locked narration.",READY_FOR_PROMPT_REVIEW_NOT_AUTHORIZED_FOR_GENERATION
B106,S12,881.420,888.700,SOURCE_STYLED_GENERATION,T01,evidence,R5_STYLE_EVIDENCE,dd9e6d29-9423-461b-8888-ca89b476cb76,DC001_CRUSH_THIS_LADY.png;DC003_TAKE_HER_DOWN.png;EBAY_HQ_2018_CC_BY_SA.jpg,Direct image refs: DC001_CRUSH_THIS_LADY.png; DC003_TAKE_HER_DOWN.png; EBAY_HQ_2018_CC_BY_SA.jpg.,Do not attach unrelated assets or any full-page text source outside the listed references.,CRITICISM → CORPORATE SECURITY,full-width source strip across upper 60%; headline block at lower-left but entirely above subtitle-safe band; one tiny source/date tag; restrained paper edge and red tick,"real eBay HQ/corporate context, subtle file-tab language; publication/editorial paper cue, article/page edge, not generic courtroom imagery",BOTTOM_AT_LEAST_20_PERCENT_TARGET_22_PERCENT_VISUALLY_QUIET,None beyond the locked narration.,"BEAT_ID: B106
ROUTE: SOURCE_STYLED_GENERATION
FRAME_FAMILY: T01 / evidence
NARRATIVE_PURPOSE: Synthesize the full chain of evidence, accountability and cost without introducing any new factual claim.
VOICE_CONTEXT: ""Inside eBay, that criticism generated escalating internal hostility. The issue moved into corporate security.""
VIEWER_TAKEAWAY / EXACT ON-IMAGE TEXT: ""CRITICISM → CORPORATE SECURITY""

ATTACH STYLE REFERENCE: R5_STYLE_EVIDENCE — Higgsfield media_id dd9e6d29-9423-461b-8888-ca89b476cb76. Use it only as the channel style/composition reference: approved pig-mask evidence reference: dark textured black field, framed authentic evidence photo, large condensed headline, thin rules, small factual source label, restrained red dash.
ATTACH SOURCE ASSETS: DC001_CRUSH_THIS_LADY.png; DC003_TAKE_HER_DOWN.png; EBAY_HQ_2018_CC_BY_SA.jpg.
SOURCE PREP BEFORE JOB: Direct image refs: DC001_CRUSH_THIS_LADY.png; DC003_TAKE_HER_DOWN.png; EBAY_HQ_2018_CC_BY_SA.jpg.
DO NOT ATTACH: Do not attach unrelated assets or any full-page text source outside the listed references.

FINAL FRAME MUST SHOW: the listed source material visibly inside the final image itself; this is not a blank plate and there is no later source-insertion pass. Preserve real object/photo identity. For authentic text/document crops, keep the relevant excerpt visually faithful and do not invent or rewrite body text.

COMPOSITION: full-width source strip across upper 60%; headline block at lower-left but entirely above subtitle-safe band; one tiny source/date tag; restrained paper edge and red tick.
THEMATIC ELEMENTS: real eBay HQ/corporate context, subtle file-tab language; publication/editorial paper cue, article/page edge, not generic courtroom imagery. Add only scene-relevant paper/folder/tab/clip/map/timeline/evidence details. Keep the recurring WHAT IT COST visual grammar, but do not copy the exact neighboring layout.
STYLE: premium investigative business documentary; black/charcoal textured field, warm paper materials, paper-white typography, restrained signal red, rare muted antique-gold only when useful. Condensed bold display typography + clean sans-serif support. Cinematic editorial hierarchy, deliberate negative space, authentic-source-first look. No generic law-firm aesthetic.

SUBTITLE SAFE — HARD: reserve at least the bottom 20% of the 16:9 frame, target 22% for safety. That lower band must be visually quiet and contain NO essential headline, exact quote, amount, face/eyes, evidence object, source label, legal caveat, map endpoint or diagram node. All critical content must live above that band.

TEXT RULE: render only the exact short on-image text ""CRITICISM → CORPORATE SECURITY"" plus a factual source/date/role label only when supported by the attached source. Do not add invented captions, decorative microcopy, fake source metadata or filler text. For money/legal-status beats, numbers and qualifiers must be exact.
LEGAL / FACTUAL GUARDRAIL: None beyond the locked narration.

VARIATION RULE: keep the same channel identity as the attached style reference while changing source crop, focal placement, paper layering and thematic motif so adjacent beats do not feel like repeated templates.
FORBIDDEN FAILURES: dense fake document; gibberish pseudo-text; fabricated legal metadata; fake seal/stamp/signature; wrong source; source missing from final frame; empty placeholder slot; important content in subtitle band; red-dominant poster; horror/tabloid treatment; cluttered dashboard/card grid; unrelated thematic element; altered real-person expression; visual claim stronger than narration.

OUTPUT: one finished 16:9 montage-ready still, visually complete, source-based, subtitle-safe, and immediately usable under the locked narration.",READY_FOR_PROMPT_REVIEW_NOT_AUTHORIZED_FOR_GENERATION
B107,S12,889.200,897.020,SOURCE_STYLED_GENERATION,T06,timeline,R5_STYLE_MAP_LOCATION,aeaf1ee7-3e3d-42ba-b137-7eaa2218685e,DOJ_FBI_PIG_MASK_AND_BOOK.jpg;GENERIC_GPS_TRACKER_CC0.jpg;DC023_OBSTRUCTION_DELETION.png,Direct image refs: DOJ_FBI_PIG_MASK_AND_BOOK.jpg; GENERIC_GPS_TRACKER_CC0.jpg; DC023_OBSTRUCTION_DELETION.png.,Do not attach unrelated assets or any full-page text source outside the listed references.,HARASSMENT • SURVEILLANCE • OBSTRUCTION,horizontal date spine across upper third with 2–3 verified event markers; one real source/photo anchor right; headline left; folder tab and restrained red progress line,"investigation chronology cue, document edge, Natick context; operation timeline/map cue with restrained route line",BOTTOM_AT_LEAST_20_PERCENT_TARGET_22_PERCENT_VISUALLY_QUIET,None beyond the locked narration.,"BEAT_ID: B107
ROUTE: SOURCE_STYLED_GENERATION
FRAME_FAMILY: T06 / timeline
NARRATIVE_PURPOSE: Synthesize the full chain of evidence, accountability and cost without introducing any new factual claim.
VOICE_CONTEXT: ""Security personnel planned and carried out harassment and surveillance. When police began investigating, the problem expanded into obstruction.""
VIEWER_TAKEAWAY / EXACT ON-IMAGE TEXT: ""HARASSMENT • SURVEILLANCE • OBSTRUCTION""

ATTACH STYLE REFERENCE: R5_STYLE_MAP_LOCATION — Higgsfield media_id aeaf1ee7-3e3d-42ba-b137-7eaa2218685e. Use it only as the channel style/composition reference: approved Massachusetts reference: oversized white/red headline, paper map silhouette, real-location photo collage, manila-folder edge, restrained red target/route cue.
ATTACH SOURCE ASSETS: DOJ_FBI_PIG_MASK_AND_BOOK.jpg; GENERIC_GPS_TRACKER_CC0.jpg; DC023_OBSTRUCTION_DELETION.png.
SOURCE PREP BEFORE JOB: Direct image refs: DOJ_FBI_PIG_MASK_AND_BOOK.jpg; GENERIC_GPS_TRACKER_CC0.jpg; DC023_OBSTRUCTION_DELETION.png.
DO NOT ATTACH: Do not attach unrelated assets or any full-page text source outside the listed references.

FINAL FRAME MUST SHOW: the listed source material visibly inside the final image itself; this is not a blank plate and there is no later source-insertion pass. Preserve real object/photo identity. For authentic text/document crops, keep the relevant excerpt visually faithful and do not invent or rewrite body text.

COMPOSITION: horizontal date spine across upper third with 2–3 verified event markers; one real source/photo anchor right; headline left; folder tab and restrained red progress line.
THEMATIC ELEMENTS: investigation chronology cue, document edge, Natick context; operation timeline/map cue with restrained route line. Add only scene-relevant paper/folder/tab/clip/map/timeline/evidence details. Keep the recurring WHAT IT COST visual grammar, but do not copy the exact neighboring layout.
STYLE: premium investigative business documentary; black/charcoal textured field, warm paper materials, paper-white typography, restrained signal red, rare muted antique-gold only when useful. Condensed bold display typography + clean sans-serif support. Cinematic editorial hierarchy, deliberate negative space, authentic-source-first look. No generic law-firm aesthetic.

SUBTITLE SAFE — HARD: reserve at least the bottom 20% of the 16:9 frame, target 22% for safety. That lower band must be visually quiet and contain NO essential headline, exact quote, amount, face/eyes, evidence object, source label, legal caveat, map endpoint or diagram node. All critical content must live above that band.

TEXT RULE: render only the exact short on-image text ""HARASSMENT • SURVEILLANCE • OBSTRUCTION"" plus a factual source/date/role label only when supported by the attached source. Do not add invented captions, decorative microcopy, fake source metadata or filler text. For money/legal-status beats, numbers and qualifiers must be exact.
LEGAL / FACTUAL GUARDRAIL: None beyond the locked narration.

VARIATION RULE: keep the same channel identity as the attached style reference while changing source crop, focal placement, paper layering and thematic motif so adjacent beats do not feel like repeated templates.
FORBIDDEN FAILURES: dense fake document; gibberish pseudo-text; fabricated legal metadata; fake seal/stamp/signature; wrong source; source missing from final frame; empty placeholder slot; important content in subtitle band; red-dominant poster; horror/tabloid treatment; cluttered dashboard/card grid; unrelated thematic element; altered real-person expression; visual claim stronger than narration.

OUTPUT: one finished 16:9 montage-ready still, visually complete, source-based, subtitle-safe, and immediately usable under the locked narration.",READY_FOR_PROMPT_REVIEW_NOT_AUTHORIZED_FOR_GENERATION
B108,S12,897.900,900.400,HYBRID_SOURCE_EDITORIAL,T07,accountability,R5_STYLE_DOSSIER,3f30e1ef-3a0e-4158-914f-70bb25fa30a4,DC011_SEVEN_GUILTY_DOJ.png,Direct image refs: DC011_SEVEN_GUILTY_DOJ.png.,Do not attach unrelated assets or any full-page text source outside the listed references.,SEVEN GUILTY PLEAS,one authentic sentencing/plea source panel upper-right; large exact outcome left; smaller supporting participant line beneath; file-tab and red rule,accountability dossier with exact outcome hierarchy,BOTTOM_AT_LEAST_20_PERCENT_TARGET_22_PERCENT_VISUALLY_QUIET,None beyond the locked narration.,"BEAT_ID: B108
ROUTE: HYBRID_SOURCE_EDITORIAL
FRAME_FAMILY: T07 / accountability
NARRATIVE_PURPOSE: Synthesize the full chain of evidence, accountability and cost without introducing any new factual claim.
VOICE_CONTEXT: ""Seven prosecuted participants pleaded guilty.""
VIEWER_TAKEAWAY / EXACT ON-IMAGE TEXT: ""SEVEN GUILTY PLEAS""

ATTACH STYLE REFERENCE: R5_STYLE_DOSSIER — Higgsfield media_id 3f30e1ef-3a0e-4158-914f-70bb25fa30a4. Use it only as the channel style/composition reference: approved security/dossier reference: stacked headline at left, large framed source image on paper, clipped side note, small highlight strip, red tape accent, black textured field.
ATTACH SOURCE ASSETS: DC011_SEVEN_GUILTY_DOJ.png.
SOURCE PREP BEFORE JOB: Direct image refs: DC011_SEVEN_GUILTY_DOJ.png.
DO NOT ATTACH: Do not attach unrelated assets or any full-page text source outside the listed references.

FINAL FRAME MUST SHOW: the listed source material visibly inside the final image itself; this is not a blank plate and there is no later source-insertion pass. Preserve real object/photo identity. For authentic text/document crops, keep the relevant excerpt visually faithful and do not invent or rewrite body text.

COMPOSITION: one authentic sentencing/plea source panel upper-right; large exact outcome left; smaller supporting participant line beneath; file-tab and red rule.
THEMATIC ELEMENTS: accountability dossier with exact outcome hierarchy. Add only scene-relevant paper/folder/tab/clip/map/timeline/evidence details. Keep the recurring WHAT IT COST visual grammar, but do not copy the exact neighboring layout.
STYLE: premium investigative business documentary; black/charcoal textured field, warm paper materials, paper-white typography, restrained signal red, rare muted antique-gold only when useful. Condensed bold display typography + clean sans-serif support. Cinematic editorial hierarchy, deliberate negative space, authentic-source-first look. No generic law-firm aesthetic.

SUBTITLE SAFE — HARD: reserve at least the bottom 20% of the 16:9 frame, target 22% for safety. That lower band must be visually quiet and contain NO essential headline, exact quote, amount, face/eyes, evidence object, source label, legal caveat, map endpoint or diagram node. All critical content must live above that band.

TEXT RULE: render only the exact short on-image text ""SEVEN GUILTY PLEAS"" plus a factual source/date/role label only when supported by the attached source. Do not add invented captions, decorative microcopy, fake source metadata or filler text. For money/legal-status beats, numbers and qualifiers must be exact.
LEGAL / FACTUAL GUARDRAIL: None beyond the locked narration.

VARIATION RULE: keep the same channel identity as the attached style reference while changing source crop, focal placement, paper layering and thematic motif so adjacent beats do not feel like repeated templates.
FORBIDDEN FAILURES: dense fake document; gibberish pseudo-text; fabricated legal metadata; fake seal/stamp/signature; wrong source; source missing from final frame; empty placeholder slot; important content in subtitle band; red-dominant poster; horror/tabloid treatment; cluttered dashboard/card grid; unrelated thematic element; altered real-person expression; visual claim stronger than narration.

OUTPUT: one finished 16:9 montage-ready still, visually complete, source-based, subtitle-safe, and immediately usable under the locked narration.",READY_FOR_PROMPT_REVIEW_NOT_AUTHORIZED_FOR_GENERATION
B109,S12,901.260,911.140,HYBRID_SOURCE_EDITORIAL,T04,money,R5_STYLE_EVIDENCE,dd9e6d29-9423-461b-8888-ca89b476cb76,DC015_DPA_CRIMINAL_PENALTY.png;DC016_DPA_COMPLIANCE_MONITOR.png;EBAY_HQ_2018_CC_BY_SA.jpg,Direct image refs: DC015_DPA_CRIMINAL_PENALTY.png; DC016_DPA_COMPLIANCE_MONITOR.png; EBAY_HQ_2018_CC_BY_SA.jpg.,Do not attach unrelated assets or any full-page text source outside the listed references.,$3M PENALTY • INDEPENDENT MONITOR,asymmetrical settlement sheet: amount and short label left; authentic filing/company context right; one paper tab with exact legal qualifier; no extra numbers,"real eBay HQ/corporate context, subtle file-tab language; DPA paper cue + corporate consequence treatment; money-ledger visual language with exact deterministic figures",BOTTOM_AT_LEAST_20_PERCENT_TARGET_22_PERCENT_VISUALLY_QUIET,DPA is not a conviction. $3M criminal DPA penalty is separate from the $55.7M civil settlement package.,"BEAT_ID: B109
ROUTE: HYBRID_SOURCE_EDITORIAL
FRAME_FAMILY: T04 / money
NARRATIVE_PURPOSE: Synthesize the full chain of evidence, accountability and cost without introducing any new factual claim.
VOICE_CONTEXT: ""eBay itself later entered a federal deferred prosecution agreement, admitted detailed facts, paid a three-million-dollar criminal penalty, and accepted an independent monitor.""
VIEWER_TAKEAWAY / EXACT ON-IMAGE TEXT: ""$3M PENALTY • INDEPENDENT MONITOR""

ATTACH STYLE REFERENCE: R5_STYLE_EVIDENCE — Higgsfield media_id dd9e6d29-9423-461b-8888-ca89b476cb76. Use it only as the channel style/composition reference: approved pig-mask evidence reference: dark textured black field, framed authentic evidence photo, large condensed headline, thin rules, small factual source label, restrained red dash.
ATTACH SOURCE ASSETS: DC015_DPA_CRIMINAL_PENALTY.png; DC016_DPA_COMPLIANCE_MONITOR.png; EBAY_HQ_2018_CC_BY_SA.jpg.
SOURCE PREP BEFORE JOB: Direct image refs: DC015_DPA_CRIMINAL_PENALTY.png; DC016_DPA_COMPLIANCE_MONITOR.png; EBAY_HQ_2018_CC_BY_SA.jpg.
DO NOT ATTACH: Do not attach unrelated assets or any full-page text source outside the listed references.

FINAL FRAME MUST SHOW: the listed source material visibly inside the final image itself; this is not a blank plate and there is no later source-insertion pass. Preserve real object/photo identity. For authentic text/document crops, keep the relevant excerpt visually faithful and do not invent or rewrite body text.

COMPOSITION: asymmetrical settlement sheet: amount and short label left; authentic filing/company context right; one paper tab with exact legal qualifier; no extra numbers.
THEMATIC ELEMENTS: real eBay HQ/corporate context, subtle file-tab language; DPA paper cue + corporate consequence treatment; money-ledger visual language with exact deterministic figures. Add only scene-relevant paper/folder/tab/clip/map/timeline/evidence details. Keep the recurring WHAT IT COST visual grammar, but do not copy the exact neighboring layout.
STYLE: premium investigative business documentary; black/charcoal textured field, warm paper materials, paper-white typography, restrained signal red, rare muted antique-gold only when useful. Condensed bold display typography + clean sans-serif support. Cinematic editorial hierarchy, deliberate negative space, authentic-source-first look. No generic law-firm aesthetic.

SUBTITLE SAFE — HARD: reserve at least the bottom 20% of the 16:9 frame, target 22% for safety. That lower band must be visually quiet and contain NO essential headline, exact quote, amount, face/eyes, evidence object, source label, legal caveat, map endpoint or diagram node. All critical content must live above that band.

TEXT RULE: render only the exact short on-image text ""$3M PENALTY • INDEPENDENT MONITOR"" plus a factual source/date/role label only when supported by the attached source. Do not add invented captions, decorative microcopy, fake source metadata or filler text. For money/legal-status beats, numbers and qualifiers must be exact.
LEGAL / FACTUAL GUARDRAIL: DPA is not a conviction. $3M criminal DPA penalty is separate from the $55.7M civil settlement package.

VARIATION RULE: keep the same channel identity as the attached style reference while changing source crop, focal placement, paper layering and thematic motif so adjacent beats do not feel like repeated templates.
FORBIDDEN FAILURES: dense fake document; gibberish pseudo-text; fabricated legal metadata; fake seal/stamp/signature; wrong source; source missing from final frame; empty placeholder slot; important content in subtitle band; red-dominant poster; horror/tabloid treatment; cluttered dashboard/card grid; unrelated thematic element; altered real-person expression; visual claim stronger than narration.

OUTPUT: one finished 16:9 montage-ready still, visually complete, source-based, subtitle-safe, and immediately usable under the locked narration.",READY_FOR_PROMPT_REVIEW_NOT_AUTHORIZED_FOR_GENERATION
B110,S12,911.840,921.080,HYBRID_SOURCE_EDITORIAL,T06,timeline,R5_STYLE_MAP_LOCATION,aeaf1ee7-3e3d-42ba-b137-7eaa2218685e,LIVE_MOAKLEY_COURTHOUSE_CC0.jpg;S020_D986_STIPULATION_DISMISSAL.pdf,"Direct image refs: LIVE_MOAKLEY_COURTHOUSE_CC0.jpg. Document refs: S020_D986_STIPULATION_DISMISSAL.pdf — prepare a tight image crop of only the relevant page/paragraph before the Higgsfield job; preserve source pixels and exact wording, avoid whole-page density.","Do not attach raw/full text-heavy versions directly: S020_D986_STIPULATION_DISMISSAL.pdf. Before generation, render/crop only the exact relevant page fragment or use an existing DC crop; never feed a whole dense legal page when a crop is available.",FIRST SETTLEMENT FAILED,"single temporal pivot frame: date card left, authentic source image right, one small next-step cue; black paper texture and restrained red underline",court-document excerpt + clipped legal-status note; money-ledger visual language with exact deterministic figures,BOTTOM_AT_LEAST_20_PERCENT_TARGET_22_PERCENT_VISUALLY_QUIET,None beyond the locked narration.,"BEAT_ID: B110
ROUTE: HYBRID_SOURCE_EDITORIAL
FRAME_FAMILY: T06 / timeline
NARRATIVE_PURPOSE: Synthesize the full chain of evidence, accountability and cost without introducing any new factual claim.
VOICE_CONTEXT: ""Years of civil litigation then pushed unresolved questions about responsibility higher into the organization. The first twenty twenty-six settlement failed.""
VIEWER_TAKEAWAY / EXACT ON-IMAGE TEXT: ""FIRST SETTLEMENT FAILED""

ATTACH STYLE REFERENCE: R5_STYLE_MAP_LOCATION — Higgsfield media_id aeaf1ee7-3e3d-42ba-b137-7eaa2218685e. Use it only as the channel style/composition reference: approved Massachusetts reference: oversized white/red headline, paper map silhouette, real-location photo collage, manila-folder edge, restrained red target/route cue.
ATTACH SOURCE ASSETS: LIVE_MOAKLEY_COURTHOUSE_CC0.jpg; S020_D986_STIPULATION_DISMISSAL.pdf.
SOURCE PREP BEFORE JOB: Direct image refs: LIVE_MOAKLEY_COURTHOUSE_CC0.jpg. Document refs: S020_D986_STIPULATION_DISMISSAL.pdf — prepare a tight image crop of only the relevant page/paragraph before the Higgsfield job; preserve source pixels and exact wording, avoid whole-page density.
DO NOT ATTACH: Do not attach raw/full text-heavy versions directly: S020_D986_STIPULATION_DISMISSAL.pdf. Before generation, render/crop only the exact relevant page fragment or use an existing DC crop; never feed a whole dense legal page when a crop is available.

FINAL FRAME MUST SHOW: the listed source material visibly inside the final image itself; this is not a blank plate and there is no later source-insertion pass. Preserve real object/photo identity. For authentic text/document crops, keep the relevant excerpt visually faithful and do not invent or rewrite body text.

COMPOSITION: single temporal pivot frame: date card left, authentic source image right, one small next-step cue; black paper texture and restrained red underline.
THEMATIC ELEMENTS: court-document excerpt + clipped legal-status note; money-ledger visual language with exact deterministic figures. Add only scene-relevant paper/folder/tab/clip/map/timeline/evidence details. Keep the recurring WHAT IT COST visual grammar, but do not copy the exact neighboring layout.
STYLE: premium investigative business documentary; black/charcoal textured field, warm paper materials, paper-white typography, restrained signal red, rare muted antique-gold only when useful. Condensed bold display typography + clean sans-serif support. Cinematic editorial hierarchy, deliberate negative space, authentic-source-first look. No generic law-firm aesthetic.

SUBTITLE SAFE — HARD: reserve at least the bottom 20% of the 16:9 frame, target 22% for safety. That lower band must be visually quiet and contain NO essential headline, exact quote, amount, face/eyes, evidence object, source label, legal caveat, map endpoint or diagram node. All critical content must live above that band.

TEXT RULE: render only the exact short on-image text ""FIRST SETTLEMENT FAILED"" plus a factual source/date/role label only when supported by the attached source. Do not add invented captions, decorative microcopy, fake source metadata or filler text. For money/legal-status beats, numbers and qualifiers must be exact.
LEGAL / FACTUAL GUARDRAIL: None beyond the locked narration.

VARIATION RULE: keep the same channel identity as the attached style reference while changing source crop, focal placement, paper layering and thematic motif so adjacent beats do not feel like repeated templates.
FORBIDDEN FAILURES: dense fake document; gibberish pseudo-text; fabricated legal metadata; fake seal/stamp/signature; wrong source; source missing from final frame; empty placeholder slot; important content in subtitle band; red-dominant poster; horror/tabloid treatment; cluttered dashboard/card grid; unrelated thematic element; altered real-person expression; visual claim stronger than narration.

OUTPUT: one finished 16:9 montage-ready still, visually complete, source-based, subtitle-safe, and immediately usable under the locked narration.",READY_FOR_PROMPT_REVIEW_NOT_AUTHORIZED_FOR_GENERATION
B111,S12,921.900,926.520,HYBRID_SOURCE_EDITORIAL,T04,money,R5_STYLE_EVIDENCE,dd9e6d29-9423-461b-8888-ca89b476cb76,S020_D986_STIPULATION_DISMISSAL.pdf;EBAY_HQ_2018_CC_BY_SA.jpg,"Direct image refs: EBAY_HQ_2018_CC_BY_SA.jpg. Document refs: S020_D986_STIPULATION_DISMISSAL.pdf — prepare a tight image crop of only the relevant page/paragraph before the Higgsfield job; preserve source pixels and exact wording, avoid whole-page density.","Do not attach raw/full text-heavy versions directly: S020_D986_STIPULATION_DISMISSAL.pdf. Before generation, render/crop only the exact relevant page fragment or use an existing DC crop; never feed a whole dense legal page when a crop is available.",$55.7M SETTLEMENT PACKAGE,one dominant exact amount on left or upper-left; authentic source/context crop on right; one narrow allocation/clarifier strip; paper ledger texture and a restrained red marker; no dashboard grid,money-ledger visual language with exact deterministic figures,BOTTOM_AT_LEAST_20_PERCENT_TARGET_22_PERCENT_VISUALLY_QUIET,"$55.7M is the announced civil settlement package, not a judgment or eBay-only payment.","BEAT_ID: B111
ROUTE: HYBRID_SOURCE_EDITORIAL
FRAME_FAMILY: T04 / money
NARRATIVE_PURPOSE: Synthesize the full chain of evidence, accountability and cost without introducing any new factual claim.
VOICE_CONTEXT: ""The second ended the case with a fifty-five-point-seven-million-dollar settlement package.""
VIEWER_TAKEAWAY / EXACT ON-IMAGE TEXT: ""$55.7M SETTLEMENT PACKAGE""

ATTACH STYLE REFERENCE: R5_STYLE_EVIDENCE — Higgsfield media_id dd9e6d29-9423-461b-8888-ca89b476cb76. Use it only as the channel style/composition reference: approved pig-mask evidence reference: dark textured black field, framed authentic evidence photo, large condensed headline, thin rules, small factual source label, restrained red dash.
ATTACH SOURCE ASSETS: S020_D986_STIPULATION_DISMISSAL.pdf; EBAY_HQ_2018_CC_BY_SA.jpg.
SOURCE PREP BEFORE JOB: Direct image refs: EBAY_HQ_2018_CC_BY_SA.jpg. Document refs: S020_D986_STIPULATION_DISMISSAL.pdf — prepare a tight image crop of only the relevant page/paragraph before the Higgsfield job; preserve source pixels and exact wording, avoid whole-page density.
DO NOT ATTACH: Do not attach raw/full text-heavy versions directly: S020_D986_STIPULATION_DISMISSAL.pdf. Before generation, render/crop only the exact relevant page fragment or use an existing DC crop; never feed a whole dense legal page when a crop is available.

FINAL FRAME MUST SHOW: the listed source material visibly inside the final image itself; this is not a blank plate and there is no later source-insertion pass. Preserve real object/photo identity. For authentic text/document crops, keep the relevant excerpt visually faithful and do not invent or rewrite body text.

COMPOSITION: one dominant exact amount on left or upper-left; authentic source/context crop on right; one narrow allocation/clarifier strip; paper ledger texture and a restrained red marker; no dashboard grid.
THEMATIC ELEMENTS: money-ledger visual language with exact deterministic figures. Add only scene-relevant paper/folder/tab/clip/map/timeline/evidence details. Keep the recurring WHAT IT COST visual grammar, but do not copy the exact neighboring layout.
STYLE: premium investigative business documentary; black/charcoal textured field, warm paper materials, paper-white typography, restrained signal red, rare muted antique-gold only when useful. Condensed bold display typography + clean sans-serif support. Cinematic editorial hierarchy, deliberate negative space, authentic-source-first look. No generic law-firm aesthetic.

SUBTITLE SAFE — HARD: reserve at least the bottom 20% of the 16:9 frame, target 22% for safety. That lower band must be visually quiet and contain NO essential headline, exact quote, amount, face/eyes, evidence object, source label, legal caveat, map endpoint or diagram node. All critical content must live above that band.

TEXT RULE: render only the exact short on-image text ""$55.7M SETTLEMENT PACKAGE"" plus a factual source/date/role label only when supported by the attached source. Do not add invented captions, decorative microcopy, fake source metadata or filler text. For money/legal-status beats, numbers and qualifiers must be exact.
LEGAL / FACTUAL GUARDRAIL: $55.7M is the announced civil settlement package, not a judgment or eBay-only payment.

VARIATION RULE: keep the same channel identity as the attached style reference while changing source crop, focal placement, paper layering and thematic motif so adjacent beats do not feel like repeated templates.
FORBIDDEN FAILURES: dense fake document; gibberish pseudo-text; fabricated legal metadata; fake seal/stamp/signature; wrong source; source missing from final frame; empty placeholder slot; important content in subtitle band; red-dominant poster; horror/tabloid treatment; cluttered dashboard/card grid; unrelated thematic element; altered real-person expression; visual claim stronger than narration.

OUTPUT: one finished 16:9 montage-ready still, visually complete, source-based, subtitle-safe, and immediately usable under the locked narration.",READY_FOR_PROMPT_REVIEW_NOT_AUTHORIZED_FOR_GENERATION
B112,S12,927.320,937.400,HYBRID_SOURCE_EDITORIAL,T04,money,R5_STYLE_DOSSIER,3f30e1ef-3a0e-4158-914f-70bb25fa30a4,DC011_SEVEN_GUILTY_DOJ.png;DC012_BAUGH_HARVILLE_SENTENCES_DOJ.png;DC015_DPA_CRIMINAL_PENALTY.png,Direct image refs: DC011_SEVEN_GUILTY_DOJ.png; DC012_BAUGH_HARVILLE_SENTENCES_DOJ.png; DC015_DPA_CRIMINAL_PENALTY.png.,Do not attach unrelated assets or any full-page text source outside the listed references.,PERSONAL + CORPORATE LEGAL COSTS,large money figure centered high; supporting source image in a bordered panel behind/right; one clipped legal caveat card; thin red underline; generous black negative space,"real eBay HQ/corporate context, subtle file-tab language; accountability dossier with exact outcome hierarchy; DPA paper cue + corporate consequence treatment",BOTTOM_AT_LEAST_20_PERCENT_TARGET_22_PERCENT_VISUALLY_QUIET,DPA is not a conviction.,"BEAT_ID: B112
ROUTE: HYBRID_SOURCE_EDITORIAL
FRAME_FAMILY: T04 / money
NARRATIVE_PURPOSE: Synthesize the full chain of evidence, accountability and cost without introducing any new factual claim.
VOICE_CONTEXT: ""There were personal costs: guilty pleas and prison sentences. There were corporate legal costs: federal charges, a D-P-A, a penalty, and monitoring.""
VIEWER_TAKEAWAY / EXACT ON-IMAGE TEXT: ""PERSONAL + CORPORATE LEGAL COSTS""

ATTACH STYLE REFERENCE: R5_STYLE_DOSSIER — Higgsfield media_id 3f30e1ef-3a0e-4158-914f-70bb25fa30a4. Use it only as the channel style/composition reference: approved security/dossier reference: stacked headline at left, large framed source image on paper, clipped side note, small highlight strip, red tape accent, black textured field.
ATTACH SOURCE ASSETS: DC011_SEVEN_GUILTY_DOJ.png; DC012_BAUGH_HARVILLE_SENTENCES_DOJ.png; DC015_DPA_CRIMINAL_PENALTY.png.
SOURCE PREP BEFORE JOB: Direct image refs: DC011_SEVEN_GUILTY_DOJ.png; DC012_BAUGH_HARVILLE_SENTENCES_DOJ.png; DC015_DPA_CRIMINAL_PENALTY.png.
DO NOT ATTACH: Do not attach unrelated assets or any full-page text source outside the listed references.

FINAL FRAME MUST SHOW: the listed source material visibly inside the final image itself; this is not a blank plate and there is no later source-insertion pass. Preserve real object/photo identity. For authentic text/document crops, keep the relevant excerpt visually faithful and do not invent or rewrite body text.

COMPOSITION: large money figure centered high; supporting source image in a bordered panel behind/right; one clipped legal caveat card; thin red underline; generous black negative space.
THEMATIC ELEMENTS: real eBay HQ/corporate context, subtle file-tab language; accountability dossier with exact outcome hierarchy; DPA paper cue + corporate consequence treatment. Add only scene-relevant paper/folder/tab/clip/map/timeline/evidence details. Keep the recurring WHAT IT COST visual grammar, but do not copy the exact neighboring layout.
STYLE: premium investigative business documentary; black/charcoal textured field, warm paper materials, paper-white typography, restrained signal red, rare muted antique-gold only when useful. Condensed bold display typography + clean sans-serif support. Cinematic editorial hierarchy, deliberate negative space, authentic-source-first look. No generic law-firm aesthetic.

SUBTITLE SAFE — HARD: reserve at least the bottom 20% of the 16:9 frame, target 22% for safety. That lower band must be visually quiet and contain NO essential headline, exact quote, amount, face/eyes, evidence object, source label, legal caveat, map endpoint or diagram node. All critical content must live above that band.

TEXT RULE: render only the exact short on-image text ""PERSONAL + CORPORATE LEGAL COSTS"" plus a factual source/date/role label only when supported by the attached source. Do not add invented captions, decorative microcopy, fake source metadata or filler text. For money/legal-status beats, numbers and qualifiers must be exact.
LEGAL / FACTUAL GUARDRAIL: DPA is not a conviction.

VARIATION RULE: keep the same channel identity as the attached style reference while changing source crop, focal placement, paper layering and thematic motif so adjacent beats do not feel like repeated templates.
FORBIDDEN FAILURES: dense fake document; gibberish pseudo-text; fabricated legal metadata; fake seal/stamp/signature; wrong source; source missing from final frame; empty placeholder slot; important content in subtitle band; red-dominant poster; horror/tabloid treatment; cluttered dashboard/card grid; unrelated thematic element; altered real-person expression; visual claim stronger than narration.

OUTPUT: one finished 16:9 montage-ready still, visually complete, source-based, subtitle-safe, and immediately usable under the locked narration.",READY_FOR_PROMPT_REVIEW_NOT_AUTHORIZED_FOR_GENERATION
B113,S12,938.280,942.180,HYBRID_SOURCE_EDITORIAL,T04,money,R5_STYLE_EVIDENCE,dd9e6d29-9423-461b-8888-ca89b476cb76,S020_D986_STIPULATION_DISMISSAL.pdf;EBAY_HQ_2018_CC_BY_SA.jpg,"Direct image refs: EBAY_HQ_2018_CC_BY_SA.jpg. Document refs: S020_D986_STIPULATION_DISMISSAL.pdf — prepare a tight image crop of only the relevant page/paragraph before the Higgsfield job; preserve source pixels and exact wording, avoid whole-page density.","Do not attach raw/full text-heavy versions directly: S020_D986_STIPULATION_DISMISSAL.pdf. Before generation, render/crop only the exact relevant page fragment or use an existing DC crop; never feed a whole dense legal page when a crop is available.",CIVIL COSTS — TENS OF MILLIONS,asymmetrical settlement sheet: amount and short label left; authentic filing/company context right; one paper tab with exact legal qualifier; no extra numbers,court-document excerpt + clipped legal-status note; money-ledger visual language with exact deterministic figures,BOTTOM_AT_LEAST_20_PERCENT_TARGET_22_PERCENT_VISUALLY_QUIET,"$55.7M is the announced civil settlement package, not a judgment or eBay-only payment.","BEAT_ID: B113
ROUTE: HYBRID_SOURCE_EDITORIAL
FRAME_FAMILY: T04 / money
NARRATIVE_PURPOSE: Synthesize the full chain of evidence, accountability and cost without introducing any new factual claim.
VOICE_CONTEXT: ""And there were civil financial costs measured i n tens of millions of dollars.""
VIEWER_TAKEAWAY / EXACT ON-IMAGE TEXT: ""CIVIL COSTS — TENS OF MILLIONS""

ATTACH STYLE REFERENCE: R5_STYLE_EVIDENCE — Higgsfield media_id dd9e6d29-9423-461b-8888-ca89b476cb76. Use it only as the channel style/composition reference: approved pig-mask evidence reference: dark textured black field, framed authentic evidence photo, large condensed headline, thin rules, small factual source label, restrained red dash.
ATTACH SOURCE ASSETS: S020_D986_STIPULATION_DISMISSAL.pdf; EBAY_HQ_2018_CC_BY_SA.jpg.
SOURCE PREP BEFORE JOB: Direct image refs: EBAY_HQ_2018_CC_BY_SA.jpg. Document refs: S020_D986_STIPULATION_DISMISSAL.pdf — prepare a tight image crop of only the relevant page/paragraph before the Higgsfield job; preserve source pixels and exact wording, avoid whole-page density.
DO NOT ATTACH: Do not attach raw/full text-heavy versions directly: S020_D986_STIPULATION_DISMISSAL.pdf. Before generation, render/crop only the exact relevant page fragment or use an existing DC crop; never feed a whole dense legal page when a crop is available.

FINAL FRAME MUST SHOW: the listed source material visibly inside the final image itself; this is not a blank plate and there is no later source-insertion pass. Preserve real object/photo identity. For authentic text/document crops, keep the relevant excerpt visually faithful and do not invent or rewrite body text.

COMPOSITION: asymmetrical settlement sheet: amount and short label left; authentic filing/company context right; one paper tab with exact legal qualifier; no extra numbers.
THEMATIC ELEMENTS: court-document excerpt + clipped legal-status note; money-ledger visual language with exact deterministic figures. Add only scene-relevant paper/folder/tab/clip/map/timeline/evidence details. Keep the recurring WHAT IT COST visual grammar, but do not copy the exact neighboring layout.
STYLE: premium investigative business documentary; black/charcoal textured field, warm paper materials, paper-white typography, restrained signal red, rare muted antique-gold only when useful. Condensed bold display typography + clean sans-serif support. Cinematic editorial hierarchy, deliberate negative space, authentic-source-first look. No generic law-firm aesthetic.

SUBTITLE SAFE — HARD: reserve at least the bottom 20% of the 16:9 frame, target 22% for safety. That lower band must be visually quiet and contain NO essential headline, exact quote, amount, face/eyes, evidence object, source label, legal caveat, map endpoint or diagram node. All critical content must live above that band.

TEXT RULE: render only the exact short on-image text ""CIVIL COSTS — TENS OF MILLIONS"" plus a factual source/date/role label only when supported by the attached source. Do not add invented captions, decorative microcopy, fake source metadata or filler text. For money/legal-status beats, numbers and qualifiers must be exact.
LEGAL / FACTUAL GUARDRAIL: $55.7M is the announced civil settlement package, not a judgment or eBay-only payment.

VARIATION RULE: keep the same channel identity as the attached style reference while changing source crop, focal placement, paper layering and thematic motif so adjacent beats do not feel like repeated templates.
FORBIDDEN FAILURES: dense fake document; gibberish pseudo-text; fabricated legal metadata; fake seal/stamp/signature; wrong source; source missing from final frame; empty placeholder slot; important content in subtitle band; red-dominant poster; horror/tabloid treatment; cluttered dashboard/card grid; unrelated thematic element; altered real-person expression; visual claim stronger than narration.

OUTPUT: one finished 16:9 montage-ready still, visually complete, source-based, subtitle-safe, and immediately usable under the locked narration.",READY_FOR_PROMPT_REVIEW_NOT_AUTHORIZED_FOR_GENERATION
B114,S12,942.720,951.340,HYBRID_SOURCE_EDITORIAL,T01,evidence,R5_STYLE_EVIDENCE,dd9e6d29-9423-461b-8888-ca89b476cb76,EBAY_HQ_2018_CC_BY_SA.jpg,Direct image refs: EBAY_HQ_2018_CC_BY_SA.jpg.,Do not attach unrelated assets or any full-page text source outside the listed references.,CRITICISM WASN’T THE EXPENSIVE PART,full-width source strip across upper 60%; headline block at lower-left but entirely above subtitle-safe band; one tiny source/date tag; restrained paper edge and red tick,"real eBay HQ/corporate context, subtle file-tab language; publication/editorial paper cue, article/page edge, not generic courtroom imagery",BOTTOM_AT_LEAST_20_PERCENT_TARGET_22_PERCENT_VISUALLY_QUIET,None beyond the locked narration.,"BEAT_ID: B114
ROUTE: HYBRID_SOURCE_EDITORIAL
FRAME_FAMILY: T01 / evidence
NARRATIVE_PURPOSE: Synthesize the full chain of evidence, accountability and cost without introducing any new factual claim.
VOICE_CONTEXT: ""All of that grew out of a problem every major company eventually faces: criticism. The expensive decision was not that the criticism existed.""
VIEWER_TAKEAWAY / EXACT ON-IMAGE TEXT: ""CRITICISM WASN’T THE EXPENSIVE PART""

ATTACH STYLE REFERENCE: R5_STYLE_EVIDENCE — Higgsfield media_id dd9e6d29-9423-461b-8888-ca89b476cb76. Use it only as the channel style/composition reference: approved pig-mask evidence reference: dark textured black field, framed authentic evidence photo, large condensed headline, thin rules, small factual source label, restrained red dash.
ATTACH SOURCE ASSETS: EBAY_HQ_2018_CC_BY_SA.jpg.
SOURCE PREP BEFORE JOB: Direct image refs: EBAY_HQ_2018_CC_BY_SA.jpg.
DO NOT ATTACH: Do not attach unrelated assets or any full-page text source outside the listed references.

FINAL FRAME MUST SHOW: the listed source material visibly inside the final image itself; this is not a blank plate and there is no later source-insertion pass. Preserve real object/photo identity. For authentic text/document crops, keep the relevant excerpt visually faithful and do not invent or rewrite body text.

COMPOSITION: full-width source strip across upper 60%; headline block at lower-left but entirely above subtitle-safe band; one tiny source/date tag; restrained paper edge and red tick.
THEMATIC ELEMENTS: real eBay HQ/corporate context, subtle file-tab language; publication/editorial paper cue, article/page edge, not generic courtroom imagery. Add only scene-relevant paper/folder/tab/clip/map/timeline/evidence details. Keep the recurring WHAT IT COST visual grammar, but do not copy the exact neighboring layout.
STYLE: premium investigative business documentary; black/charcoal textured field, warm paper materials, paper-white typography, restrained signal red, rare muted antique-gold only when useful. Condensed bold display typography + clean sans-serif support. Cinematic editorial hierarchy, deliberate negative space, authentic-source-first look. No generic law-firm aesthetic.

SUBTITLE SAFE — HARD: reserve at least the bottom 20% of the 16:9 frame, target 22% for safety. That lower band must be visually quiet and contain NO essential headline, exact quote, amount, face/eyes, evidence object, source label, legal caveat, map endpoint or diagram node. All critical content must live above that band.

TEXT RULE: render only the exact short on-image text ""CRITICISM WASN’T THE EXPENSIVE PART"" plus a factual source/date/role label only when supported by the attached source. Do not add invented captions, decorative microcopy, fake source metadata or filler text. For money/legal-status beats, numbers and qualifiers must be exact.
LEGAL / FACTUAL GUARDRAIL: None beyond the locked narration.

VARIATION RULE: keep the same channel identity as the attached style reference while changing source crop, focal placement, paper layering and thematic motif so adjacent beats do not feel like repeated templates.
FORBIDDEN FAILURES: dense fake document; gibberish pseudo-text; fabricated legal metadata; fake seal/stamp/signature; wrong source; source missing from final frame; empty placeholder slot; important content in subtitle band; red-dominant poster; horror/tabloid treatment; cluttered dashboard/card grid; unrelated thematic element; altered real-person expression; visual claim stronger than narration.

OUTPUT: one finished 16:9 montage-ready still, visually complete, source-based, subtitle-safe, and immediately usable under the locked narration.",READY_FOR_PROMPT_REVIEW_NOT_AUTHORIZED_FOR_GENERATION
B115,S12,952.080,956.920,HYBRID_SOURCE_EDITORIAL,T04,money,R5_STYLE_EVIDENCE,dd9e6d29-9423-461b-8888-ca89b476cb76,EBAY_HQ_2018_CC_BY_SA.jpg,Direct image refs: EBAY_HQ_2018_CC_BY_SA.jpg.,Do not attach unrelated assets or any full-page text source outside the listed references.,AND THAT IS WHAT IT COST.,one dominant exact amount on left or upper-left; authentic source/context crop on right; one narrow allocation/clarifier strip; paper ledger texture and a restrained red marker; no dashboard grid,"real eBay HQ/corporate context, subtle file-tab language",BOTTOM_AT_LEAST_20_PERCENT_TARGET_22_PERCENT_VISUALLY_QUIET,None beyond the locked narration.,"BEAT_ID: B115
ROUTE: HYBRID_SOURCE_EDITORIAL
FRAME_FAMILY: T04 / money
NARRATIVE_PURPOSE: Synthesize the full chain of evidence, accountability and cost without introducing any new factual claim.
VOICE_CONTEXT: ""It was what people inside the company decided to do about it. And that is what it cost.""
VIEWER_TAKEAWAY / EXACT ON-IMAGE TEXT: ""AND THAT IS WHAT IT COST.""

ATTACH STYLE REFERENCE: R5_STYLE_EVIDENCE — Higgsfield media_id dd9e6d29-9423-461b-8888-ca89b476cb76. Use it only as the channel style/composition reference: approved pig-mask evidence reference: dark textured black field, framed authentic evidence photo, large condensed headline, thin rules, small factual source label, restrained red dash.
ATTACH SOURCE ASSETS: EBAY_HQ_2018_CC_BY_SA.jpg.
SOURCE PREP BEFORE JOB: Direct image refs: EBAY_HQ_2018_CC_BY_SA.jpg.
DO NOT ATTACH: Do not attach unrelated assets or any full-page text source outside the listed references.

FINAL FRAME MUST SHOW: the listed source material visibly inside the final image itself; this is not a blank plate and there is no later source-insertion pass. Preserve real object/photo identity. For authentic text/document crops, keep the relevant excerpt visually faithful and do not invent or rewrite body text.

COMPOSITION: one dominant exact amount on left or upper-left; authentic source/context crop on right; one narrow allocation/clarifier strip; paper ledger texture and a restrained red marker; no dashboard grid.
THEMATIC ELEMENTS: real eBay HQ/corporate context, subtle file-tab language. Add only scene-relevant paper/folder/tab/clip/map/timeline/evidence details. Keep the recurring WHAT IT COST visual grammar, but do not copy the exact neighboring layout.
STYLE: premium investigative business documentary; black/charcoal textured field, warm paper materials, paper-white typography, restrained signal red, rare muted antique-gold only when useful. Condensed bold display typography + clean sans-serif support. Cinematic editorial hierarchy, deliberate negative space, authentic-source-first look. No generic law-firm aesthetic.

SUBTITLE SAFE — HARD: reserve at least the bottom 20% of the 16:9 frame, target 22% for safety. That lower band must be visually quiet and contain NO essential headline, exact quote, amount, face/eyes, evidence object, source label, legal caveat, map endpoint or diagram node. All critical content must live above that band.

TEXT RULE: render only the exact short on-image text ""AND THAT IS WHAT IT COST."" plus a factual source/date/role label only when supported by the attached source. Do not add invented captions, decorative microcopy, fake source metadata or filler text. For money/legal-status beats, numbers and qualifiers must be exact.
LEGAL / FACTUAL GUARDRAIL: None beyond the locked narration.

VARIATION RULE: keep the same channel identity as the attached style reference while changing source crop, focal placement, paper layering and thematic motif so adjacent beats do not feel like repeated templates.
FORBIDDEN FAILURES: dense fake document; gibberish pseudo-text; fabricated legal metadata; fake seal/stamp/signature; wrong source; source missing from final frame; empty placeholder slot; important content in subtitle band; red-dominant poster; horror/tabloid treatment; cluttered dashboard/card grid; unrelated thematic element; altered real-person expression; visual claim stronger than narration.

OUTPUT: one finished 16:9 montage-ready still, visually complete, source-based, subtitle-safe, and immediately usable under the locked narration.",READY_FOR_PROMPT_REVIEW_NOT_AUTHORIZED_FOR_GENERATION
