beat_id,section,start,end,production_route,frame_family,style_reference_name,style_reference_media_id,attach_order,factual_source_images,raw_docs_do_not_attach,source_preparation,exact_text,support_text,composition,final_prompt,status
B001,S01,0.000,5.400,SOURCE_STYLED_GENERATION,T06,R5_STYLE_MAP_LOCATION,aeaf1ee7-3e3d-42ba-b137-7eaa2218685e,FACTUAL_SOURCES_FIRST__STYLE_REFERENCE_LAST,NATICK_CENTER_2020_CC_BY_SA.jpg;SOUTH_NATICK_BACON_LIBRARY_CC0.jpg,,NATICK_CENTER_2020_CC_BY_SA.jpg: attach directly as factual visual source; preserve recognizable source identity. SOUTH_NATICK_BACON_LIBRARY_CC0.jpg: attach directly as factual visual source; preserve recognizable source identity.,MASSACHUSETTS — AUGUST 2019,,vertical chronology on left with one large date; authentic source/photo panel right; clipped note at upper-right; one red timeline marker; no crowded event list,"BEAT B001 — FINAL 16:9 WHAT IT COST STILL
ROUTE: SOURCE_STYLED_GENERATION
FAMILY: T06
SCRIPT: ""In August twenty nineteen, a couple in Massachusetts began receiving things that made no sense.""
MAIN TEXT: ""MASSACHUSETTS — AUGUST 2019""

FACTUAL SOURCE IMAGES TO ATTACH FIRST: NATICK_CENTER_2020_CC_BY_SA.jpg; SOUTH_NATICK_BACON_LIBRARY_CC0.jpg.
SOURCE PREP: NATICK_CENTER_2020_CC_BY_SA.jpg: attach directly as factual visual source; preserve recognizable source identity. SOUTH_NATICK_BACON_LIBRARY_CC0.jpg: attach directly as factual visual source; preserve recognizable source identity.
No raw PDF/HTML input.

STYLE REFERENCE TO ATTACH LAST: R5_STYLE_MAP_LOCATION, media_id aeaf1ee7-3e3d-42ba-b137-7eaa2218685e.
REFERENCE PRIORITY — HARD: (1) locked narration and exact text, (2) FACTUAL SOURCE images, (3) STYLE REFERENCE last. If the style reference contains a person, object, logo, document, place, quote, or evidence subject not present in the factual sources for this beat, IGNORE IT COMPLETELY. The style reference is NON-FACTUAL and may contribute ONLY palette, typography scale, paper layering, texture, spacing, framing, line weight and restrained red-accent language. NEVER copy its pig mask, building, map, office, legal note, headline wording or any other subject matter unless that same subject is also in the factual source list for this beat.

COMPOSITION: vertical chronology on left with one large date; authentic source/photo panel right; clipped note at upper-right; one red timeline marker; no crowded event list
FINAL IMAGE REQUIREMENT: the factual source material above must already be visibly integrated in the finished frame. No empty placeholder, no later source-insertion pass, no invented substitute evidence. Preserve the identity of real photos/evidence. For document/message material, show only the prepared short authentic excerpt; never rebuild a full page of text.

CHANNEL LOOK: premium investigative business documentary; textured black/charcoal field, warm paper surfaces, large condensed paper-white headline, restrained signal-red accent, thin editorial rules, file/tab/clip details only when relevant, authentic-source-first hierarchy. Keep the family resemblance to the style reference but vary crop, focal side, layering and thematic element so adjacent beats are not monotonous.

SUBTITLE SAFE — HARD: bottom 22% of the frame must remain visually quiet. No main text, support text, faces, evidence, source label, legal qualifier, map point or diagram node in that lower band.

TEXT — HARD: generate only MAIN TEXT, optional SUPPORT TEXT, and at most one short factual source/date/role label. No decorative microcopy. No invented legal/status language. No long body text. No gibberish.

LEGAL/FACTUAL LOCK: None beyond the locked narration.

REJECT IF: style-reference subject leaks into the scene; wrong source appears; full dense document is reproduced; pseudo-text appears; source is missing; important content enters subtitle band; red dominates; layout becomes a card-grid/dashboard; horror/tabloid treatment appears; a legal status or amount is changed.

OUTPUT: one finished montage-ready still that matches this exact beat and can be cut directly under the narration.",R6_READY_FOR_REVIEW_NOT_AUTHORIZED_FOR_GENERATION
B002,S01,6.340,7.000,SOURCE_STYLED_GENERATION,T01,R5_STYLE_EVIDENCE,dd9e6d29-9423-461b-8888-ca89b476cb76,FACTUAL_SOURCES_FIRST__STYLE_REFERENCE_LAST,COCKROACH_CC0.jpg;SPIDER_CC0.jpg;LARVAE_CC0.jpg,,COCKROACH_CC0.jpg: attach directly as factual visual source; preserve recognizable source identity. SPIDER_CC0.jpg: attach directly as factual visual source; preserve recognizable source identity. LARVAE_CC0.jpg: attach directly as factual visual source; preserve recognizable source identity.,LIVE INSECTS,,two-source asymmetrical collage: dominant authentic source upper-right and smaller context crop upper-left; headline mid-left; black negative space below; one subtle binder-clip or file-tab element,"BEAT B002 — FINAL 16:9 WHAT IT COST STILL
ROUTE: SOURCE_STYLED_GENERATION
FAMILY: T01
SCRIPT: ""Live insects.""
MAIN TEXT: ""LIVE INSECTS""

FACTUAL SOURCE IMAGES TO ATTACH FIRST: COCKROACH_CC0.jpg; SPIDER_CC0.jpg; LARVAE_CC0.jpg.
SOURCE PREP: COCKROACH_CC0.jpg: attach directly as factual visual source; preserve recognizable source identity. SPIDER_CC0.jpg: attach directly as factual visual source; preserve recognizable source identity. LARVAE_CC0.jpg: attach directly as factual visual source; preserve recognizable source identity.
No raw PDF/HTML input.

STYLE REFERENCE TO ATTACH LAST: R5_STYLE_EVIDENCE, media_id dd9e6d29-9423-461b-8888-ca89b476cb76.
REFERENCE PRIORITY — HARD: (1) locked narration and exact text, (2) FACTUAL SOURCE images, (3) STYLE REFERENCE last. If the style reference contains a person, object, logo, document, place, quote, or evidence subject not present in the factual sources for this beat, IGNORE IT COMPLETELY. The style reference is NON-FACTUAL and may contribute ONLY palette, typography scale, paper layering, texture, spacing, framing, line weight and restrained red-accent language. NEVER copy its pig mask, building, map, office, legal note, headline wording or any other subject matter unless that same subject is also in the factual source list for this beat.

COMPOSITION: two-source asymmetrical collage: dominant authentic source upper-right and smaller context crop upper-left; headline mid-left; black negative space below; one subtle binder-clip or file-tab element
FINAL IMAGE REQUIREMENT: the factual source material above must already be visibly integrated in the finished frame. No empty placeholder, no later source-insertion pass, no invented substitute evidence. Preserve the identity of real photos/evidence. For document/message material, show only the prepared short authentic excerpt; never rebuild a full page of text.

CHANNEL LOOK: premium investigative business documentary; textured black/charcoal field, warm paper surfaces, large condensed paper-white headline, restrained signal-red accent, thin editorial rules, file/tab/clip details only when relevant, authentic-source-first hierarchy. Keep the family resemblance to the style reference but vary crop, focal side, layering and thematic element so adjacent beats are not monotonous.

SUBTITLE SAFE — HARD: bottom 22% of the frame must remain visually quiet. No main text, support text, faces, evidence, source label, legal qualifier, map point or diagram node in that lower band.

TEXT — HARD: generate only MAIN TEXT, optional SUPPORT TEXT, and at most one short factual source/date/role label. No decorative microcopy. No invented legal/status language. No long body text. No gibberish.

LEGAL/FACTUAL LOCK: None beyond the locked narration.

REJECT IF: style-reference subject leaks into the scene; wrong source appears; full dense document is reproduced; pseudo-text appears; source is missing; important content enters subtitle band; red dominates; layout becomes a card-grid/dashboard; horror/tabloid treatment appears; a legal status or amount is changed.

OUTPUT: one finished montage-ready still that matches this exact beat and can be cut directly under the narration.",R6_READY_FOR_REVIEW_NOT_AUTHORIZED_FOR_GENERATION
B003,S01,7.760,8.660,SOURCE_STYLED_GENERATION,T03,R5_STYLE_DOSSIER,3f30e1ef-3a0e-4158-914f-70bb25fa30a4,FACTUAL_SOURCES_FIRST__STYLE_REFERENCE_LAST,DC022_THREATENING_MESSAGES.png,,DC022_THREATENING_MESSAGES.png: BEFORE JOB crop to the one short relevant excerpt/highlight for this beat; do not attach a whole dense text page.,THREATENING MESSAGES,,wide horizontal authentic excerpt across upper half; condensed headline above-left; one clipped corner/tab; black textured negative space below for captions,"BEAT B003 — FINAL 16:9 WHAT IT COST STILL
ROUTE: SOURCE_STYLED_GENERATION
FAMILY: T03
SCRIPT: ""Threatening messages.""
MAIN TEXT: ""THREATENING MESSAGES""

FACTUAL SOURCE IMAGES TO ATTACH FIRST: DC022_THREATENING_MESSAGES.png.
SOURCE PREP: DC022_THREATENING_MESSAGES.png: BEFORE JOB crop to the one short relevant excerpt/highlight for this beat; do not attach a whole dense text page.
No raw PDF/HTML input.

STYLE REFERENCE TO ATTACH LAST: R5_STYLE_DOSSIER, media_id 3f30e1ef-3a0e-4158-914f-70bb25fa30a4.
REFERENCE PRIORITY — HARD: (1) locked narration and exact text, (2) FACTUAL SOURCE images, (3) STYLE REFERENCE last. If the style reference contains a person, object, logo, document, place, quote, or evidence subject not present in the factual sources for this beat, IGNORE IT COMPLETELY. The style reference is NON-FACTUAL and may contribute ONLY palette, typography scale, paper layering, texture, spacing, framing, line weight and restrained red-accent language. NEVER copy its pig mask, building, map, office, legal note, headline wording or any other subject matter unless that same subject is also in the factual source list for this beat.

COMPOSITION: wide horizontal authentic excerpt across upper half; condensed headline above-left; one clipped corner/tab; black textured negative space below for captions
FINAL IMAGE REQUIREMENT: the factual source material above must already be visibly integrated in the finished frame. No empty placeholder, no later source-insertion pass, no invented substitute evidence. Preserve the identity of real photos/evidence. For document/message material, show only the prepared short authentic excerpt; never rebuild a full page of text.

CHANNEL LOOK: premium investigative business documentary; textured black/charcoal field, warm paper surfaces, large condensed paper-white headline, restrained signal-red accent, thin editorial rules, file/tab/clip details only when relevant, authentic-source-first hierarchy. Keep the family resemblance to the style reference but vary crop, focal side, layering and thematic element so adjacent beats are not monotonous.

SUBTITLE SAFE — HARD: bottom 22% of the frame must remain visually quiet. No main text, support text, faces, evidence, source label, legal qualifier, map point or diagram node in that lower band.

TEXT — HARD: generate only MAIN TEXT, optional SUPPORT TEXT, and at most one short factual source/date/role label. No decorative microcopy. No invented legal/status language. No long body text. No gibberish.

LEGAL/FACTUAL LOCK: None beyond the locked narration.

REJECT IF: style-reference subject leaks into the scene; wrong source appears; full dense document is reproduced; pseudo-text appears; source is missing; important content enters subtitle band; red dominates; layout becomes a card-grid/dashboard; horror/tabloid treatment appears; a legal status or amount is changed.

OUTPUT: one finished montage-ready still that matches this exact beat and can be cut directly under the narration.",R6_READY_FOR_REVIEW_NOT_AUTHORIZED_FOR_GENERATION
B004,S01,9.480,10.480,SOURCE_STYLED_GENERATION,T01,R5_STYLE_EVIDENCE,dd9e6d29-9423-461b-8888-ca89b476cb76,FACTUAL_SOURCES_FIRST__STYLE_REFERENCE_LAST,DOJ_FBI_PIG_MASK_AND_BOOK.jpg,,DOJ_FBI_PIG_MASK_AND_BOOK.jpg: attach directly as factual visual source; preserve recognizable source identity.,A BLOODY PIG MASK,,large authentic source frame on the right two-thirds; oversized headline left; short red dash above headline; one thin horizontal rule; one small paper tab overlapping the source frame,"BEAT B004 — FINAL 16:9 WHAT IT COST STILL
ROUTE: SOURCE_STYLED_GENERATION
FAMILY: T01
SCRIPT: ""A bloody pig mask.""
MAIN TEXT: ""A BLOODY PIG MASK""

FACTUAL SOURCE IMAGES TO ATTACH FIRST: DOJ_FBI_PIG_MASK_AND_BOOK.jpg.
SOURCE PREP: DOJ_FBI_PIG_MASK_AND_BOOK.jpg: attach directly as factual visual source; preserve recognizable source identity.
No raw PDF/HTML input.

STYLE REFERENCE TO ATTACH LAST: R5_STYLE_EVIDENCE, media_id dd9e6d29-9423-461b-8888-ca89b476cb76.
REFERENCE PRIORITY — HARD: (1) locked narration and exact text, (2) FACTUAL SOURCE images, (3) STYLE REFERENCE last. If the style reference contains a person, object, logo, document, place, quote, or evidence subject not present in the factual sources for this beat, IGNORE IT COMPLETELY. The style reference is NON-FACTUAL and may contribute ONLY palette, typography scale, paper layering, texture, spacing, framing, line weight and restrained red-accent language. NEVER copy its pig mask, building, map, office, legal note, headline wording or any other subject matter unless that same subject is also in the factual source list for this beat.

COMPOSITION: large authentic source frame on the right two-thirds; oversized headline left; short red dash above headline; one thin horizontal rule; one small paper tab overlapping the source frame
FINAL IMAGE REQUIREMENT: the factual source material above must already be visibly integrated in the finished frame. No empty placeholder, no later source-insertion pass, no invented substitute evidence. Preserve the identity of real photos/evidence. For document/message material, show only the prepared short authentic excerpt; never rebuild a full page of text.

CHANNEL LOOK: premium investigative business documentary; textured black/charcoal field, warm paper surfaces, large condensed paper-white headline, restrained signal-red accent, thin editorial rules, file/tab/clip details only when relevant, authentic-source-first hierarchy. Keep the family resemblance to the style reference but vary crop, focal side, layering and thematic element so adjacent beats are not monotonous.

SUBTITLE SAFE — HARD: bottom 22% of the frame must remain visually quiet. No main text, support text, faces, evidence, source label, legal qualifier, map point or diagram node in that lower band.

TEXT — HARD: generate only MAIN TEXT, optional SUPPORT TEXT, and at most one short factual source/date/role label. No decorative microcopy. No invented legal/status language. No long body text. No gibberish.

LEGAL/FACTUAL LOCK: Authentic evidence without horror/gore treatment.

REJECT IF: style-reference subject leaks into the scene; wrong source appears; full dense document is reproduced; pseudo-text appears; source is missing; important content enters subtitle band; red dominates; layout becomes a card-grid/dashboard; horror/tabloid treatment appears; a legal status or amount is changed.

OUTPUT: one finished montage-ready still that matches this exact beat and can be cut directly under the narration.",R6_READY_FOR_REVIEW_NOT_AUTHORIZED_FOR_GENERATION
B005,S01,11.160,21.760,SOURCE_STYLED_GENERATION,T01,R5_STYLE_DOSSIER,3f30e1ef-3a0e-4158-914f-70bb25fa30a4,FACTUAL_SOURCES_FIRST__STYLE_REFERENCE_LAST,DC006_DELIVERIES_GPS_ATTEMPT.png;DC007_GPS_GARAGE_ATTEMPT.png;GENERIC_GPS_TRACKER_CC0.jpg;NATICK_CENTER_2020_CC_BY_SA.jpg,,DC006_DELIVERIES_GPS_ATTEMPT.png: BEFORE JOB crop to the one short relevant excerpt/highlight for this beat; do not attach a whole dense text page. DC007_GPS_GARAGE_ATTEMPT.png: BEFORE JOB crop to the one short relevant excerpt/highlight for this beat; do not attach a whole dense text page. GENERIC_GPS_TRACKER_CC0.jpg: attach directly as factual visual source; preserve recognizable source identity. NATICK_CENTER_2020_CC_BY_SA.jpg: attach directly as factual visual source; preserve recognizable source identity.,GPS TRACKER ATTEMPT — INSTALLATION NOT ESTABLISHED,,hero evidence object centered high on a warm-paper mount; headline upper-left; compact source label above; small red underline; faint secondary evidence edge behind the hero,"BEAT B005 — FINAL 16:9 WHAT IT COST STILL
ROUTE: SOURCE_STYLED_GENERATION
FAMILY: T01
SCRIPT: ""And eventually, people connected to the campaign were watching them in person and trying to put a G-P-S tracker on their car. At first glance, this sounds like an internet stalking story.""
MAIN TEXT: ""GPS TRACKER ATTEMPT — INSTALLATION NOT ESTABLISHED""

FACTUAL SOURCE IMAGES TO ATTACH FIRST: DC006_DELIVERIES_GPS_ATTEMPT.png; DC007_GPS_GARAGE_ATTEMPT.png; GENERIC_GPS_TRACKER_CC0.jpg; NATICK_CENTER_2020_CC_BY_SA.jpg.
SOURCE PREP: DC006_DELIVERIES_GPS_ATTEMPT.png: BEFORE JOB crop to the one short relevant excerpt/highlight for this beat; do not attach a whole dense text page. DC007_GPS_GARAGE_ATTEMPT.png: BEFORE JOB crop to the one short relevant excerpt/highlight for this beat; do not attach a whole dense text page. GENERIC_GPS_TRACKER_CC0.jpg: attach directly as factual visual source; preserve recognizable source identity. NATICK_CENTER_2020_CC_BY_SA.jpg: attach directly as factual visual source; preserve recognizable source identity.
No raw PDF/HTML input.

STYLE REFERENCE TO ATTACH LAST: R5_STYLE_DOSSIER, media_id 3f30e1ef-3a0e-4158-914f-70bb25fa30a4.
REFERENCE PRIORITY — HARD: (1) locked narration and exact text, (2) FACTUAL SOURCE images, (3) STYLE REFERENCE last. If the style reference contains a person, object, logo, document, place, quote, or evidence subject not present in the factual sources for this beat, IGNORE IT COMPLETELY. The style reference is NON-FACTUAL and may contribute ONLY palette, typography scale, paper layering, texture, spacing, framing, line weight and restrained red-accent language. NEVER copy its pig mask, building, map, office, legal note, headline wording or any other subject matter unless that same subject is also in the factual source list for this beat.

COMPOSITION: hero evidence object centered high on a warm-paper mount; headline upper-left; compact source label above; small red underline; faint secondary evidence edge behind the hero
FINAL IMAGE REQUIREMENT: the factual source material above must already be visibly integrated in the finished frame. No empty placeholder, no later source-insertion pass, no invented substitute evidence. Preserve the identity of real photos/evidence. For document/message material, show only the prepared short authentic excerpt; never rebuild a full page of text.

CHANNEL LOOK: premium investigative business documentary; textured black/charcoal field, warm paper surfaces, large condensed paper-white headline, restrained signal-red accent, thin editorial rules, file/tab/clip details only when relevant, authentic-source-first hierarchy. Keep the family resemblance to the style reference but vary crop, focal side, layering and thematic element so adjacent beats are not monotonous.

SUBTITLE SAFE — HARD: bottom 22% of the frame must remain visually quiet. No main text, support text, faces, evidence, source label, legal qualifier, map point or diagram node in that lower band.

TEXT — HARD: generate only MAIN TEXT, optional SUPPORT TEXT, and at most one short factual source/date/role label. No decorative microcopy. No invented legal/status language. No long body text. No gibberish.

LEGAL/FACTUAL LOCK: Tracker attempted; installation not established.

REJECT IF: style-reference subject leaks into the scene; wrong source appears; full dense document is reproduced; pseudo-text appears; source is missing; important content enters subtitle band; red dominates; layout becomes a card-grid/dashboard; horror/tabloid treatment appears; a legal status or amount is changed.

OUTPUT: one finished montage-ready still that matches this exact beat and can be cut directly under the narration.",R6_READY_FOR_REVIEW_NOT_AUTHORIZED_FOR_GENERATION
B006,S01,22.300,29.240,SOURCE_STYLED_GENERATION,T01,R5_STYLE_DOSSIER,3f30e1ef-3a0e-4158-914f-70bb25fa30a4,FACTUAL_SOURCES_FIRST__STYLE_REFERENCE_LAST,EBAY_HQ_2018_CC_BY_SA.jpg;LIVE_EBAY_HQ_COMMUNITY_BUILDING_2006_CC_BY_SA.jpg,,EBAY_HQ_2018_CC_BY_SA.jpg: attach directly as factual visual source; preserve recognizable source identity. LIVE_EBAY_HQ_COMMUNITY_BUILDING_2006_CC_BY_SA.jpg: attach directly as factual visual source; preserve recognizable source identity.,EBAY SECURITY,,two-source asymmetrical collage: dominant authentic source upper-right and smaller context crop upper-left; headline mid-left; black negative space below; one subtle binder-clip or file-tab element,"BEAT B006 — FINAL 16:9 WHAT IT COST STILL
ROUTE: SOURCE_STYLED_GENERATION
FAMILY: T01
SCRIPT: ""But the people behind it were not anonymous trolls. They worked in, or with, the security organization of eBay.""
MAIN TEXT: ""EBAY SECURITY""

FACTUAL SOURCE IMAGES TO ATTACH FIRST: EBAY_HQ_2018_CC_BY_SA.jpg; LIVE_EBAY_HQ_COMMUNITY_BUILDING_2006_CC_BY_SA.jpg.
SOURCE PREP: EBAY_HQ_2018_CC_BY_SA.jpg: attach directly as factual visual source; preserve recognizable source identity. LIVE_EBAY_HQ_COMMUNITY_BUILDING_2006_CC_BY_SA.jpg: attach directly as factual visual source; preserve recognizable source identity.
No raw PDF/HTML input.

STYLE REFERENCE TO ATTACH LAST: R5_STYLE_DOSSIER, media_id 3f30e1ef-3a0e-4158-914f-70bb25fa30a4.
REFERENCE PRIORITY — HARD: (1) locked narration and exact text, (2) FACTUAL SOURCE images, (3) STYLE REFERENCE last. If the style reference contains a person, object, logo, document, place, quote, or evidence subject not present in the factual sources for this beat, IGNORE IT COMPLETELY. The style reference is NON-FACTUAL and may contribute ONLY palette, typography scale, paper layering, texture, spacing, framing, line weight and restrained red-accent language. NEVER copy its pig mask, building, map, office, legal note, headline wording or any other subject matter unless that same subject is also in the factual source list for this beat.

COMPOSITION: two-source asymmetrical collage: dominant authentic source upper-right and smaller context crop upper-left; headline mid-left; black negative space below; one subtle binder-clip or file-tab element
FINAL IMAGE REQUIREMENT: the factual source material above must already be visibly integrated in the finished frame. No empty placeholder, no later source-insertion pass, no invented substitute evidence. Preserve the identity of real photos/evidence. For document/message material, show only the prepared short authentic excerpt; never rebuild a full page of text.

CHANNEL LOOK: premium investigative business documentary; textured black/charcoal field, warm paper surfaces, large condensed paper-white headline, restrained signal-red accent, thin editorial rules, file/tab/clip details only when relevant, authentic-source-first hierarchy. Keep the family resemblance to the style reference but vary crop, focal side, layering and thematic element so adjacent beats are not monotonous.

SUBTITLE SAFE — HARD: bottom 22% of the frame must remain visually quiet. No main text, support text, faces, evidence, source label, legal qualifier, map point or diagram node in that lower band.

TEXT — HARD: generate only MAIN TEXT, optional SUPPORT TEXT, and at most one short factual source/date/role label. No decorative microcopy. No invented legal/status language. No long body text. No gibberish.

LEGAL/FACTUAL LOCK: None beyond the locked narration.

REJECT IF: style-reference subject leaks into the scene; wrong source appears; full dense document is reproduced; pseudo-text appears; source is missing; important content enters subtitle band; red dominates; layout becomes a card-grid/dashboard; horror/tabloid treatment appears; a legal status or amount is changed.

OUTPUT: one finished montage-ready still that matches this exact beat and can be cut directly under the narration.",R6_READY_FOR_REVIEW_NOT_AUTHORIZED_FOR_GENERATION
B007,S01,30.120,36.640,HYBRID_SOURCE_EDITORIAL,T07,R5_STYLE_DOSSIER,3f30e1ef-3a0e-4158-914f-70bb25fa30a4,FACTUAL_SOURCES_FIRST__STYLE_REFERENCE_LAST,DC011_SEVEN_GUILTY_DOJ.png,,DC011_SEVEN_GUILTY_DOJ.png: BEFORE JOB crop tightly to the single line/short passage proving that all seven federally prosecuted individuals pleaded guilty; remove surrounding body text.,SEVEN GUILTY PLEAS,ALL SEVEN FEDERALLY PROSECUTED,Large SEVEN GUILTY PLEAS headline left; one tight authentic DOJ excerpt crop right proving the seven pleas; no full-page legal body text; one small source label only.,"BEAT B007 — FINAL 16:9 WHAT IT COST STILL
ROUTE: HYBRID_SOURCE_EDITORIAL
FAMILY: T07
SCRIPT: ""All seven former employees and contractors who were federally prosecuted over the campaign later pleaded guilty.""
MAIN TEXT: ""SEVEN GUILTY PLEAS""
SUPPORT TEXT: ""ALL SEVEN FEDERALLY PROSECUTED""

FACTUAL SOURCE IMAGES TO ATTACH FIRST: DC011_SEVEN_GUILTY_DOJ.png.
SOURCE PREP: DC011_SEVEN_GUILTY_DOJ.png: BEFORE JOB crop tightly to the single line/short passage proving that all seven federally prosecuted individuals pleaded guilty; remove surrounding body text.
No raw PDF/HTML input.

STYLE REFERENCE TO ATTACH LAST: R5_STYLE_DOSSIER, media_id 3f30e1ef-3a0e-4158-914f-70bb25fa30a4.
REFERENCE PRIORITY — HARD: (1) locked narration and exact text, (2) FACTUAL SOURCE images, (3) STYLE REFERENCE last. If the style reference contains a person, object, logo, document, place, quote, or evidence subject not present in the factual sources for this beat, IGNORE IT COMPLETELY. The style reference is NON-FACTUAL and may contribute ONLY palette, typography scale, paper layering, texture, spacing, framing, line weight and restrained red-accent language. NEVER copy its pig mask, building, map, office, legal note, headline wording or any other subject matter unless that same subject is also in the factual source list for this beat.

COMPOSITION: Large SEVEN GUILTY PLEAS headline left; one tight authentic DOJ excerpt crop right proving the seven pleas; no full-page legal body text; one small source label only.
FINAL IMAGE REQUIREMENT: the factual source material above must already be visibly integrated in the finished frame. No empty placeholder, no later source-insertion pass, no invented substitute evidence. Preserve the identity of real photos/evidence. For document/message material, show only the prepared short authentic excerpt; never rebuild a full page of text.

CHANNEL LOOK: premium investigative business documentary; textured black/charcoal field, warm paper surfaces, large condensed paper-white headline, restrained signal-red accent, thin editorial rules, file/tab/clip details only when relevant, authentic-source-first hierarchy. Keep the family resemblance to the style reference but vary crop, focal side, layering and thematic element so adjacent beats are not monotonous.

SUBTITLE SAFE — HARD: bottom 22% of the frame must remain visually quiet. No main text, support text, faces, evidence, source label, legal qualifier, map point or diagram node in that lower band.

TEXT — HARD: generate only MAIN TEXT, optional SUPPORT TEXT, and at most one short factual source/date/role label. No decorative microcopy. No invented legal/status language. No long body text. No gibberish.

LEGAL/FACTUAL LOCK: None beyond the locked narration.

REJECT IF: style-reference subject leaks into the scene; wrong source appears; full dense document is reproduced; pseudo-text appears; source is missing; important content enters subtitle band; red dominates; layout becomes a card-grid/dashboard; horror/tabloid treatment appears; a legal status or amount is changed.

OUTPUT: one finished montage-ready still that matches this exact beat and can be cut directly under the narration.",R6_READY_FOR_REVIEW_NOT_AUTHORIZED_FOR_GENERATION
B008,S01,37.380,52.660,HYBRID_SOURCE_EDITORIAL,T04,R5_STYLE_DOSSIER,3f30e1ef-3a0e-4158-914f-70bb25fa30a4,FACTUAL_SOURCES_FIRST__STYLE_REFERENCE_LAST,DC015_DPA_CRIMINAL_PENALTY.png;DC016_DPA_COMPLIANCE_MONITOR.png;DC017_DPA_ACCEPTANCE_OF_RESPONSIBILITY.png;EBAY_HQ_2018_CC_BY_SA.jpg,,DC015_DPA_CRIMINAL_PENALTY.png: BEFORE JOB crop only the exact DPA consequence excerpt needed for this beat ($3M penalty / independent monitor / admitted facts); do not attach the full rendered page. DC016_DPA_COMPLIANCE_MONITOR.png: BEFORE JOB crop only the exact DPA consequence excerpt needed for this beat ($3M penalty / independent monitor / admitted facts); do not attach the full rendered page. DC017_DPA_ACCEPTANCE_OF_RESPONSIBILITY.png: BEFORE JOB crop only the exact DPA consequence excerpt needed for this beat ($3M penalty / independent monitor / admitted facts); do not attach the full rendered page. EBAY_HQ_2018_CC_BY_SA.jpg: attach directly as factual visual source; preserve recognizable source identity.,$3M CRIMINAL PENALTY • INDEPENDENT MONITOR,DPA ≠ CONVICTION,"Large $3M CRIMINAL PENALTY at left, INDEPENDENT MONITOR as secondary line; real eBay/company image and two tiny authentic DPA excerpt crops on right; each excerpt is one short highlighted passage only.","BEAT B008 — FINAL 16:9 WHAT IT COST STILL
ROUTE: HYBRID_SOURCE_EDITORIAL
FAMILY: T04
SCRIPT: ""Years later, prosecutors filed criminal charges against eBay itself. The company entered a deferred prosecution agreement, admitted a detailed factual account, paid a three-million-dollar criminal penalty, and accepted an independent compliance monitor.""
MAIN TEXT: ""$3M CRIMINAL PENALTY • INDEPENDENT MONITOR""
SUPPORT TEXT: ""DPA ≠ CONVICTION""

FACTUAL SOURCE IMAGES TO ATTACH FIRST: DC015_DPA_CRIMINAL_PENALTY.png; DC016_DPA_COMPLIANCE_MONITOR.png; DC017_DPA_ACCEPTANCE_OF_RESPONSIBILITY.png; EBAY_HQ_2018_CC_BY_SA.jpg.
SOURCE PREP: DC015_DPA_CRIMINAL_PENALTY.png: BEFORE JOB crop only the exact DPA consequence excerpt needed for this beat ($3M penalty / independent monitor / admitted facts); do not attach the full rendered page. DC016_DPA_COMPLIANCE_MONITOR.png: BEFORE JOB crop only the exact DPA consequence excerpt needed for this beat ($3M penalty / independent monitor / admitted facts); do not attach the full rendered page. DC017_DPA_ACCEPTANCE_OF_RESPONSIBILITY.png: BEFORE JOB crop only the exact DPA consequence excerpt needed for this beat ($3M penalty / independent monitor / admitted facts); do not attach the full rendered page. EBAY_HQ_2018_CC_BY_SA.jpg: attach directly as factual visual source; preserve recognizable source identity.
No raw PDF/HTML input.

STYLE REFERENCE TO ATTACH LAST: R5_STYLE_DOSSIER, media_id 3f30e1ef-3a0e-4158-914f-70bb25fa30a4.
REFERENCE PRIORITY — HARD: (1) locked narration and exact text, (2) FACTUAL SOURCE images, (3) STYLE REFERENCE last. If the style reference contains a person, object, logo, document, place, quote, or evidence subject not present in the factual sources for this beat, IGNORE IT COMPLETELY. The style reference is NON-FACTUAL and may contribute ONLY palette, typography scale, paper layering, texture, spacing, framing, line weight and restrained red-accent language. NEVER copy its pig mask, building, map, office, legal note, headline wording or any other subject matter unless that same subject is also in the factual source list for this beat.

COMPOSITION: Large $3M CRIMINAL PENALTY at left, INDEPENDENT MONITOR as secondary line; real eBay/company image and two tiny authentic DPA excerpt crops on right; each excerpt is one short highlighted passage only.
FINAL IMAGE REQUIREMENT: the factual source material above must already be visibly integrated in the finished frame. No empty placeholder, no later source-insertion pass, no invented substitute evidence. Preserve the identity of real photos/evidence. For document/message material, show only the prepared short authentic excerpt; never rebuild a full page of text.

CHANNEL LOOK: premium investigative business documentary; textured black/charcoal field, warm paper surfaces, large condensed paper-white headline, restrained signal-red accent, thin editorial rules, file/tab/clip details only when relevant, authentic-source-first hierarchy. Keep the family resemblance to the style reference but vary crop, focal side, layering and thematic element so adjacent beats are not monotonous.

SUBTITLE SAFE — HARD: bottom 22% of the frame must remain visually quiet. No main text, support text, faces, evidence, source label, legal qualifier, map point or diagram node in that lower band.

TEXT — HARD: generate only MAIN TEXT, optional SUPPORT TEXT, and at most one short factual source/date/role label. No decorative microcopy. No invented legal/status language. No long body text. No gibberish.

LEGAL/FACTUAL LOCK: DPA is not a conviction. $3M criminal DPA penalty is separate from the $55.7M civil settlement package.

REJECT IF: style-reference subject leaks into the scene; wrong source appears; full dense document is reproduced; pseudo-text appears; source is missing; important content enters subtitle band; red dominates; layout becomes a card-grid/dashboard; horror/tabloid treatment appears; a legal status or amount is changed.

OUTPUT: one finished montage-ready still that matches this exact beat and can be cut directly under the narration.",R6_READY_FOR_REVIEW_NOT_AUTHORIZED_FOR_GENERATION
B009,S01,53.280,61.640,HYBRID_SOURCE_EDITORIAL,T04,R5_STYLE_MAP_LOCATION,aeaf1ee7-3e3d-42ba-b137-7eaa2218685e,FACTUAL_SOURCES_FIRST__STYLE_REFERENCE_LAST,EBAY_HQ_2018_CC_BY_SA.jpg,S020_D986_STIPULATION_DISMISSAL.pdf,EBAY_HQ_2018_CC_BY_SA.jpg: attach directly as factual visual source; preserve recognizable source identity.,$55.7M SETTLEMENT PACKAGE,,large money figure centered high; supporting source image in a bordered panel behind/right; one clipped legal caveat card; thin red underline; generous black negative space,"BEAT B009 — FINAL 16:9 WHAT IT COST STILL
ROUTE: HYBRID_SOURCE_EDITORIAL
FAMILY: T04
SCRIPT: ""And in July twenty twenty-six, the civil case ended in an announced settlement package worth fifty-five-point-seven million dollars.""
MAIN TEXT: ""$55.7M SETTLEMENT PACKAGE""

FACTUAL SOURCE IMAGES TO ATTACH FIRST: EBAY_HQ_2018_CC_BY_SA.jpg.
SOURCE PREP: EBAY_HQ_2018_CC_BY_SA.jpg: attach directly as factual visual source; preserve recognizable source identity.
SOURCE-OF-TRUTH DOCS — DO NOT ATTACH RAW TO THE MODEL: S020_D986_STIPULATION_DISMISSAL.pdf. They support factual wording only; use an existing/tight prepared image excerpt instead.

STYLE REFERENCE TO ATTACH LAST: R5_STYLE_MAP_LOCATION, media_id aeaf1ee7-3e3d-42ba-b137-7eaa2218685e.
REFERENCE PRIORITY — HARD: (1) locked narration and exact text, (2) FACTUAL SOURCE images, (3) STYLE REFERENCE last. If the style reference contains a person, object, logo, document, place, quote, or evidence subject not present in the factual sources for this beat, IGNORE IT COMPLETELY. The style reference is NON-FACTUAL and may contribute ONLY palette, typography scale, paper layering, texture, spacing, framing, line weight and restrained red-accent language. NEVER copy its pig mask, building, map, office, legal note, headline wording or any other subject matter unless that same subject is also in the factual source list for this beat.

COMPOSITION: large money figure centered high; supporting source image in a bordered panel behind/right; one clipped legal caveat card; thin red underline; generous black negative space
FINAL IMAGE REQUIREMENT: the factual source material above must already be visibly integrated in the finished frame. No empty placeholder, no later source-insertion pass, no invented substitute evidence. Preserve the identity of real photos/evidence. For document/message material, show only the prepared short authentic excerpt; never rebuild a full page of text.

CHANNEL LOOK: premium investigative business documentary; textured black/charcoal field, warm paper surfaces, large condensed paper-white headline, restrained signal-red accent, thin editorial rules, file/tab/clip details only when relevant, authentic-source-first hierarchy. Keep the family resemblance to the style reference but vary crop, focal side, layering and thematic element so adjacent beats are not monotonous.

SUBTITLE SAFE — HARD: bottom 22% of the frame must remain visually quiet. No main text, support text, faces, evidence, source label, legal qualifier, map point or diagram node in that lower band.

TEXT — HARD: generate only MAIN TEXT, optional SUPPORT TEXT, and at most one short factual source/date/role label. No decorative microcopy. No invented legal/status language. No long body text. No gibberish.

LEGAL/FACTUAL LOCK: None beyond the locked narration.

REJECT IF: style-reference subject leaks into the scene; wrong source appears; full dense document is reproduced; pseudo-text appears; source is missing; important content enters subtitle band; red dominates; layout becomes a card-grid/dashboard; horror/tabloid treatment appears; a legal status or amount is changed.

OUTPUT: one finished montage-ready still that matches this exact beat and can be cut directly under the narration.",R6_READY_FOR_REVIEW_NOT_AUTHORIZED_FOR_GENERATION
B010,S01,61.640,73.980,SOURCE_STYLED_GENERATION,T01,R5_STYLE_DOSSIER,3f30e1ef-3a0e-4158-914f-70bb25fa30a4,FACTUAL_SOURCES_FIRST__STYLE_REFERENCE_LAST,EBAY_HQ_2018_CC_BY_SA.jpg;NATICK_CENTER_2020_CC_BY_SA.jpg,,EBAY_HQ_2018_CC_BY_SA.jpg: attach directly as factual visual source; preserve recognizable source identity. NATICK_CENTER_2020_CC_BY_SA.jpg: attach directly as factual visual source; preserve recognizable source identity.,CRITICISM → SECURITY → CONSEQUENCE,,two-source asymmetrical collage: dominant authentic source upper-right and smaller context crop upper-left; headline mid-left; black negative space below; one subtle binder-clip or file-tab element,"BEAT B010 — FINAL 16:9 WHAT IT COST STILL
ROUTE: SOURCE_STYLED_GENERATION
FAMILY: T01
SCRIPT: ""But the strangest part is not what arrived at the front door. It is how criticism of a company became a security problem inside that company — and how the consequences kept growing long after the harassment stopped.""
MAIN TEXT: ""CRITICISM → SECURITY → CONSEQUENCE""

FACTUAL SOURCE IMAGES TO ATTACH FIRST: EBAY_HQ_2018_CC_BY_SA.jpg; NATICK_CENTER_2020_CC_BY_SA.jpg.
SOURCE PREP: EBAY_HQ_2018_CC_BY_SA.jpg: attach directly as factual visual source; preserve recognizable source identity. NATICK_CENTER_2020_CC_BY_SA.jpg: attach directly as factual visual source; preserve recognizable source identity.
No raw PDF/HTML input.

STYLE REFERENCE TO ATTACH LAST: R5_STYLE_DOSSIER, media_id 3f30e1ef-3a0e-4158-914f-70bb25fa30a4.
REFERENCE PRIORITY — HARD: (1) locked narration and exact text, (2) FACTUAL SOURCE images, (3) STYLE REFERENCE last. If the style reference contains a person, object, logo, document, place, quote, or evidence subject not present in the factual sources for this beat, IGNORE IT COMPLETELY. The style reference is NON-FACTUAL and may contribute ONLY palette, typography scale, paper layering, texture, spacing, framing, line weight and restrained red-accent language. NEVER copy its pig mask, building, map, office, legal note, headline wording or any other subject matter unless that same subject is also in the factual source list for this beat.

COMPOSITION: two-source asymmetrical collage: dominant authentic source upper-right and smaller context crop upper-left; headline mid-left; black negative space below; one subtle binder-clip or file-tab element
FINAL IMAGE REQUIREMENT: the factual source material above must already be visibly integrated in the finished frame. No empty placeholder, no later source-insertion pass, no invented substitute evidence. Preserve the identity of real photos/evidence. For document/message material, show only the prepared short authentic excerpt; never rebuild a full page of text.

CHANNEL LOOK: premium investigative business documentary; textured black/charcoal field, warm paper surfaces, large condensed paper-white headline, restrained signal-red accent, thin editorial rules, file/tab/clip details only when relevant, authentic-source-first hierarchy. Keep the family resemblance to the style reference but vary crop, focal side, layering and thematic element so adjacent beats are not monotonous.

SUBTITLE SAFE — HARD: bottom 22% of the frame must remain visually quiet. No main text, support text, faces, evidence, source label, legal qualifier, map point or diagram node in that lower band.

TEXT — HARD: generate only MAIN TEXT, optional SUPPORT TEXT, and at most one short factual source/date/role label. No decorative microcopy. No invented legal/status language. No long body text. No gibberish.

LEGAL/FACTUAL LOCK: None beyond the locked narration.

REJECT IF: style-reference subject leaks into the scene; wrong source appears; full dense document is reproduced; pseudo-text appears; source is missing; important content enters subtitle band; red dominates; layout becomes a card-grid/dashboard; horror/tabloid treatment appears; a legal status or amount is changed.

OUTPUT: one finished montage-ready still that matches this exact beat and can be cut directly under the narration.",R6_READY_FOR_REVIEW_NOT_AUTHORIZED_FOR_GENERATION
B011,S02,74.680,82.100,SOURCE_STYLED_GENERATION,T01,R5_STYLE_DOSSIER,3f30e1ef-3a0e-4158-914f-70bb25fa30a4,FACTUAL_SOURCES_FIRST__STYLE_REFERENCE_LAST,DC018_CIVIL_COMPLAINT_COVER.png;EBAY_HQ_2018_CC_BY_SA.jpg,S009_D711_SUMMARY_JUDGMENT_ORDER.pdf,DC018_CIVIL_COMPLAINT_COVER.png: BEFORE JOB crop to the one short relevant excerpt/highlight for this beat; do not attach a whole dense text page. EBAY_HQ_2018_CC_BY_SA.jpg: attach directly as factual visual source; preserve recognizable source identity.,ECOMMERCEBYTES • SINCE 1999,,full-width source strip across upper 60%; headline block at lower-left but entirely above subtitle-safe band; one tiny source/date tag; restrained paper edge and red tick,"BEAT B011 — FINAL 16:9 WHAT IT COST STILL
ROUTE: SOURCE_STYLED_GENERATION
FAMILY: T01
SCRIPT: ""Ina and David Steiner ran EcommerceBytes, an independent publication covering online commerce since nineteen ninety-nine.""
MAIN TEXT: ""ECOMMERCEBYTES • SINCE 1999""

FACTUAL SOURCE IMAGES TO ATTACH FIRST: DC018_CIVIL_COMPLAINT_COVER.png; EBAY_HQ_2018_CC_BY_SA.jpg.
SOURCE PREP: DC018_CIVIL_COMPLAINT_COVER.png: BEFORE JOB crop to the one short relevant excerpt/highlight for this beat; do not attach a whole dense text page. EBAY_HQ_2018_CC_BY_SA.jpg: attach directly as factual visual source; preserve recognizable source identity.
SOURCE-OF-TRUTH DOCS — DO NOT ATTACH RAW TO THE MODEL: S009_D711_SUMMARY_JUDGMENT_ORDER.pdf. They support factual wording only; use an existing/tight prepared image excerpt instead.

STYLE REFERENCE TO ATTACH LAST: R5_STYLE_DOSSIER, media_id 3f30e1ef-3a0e-4158-914f-70bb25fa30a4.
REFERENCE PRIORITY — HARD: (1) locked narration and exact text, (2) FACTUAL SOURCE images, (3) STYLE REFERENCE last. If the style reference contains a person, object, logo, document, place, quote, or evidence subject not present in the factual sources for this beat, IGNORE IT COMPLETELY. The style reference is NON-FACTUAL and may contribute ONLY palette, typography scale, paper layering, texture, spacing, framing, line weight and restrained red-accent language. NEVER copy its pig mask, building, map, office, legal note, headline wording or any other subject matter unless that same subject is also in the factual source list for this beat.

COMPOSITION: full-width source strip across upper 60%; headline block at lower-left but entirely above subtitle-safe band; one tiny source/date tag; restrained paper edge and red tick
FINAL IMAGE REQUIREMENT: the factual source material above must already be visibly integrated in the finished frame. No empty placeholder, no later source-insertion pass, no invented substitute evidence. Preserve the identity of real photos/evidence. For document/message material, show only the prepared short authentic excerpt; never rebuild a full page of text.

CHANNEL LOOK: premium investigative business documentary; textured black/charcoal field, warm paper surfaces, large condensed paper-white headline, restrained signal-red accent, thin editorial rules, file/tab/clip details only when relevant, authentic-source-first hierarchy. Keep the family resemblance to the style reference but vary crop, focal side, layering and thematic element so adjacent beats are not monotonous.

SUBTITLE SAFE — HARD: bottom 22% of the frame must remain visually quiet. No main text, support text, faces, evidence, source label, legal qualifier, map point or diagram node in that lower band.

TEXT — HARD: generate only MAIN TEXT, optional SUPPORT TEXT, and at most one short factual source/date/role label. No decorative microcopy. No invented legal/status language. No long body text. No gibberish.

LEGAL/FACTUAL LOCK: None beyond the locked narration.

REJECT IF: style-reference subject leaks into the scene; wrong source appears; full dense document is reproduced; pseudo-text appears; source is missing; important content enters subtitle band; red dominates; layout becomes a card-grid/dashboard; horror/tabloid treatment appears; a legal status or amount is changed.

OUTPUT: one finished montage-ready still that matches this exact beat and can be cut directly under the narration.",R6_READY_FOR_REVIEW_NOT_AUTHORIZED_FOR_GENERATION
B012,S02,82.920,89.480,SOURCE_STYLED_GENERATION,T01,R5_STYLE_DOSSIER,3f30e1ef-3a0e-4158-914f-70bb25fa30a4,FACTUAL_SOURCES_FIRST__STYLE_REFERENCE_LAST,DC018_CIVIL_COMPLAINT_COVER.png;EBAY_HQ_2018_CC_BY_SA.jpg,S009_D711_SUMMARY_JUDGMENT_ORDER.pdf,DC018_CIVIL_COMPLAINT_COVER.png: BEFORE JOB crop to the one short relevant excerpt/highlight for this beat; do not attach a whole dense text page. EBAY_HQ_2018_CC_BY_SA.jpg: attach directly as factual visual source; preserve recognizable source identity.,SMALL PUBLICATION / GLOBAL MARKETPLACE,,large authentic source frame on the right two-thirds; oversized headline left; short red dash above headline; one thin horizontal rule; one small paper tab overlapping the source frame,"BEAT B012 — FINAL 16:9 WHAT IT COST STILL
ROUTE: SOURCE_STYLED_GENERATION
FAMILY: T01
SCRIPT: ""The scale mismatch was obvious: an independent trade publication on one side, a global marketplace on the other.""
MAIN TEXT: ""SMALL PUBLICATION / GLOBAL MARKETPLACE""

FACTUAL SOURCE IMAGES TO ATTACH FIRST: DC018_CIVIL_COMPLAINT_COVER.png; EBAY_HQ_2018_CC_BY_SA.jpg.
SOURCE PREP: DC018_CIVIL_COMPLAINT_COVER.png: BEFORE JOB crop to the one short relevant excerpt/highlight for this beat; do not attach a whole dense text page. EBAY_HQ_2018_CC_BY_SA.jpg: attach directly as factual visual source; preserve recognizable source identity.
SOURCE-OF-TRUTH DOCS — DO NOT ATTACH RAW TO THE MODEL: S009_D711_SUMMARY_JUDGMENT_ORDER.pdf. They support factual wording only; use an existing/tight prepared image excerpt instead.

STYLE REFERENCE TO ATTACH LAST: R5_STYLE_DOSSIER, media_id 3f30e1ef-3a0e-4158-914f-70bb25fa30a4.
REFERENCE PRIORITY — HARD: (1) locked narration and exact text, (2) FACTUAL SOURCE images, (3) STYLE REFERENCE last. If the style reference contains a person, object, logo, document, place, quote, or evidence subject not present in the factual sources for this beat, IGNORE IT COMPLETELY. The style reference is NON-FACTUAL and may contribute ONLY palette, typography scale, paper layering, texture, spacing, framing, line weight and restrained red-accent language. NEVER copy its pig mask, building, map, office, legal note, headline wording or any other subject matter unless that same subject is also in the factual source list for this beat.

COMPOSITION: large authentic source frame on the right two-thirds; oversized headline left; short red dash above headline; one thin horizontal rule; one small paper tab overlapping the source frame
FINAL IMAGE REQUIREMENT: the factual source material above must already be visibly integrated in the finished frame. No empty placeholder, no later source-insertion pass, no invented substitute evidence. Preserve the identity of real photos/evidence. For document/message material, show only the prepared short authentic excerpt; never rebuild a full page of text.

CHANNEL LOOK: premium investigative business documentary; textured black/charcoal field, warm paper surfaces, large condensed paper-white headline, restrained signal-red accent, thin editorial rules, file/tab/clip details only when relevant, authentic-source-first hierarchy. Keep the family resemblance to the style reference but vary crop, focal side, layering and thematic element so adjacent beats are not monotonous.

SUBTITLE SAFE — HARD: bottom 22% of the frame must remain visually quiet. No main text, support text, faces, evidence, source label, legal qualifier, map point or diagram node in that lower band.

TEXT — HARD: generate only MAIN TEXT, optional SUPPORT TEXT, and at most one short factual source/date/role label. No decorative microcopy. No invented legal/status language. No long body text. No gibberish.

LEGAL/FACTUAL LOCK: None beyond the locked narration.

REJECT IF: style-reference subject leaks into the scene; wrong source appears; full dense document is reproduced; pseudo-text appears; source is missing; important content enters subtitle band; red dominates; layout becomes a card-grid/dashboard; horror/tabloid treatment appears; a legal status or amount is changed.

OUTPUT: one finished montage-ready still that matches this exact beat and can be cut directly under the narration.",R6_READY_FOR_REVIEW_NOT_AUTHORIZED_FOR_GENERATION
B013,S02,90.120,99.720,SOURCE_STYLED_GENERATION,T02,R5_STYLE_DOSSIER,3f30e1ef-3a0e-4158-914f-70bb25fa30a4,FACTUAL_SOURCES_FIRST__STYLE_REFERENCE_LAST,DC018_CIVIL_COMPLAINT_COVER.png;EBAY_HQ_2018_CC_BY_SA.jpg,S009_D711_SUMMARY_JUDGMENT_ORDER.pdf,DC018_CIVIL_COMPLAINT_COVER.png: BEFORE JOB crop to the one short relevant excerpt/highlight for this beat; do not attach a whole dense text page. EBAY_HQ_2018_CC_BY_SA.jpg: attach directly as factual visual source; preserve recognizable source identity.,SELLERS • RULES • EXECUTIVE DECISIONS,,dominant source portrait/photo upper-right; left-side dossier headline and role/status line; one small authentic excerpt card beneath photo but above subtitle-safe band; thin rule divider,"BEAT B013 — FINAL 16:9 WHAT IT COST STILL
ROUTE: SOURCE_STYLED_GENERATION
FAMILY: T02
SCRIPT: ""But the Steiners covered eBay's world closely — sellers, marketplace rules, executive decisions, and the complaints of people who depended on platforms like eBay.""
MAIN TEXT: ""SELLERS • RULES • EXECUTIVE DECISIONS""

FACTUAL SOURCE IMAGES TO ATTACH FIRST: DC018_CIVIL_COMPLAINT_COVER.png; EBAY_HQ_2018_CC_BY_SA.jpg.
SOURCE PREP: DC018_CIVIL_COMPLAINT_COVER.png: BEFORE JOB crop to the one short relevant excerpt/highlight for this beat; do not attach a whole dense text page. EBAY_HQ_2018_CC_BY_SA.jpg: attach directly as factual visual source; preserve recognizable source identity.
SOURCE-OF-TRUTH DOCS — DO NOT ATTACH RAW TO THE MODEL: S009_D711_SUMMARY_JUDGMENT_ORDER.pdf. They support factual wording only; use an existing/tight prepared image excerpt instead.

STYLE REFERENCE TO ATTACH LAST: R5_STYLE_DOSSIER, media_id 3f30e1ef-3a0e-4158-914f-70bb25fa30a4.
REFERENCE PRIORITY — HARD: (1) locked narration and exact text, (2) FACTUAL SOURCE images, (3) STYLE REFERENCE last. If the style reference contains a person, object, logo, document, place, quote, or evidence subject not present in the factual sources for this beat, IGNORE IT COMPLETELY. The style reference is NON-FACTUAL and may contribute ONLY palette, typography scale, paper layering, texture, spacing, framing, line weight and restrained red-accent language. NEVER copy its pig mask, building, map, office, legal note, headline wording or any other subject matter unless that same subject is also in the factual source list for this beat.

COMPOSITION: dominant source portrait/photo upper-right; left-side dossier headline and role/status line; one small authentic excerpt card beneath photo but above subtitle-safe band; thin rule divider
FINAL IMAGE REQUIREMENT: the factual source material above must already be visibly integrated in the finished frame. No empty placeholder, no later source-insertion pass, no invented substitute evidence. Preserve the identity of real photos/evidence. For document/message material, show only the prepared short authentic excerpt; never rebuild a full page of text.

CHANNEL LOOK: premium investigative business documentary; textured black/charcoal field, warm paper surfaces, large condensed paper-white headline, restrained signal-red accent, thin editorial rules, file/tab/clip details only when relevant, authentic-source-first hierarchy. Keep the family resemblance to the style reference but vary crop, focal side, layering and thematic element so adjacent beats are not monotonous.

SUBTITLE SAFE — HARD: bottom 22% of the frame must remain visually quiet. No main text, support text, faces, evidence, source label, legal qualifier, map point or diagram node in that lower band.

TEXT — HARD: generate only MAIN TEXT, optional SUPPORT TEXT, and at most one short factual source/date/role label. No decorative microcopy. No invented legal/status language. No long body text. No gibberish.

LEGAL/FACTUAL LOCK: None beyond the locked narration.

REJECT IF: style-reference subject leaks into the scene; wrong source appears; full dense document is reproduced; pseudo-text appears; source is missing; important content enters subtitle band; red dominates; layout becomes a card-grid/dashboard; horror/tabloid treatment appears; a legal status or amount is changed.

OUTPUT: one finished montage-ready still that matches this exact beat and can be cut directly under the narration.",R6_READY_FOR_REVIEW_NOT_AUTHORIZED_FOR_GENERATION
B014,S02,100.540,110.020,SOURCE_STYLED_GENERATION,T03,R5_STYLE_DOSSIER,3f30e1ef-3a0e-4158-914f-70bb25fa30a4,FACTUAL_SOURCES_FIRST__STYLE_REFERENCE_LAST,DC018_CIVIL_COMPLAINT_COVER.png;EBAY_HQ_2018_CC_BY_SA.jpg,S009_D711_SUMMARY_JUDGMENT_ORDER.pdf,DC018_CIVIL_COMPLAINT_COVER.png: BEFORE JOB crop to the one short relevant excerpt/highlight for this beat; do not attach a whole dense text page. EBAY_HQ_2018_CC_BY_SA.jpg: attach directly as factual visual source; preserve recognizable source identity.,SPRING 2019,,"source excerpt framed like a photographic evidence print, slightly offset; headline left or top-left; second tiny context image only if needed; no decorative body text","BEAT B014 — FINAL 16:9 WHAT IT COST STILL
ROUTE: SOURCE_STYLED_GENERATION
FAMILY: T03
SCRIPT: ""By spring twenty nineteen, a later federal court record shows that EcommerceBytes had become an increasing source of frustration for people inside eBay's leadership.""
MAIN TEXT: ""SPRING 2019""

FACTUAL SOURCE IMAGES TO ATTACH FIRST: DC018_CIVIL_COMPLAINT_COVER.png; EBAY_HQ_2018_CC_BY_SA.jpg.
SOURCE PREP: DC018_CIVIL_COMPLAINT_COVER.png: BEFORE JOB crop to the one short relevant excerpt/highlight for this beat; do not attach a whole dense text page. EBAY_HQ_2018_CC_BY_SA.jpg: attach directly as factual visual source; preserve recognizable source identity.
SOURCE-OF-TRUTH DOCS — DO NOT ATTACH RAW TO THE MODEL: S009_D711_SUMMARY_JUDGMENT_ORDER.pdf. They support factual wording only; use an existing/tight prepared image excerpt instead.

STYLE REFERENCE TO ATTACH LAST: R5_STYLE_DOSSIER, media_id 3f30e1ef-3a0e-4158-914f-70bb25fa30a4.
REFERENCE PRIORITY — HARD: (1) locked narration and exact text, (2) FACTUAL SOURCE images, (3) STYLE REFERENCE last. If the style reference contains a person, object, logo, document, place, quote, or evidence subject not present in the factual sources for this beat, IGNORE IT COMPLETELY. The style reference is NON-FACTUAL and may contribute ONLY palette, typography scale, paper layering, texture, spacing, framing, line weight and restrained red-accent language. NEVER copy its pig mask, building, map, office, legal note, headline wording or any other subject matter unless that same subject is also in the factual source list for this beat.

COMPOSITION: source excerpt framed like a photographic evidence print, slightly offset; headline left or top-left; second tiny context image only if needed; no decorative body text
FINAL IMAGE REQUIREMENT: the factual source material above must already be visibly integrated in the finished frame. No empty placeholder, no later source-insertion pass, no invented substitute evidence. Preserve the identity of real photos/evidence. For document/message material, show only the prepared short authentic excerpt; never rebuild a full page of text.

CHANNEL LOOK: premium investigative business documentary; textured black/charcoal field, warm paper surfaces, large condensed paper-white headline, restrained signal-red accent, thin editorial rules, file/tab/clip details only when relevant, authentic-source-first hierarchy. Keep the family resemblance to the style reference but vary crop, focal side, layering and thematic element so adjacent beats are not monotonous.

SUBTITLE SAFE — HARD: bottom 22% of the frame must remain visually quiet. No main text, support text, faces, evidence, source label, legal qualifier, map point or diagram node in that lower band.

TEXT — HARD: generate only MAIN TEXT, optional SUPPORT TEXT, and at most one short factual source/date/role label. No decorative microcopy. No invented legal/status language. No long body text. No gibberish.

LEGAL/FACTUAL LOCK: None beyond the locked narration.

REJECT IF: style-reference subject leaks into the scene; wrong source appears; full dense document is reproduced; pseudo-text appears; source is missing; important content enters subtitle band; red dominates; layout becomes a card-grid/dashboard; horror/tabloid treatment appears; a legal status or amount is changed.

OUTPUT: one finished montage-ready still that matches this exact beat and can be cut directly under the narration.",R6_READY_FOR_REVIEW_NOT_AUTHORIZED_FOR_GENERATION
B015,S02,110.440,119.260,SOURCE_STYLED_GENERATION,T01,R5_STYLE_DOSSIER,3f30e1ef-3a0e-4158-914f-70bb25fa30a4,FACTUAL_SOURCES_FIRST__STYLE_REFERENCE_LAST,DC018_CIVIL_COMPLAINT_COVER.png;EBAY_HQ_2018_CC_BY_SA.jpg,S009_D711_SUMMARY_JUDGMENT_ORDER.pdf,DC018_CIVIL_COMPLAINT_COVER.png: BEFORE JOB crop to the one short relevant excerpt/highlight for this beat; do not attach a whole dense text page. EBAY_HQ_2018_CC_BY_SA.jpg: attach directly as factual visual source; preserve recognizable source identity.,"CRITICISM, NOT COMPETITION",,full-width source strip across upper 60%; headline block at lower-left but entirely above subtitle-safe band; one tiny source/date tag; restrained paper edge and red tick,"BEAT B015 — FINAL 16:9 WHAT IT COST STILL
ROUTE: SOURCE_STYLED_GENERATION
FAMILY: T01
SCRIPT: ""The Steiners were not business rivals trying to take eBay's customers. They were publishers criticizing the company and giving readers a place to criticize it too.""
MAIN TEXT: ""CRITICISM, NOT COMPETITION""

FACTUAL SOURCE IMAGES TO ATTACH FIRST: DC018_CIVIL_COMPLAINT_COVER.png; EBAY_HQ_2018_CC_BY_SA.jpg.
SOURCE PREP: DC018_CIVIL_COMPLAINT_COVER.png: BEFORE JOB crop to the one short relevant excerpt/highlight for this beat; do not attach a whole dense text page. EBAY_HQ_2018_CC_BY_SA.jpg: attach directly as factual visual source; preserve recognizable source identity.
SOURCE-OF-TRUTH DOCS — DO NOT ATTACH RAW TO THE MODEL: S009_D711_SUMMARY_JUDGMENT_ORDER.pdf. They support factual wording only; use an existing/tight prepared image excerpt instead.

STYLE REFERENCE TO ATTACH LAST: R5_STYLE_DOSSIER, media_id 3f30e1ef-3a0e-4158-914f-70bb25fa30a4.
REFERENCE PRIORITY — HARD: (1) locked narration and exact text, (2) FACTUAL SOURCE images, (3) STYLE REFERENCE last. If the style reference contains a person, object, logo, document, place, quote, or evidence subject not present in the factual sources for this beat, IGNORE IT COMPLETELY. The style reference is NON-FACTUAL and may contribute ONLY palette, typography scale, paper layering, texture, spacing, framing, line weight and restrained red-accent language. NEVER copy its pig mask, building, map, office, legal note, headline wording or any other subject matter unless that same subject is also in the factual source list for this beat.

COMPOSITION: full-width source strip across upper 60%; headline block at lower-left but entirely above subtitle-safe band; one tiny source/date tag; restrained paper edge and red tick
FINAL IMAGE REQUIREMENT: the factual source material above must already be visibly integrated in the finished frame. No empty placeholder, no later source-insertion pass, no invented substitute evidence. Preserve the identity of real photos/evidence. For document/message material, show only the prepared short authentic excerpt; never rebuild a full page of text.

CHANNEL LOOK: premium investigative business documentary; textured black/charcoal field, warm paper surfaces, large condensed paper-white headline, restrained signal-red accent, thin editorial rules, file/tab/clip details only when relevant, authentic-source-first hierarchy. Keep the family resemblance to the style reference but vary crop, focal side, layering and thematic element so adjacent beats are not monotonous.

SUBTITLE SAFE — HARD: bottom 22% of the frame must remain visually quiet. No main text, support text, faces, evidence, source label, legal qualifier, map point or diagram node in that lower band.

TEXT — HARD: generate only MAIN TEXT, optional SUPPORT TEXT, and at most one short factual source/date/role label. No decorative microcopy. No invented legal/status language. No long body text. No gibberish.

LEGAL/FACTUAL LOCK: None beyond the locked narration.

REJECT IF: style-reference subject leaks into the scene; wrong source appears; full dense document is reproduced; pseudo-text appears; source is missing; important content enters subtitle band; red dominates; layout becomes a card-grid/dashboard; horror/tabloid treatment appears; a legal status or amount is changed.

OUTPUT: one finished montage-ready still that matches this exact beat and can be cut directly under the narration.",R6_READY_FOR_REVIEW_NOT_AUTHORIZED_FOR_GENERATION
B016,S02,119.920,130.260,SOURCE_STYLED_GENERATION,T01,R5_STYLE_DOSSIER,3f30e1ef-3a0e-4158-914f-70bb25fa30a4,FACTUAL_SOURCES_FIRST__STYLE_REFERENCE_LAST,DC018_CIVIL_COMPLAINT_COVER.png;EBAY_HQ_2018_CC_BY_SA.jpg,S009_D711_SUMMARY_JUDGMENT_ORDER.pdf,DC018_CIVIL_COMPLAINT_COVER.png: BEFORE JOB crop to the one short relevant excerpt/highlight for this beat; do not attach a whole dense text page. EBAY_HQ_2018_CC_BY_SA.jpg: attach directly as factual visual source; preserve recognizable source identity.,HOW DID CRITICISM BECOME SECURITY?,,large authentic source frame on the right two-thirds; oversized headline left; short red dash above headline; one thin horizontal rule; one small paper tab overlapping the source frame,"BEAT B016 — FINAL 16:9 WHAT IT COST STILL
ROUTE: SOURCE_STYLED_GENERATION
FAMILY: T01
SCRIPT: ""Companies face criticism every day. The real question is how criticism from two publishers became something people inside eBay's security organization were expected to solve.""
MAIN TEXT: ""HOW DID CRITICISM BECOME SECURITY?""

FACTUAL SOURCE IMAGES TO ATTACH FIRST: DC018_CIVIL_COMPLAINT_COVER.png; EBAY_HQ_2018_CC_BY_SA.jpg.
SOURCE PREP: DC018_CIVIL_COMPLAINT_COVER.png: BEFORE JOB crop to the one short relevant excerpt/highlight for this beat; do not attach a whole dense text page. EBAY_HQ_2018_CC_BY_SA.jpg: attach directly as factual visual source; preserve recognizable source identity.
SOURCE-OF-TRUTH DOCS — DO NOT ATTACH RAW TO THE MODEL: S009_D711_SUMMARY_JUDGMENT_ORDER.pdf. They support factual wording only; use an existing/tight prepared image excerpt instead.

STYLE REFERENCE TO ATTACH LAST: R5_STYLE_DOSSIER, media_id 3f30e1ef-3a0e-4158-914f-70bb25fa30a4.
REFERENCE PRIORITY — HARD: (1) locked narration and exact text, (2) FACTUAL SOURCE images, (3) STYLE REFERENCE last. If the style reference contains a person, object, logo, document, place, quote, or evidence subject not present in the factual sources for this beat, IGNORE IT COMPLETELY. The style reference is NON-FACTUAL and may contribute ONLY palette, typography scale, paper layering, texture, spacing, framing, line weight and restrained red-accent language. NEVER copy its pig mask, building, map, office, legal note, headline wording or any other subject matter unless that same subject is also in the factual source list for this beat.

COMPOSITION: large authentic source frame on the right two-thirds; oversized headline left; short red dash above headline; one thin horizontal rule; one small paper tab overlapping the source frame
FINAL IMAGE REQUIREMENT: the factual source material above must already be visibly integrated in the finished frame. No empty placeholder, no later source-insertion pass, no invented substitute evidence. Preserve the identity of real photos/evidence. For document/message material, show only the prepared short authentic excerpt; never rebuild a full page of text.

CHANNEL LOOK: premium investigative business documentary; textured black/charcoal field, warm paper surfaces, large condensed paper-white headline, restrained signal-red accent, thin editorial rules, file/tab/clip details only when relevant, authentic-source-first hierarchy. Keep the family resemblance to the style reference but vary crop, focal side, layering and thematic element so adjacent beats are not monotonous.

SUBTITLE SAFE — HARD: bottom 22% of the frame must remain visually quiet. No main text, support text, faces, evidence, source label, legal qualifier, map point or diagram node in that lower band.

TEXT — HARD: generate only MAIN TEXT, optional SUPPORT TEXT, and at most one short factual source/date/role label. No decorative microcopy. No invented legal/status language. No long body text. No gibberish.

LEGAL/FACTUAL LOCK: None beyond the locked narration.

REJECT IF: style-reference subject leaks into the scene; wrong source appears; full dense document is reproduced; pseudo-text appears; source is missing; important content enters subtitle band; red dominates; layout becomes a card-grid/dashboard; horror/tabloid treatment appears; a legal status or amount is changed.

OUTPUT: one finished montage-ready still that matches this exact beat and can be cut directly under the narration.",R6_READY_FOR_REVIEW_NOT_AUTHORIZED_FOR_GENERATION
B017,S03,131.060,143.460,SOURCE_STYLED_GENERATION,T03,R5_STYLE_DOSSIER,3f30e1ef-3a0e-4158-914f-70bb25fa30a4,FACTUAL_SOURCES_FIRST__STYLE_REFERENCE_LAST,DC001_CRUSH_THIS_LADY.png;LIVE_DEVIN_WENIG_COMMONS.jpg,,DC001_CRUSH_THIS_LADY.png: BEFORE JOB crop to the one short relevant excerpt/highlight for this beat; do not attach a whole dense text page. LIVE_DEVIN_WENIG_COMMONS.jpg: attach directly as factual visual source; preserve recognizable source identity.,THE INTERNAL MESSAGES,,single document crop mounted high-center on warm paper; headline upper-left; one yellow or red highlight over the exact relevant line; small source/date line above subtitle-safe zone,"BEAT B017 — FINAL 16:9 WHAT IT COST STILL
ROUTE: SOURCE_STYLED_GENERATION
FAMILY: T03
SCRIPT: ""The internal messages are where the story changes. In April twenty nineteen, Steve Wymer — eBay's communications chief — sent then-C-E-O Devin Wenig a message about an Ina Steiner article.""
MAIN TEXT: ""THE INTERNAL MESSAGES""

FACTUAL SOURCE IMAGES TO ATTACH FIRST: DC001_CRUSH_THIS_LADY.png; LIVE_DEVIN_WENIG_COMMONS.jpg.
SOURCE PREP: DC001_CRUSH_THIS_LADY.png: BEFORE JOB crop to the one short relevant excerpt/highlight for this beat; do not attach a whole dense text page. LIVE_DEVIN_WENIG_COMMONS.jpg: attach directly as factual visual source; preserve recognizable source identity.
No raw PDF/HTML input.

STYLE REFERENCE TO ATTACH LAST: R5_STYLE_DOSSIER, media_id 3f30e1ef-3a0e-4158-914f-70bb25fa30a4.
REFERENCE PRIORITY — HARD: (1) locked narration and exact text, (2) FACTUAL SOURCE images, (3) STYLE REFERENCE last. If the style reference contains a person, object, logo, document, place, quote, or evidence subject not present in the factual sources for this beat, IGNORE IT COMPLETELY. The style reference is NON-FACTUAL and may contribute ONLY palette, typography scale, paper layering, texture, spacing, framing, line weight and restrained red-accent language. NEVER copy its pig mask, building, map, office, legal note, headline wording or any other subject matter unless that same subject is also in the factual source list for this beat.

COMPOSITION: single document crop mounted high-center on warm paper; headline upper-left; one yellow or red highlight over the exact relevant line; small source/date line above subtitle-safe zone
FINAL IMAGE REQUIREMENT: the factual source material above must already be visibly integrated in the finished frame. No empty placeholder, no later source-insertion pass, no invented substitute evidence. Preserve the identity of real photos/evidence. For document/message material, show only the prepared short authentic excerpt; never rebuild a full page of text.

CHANNEL LOOK: premium investigative business documentary; textured black/charcoal field, warm paper surfaces, large condensed paper-white headline, restrained signal-red accent, thin editorial rules, file/tab/clip details only when relevant, authentic-source-first hierarchy. Keep the family resemblance to the style reference but vary crop, focal side, layering and thematic element so adjacent beats are not monotonous.

SUBTITLE SAFE — HARD: bottom 22% of the frame must remain visually quiet. No main text, support text, faces, evidence, source label, legal qualifier, map point or diagram node in that lower band.

TEXT — HARD: generate only MAIN TEXT, optional SUPPORT TEXT, and at most one short factual source/date/role label. No decorative microcopy. No invented legal/status language. No long body text. No gibberish.

LEGAL/FACTUAL LOCK: None beyond the locked narration.

REJECT IF: style-reference subject leaks into the scene; wrong source appears; full dense document is reproduced; pseudo-text appears; source is missing; important content enters subtitle band; red dominates; layout becomes a card-grid/dashboard; horror/tabloid treatment appears; a legal status or amount is changed.

OUTPUT: one finished montage-ready still that matches this exact beat and can be cut directly under the narration.",R6_READY_FOR_REVIEW_NOT_AUTHORIZED_FOR_GENERATION
B018,S03,144.140,146.920,SOURCE_NATIVE_EDITORIAL,T01,R5_STYLE_DOSSIER,3f30e1ef-3a0e-4158-914f-70bb25fa30a4,FACTUAL_SOURCES_FIRST__STYLE_REFERENCE_LAST,DC001_CRUSH_THIS_LADY.png,,"DC001_CRUSH_THIS_LADY.png: BEFORE JOB crop to the one short relevant excerpt/highlight for this beat; do not attach a whole dense text page. B018 special: quote/message crop is the ONLY factual visual subject. Do not attach pig-mask, insect, GPS, courthouse, or eBay-HQ imagery.",“WE ARE GOING TO CRUSH THIS LADY.”,,Make the authentic internal-message quote crop the only hero source in the upper/right two-thirds; large exact quote at left; one small source/date line; black negative space below. No pig mask or harassment-object imagery.,"BEAT B018 — FINAL 16:9 WHAT IT COST STILL
ROUTE: SOURCE_NATIVE_EDITORIAL
FAMILY: T01
SCRIPT: ""His words were: “We are going to crush this lady.”""
MAIN TEXT: ""“WE ARE GOING TO CRUSH THIS LADY.”""

FACTUAL SOURCE IMAGES TO ATTACH FIRST: DC001_CRUSH_THIS_LADY.png.
SOURCE PREP: DC001_CRUSH_THIS_LADY.png: BEFORE JOB crop to the one short relevant excerpt/highlight for this beat; do not attach a whole dense text page. B018 special: quote/message crop is the ONLY factual visual subject. Do not attach pig-mask, insect, GPS, courthouse, or eBay-HQ imagery.
No raw PDF/HTML input.

STYLE REFERENCE TO ATTACH LAST: R5_STYLE_DOSSIER, media_id 3f30e1ef-3a0e-4158-914f-70bb25fa30a4.
REFERENCE PRIORITY — HARD: (1) locked narration and exact text, (2) FACTUAL SOURCE images, (3) STYLE REFERENCE last. If the style reference contains a person, object, logo, document, place, quote, or evidence subject not present in the factual sources for this beat, IGNORE IT COMPLETELY. The style reference is NON-FACTUAL and may contribute ONLY palette, typography scale, paper layering, texture, spacing, framing, line weight and restrained red-accent language. NEVER copy its pig mask, building, map, office, legal note, headline wording or any other subject matter unless that same subject is also in the factual source list for this beat.

COMPOSITION: Make the authentic internal-message quote crop the only hero source in the upper/right two-thirds; large exact quote at left; one small source/date line; black negative space below. No pig mask or harassment-object imagery.
FINAL IMAGE REQUIREMENT: the factual source material above must already be visibly integrated in the finished frame. No empty placeholder, no later source-insertion pass, no invented substitute evidence. Preserve the identity of real photos/evidence. For document/message material, show only the prepared short authentic excerpt; never rebuild a full page of text.

CHANNEL LOOK: premium investigative business documentary; textured black/charcoal field, warm paper surfaces, large condensed paper-white headline, restrained signal-red accent, thin editorial rules, file/tab/clip details only when relevant, authentic-source-first hierarchy. Keep the family resemblance to the style reference but vary crop, focal side, layering and thematic element so adjacent beats are not monotonous.

SUBTITLE SAFE — HARD: bottom 22% of the frame must remain visually quiet. No main text, support text, faces, evidence, source label, legal qualifier, map point or diagram node in that lower band.

TEXT — HARD: generate only MAIN TEXT, optional SUPPORT TEXT, and at most one short factual source/date/role label. No decorative microcopy. No invented legal/status language. No long body text. No gibberish.

LEGAL/FACTUAL LOCK: None beyond the locked narration.

REJECT IF: style-reference subject leaks into the scene; wrong source appears; full dense document is reproduced; pseudo-text appears; source is missing; important content enters subtitle band; red dominates; layout becomes a card-grid/dashboard; horror/tabloid treatment appears; a legal status or amount is changed.

OUTPUT: one finished montage-ready still that matches this exact beat and can be cut directly under the narration.",R6_READY_FOR_REVIEW_NOT_AUTHORIZED_FOR_GENERATION
B019,S03,147.600,152.740,SOURCE_NATIVE_EDITORIAL,T03,R5_STYLE_DOSSIER,3f30e1ef-3a0e-4158-914f-70bb25fa30a4,FACTUAL_SOURCES_FIRST__STYLE_REFERENCE_LAST,DC003_TAKE_HER_DOWN.png,,DC003_TAKE_HER_DOWN.png: BEFORE JOB crop to the one short relevant excerpt/highlight for this beat; do not attach a whole dense text page.,“TAKE HER DOWN.”,,wide horizontal authentic excerpt across upper half; condensed headline above-left; one clipped corner/tab; black textured negative space below for captions,"BEAT B019 — FINAL 16:9 WHAT IT COST STILL
ROUTE: SOURCE_NATIVE_EDITORIAL
FAMILY: T03
SCRIPT: ""Weeks later, according to the federal court record, Wenig told Wymer to “take her down.”""
MAIN TEXT: ""“TAKE HER DOWN.”""

FACTUAL SOURCE IMAGES TO ATTACH FIRST: DC003_TAKE_HER_DOWN.png.
SOURCE PREP: DC003_TAKE_HER_DOWN.png: BEFORE JOB crop to the one short relevant excerpt/highlight for this beat; do not attach a whole dense text page.
No raw PDF/HTML input.

STYLE REFERENCE TO ATTACH LAST: R5_STYLE_DOSSIER, media_id 3f30e1ef-3a0e-4158-914f-70bb25fa30a4.
REFERENCE PRIORITY — HARD: (1) locked narration and exact text, (2) FACTUAL SOURCE images, (3) STYLE REFERENCE last. If the style reference contains a person, object, logo, document, place, quote, or evidence subject not present in the factual sources for this beat, IGNORE IT COMPLETELY. The style reference is NON-FACTUAL and may contribute ONLY palette, typography scale, paper layering, texture, spacing, framing, line weight and restrained red-accent language. NEVER copy its pig mask, building, map, office, legal note, headline wording or any other subject matter unless that same subject is also in the factual source list for this beat.

COMPOSITION: wide horizontal authentic excerpt across upper half; condensed headline above-left; one clipped corner/tab; black textured negative space below for captions
FINAL IMAGE REQUIREMENT: the factual source material above must already be visibly integrated in the finished frame. No empty placeholder, no later source-insertion pass, no invented substitute evidence. Preserve the identity of real photos/evidence. For document/message material, show only the prepared short authentic excerpt; never rebuild a full page of text.

CHANNEL LOOK: premium investigative business documentary; textured black/charcoal field, warm paper surfaces, large condensed paper-white headline, restrained signal-red accent, thin editorial rules, file/tab/clip details only when relevant, authentic-source-first hierarchy. Keep the family resemblance to the style reference but vary crop, focal side, layering and thematic element so adjacent beats are not monotonous.

SUBTITLE SAFE — HARD: bottom 22% of the frame must remain visually quiet. No main text, support text, faces, evidence, source label, legal qualifier, map point or diagram node in that lower band.

TEXT — HARD: generate only MAIN TEXT, optional SUPPORT TEXT, and at most one short factual source/date/role label. No decorative microcopy. No invented legal/status language. No long body text. No gibberish.

LEGAL/FACTUAL LOCK: None beyond the locked narration.

REJECT IF: style-reference subject leaks into the scene; wrong source appears; full dense document is reproduced; pseudo-text appears; source is missing; important content enters subtitle band; red dominates; layout becomes a card-grid/dashboard; horror/tabloid treatment appears; a legal status or amount is changed.

OUTPUT: one finished montage-ready still that matches this exact beat and can be cut directly under the narration.",R6_READY_FOR_REVIEW_NOT_AUTHORIZED_FOR_GENERATION
B020,S03,153.580,159.860,SOURCE_NATIVE_EDITORIAL,T03,R5_STYLE_MAP_LOCATION,aeaf1ee7-3e3d-42ba-b137-7eaa2218685e,FACTUAL_SOURCES_FIRST__STYLE_REFERENCE_LAST,DC004_NOW_IS_THE_TIME.png,,DC004_NOW_IS_THE_TIME.png: BEFORE JOB crop to the one short relevant excerpt/highlight for this beat; do not attach a whole dense text page.,“NOW IS THE TIME.”,,"tight authentic quote/document crop as the hero on the right; large headline on left; one exact highlighted line only; paper edge, clip, and small factual source label; no full-page text wall","BEAT B020 — FINAL 16:9 WHAT IT COST STILL
ROUTE: SOURCE_NATIVE_EDITORIAL
FAMILY: T03
SCRIPT: ""And on August first, another message from Wenig said that if they were ever going to act, “now is the time.”""
MAIN TEXT: ""“NOW IS THE TIME.”""

FACTUAL SOURCE IMAGES TO ATTACH FIRST: DC004_NOW_IS_THE_TIME.png.
SOURCE PREP: DC004_NOW_IS_THE_TIME.png: BEFORE JOB crop to the one short relevant excerpt/highlight for this beat; do not attach a whole dense text page.
No raw PDF/HTML input.

STYLE REFERENCE TO ATTACH LAST: R5_STYLE_MAP_LOCATION, media_id aeaf1ee7-3e3d-42ba-b137-7eaa2218685e.
REFERENCE PRIORITY — HARD: (1) locked narration and exact text, (2) FACTUAL SOURCE images, (3) STYLE REFERENCE last. If the style reference contains a person, object, logo, document, place, quote, or evidence subject not present in the factual sources for this beat, IGNORE IT COMPLETELY. The style reference is NON-FACTUAL and may contribute ONLY palette, typography scale, paper layering, texture, spacing, framing, line weight and restrained red-accent language. NEVER copy its pig mask, building, map, office, legal note, headline wording or any other subject matter unless that same subject is also in the factual source list for this beat.

COMPOSITION: tight authentic quote/document crop as the hero on the right; large headline on left; one exact highlighted line only; paper edge, clip, and small factual source label; no full-page text wall
FINAL IMAGE REQUIREMENT: the factual source material above must already be visibly integrated in the finished frame. No empty placeholder, no later source-insertion pass, no invented substitute evidence. Preserve the identity of real photos/evidence. For document/message material, show only the prepared short authentic excerpt; never rebuild a full page of text.

CHANNEL LOOK: premium investigative business documentary; textured black/charcoal field, warm paper surfaces, large condensed paper-white headline, restrained signal-red accent, thin editorial rules, file/tab/clip details only when relevant, authentic-source-first hierarchy. Keep the family resemblance to the style reference but vary crop, focal side, layering and thematic element so adjacent beats are not monotonous.

SUBTITLE SAFE — HARD: bottom 22% of the frame must remain visually quiet. No main text, support text, faces, evidence, source label, legal qualifier, map point or diagram node in that lower band.

TEXT — HARD: generate only MAIN TEXT, optional SUPPORT TEXT, and at most one short factual source/date/role label. No decorative microcopy. No invented legal/status language. No long body text. No gibberish.

LEGAL/FACTUAL LOCK: None beyond the locked narration.

REJECT IF: style-reference subject leaks into the scene; wrong source appears; full dense document is reproduced; pseudo-text appears; source is missing; important content enters subtitle band; red dominates; layout becomes a card-grid/dashboard; horror/tabloid treatment appears; a legal status or amount is changed.

OUTPUT: one finished montage-ready still that matches this exact beat and can be cut directly under the narration.",R6_READY_FOR_REVIEW_NOT_AUTHORIZED_FOR_GENERATION
B021,S03,160.680,168.060,HYBRID_SOURCE_EDITORIAL,T02,R5_STYLE_DOSSIER,3f30e1ef-3a0e-4158-914f-70bb25fa30a4,FACTUAL_SOURCES_FIRST__STYLE_REFERENCE_LAST,OFFICE_INTERIOR_CC0.jpg,S009_D711_SUMMARY_JUDGMENT_ORDER.pdf,OFFICE_INTERIOR_CC0.jpg: attach directly as factual visual source; preserve recognizable source identity.,WORDS ≠ PROOF OF AN ORDER,,dominant source portrait/photo upper-right; left-side dossier headline and role/status line; one small authentic excerpt card beneath photo but above subtitle-safe band; thin rule divider,"BEAT B021 — FINAL 16:9 WHAT IT COST STILL
ROUTE: HYBRID_SOURCE_EDITORIAL
FAMILY: T02
SCRIPT: ""Those words are dramatic. But they are not, by themselves, proof that Wenig or any other executive ordered the crimes that followed.""
MAIN TEXT: ""WORDS ≠ PROOF OF AN ORDER""

FACTUAL SOURCE IMAGES TO ATTACH FIRST: OFFICE_INTERIOR_CC0.jpg.
SOURCE PREP: OFFICE_INTERIOR_CC0.jpg: attach directly as factual visual source; preserve recognizable source identity.
SOURCE-OF-TRUTH DOCS — DO NOT ATTACH RAW TO THE MODEL: S009_D711_SUMMARY_JUDGMENT_ORDER.pdf. They support factual wording only; use an existing/tight prepared image excerpt instead.

STYLE REFERENCE TO ATTACH LAST: R5_STYLE_DOSSIER, media_id 3f30e1ef-3a0e-4158-914f-70bb25fa30a4.
REFERENCE PRIORITY — HARD: (1) locked narration and exact text, (2) FACTUAL SOURCE images, (3) STYLE REFERENCE last. If the style reference contains a person, object, logo, document, place, quote, or evidence subject not present in the factual sources for this beat, IGNORE IT COMPLETELY. The style reference is NON-FACTUAL and may contribute ONLY palette, typography scale, paper layering, texture, spacing, framing, line weight and restrained red-accent language. NEVER copy its pig mask, building, map, office, legal note, headline wording or any other subject matter unless that same subject is also in the factual source list for this beat.

COMPOSITION: dominant source portrait/photo upper-right; left-side dossier headline and role/status line; one small authentic excerpt card beneath photo but above subtitle-safe band; thin rule divider
FINAL IMAGE REQUIREMENT: the factual source material above must already be visibly integrated in the finished frame. No empty placeholder, no later source-insertion pass, no invented substitute evidence. Preserve the identity of real photos/evidence. For document/message material, show only the prepared short authentic excerpt; never rebuild a full page of text.

CHANNEL LOOK: premium investigative business documentary; textured black/charcoal field, warm paper surfaces, large condensed paper-white headline, restrained signal-red accent, thin editorial rules, file/tab/clip details only when relevant, authentic-source-first hierarchy. Keep the family resemblance to the style reference but vary crop, focal side, layering and thematic element so adjacent beats are not monotonous.

SUBTITLE SAFE — HARD: bottom 22% of the frame must remain visually quiet. No main text, support text, faces, evidence, source label, legal qualifier, map point or diagram node in that lower band.

TEXT — HARD: generate only MAIN TEXT, optional SUPPORT TEXT, and at most one short factual source/date/role label. No decorative microcopy. No invented legal/status language. No long body text. No gibberish.

LEGAL/FACTUAL LOCK: None beyond the locked narration.

REJECT IF: style-reference subject leaks into the scene; wrong source appears; full dense document is reproduced; pseudo-text appears; source is missing; important content enters subtitle band; red dominates; layout becomes a card-grid/dashboard; horror/tabloid treatment appears; a legal status or amount is changed.

OUTPUT: one finished montage-ready still that matches this exact beat and can be cut directly under the narration.",R6_READY_FOR_REVIEW_NOT_AUTHORIZED_FOR_GENERATION
B022,S03,168.740,179.680,SOURCE_NATIVE_EDITORIAL,T03,R5_STYLE_DOSSIER,3f30e1ef-3a0e-4158-914f-70bb25fa30a4,FACTUAL_SOURCES_FIRST__STYLE_REFERENCE_LAST,DC008_WENIG_NO_DIRECT_BAUGH.png;LIVE_DEVIN_WENIG_COMMONS.jpg,,DC008_WENIG_NO_DIRECT_BAUGH.png: BEFORE JOB crop to the one short relevant excerpt/highlight for this beat; do not attach a whole dense text page. LIVE_DEVIN_WENIG_COMMONS.jpg: attach directly as factual visual source; preserve recognizable source identity.,NO DIRECT COMMUNICATION WITH BAUGH,,"source excerpt framed like a photographic evidence print, slightly offset; headline left or top-left; second tiny context image only if needed; no decorative body text","BEAT B022 — FINAL 16:9 WHAT IT COST STILL
ROUTE: SOURCE_NATIVE_EDITORIAL
FAMILY: T03
SCRIPT: ""The later court record says Jim Baugh — the head of eBay security — testified that Wenig never communicated directly with him about the Steiners. Wenig's relevant communications went through Wymer.""
MAIN TEXT: ""NO DIRECT COMMUNICATION WITH BAUGH""

FACTUAL SOURCE IMAGES TO ATTACH FIRST: DC008_WENIG_NO_DIRECT_BAUGH.png; LIVE_DEVIN_WENIG_COMMONS.jpg.
SOURCE PREP: DC008_WENIG_NO_DIRECT_BAUGH.png: BEFORE JOB crop to the one short relevant excerpt/highlight for this beat; do not attach a whole dense text page. LIVE_DEVIN_WENIG_COMMONS.jpg: attach directly as factual visual source; preserve recognizable source identity.
No raw PDF/HTML input.

STYLE REFERENCE TO ATTACH LAST: R5_STYLE_DOSSIER, media_id 3f30e1ef-3a0e-4158-914f-70bb25fa30a4.
REFERENCE PRIORITY — HARD: (1) locked narration and exact text, (2) FACTUAL SOURCE images, (3) STYLE REFERENCE last. If the style reference contains a person, object, logo, document, place, quote, or evidence subject not present in the factual sources for this beat, IGNORE IT COMPLETELY. The style reference is NON-FACTUAL and may contribute ONLY palette, typography scale, paper layering, texture, spacing, framing, line weight and restrained red-accent language. NEVER copy its pig mask, building, map, office, legal note, headline wording or any other subject matter unless that same subject is also in the factual source list for this beat.

COMPOSITION: source excerpt framed like a photographic evidence print, slightly offset; headline left or top-left; second tiny context image only if needed; no decorative body text
FINAL IMAGE REQUIREMENT: the factual source material above must already be visibly integrated in the finished frame. No empty placeholder, no later source-insertion pass, no invented substitute evidence. Preserve the identity of real photos/evidence. For document/message material, show only the prepared short authentic excerpt; never rebuild a full page of text.

CHANNEL LOOK: premium investigative business documentary; textured black/charcoal field, warm paper surfaces, large condensed paper-white headline, restrained signal-red accent, thin editorial rules, file/tab/clip details only when relevant, authentic-source-first hierarchy. Keep the family resemblance to the style reference but vary crop, focal side, layering and thematic element so adjacent beats are not monotonous.

SUBTITLE SAFE — HARD: bottom 22% of the frame must remain visually quiet. No main text, support text, faces, evidence, source label, legal qualifier, map point or diagram node in that lower band.

TEXT — HARD: generate only MAIN TEXT, optional SUPPORT TEXT, and at most one short factual source/date/role label. No decorative microcopy. No invented legal/status language. No long body text. No gibberish.

LEGAL/FACTUAL LOCK: None beyond the locked narration.

REJECT IF: style-reference subject leaks into the scene; wrong source appears; full dense document is reproduced; pseudo-text appears; source is missing; important content enters subtitle band; red dominates; layout becomes a card-grid/dashboard; horror/tabloid treatment appears; a legal status or amount is changed.

OUTPUT: one finished montage-ready still that matches this exact beat and can be cut directly under the narration.",R6_READY_FOR_REVIEW_NOT_AUTHORIZED_FOR_GENERATION
B023,S03,180.260,189.800,SOURCE_STYLED_GENERATION,T03,R5_STYLE_DOSSIER,3f30e1ef-3a0e-4158-914f-70bb25fa30a4,FACTUAL_SOURCES_FIRST__STYLE_REFERENCE_LAST,OFFICE_INTERIOR_CC0.jpg,S009_D711_SUMMARY_JUDGMENT_ORDER.pdf,OFFICE_INTERIOR_CC0.jpg: attach directly as factual visual source; preserve recognizable source identity.,“WHATEVER IT TAKES.”,,wide horizontal authentic excerpt across upper half; condensed headline above-left; one clipped corner/tab; black textured negative space below for captions,"BEAT B023 — FINAL 16:9 WHAT IT COST STILL
ROUTE: SOURCE_STYLED_GENERATION
FAMILY: T03
SCRIPT: ""Still, inside the organization, the language was escalating. Wymer's messages to Baugh became increasingly ag gressive, including the phrase “Whatever it takes.”""
MAIN TEXT: ""“WHATEVER IT TAKES.”""

FACTUAL SOURCE IMAGES TO ATTACH FIRST: OFFICE_INTERIOR_CC0.jpg.
SOURCE PREP: OFFICE_INTERIOR_CC0.jpg: attach directly as factual visual source; preserve recognizable source identity.
SOURCE-OF-TRUTH DOCS — DO NOT ATTACH RAW TO THE MODEL: S009_D711_SUMMARY_JUDGMENT_ORDER.pdf. They support factual wording only; use an existing/tight prepared image excerpt instead.

STYLE REFERENCE TO ATTACH LAST: R5_STYLE_DOSSIER, media_id 3f30e1ef-3a0e-4158-914f-70bb25fa30a4.
REFERENCE PRIORITY — HARD: (1) locked narration and exact text, (2) FACTUAL SOURCE images, (3) STYLE REFERENCE last. If the style reference contains a person, object, logo, document, place, quote, or evidence subject not present in the factual sources for this beat, IGNORE IT COMPLETELY. The style reference is NON-FACTUAL and may contribute ONLY palette, typography scale, paper layering, texture, spacing, framing, line weight and restrained red-accent language. NEVER copy its pig mask, building, map, office, legal note, headline wording or any other subject matter unless that same subject is also in the factual source list for this beat.

COMPOSITION: wide horizontal authentic excerpt across upper half; condensed headline above-left; one clipped corner/tab; black textured negative space below for captions
FINAL IMAGE REQUIREMENT: the factual source material above must already be visibly integrated in the finished frame. No empty placeholder, no later source-insertion pass, no invented substitute evidence. Preserve the identity of real photos/evidence. For document/message material, show only the prepared short authentic excerpt; never rebuild a full page of text.

CHANNEL LOOK: premium investigative business documentary; textured black/charcoal field, warm paper surfaces, large condensed paper-white headline, restrained signal-red accent, thin editorial rules, file/tab/clip details only when relevant, authentic-source-first hierarchy. Keep the family resemblance to the style reference but vary crop, focal side, layering and thematic element so adjacent beats are not monotonous.

SUBTITLE SAFE — HARD: bottom 22% of the frame must remain visually quiet. No main text, support text, faces, evidence, source label, legal qualifier, map point or diagram node in that lower band.

TEXT — HARD: generate only MAIN TEXT, optional SUPPORT TEXT, and at most one short factual source/date/role label. No decorative microcopy. No invented legal/status language. No long body text. No gibberish.

LEGAL/FACTUAL LOCK: None beyond the locked narration.

REJECT IF: style-reference subject leaks into the scene; wrong source appears; full dense document is reproduced; pseudo-text appears; source is missing; important content enters subtitle band; red dominates; layout becomes a card-grid/dashboard; horror/tabloid treatment appears; a legal status or amount is changed.

OUTPUT: one finished montage-ready still that matches this exact beat and can be cut directly under the narration.",R6_READY_FOR_REVIEW_NOT_AUTHORIZED_FOR_GENERATION
B024,S03,190.560,194.220,SOURCE_STYLED_GENERATION,T02,R5_STYLE_DOSSIER,3f30e1ef-3a0e-4158-914f-70bb25fa30a4,FACTUAL_SOURCES_FIRST__STYLE_REFERENCE_LAST,OFFICE_INTERIOR_CC0.jpg;EBAY_HQ_2018_CC_BY_SA.jpg,,OFFICE_INTERIOR_CC0.jpg: attach directly as factual visual source; preserve recognizable source identity. EBAY_HQ_2018_CC_BY_SA.jpg: attach directly as factual visual source; preserve recognizable source identity.,THE ISSUE MOVED TOWARD SECURITY,INTO THE SECURITY CHAIN,"Headline left; eBay/security corporate source photo right; one compact SECURITY CHAIN cue, not a generic LEGAL STATUS card; no unrelated legal-document panel.","BEAT B024 — FINAL 16:9 WHAT IT COST STILL
ROUTE: SOURCE_STYLED_GENERATION
FAMILY: T02
SCRIPT: ""Another executive relationship was pulling the issue toward security too.""
MAIN TEXT: ""THE ISSUE MOVED TOWARD SECURITY""
SUPPORT TEXT: ""INTO THE SECURITY CHAIN""

FACTUAL SOURCE IMAGES TO ATTACH FIRST: OFFICE_INTERIOR_CC0.jpg; EBAY_HQ_2018_CC_BY_SA.jpg.
SOURCE PREP: OFFICE_INTERIOR_CC0.jpg: attach directly as factual visual source; preserve recognizable source identity. EBAY_HQ_2018_CC_BY_SA.jpg: attach directly as factual visual source; preserve recognizable source identity.
No raw PDF/HTML input.

STYLE REFERENCE TO ATTACH LAST: R5_STYLE_DOSSIER, media_id 3f30e1ef-3a0e-4158-914f-70bb25fa30a4.
REFERENCE PRIORITY — HARD: (1) locked narration and exact text, (2) FACTUAL SOURCE images, (3) STYLE REFERENCE last. If the style reference contains a person, object, logo, document, place, quote, or evidence subject not present in the factual sources for this beat, IGNORE IT COMPLETELY. The style reference is NON-FACTUAL and may contribute ONLY palette, typography scale, paper layering, texture, spacing, framing, line weight and restrained red-accent language. NEVER copy its pig mask, building, map, office, legal note, headline wording or any other subject matter unless that same subject is also in the factual source list for this beat.

COMPOSITION: Headline left; eBay/security corporate source photo right; one compact SECURITY CHAIN cue, not a generic LEGAL STATUS card; no unrelated legal-document panel.
FINAL IMAGE REQUIREMENT: the factual source material above must already be visibly integrated in the finished frame. No empty placeholder, no later source-insertion pass, no invented substitute evidence. Preserve the identity of real photos/evidence. For document/message material, show only the prepared short authentic excerpt; never rebuild a full page of text.

CHANNEL LOOK: premium investigative business documentary; textured black/charcoal field, warm paper surfaces, large condensed paper-white headline, restrained signal-red accent, thin editorial rules, file/tab/clip details only when relevant, authentic-source-first hierarchy. Keep the family resemblance to the style reference but vary crop, focal side, layering and thematic element so adjacent beats are not monotonous.

SUBTITLE SAFE — HARD: bottom 22% of the frame must remain visually quiet. No main text, support text, faces, evidence, source label, legal qualifier, map point or diagram node in that lower band.

TEXT — HARD: generate only MAIN TEXT, optional SUPPORT TEXT, and at most one short factual source/date/role label. No decorative microcopy. No invented legal/status language. No long body text. No gibberish.

LEGAL/FACTUAL LOCK: None beyond the locked narration.

REJECT IF: style-reference subject leaks into the scene; wrong source appears; full dense document is reproduced; pseudo-text appears; source is missing; important content enters subtitle band; red dominates; layout becomes a card-grid/dashboard; horror/tabloid treatment appears; a legal status or amount is changed.

OUTPUT: one finished montage-ready still that matches this exact beat and can be cut directly under the narration.",R6_READY_FOR_REVIEW_NOT_AUTHORIZED_FOR_GENERATION
B025,S03,194.950,204.200,SOURCE_NATIVE_EDITORIAL,T03,R5_STYLE_DOSSIER,3f30e1ef-3a0e-4158-914f-70bb25fa30a4,FACTUAL_SOURCES_FIRST__STYLE_REFERENCE_LAST,DC002_OFF_THE_RADAR.png,,DC002_OFF_THE_RADAR.png: BEFORE JOB crop to the one short relevant excerpt/highlight for this beat; do not attach a whole dense text page.,“OFF THE RADAR.”,,single document crop mounted high-center on warm paper; headline upper-left; one yellow or red highlight over the exact relevant line; small source/date line above subtitle-safe zone,"BEAT B025 — FINAL 16:9 WHAT IT COST STILL
ROUTE: SOURCE_NATIVE_EDITORIAL
FAMILY: T03
SCRIPT: ""Wendy Jones — Baugh's direct supervisor — told him, according to the court record, to handle the issue “off the radar” and said she did not want details.""
MAIN TEXT: ""“OFF THE RADAR.”""

FACTUAL SOURCE IMAGES TO ATTACH FIRST: DC002_OFF_THE_RADAR.png.
SOURCE PREP: DC002_OFF_THE_RADAR.png: BEFORE JOB crop to the one short relevant excerpt/highlight for this beat; do not attach a whole dense text page.
No raw PDF/HTML input.

STYLE REFERENCE TO ATTACH LAST: R5_STYLE_DOSSIER, media_id 3f30e1ef-3a0e-4158-914f-70bb25fa30a4.
REFERENCE PRIORITY — HARD: (1) locked narration and exact text, (2) FACTUAL SOURCE images, (3) STYLE REFERENCE last. If the style reference contains a person, object, logo, document, place, quote, or evidence subject not present in the factual sources for this beat, IGNORE IT COMPLETELY. The style reference is NON-FACTUAL and may contribute ONLY palette, typography scale, paper layering, texture, spacing, framing, line weight and restrained red-accent language. NEVER copy its pig mask, building, map, office, legal note, headline wording or any other subject matter unless that same subject is also in the factual source list for this beat.

COMPOSITION: single document crop mounted high-center on warm paper; headline upper-left; one yellow or red highlight over the exact relevant line; small source/date line above subtitle-safe zone
FINAL IMAGE REQUIREMENT: the factual source material above must already be visibly integrated in the finished frame. No empty placeholder, no later source-insertion pass, no invented substitute evidence. Preserve the identity of real photos/evidence. For document/message material, show only the prepared short authentic excerpt; never rebuild a full page of text.

CHANNEL LOOK: premium investigative business documentary; textured black/charcoal field, warm paper surfaces, large condensed paper-white headline, restrained signal-red accent, thin editorial rules, file/tab/clip details only when relevant, authentic-source-first hierarchy. Keep the family resemblance to the style reference but vary crop, focal side, layering and thematic element so adjacent beats are not monotonous.

SUBTITLE SAFE — HARD: bottom 22% of the frame must remain visually quiet. No main text, support text, faces, evidence, source label, legal qualifier, map point or diagram node in that lower band.

TEXT — HARD: generate only MAIN TEXT, optional SUPPORT TEXT, and at most one short factual source/date/role label. No decorative microcopy. No invented legal/status language. No long body text. No gibberish.

LEGAL/FACTUAL LOCK: None beyond the locked narration.

REJECT IF: style-reference subject leaks into the scene; wrong source appears; full dense document is reproduced; pseudo-text appears; source is missing; important content enters subtitle band; red dominates; layout becomes a card-grid/dashboard; horror/tabloid treatment appears; a legal status or amount is changed.

OUTPUT: one finished montage-ready still that matches this exact beat and can be cut directly under the narration.",R6_READY_FOR_REVIEW_NOT_AUTHORIZED_FOR_GENERATION
B026,S03,205.240,216.120,HYBRID_SOURCE_EDITORIAL,T02,R5_STYLE_DOSSIER,3f30e1ef-3a0e-4158-914f-70bb25fa30a4,FACTUAL_SOURCES_FIRST__STYLE_REFERENCE_LAST,OFFICE_INTERIOR_CC0.jpg,S009_D711_SUMMARY_JUDGMENT_ORDER.pdf,OFFICE_INTERIOR_CC0.jpg: attach directly as factual visual source; preserve recognizable source identity.,LEGAL LIMITATION,,centered dossier sheet with one real photo and one short source crop; headline on left margin; small role/status tab; restrained red highlight on only one factual phrase,"BEAT B026 — FINAL 16:9 WHAT IT COST STILL
ROUTE: HYBRID_SOURCE_EDITORIAL
FAMILY: T02
SCRIPT: ""That is not the same as a finding that Jones knew what the security team would later do. But by this point, criticism from two publishers was no longer being discussed only as a communications problem.""
MAIN TEXT: ""LEGAL LIMITATION""

FACTUAL SOURCE IMAGES TO ATTACH FIRST: OFFICE_INTERIOR_CC0.jpg.
SOURCE PREP: OFFICE_INTERIOR_CC0.jpg: attach directly as factual visual source; preserve recognizable source identity.
SOURCE-OF-TRUTH DOCS — DO NOT ATTACH RAW TO THE MODEL: S009_D711_SUMMARY_JUDGMENT_ORDER.pdf. They support factual wording only; use an existing/tight prepared image excerpt instead.

STYLE REFERENCE TO ATTACH LAST: R5_STYLE_DOSSIER, media_id 3f30e1ef-3a0e-4158-914f-70bb25fa30a4.
REFERENCE PRIORITY — HARD: (1) locked narration and exact text, (2) FACTUAL SOURCE images, (3) STYLE REFERENCE last. If the style reference contains a person, object, logo, document, place, quote, or evidence subject not present in the factual sources for this beat, IGNORE IT COMPLETELY. The style reference is NON-FACTUAL and may contribute ONLY palette, typography scale, paper layering, texture, spacing, framing, line weight and restrained red-accent language. NEVER copy its pig mask, building, map, office, legal note, headline wording or any other subject matter unless that same subject is also in the factual source list for this beat.

COMPOSITION: centered dossier sheet with one real photo and one short source crop; headline on left margin; small role/status tab; restrained red highlight on only one factual phrase
FINAL IMAGE REQUIREMENT: the factual source material above must already be visibly integrated in the finished frame. No empty placeholder, no later source-insertion pass, no invented substitute evidence. Preserve the identity of real photos/evidence. For document/message material, show only the prepared short authentic excerpt; never rebuild a full page of text.

CHANNEL LOOK: premium investigative business documentary; textured black/charcoal field, warm paper surfaces, large condensed paper-white headline, restrained signal-red accent, thin editorial rules, file/tab/clip details only when relevant, authentic-source-first hierarchy. Keep the family resemblance to the style reference but vary crop, focal side, layering and thematic element so adjacent beats are not monotonous.

SUBTITLE SAFE — HARD: bottom 22% of the frame must remain visually quiet. No main text, support text, faces, evidence, source label, legal qualifier, map point or diagram node in that lower band.

TEXT — HARD: generate only MAIN TEXT, optional SUPPORT TEXT, and at most one short factual source/date/role label. No decorative microcopy. No invented legal/status language. No long body text. No gibberish.

LEGAL/FACTUAL LOCK: None beyond the locked narration.

REJECT IF: style-reference subject leaks into the scene; wrong source appears; full dense document is reproduced; pseudo-text appears; source is missing; important content enters subtitle band; red dominates; layout becomes a card-grid/dashboard; horror/tabloid treatment appears; a legal status or amount is changed.

OUTPUT: one finished montage-ready still that matches this exact beat and can be cut directly under the narration.",R6_READY_FOR_REVIEW_NOT_AUTHORIZED_FOR_GENERATION
B027,S03,216.740,218.300,SOURCE_STYLED_GENERATION,T01,R5_STYLE_DOSSIER,3f30e1ef-3a0e-4158-914f-70bb25fa30a4,FACTUAL_SOURCES_FIRST__STYLE_REFERENCE_LAST,OFFICE_INTERIOR_CC0.jpg;EBAY_HQ_2018_CC_BY_SA.jpg,,OFFICE_INTERIOR_CC0.jpg: attach directly as factual visual source; preserve recognizable source identity. EBAY_HQ_2018_CC_BY_SA.jpg: attach directly as factual visual source; preserve recognizable source identity.,INTO THE SECURITY CHAIN,,full-width source strip across upper 60%; headline block at lower-left but entirely above subtitle-safe band; one tiny source/date tag; restrained paper edge and red tick,"BEAT B027 — FINAL 16:9 WHAT IT COST STILL
ROUTE: SOURCE_STYLED_GENERATION
FAMILY: T01
SCRIPT: ""It had entered the security chain.""
MAIN TEXT: ""INTO THE SECURITY CHAIN""

FACTUAL SOURCE IMAGES TO ATTACH FIRST: OFFICE_INTERIOR_CC0.jpg; EBAY_HQ_2018_CC_BY_SA.jpg.
SOURCE PREP: OFFICE_INTERIOR_CC0.jpg: attach directly as factual visual source; preserve recognizable source identity. EBAY_HQ_2018_CC_BY_SA.jpg: attach directly as factual visual source; preserve recognizable source identity.
No raw PDF/HTML input.

STYLE REFERENCE TO ATTACH LAST: R5_STYLE_DOSSIER, media_id 3f30e1ef-3a0e-4158-914f-70bb25fa30a4.
REFERENCE PRIORITY — HARD: (1) locked narration and exact text, (2) FACTUAL SOURCE images, (3) STYLE REFERENCE last. If the style reference contains a person, object, logo, document, place, quote, or evidence subject not present in the factual sources for this beat, IGNORE IT COMPLETELY. The style reference is NON-FACTUAL and may contribute ONLY palette, typography scale, paper layering, texture, spacing, framing, line weight and restrained red-accent language. NEVER copy its pig mask, building, map, office, legal note, headline wording or any other subject matter unless that same subject is also in the factual source list for this beat.

COMPOSITION: full-width source strip across upper 60%; headline block at lower-left but entirely above subtitle-safe band; one tiny source/date tag; restrained paper edge and red tick
FINAL IMAGE REQUIREMENT: the factual source material above must already be visibly integrated in the finished frame. No empty placeholder, no later source-insertion pass, no invented substitute evidence. Preserve the identity of real photos/evidence. For document/message material, show only the prepared short authentic excerpt; never rebuild a full page of text.

CHANNEL LOOK: premium investigative business documentary; textured black/charcoal field, warm paper surfaces, large condensed paper-white headline, restrained signal-red accent, thin editorial rules, file/tab/clip details only when relevant, authentic-source-first hierarchy. Keep the family resemblance to the style reference but vary crop, focal side, layering and thematic element so adjacent beats are not monotonous.

SUBTITLE SAFE — HARD: bottom 22% of the frame must remain visually quiet. No main text, support text, faces, evidence, source label, legal qualifier, map point or diagram node in that lower band.

TEXT — HARD: generate only MAIN TEXT, optional SUPPORT TEXT, and at most one short factual source/date/role label. No decorative microcopy. No invented legal/status language. No long body text. No gibberish.

LEGAL/FACTUAL LOCK: None beyond the locked narration.

REJECT IF: style-reference subject leaks into the scene; wrong source appears; full dense document is reproduced; pseudo-text appears; source is missing; important content enters subtitle band; red dominates; layout becomes a card-grid/dashboard; horror/tabloid treatment appears; a legal status or amount is changed.

OUTPUT: one finished montage-ready still that matches this exact beat and can be cut directly under the narration.",R6_READY_FOR_REVIEW_NOT_AUTHORIZED_FOR_GENERATION
B028,S04,219.200,226.140,SOURCE_STYLED_GENERATION,T02,R5_STYLE_MAP_LOCATION,aeaf1ee7-3e3d-42ba-b137-7eaa2218685e,FACTUAL_SOURCES_FIRST__STYLE_REFERENCE_LAST,NATICK_CENTER_2020_CC_BY_SA.jpg;MASSACHUSETTS_FENCE_CC0.jpg;DC005_FIDOMASTER_JUNE8.png,,NATICK_CENTER_2020_CC_BY_SA.jpg: attach directly as factual visual source; preserve recognizable source identity. MASSACHUSETTS_FENCE_CC0.jpg: attach directly as factual visual source; preserve recognizable source identity. DC005_FIDOMASTER_JUNE8.png: BEFORE JOB crop to the one short relevant excerpt/highlight for this beat; do not attach a whole dense text page.,MASSACHUSETTS — BEFORE AUGUST 2019,,stacked headline on left 30%; large real photo or source portrait in a paper frame center; narrow clipped status note on right; red tape strip above; subtle file-folder edge,"BEAT B028 — FINAL 16:9 WHAT IT COST STILL
ROUTE: SOURCE_STYLED_GENERATION
FAMILY: T02
SCRIPT: ""Before the most notorious phase of the campaign, members of Baugh's security operation had already traveled to Massachusetts.""
MAIN TEXT: ""MASSACHUSETTS — BEFORE AUGUST 2019""

FACTUAL SOURCE IMAGES TO ATTACH FIRST: NATICK_CENTER_2020_CC_BY_SA.jpg; MASSACHUSETTS_FENCE_CC0.jpg; DC005_FIDOMASTER_JUNE8.png.
SOURCE PREP: NATICK_CENTER_2020_CC_BY_SA.jpg: attach directly as factual visual source; preserve recognizable source identity. MASSACHUSETTS_FENCE_CC0.jpg: attach directly as factual visual source; preserve recognizable source identity. DC005_FIDOMASTER_JUNE8.png: BEFORE JOB crop to the one short relevant excerpt/highlight for this beat; do not attach a whole dense text page.
No raw PDF/HTML input.

STYLE REFERENCE TO ATTACH LAST: R5_STYLE_MAP_LOCATION, media_id aeaf1ee7-3e3d-42ba-b137-7eaa2218685e.
REFERENCE PRIORITY — HARD: (1) locked narration and exact text, (2) FACTUAL SOURCE images, (3) STYLE REFERENCE last. If the style reference contains a person, object, logo, document, place, quote, or evidence subject not present in the factual sources for this beat, IGNORE IT COMPLETELY. The style reference is NON-FACTUAL and may contribute ONLY palette, typography scale, paper layering, texture, spacing, framing, line weight and restrained red-accent language. NEVER copy its pig mask, building, map, office, legal note, headline wording or any other subject matter unless that same subject is also in the factual source list for this beat.

COMPOSITION: stacked headline on left 30%; large real photo or source portrait in a paper frame center; narrow clipped status note on right; red tape strip above; subtle file-folder edge
FINAL IMAGE REQUIREMENT: the factual source material above must already be visibly integrated in the finished frame. No empty placeholder, no later source-insertion pass, no invented substitute evidence. Preserve the identity of real photos/evidence. For document/message material, show only the prepared short authentic excerpt; never rebuild a full page of text.

CHANNEL LOOK: premium investigative business documentary; textured black/charcoal field, warm paper surfaces, large condensed paper-white headline, restrained signal-red accent, thin editorial rules, file/tab/clip details only when relevant, authentic-source-first hierarchy. Keep the family resemblance to the style reference but vary crop, focal side, layering and thematic element so adjacent beats are not monotonous.

SUBTITLE SAFE — HARD: bottom 22% of the frame must remain visually quiet. No main text, support text, faces, evidence, source label, legal qualifier, map point or diagram node in that lower band.

TEXT — HARD: generate only MAIN TEXT, optional SUPPORT TEXT, and at most one short factual source/date/role label. No decorative microcopy. No invented legal/status language. No long body text. No gibberish.

LEGAL/FACTUAL LOCK: None beyond the locked narration.

REJECT IF: style-reference subject leaks into the scene; wrong source appears; full dense document is reproduced; pseudo-text appears; source is missing; important content enters subtitle band; red dominates; layout becomes a card-grid/dashboard; horror/tabloid treatment appears; a legal status or amount is changed.

OUTPUT: one finished montage-ready still that matches this exact beat and can be cut directly under the narration.",R6_READY_FOR_REVIEW_NOT_AUTHORIZED_FOR_GENERATION
B029,S04,227.160,241.820,SOURCE_STYLED_GENERATION,T01,R5_STYLE_DOSSIER,3f30e1ef-3a0e-4158-914f-70bb25fa30a4,FACTUAL_SOURCES_FIRST__STYLE_REFERENCE_LAST,DC005_FIDOMASTER_JUNE8.png;MASSACHUSETTS_FENCE_CC0.jpg,,DC005_FIDOMASTER_JUNE8.png: BEFORE JOB crop to the one short relevant excerpt/highlight for this beat; do not attach a whole dense text page. MASSACHUSETTS_FENCE_CC0.jpg: attach directly as factual visual source; preserve recognizable source identity.,FIDOMASTER,,hero evidence object centered high on a warm-paper mount; headline upper-left; compact source label above; small red underline; faint secondary evidence edge behind the hero,"BEAT B029 — FINAL 16:9 WHAT IT COST STILL
ROUTE: SOURCE_STYLED_GENERATION
FAMILY: T01
SCRIPT: ""During an early trip, security employee Brian Gilbert surveilled the Steiners and spray-painted “FidoMaster” on their fence — a username used by a commenter on EcommerceBytes whom the security team believed was connected to the Steiners.""
MAIN TEXT: ""FIDOMASTER""

FACTUAL SOURCE IMAGES TO ATTACH FIRST: DC005_FIDOMASTER_JUNE8.png; MASSACHUSETTS_FENCE_CC0.jpg.
SOURCE PREP: DC005_FIDOMASTER_JUNE8.png: BEFORE JOB crop to the one short relevant excerpt/highlight for this beat; do not attach a whole dense text page. MASSACHUSETTS_FENCE_CC0.jpg: attach directly as factual visual source; preserve recognizable source identity.
No raw PDF/HTML input.

STYLE REFERENCE TO ATTACH LAST: R5_STYLE_DOSSIER, media_id 3f30e1ef-3a0e-4158-914f-70bb25fa30a4.
REFERENCE PRIORITY — HARD: (1) locked narration and exact text, (2) FACTUAL SOURCE images, (3) STYLE REFERENCE last. If the style reference contains a person, object, logo, document, place, quote, or evidence subject not present in the factual sources for this beat, IGNORE IT COMPLETELY. The style reference is NON-FACTUAL and may contribute ONLY palette, typography scale, paper layering, texture, spacing, framing, line weight and restrained red-accent language. NEVER copy its pig mask, building, map, office, legal note, headline wording or any other subject matter unless that same subject is also in the factual source list for this beat.

COMPOSITION: hero evidence object centered high on a warm-paper mount; headline upper-left; compact source label above; small red underline; faint secondary evidence edge behind the hero
FINAL IMAGE REQUIREMENT: the factual source material above must already be visibly integrated in the finished frame. No empty placeholder, no later source-insertion pass, no invented substitute evidence. Preserve the identity of real photos/evidence. For document/message material, show only the prepared short authentic excerpt; never rebuild a full page of text.

CHANNEL LOOK: premium investigative business documentary; textured black/charcoal field, warm paper surfaces, large condensed paper-white headline, restrained signal-red accent, thin editorial rules, file/tab/clip details only when relevant, authentic-source-first hierarchy. Keep the family resemblance to the style reference but vary crop, focal side, layering and thematic element so adjacent beats are not monotonous.

SUBTITLE SAFE — HARD: bottom 22% of the frame must remain visually quiet. No main text, support text, faces, evidence, source label, legal qualifier, map point or diagram node in that lower band.

TEXT — HARD: generate only MAIN TEXT, optional SUPPORT TEXT, and at most one short factual source/date/role label. No decorative microcopy. No invented legal/status language. No long body text. No gibberish.

LEGAL/FACTUAL LOCK: None beyond the locked narration.

REJECT IF: style-reference subject leaks into the scene; wrong source appears; full dense document is reproduced; pseudo-text appears; source is missing; important content enters subtitle band; red dominates; layout becomes a card-grid/dashboard; horror/tabloid treatment appears; a legal status or amount is changed.

OUTPUT: one finished montage-ready still that matches this exact beat and can be cut directly under the narration.",R6_READY_FOR_REVIEW_NOT_AUTHORIZED_FOR_GENERATION
B030,S04,242.560,252.480,SOURCE_STYLED_GENERATION,T02,R5_STYLE_DOSSIER,3f30e1ef-3a0e-4158-914f-70bb25fa30a4,FACTUAL_SOURCES_FIRST__STYLE_REFERENCE_LAST,DC005_FIDOMASTER_JUNE8.png;MASSACHUSETTS_FENCE_CC0.jpg;OFFICE_INTERIOR_CC0.jpg,,DC005_FIDOMASTER_JUNE8.png: BEFORE JOB crop to the one short relevant excerpt/highlight for this beat; do not attach a whole dense text page. MASSACHUSETTS_FENCE_CC0.jpg: attach directly as factual visual source; preserve recognizable source identity. OFFICE_INTERIOR_CC0.jpg: attach directly as factual visual source; preserve recognizable source identity.,“A TAP ON THE SHOULDER.”,,centered dossier sheet with one real photo and one short source crop; headline on left margin; small role/status tab; restrained red highlight on only one factual phrase,"BEAT B030 — FINAL 16:9 WHAT IT COST STILL
ROUTE: SOURCE_STYLED_GENERATION
FAMILY: T02
SCRIPT: ""Baugh later described the trip to Wymer as a “tap on the shoulder.” That moment matters because it shows how the problem was being translated inside the company.""
MAIN TEXT: ""“A TAP ON THE SHOULDER.”""

FACTUAL SOURCE IMAGES TO ATTACH FIRST: DC005_FIDOMASTER_JUNE8.png; MASSACHUSETTS_FENCE_CC0.jpg; OFFICE_INTERIOR_CC0.jpg.
SOURCE PREP: DC005_FIDOMASTER_JUNE8.png: BEFORE JOB crop to the one short relevant excerpt/highlight for this beat; do not attach a whole dense text page. MASSACHUSETTS_FENCE_CC0.jpg: attach directly as factual visual source; preserve recognizable source identity. OFFICE_INTERIOR_CC0.jpg: attach directly as factual visual source; preserve recognizable source identity.
No raw PDF/HTML input.

STYLE REFERENCE TO ATTACH LAST: R5_STYLE_DOSSIER, media_id 3f30e1ef-3a0e-4158-914f-70bb25fa30a4.
REFERENCE PRIORITY — HARD: (1) locked narration and exact text, (2) FACTUAL SOURCE images, (3) STYLE REFERENCE last. If the style reference contains a person, object, logo, document, place, quote, or evidence subject not present in the factual sources for this beat, IGNORE IT COMPLETELY. The style reference is NON-FACTUAL and may contribute ONLY palette, typography scale, paper layering, texture, spacing, framing, line weight and restrained red-accent language. NEVER copy its pig mask, building, map, office, legal note, headline wording or any other subject matter unless that same subject is also in the factual source list for this beat.

COMPOSITION: centered dossier sheet with one real photo and one short source crop; headline on left margin; small role/status tab; restrained red highlight on only one factual phrase
FINAL IMAGE REQUIREMENT: the factual source material above must already be visibly integrated in the finished frame. No empty placeholder, no later source-insertion pass, no invented substitute evidence. Preserve the identity of real photos/evidence. For document/message material, show only the prepared short authentic excerpt; never rebuild a full page of text.

CHANNEL LOOK: premium investigative business documentary; textured black/charcoal field, warm paper surfaces, large condensed paper-white headline, restrained signal-red accent, thin editorial rules, file/tab/clip details only when relevant, authentic-source-first hierarchy. Keep the family resemblance to the style reference but vary crop, focal side, layering and thematic element so adjacent beats are not monotonous.

SUBTITLE SAFE — HARD: bottom 22% of the frame must remain visually quiet. No main text, support text, faces, evidence, source label, legal qualifier, map point or diagram node in that lower band.

TEXT — HARD: generate only MAIN TEXT, optional SUPPORT TEXT, and at most one short factual source/date/role label. No decorative microcopy. No invented legal/status language. No long body text. No gibberish.

LEGAL/FACTUAL LOCK: None beyond the locked narration.

REJECT IF: style-reference subject leaks into the scene; wrong source appears; full dense document is reproduced; pseudo-text appears; source is missing; important content enters subtitle band; red dominates; layout becomes a card-grid/dashboard; horror/tabloid treatment appears; a legal status or amount is changed.

OUTPUT: one finished montage-ready still that matches this exact beat and can be cut directly under the narration.",R6_READY_FOR_REVIEW_NOT_AUTHORIZED_FOR_GENERATION
B031,S04,253.440,262.820,SOURCE_STYLED_GENERATION,T03,R5_STYLE_DOSSIER,3f30e1ef-3a0e-4158-914f-70bb25fa30a4,FACTUAL_SOURCES_FIRST__STYLE_REFERENCE_LAST,DC001_CRUSH_THIS_LADY.png;DC003_TAKE_HER_DOWN.png;DC005_FIDOMASTER_JUNE8.png,,DC001_CRUSH_THIS_LADY.png: BEFORE JOB crop to the one short relevant excerpt/highlight for this beat; do not attach a whole dense text page. DC003_TAKE_HER_DOWN.png: BEFORE JOB crop to the one short relevant excerpt/highlight for this beat; do not attach a whole dense text page. DC005_FIDOMASTER_JUNE8.png: BEFORE JOB crop to the one short relevant excerpt/highlight for this beat; do not attach a whole dense text page.,ANGER → MESSAGES → ACTION,,wide horizontal authentic excerpt across upper half; condensed headline above-left; one clipped corner/tab; black textured negative space below for captions,"BEAT B031 — FINAL 16:9 WHAT IT COST STILL
ROUTE: SOURCE_STYLED_GENERATION
FAMILY: T03
SCRIPT: ""At the top, there was anger about criticism. In the middle, increasingly forceful messages. At the security level, those messages were becoming action.""
MAIN TEXT: ""ANGER → MESSAGES → ACTION""

FACTUAL SOURCE IMAGES TO ATTACH FIRST: DC001_CRUSH_THIS_LADY.png; DC003_TAKE_HER_DOWN.png; DC005_FIDOMASTER_JUNE8.png.
SOURCE PREP: DC001_CRUSH_THIS_LADY.png: BEFORE JOB crop to the one short relevant excerpt/highlight for this beat; do not attach a whole dense text page. DC003_TAKE_HER_DOWN.png: BEFORE JOB crop to the one short relevant excerpt/highlight for this beat; do not attach a whole dense text page. DC005_FIDOMASTER_JUNE8.png: BEFORE JOB crop to the one short relevant excerpt/highlight for this beat; do not attach a whole dense text page.
No raw PDF/HTML input.

STYLE REFERENCE TO ATTACH LAST: R5_STYLE_DOSSIER, media_id 3f30e1ef-3a0e-4158-914f-70bb25fa30a4.
REFERENCE PRIORITY — HARD: (1) locked narration and exact text, (2) FACTUAL SOURCE images, (3) STYLE REFERENCE last. If the style reference contains a person, object, logo, document, place, quote, or evidence subject not present in the factual sources for this beat, IGNORE IT COMPLETELY. The style reference is NON-FACTUAL and may contribute ONLY palette, typography scale, paper layering, texture, spacing, framing, line weight and restrained red-accent language. NEVER copy its pig mask, building, map, office, legal note, headline wording or any other subject matter unless that same subject is also in the factual source list for this beat.

COMPOSITION: wide horizontal authentic excerpt across upper half; condensed headline above-left; one clipped corner/tab; black textured negative space below for captions
FINAL IMAGE REQUIREMENT: the factual source material above must already be visibly integrated in the finished frame. No empty placeholder, no later source-insertion pass, no invented substitute evidence. Preserve the identity of real photos/evidence. For document/message material, show only the prepared short authentic excerpt; never rebuild a full page of text.

CHANNEL LOOK: premium investigative business documentary; textured black/charcoal field, warm paper surfaces, large condensed paper-white headline, restrained signal-red accent, thin editorial rules, file/tab/clip details only when relevant, authentic-source-first hierarchy. Keep the family resemblance to the style reference but vary crop, focal side, layering and thematic element so adjacent beats are not monotonous.

SUBTITLE SAFE — HARD: bottom 22% of the frame must remain visually quiet. No main text, support text, faces, evidence, source label, legal qualifier, map point or diagram node in that lower band.

TEXT — HARD: generate only MAIN TEXT, optional SUPPORT TEXT, and at most one short factual source/date/role label. No decorative microcopy. No invented legal/status language. No long body text. No gibberish.

LEGAL/FACTUAL LOCK: None beyond the locked narration.

REJECT IF: style-reference subject leaks into the scene; wrong source appears; full dense document is reproduced; pseudo-text appears; source is missing; important content enters subtitle band; red dominates; layout becomes a card-grid/dashboard; horror/tabloid treatment appears; a legal status or amount is changed.

OUTPUT: one finished montage-ready still that matches this exact beat and can be cut directly under the narration.",R6_READY_FOR_REVIEW_NOT_AUTHORIZED_FOR_GENERATION
B032,S04,263.740,273.040,SOURCE_STYLED_GENERATION,T02,R5_STYLE_MAP_LOCATION,aeaf1ee7-3e3d-42ba-b137-7eaa2218685e,FACTUAL_SOURCES_FIRST__STYLE_REFERENCE_LAST,OFFICE_INTERIOR_CC0.jpg,S009_D711_SUMMARY_JUDGMENT_ORDER.pdf,OFFICE_INTERIOR_CC0.jpg: attach directly as factual visual source; preserve recognizable source identity.,"AUGUST 6, 2019 — OPERATION PLANNING",,stacked headline on left 30%; large real photo or source portrait in a paper frame center; narrow clipped status note on right; red tape strip above; subtle file-folder edge,"BEAT B032 — FINAL 16:9 WHAT IT COST STILL
ROUTE: SOURCE_STYLED_GENERATION
FAMILY: T02
SCRIPT: ""Then the process became more organized. On August sixth, Baugh held meetings with security-team members to plan an operation against the Steiners.""
MAIN TEXT: ""AUGUST 6, 2019 — OPERATION PLANNING""

FACTUAL SOURCE IMAGES TO ATTACH FIRST: OFFICE_INTERIOR_CC0.jpg.
SOURCE PREP: OFFICE_INTERIOR_CC0.jpg: attach directly as factual visual source; preserve recognizable source identity.
SOURCE-OF-TRUTH DOCS — DO NOT ATTACH RAW TO THE MODEL: S009_D711_SUMMARY_JUDGMENT_ORDER.pdf. They support factual wording only; use an existing/tight prepared image excerpt instead.

STYLE REFERENCE TO ATTACH LAST: R5_STYLE_MAP_LOCATION, media_id aeaf1ee7-3e3d-42ba-b137-7eaa2218685e.
REFERENCE PRIORITY — HARD: (1) locked narration and exact text, (2) FACTUAL SOURCE images, (3) STYLE REFERENCE last. If the style reference contains a person, object, logo, document, place, quote, or evidence subject not present in the factual sources for this beat, IGNORE IT COMPLETELY. The style reference is NON-FACTUAL and may contribute ONLY palette, typography scale, paper layering, texture, spacing, framing, line weight and restrained red-accent language. NEVER copy its pig mask, building, map, office, legal note, headline wording or any other subject matter unless that same subject is also in the factual source list for this beat.

COMPOSITION: stacked headline on left 30%; large real photo or source portrait in a paper frame center; narrow clipped status note on right; red tape strip above; subtle file-folder edge
FINAL IMAGE REQUIREMENT: the factual source material above must already be visibly integrated in the finished frame. No empty placeholder, no later source-insertion pass, no invented substitute evidence. Preserve the identity of real photos/evidence. For document/message material, show only the prepared short authentic excerpt; never rebuild a full page of text.

CHANNEL LOOK: premium investigative business documentary; textured black/charcoal field, warm paper surfaces, large condensed paper-white headline, restrained signal-red accent, thin editorial rules, file/tab/clip details only when relevant, authentic-source-first hierarchy. Keep the family resemblance to the style reference but vary crop, focal side, layering and thematic element so adjacent beats are not monotonous.

SUBTITLE SAFE — HARD: bottom 22% of the frame must remain visually quiet. No main text, support text, faces, evidence, source label, legal qualifier, map point or diagram node in that lower band.

TEXT — HARD: generate only MAIN TEXT, optional SUPPORT TEXT, and at most one short factual source/date/role label. No decorative microcopy. No invented legal/status language. No long body text. No gibberish.

LEGAL/FACTUAL LOCK: None beyond the locked narration.

REJECT IF: style-reference subject leaks into the scene; wrong source appears; full dense document is reproduced; pseudo-text appears; source is missing; important content enters subtitle band; red dominates; layout becomes a card-grid/dashboard; horror/tabloid treatment appears; a legal status or amount is changed.

OUTPUT: one finished montage-ready still that matches this exact beat and can be cut directly under the narration.",R6_READY_FOR_REVIEW_NOT_AUTHORIZED_FOR_GENERATION
B033,S04,273.860,283.080,SOURCE_STYLED_GENERATION,T02,R5_STYLE_MAP_LOCATION,aeaf1ee7-3e3d-42ba-b137-7eaa2218685e,FACTUAL_SOURCES_FIRST__STYLE_REFERENCE_LAST,PARCEL_CC0.webp;DC022_THREATENING_MESSAGES.png;OFFICE_INTERIOR_CC0.jpg,,PARCEL_CC0.webp: attach directly as factual visual source; preserve recognizable source identity. DC022_THREATENING_MESSAGES.png: BEFORE JOB crop to the one short relevant excerpt/highlight for this beat; do not attach a whole dense text page. OFFICE_INTERIOR_CC0.jpg: attach directly as factual visual source; preserve recognizable source identity.,THE OPERATION ACCELERATED,,dominant source portrait/photo upper-right; left-side dossier headline and role/status line; one small authentic excerpt card beneath photo but above subtitle-safe band; thin rule divider,"BEAT B033 — FINAL 16:9 WHAT IT COST STILL
ROUTE: SOURCE_STYLED_GENERATION
FAMILY: T02
SCRIPT: ""The plan included unwanted deliveries and online harassment. The next day, Baugh met with Wymer. And then the operation accelerated.""
MAIN TEXT: ""THE OPERATION ACCELERATED""

FACTUAL SOURCE IMAGES TO ATTACH FIRST: PARCEL_CC0.webp; DC022_THREATENING_MESSAGES.png; OFFICE_INTERIOR_CC0.jpg.
SOURCE PREP: PARCEL_CC0.webp: attach directly as factual visual source; preserve recognizable source identity. DC022_THREATENING_MESSAGES.png: BEFORE JOB crop to the one short relevant excerpt/highlight for this beat; do not attach a whole dense text page. OFFICE_INTERIOR_CC0.jpg: attach directly as factual visual source; preserve recognizable source identity.
No raw PDF/HTML input.

STYLE REFERENCE TO ATTACH LAST: R5_STYLE_MAP_LOCATION, media_id aeaf1ee7-3e3d-42ba-b137-7eaa2218685e.
REFERENCE PRIORITY — HARD: (1) locked narration and exact text, (2) FACTUAL SOURCE images, (3) STYLE REFERENCE last. If the style reference contains a person, object, logo, document, place, quote, or evidence subject not present in the factual sources for this beat, IGNORE IT COMPLETELY. The style reference is NON-FACTUAL and may contribute ONLY palette, typography scale, paper layering, texture, spacing, framing, line weight and restrained red-accent language. NEVER copy its pig mask, building, map, office, legal note, headline wording or any other subject matter unless that same subject is also in the factual source list for this beat.

COMPOSITION: dominant source portrait/photo upper-right; left-side dossier headline and role/status line; one small authentic excerpt card beneath photo but above subtitle-safe band; thin rule divider
FINAL IMAGE REQUIREMENT: the factual source material above must already be visibly integrated in the finished frame. No empty placeholder, no later source-insertion pass, no invented substitute evidence. Preserve the identity of real photos/evidence. For document/message material, show only the prepared short authentic excerpt; never rebuild a full page of text.

CHANNEL LOOK: premium investigative business documentary; textured black/charcoal field, warm paper surfaces, large condensed paper-white headline, restrained signal-red accent, thin editorial rules, file/tab/clip details only when relevant, authentic-source-first hierarchy. Keep the family resemblance to the style reference but vary crop, focal side, layering and thematic element so adjacent beats are not monotonous.

SUBTITLE SAFE — HARD: bottom 22% of the frame must remain visually quiet. No main text, support text, faces, evidence, source label, legal qualifier, map point or diagram node in that lower band.

TEXT — HARD: generate only MAIN TEXT, optional SUPPORT TEXT, and at most one short factual source/date/role label. No decorative microcopy. No invented legal/status language. No long body text. No gibberish.

LEGAL/FACTUAL LOCK: None beyond the locked narration.

REJECT IF: style-reference subject leaks into the scene; wrong source appears; full dense document is reproduced; pseudo-text appears; source is missing; important content enters subtitle band; red dominates; layout becomes a card-grid/dashboard; horror/tabloid treatment appears; a legal status or amount is changed.

OUTPUT: one finished montage-ready still that matches this exact beat and can be cut directly under the narration.",R6_READY_FOR_REVIEW_NOT_AUTHORIZED_FOR_GENERATION
B034,S05,284.180,293.200,SOURCE_STYLED_GENERATION,T03,R5_STYLE_EVIDENCE,dd9e6d29-9423-461b-8888-ca89b476cb76,FACTUAL_SOURCES_FIRST__STYLE_REFERENCE_LAST,DC022_THREATENING_MESSAGES.png;DOJ_FBI_PIG_MASK_AND_BOOK.jpg;COCKROACH_CC0.jpg;LARVAE_CC0.jpg,,DC022_THREATENING_MESSAGES.png: BEFORE JOB crop to the one short relevant excerpt/highlight for this beat; do not attach a whole dense text page. DOJ_FBI_PIG_MASK_AND_BOOK.jpg: attach directly as factual visual source; preserve recognizable source identity. COCKROACH_CC0.jpg: attach directly as factual visual source; preserve recognizable source identity. LARVAE_CC0.jpg: attach directly as factual visual source; preserve recognizable source identity.,THREATENING MESSAGES • LIVE INSECTS • PIG MASK,,"source excerpt framed like a photographic evidence print, slightly offset; headline left or top-left; second tiny context image only if needed; no decorative body text","BEAT B034 — FINAL 16:9 WHAT IT COST STILL
ROUTE: SOURCE_STYLED_GENERATION
FAMILY: T03
SCRIPT: ""The Steiners began receiving threatening online messages and disturbing deliveries. The admitted record includes live insects and a bloody pig mask.""
MAIN TEXT: ""THREATENING MESSAGES • LIVE INSECTS • PIG MASK""

FACTUAL SOURCE IMAGES TO ATTACH FIRST: DC022_THREATENING_MESSAGES.png; DOJ_FBI_PIG_MASK_AND_BOOK.jpg; COCKROACH_CC0.jpg; LARVAE_CC0.jpg.
SOURCE PREP: DC022_THREATENING_MESSAGES.png: BEFORE JOB crop to the one short relevant excerpt/highlight for this beat; do not attach a whole dense text page. DOJ_FBI_PIG_MASK_AND_BOOK.jpg: attach directly as factual visual source; preserve recognizable source identity. COCKROACH_CC0.jpg: attach directly as factual visual source; preserve recognizable source identity. LARVAE_CC0.jpg: attach directly as factual visual source; preserve recognizable source identity.
No raw PDF/HTML input.

STYLE REFERENCE TO ATTACH LAST: R5_STYLE_EVIDENCE, media_id dd9e6d29-9423-461b-8888-ca89b476cb76.
REFERENCE PRIORITY — HARD: (1) locked narration and exact text, (2) FACTUAL SOURCE images, (3) STYLE REFERENCE last. If the style reference contains a person, object, logo, document, place, quote, or evidence subject not present in the factual sources for this beat, IGNORE IT COMPLETELY. The style reference is NON-FACTUAL and may contribute ONLY palette, typography scale, paper layering, texture, spacing, framing, line weight and restrained red-accent language. NEVER copy its pig mask, building, map, office, legal note, headline wording or any other subject matter unless that same subject is also in the factual source list for this beat.

COMPOSITION: source excerpt framed like a photographic evidence print, slightly offset; headline left or top-left; second tiny context image only if needed; no decorative body text
FINAL IMAGE REQUIREMENT: the factual source material above must already be visibly integrated in the finished frame. No empty placeholder, no later source-insertion pass, no invented substitute evidence. Preserve the identity of real photos/evidence. For document/message material, show only the prepared short authentic excerpt; never rebuild a full page of text.

CHANNEL LOOK: premium investigative business documentary; textured black/charcoal field, warm paper surfaces, large condensed paper-white headline, restrained signal-red accent, thin editorial rules, file/tab/clip details only when relevant, authentic-source-first hierarchy. Keep the family resemblance to the style reference but vary crop, focal side, layering and thematic element so adjacent beats are not monotonous.

SUBTITLE SAFE — HARD: bottom 22% of the frame must remain visually quiet. No main text, support text, faces, evidence, source label, legal qualifier, map point or diagram node in that lower band.

TEXT — HARD: generate only MAIN TEXT, optional SUPPORT TEXT, and at most one short factual source/date/role label. No decorative microcopy. No invented legal/status language. No long body text. No gibberish.

LEGAL/FACTUAL LOCK: Authentic evidence without horror/gore treatment.

REJECT IF: style-reference subject leaks into the scene; wrong source appears; full dense document is reproduced; pseudo-text appears; source is missing; important content enters subtitle band; red dominates; layout becomes a card-grid/dashboard; horror/tabloid treatment appears; a legal status or amount is changed.

OUTPUT: one finished montage-ready still that matches this exact beat and can be cut directly under the narration.",R6_READY_FOR_REVIEW_NOT_AUTHORIZED_FOR_GENERATION
B035,S05,294.220,300.920,SOURCE_STYLED_GENERATION,T03,R5_STYLE_EVIDENCE,dd9e6d29-9423-461b-8888-ca89b476cb76,FACTUAL_SOURCES_FIRST__STYLE_REFERENCE_LAST,DC021_CRAIGSLIST_HARASSMENT.png,,DC021_CRAIGSLIST_HARASSMENT.png: BEFORE JOB crop to the one short relevant excerpt/highlight for this beat; do not attach a whole dense text page.,CRAIGSLIST POSTS,,wide horizontal authentic excerpt across upper half; condensed headline above-left; one clipped corner/tab; black textured negative space below for captions,"BEAT B035 — FINAL 16:9 WHAT IT COST STILL
ROUTE: SOURCE_STYLED_GENERATION
FAMILY: T03
SCRIPT: ""There were also Craigslist posts designed to send strangers toward the Steiners and other messages intended to frighten them.""
MAIN TEXT: ""CRAIGSLIST POSTS""

FACTUAL SOURCE IMAGES TO ATTACH FIRST: DC021_CRAIGSLIST_HARASSMENT.png.
SOURCE PREP: DC021_CRAIGSLIST_HARASSMENT.png: BEFORE JOB crop to the one short relevant excerpt/highlight for this beat; do not attach a whole dense text page.
No raw PDF/HTML input.

STYLE REFERENCE TO ATTACH LAST: R5_STYLE_EVIDENCE, media_id dd9e6d29-9423-461b-8888-ca89b476cb76.
REFERENCE PRIORITY — HARD: (1) locked narration and exact text, (2) FACTUAL SOURCE images, (3) STYLE REFERENCE last. If the style reference contains a person, object, logo, document, place, quote, or evidence subject not present in the factual sources for this beat, IGNORE IT COMPLETELY. The style reference is NON-FACTUAL and may contribute ONLY palette, typography scale, paper layering, texture, spacing, framing, line weight and restrained red-accent language. NEVER copy its pig mask, building, map, office, legal note, headline wording or any other subject matter unless that same subject is also in the factual source list for this beat.

COMPOSITION: wide horizontal authentic excerpt across upper half; condensed headline above-left; one clipped corner/tab; black textured negative space below for captions
FINAL IMAGE REQUIREMENT: the factual source material above must already be visibly integrated in the finished frame. No empty placeholder, no later source-insertion pass, no invented substitute evidence. Preserve the identity of real photos/evidence. For document/message material, show only the prepared short authentic excerpt; never rebuild a full page of text.

CHANNEL LOOK: premium investigative business documentary; textured black/charcoal field, warm paper surfaces, large condensed paper-white headline, restrained signal-red accent, thin editorial rules, file/tab/clip details only when relevant, authentic-source-first hierarchy. Keep the family resemblance to the style reference but vary crop, focal side, layering and thematic element so adjacent beats are not monotonous.

SUBTITLE SAFE — HARD: bottom 22% of the frame must remain visually quiet. No main text, support text, faces, evidence, source label, legal qualifier, map point or diagram node in that lower band.

TEXT — HARD: generate only MAIN TEXT, optional SUPPORT TEXT, and at most one short factual source/date/role label. No decorative microcopy. No invented legal/status language. No long body text. No gibberish.

LEGAL/FACTUAL LOCK: None beyond the locked narration.

REJECT IF: style-reference subject leaks into the scene; wrong source appears; full dense document is reproduced; pseudo-text appears; source is missing; important content enters subtitle band; red dominates; layout becomes a card-grid/dashboard; horror/tabloid treatment appears; a legal status or amount is changed.

OUTPUT: one finished montage-ready still that matches this exact beat and can be cut directly under the narration.",R6_READY_FOR_REVIEW_NOT_AUTHORIZED_FOR_GENERATION
B036,S05,301.780,308.420,SOURCE_STYLED_GENERATION,T01,R5_STYLE_DOSSIER,3f30e1ef-3a0e-4158-914f-70bb25fa30a4,FACTUAL_SOURCES_FIRST__STYLE_REFERENCE_LAST,DOJ_FBI_PIG_MASK_AND_BOOK.jpg;PARCEL_CC0.webp;DC022_THREATENING_MESSAGES.png,,DOJ_FBI_PIG_MASK_AND_BOOK.jpg: attach directly as factual visual source; preserve recognizable source identity. PARCEL_CC0.webp: attach directly as factual visual source; preserve recognizable source identity. DC022_THREATENING_MESSAGES.png: BEFORE JOB crop to the one short relevant excerpt/highlight for this beat; do not attach a whole dense text page.,"ORGANIZED, NOT RANDOM",,large authentic source frame on the right two-thirds; oversized headline left; short red dash above headline; one thin horizontal rule; one small paper tab overlapping the source frame,"BEAT B036 — FINAL 16:9 WHAT IT COST STILL
ROUTE: SOURCE_STYLED_GENERATION
FAMILY: T01
SCRIPT: ""The details are bizarre enough to make the story feel almost unreal. But the key point is that this was organized.""
MAIN TEXT: ""ORGANIZED, NOT RANDOM""

FACTUAL SOURCE IMAGES TO ATTACH FIRST: DOJ_FBI_PIG_MASK_AND_BOOK.jpg; PARCEL_CC0.webp; DC022_THREATENING_MESSAGES.png.
SOURCE PREP: DOJ_FBI_PIG_MASK_AND_BOOK.jpg: attach directly as factual visual source; preserve recognizable source identity. PARCEL_CC0.webp: attach directly as factual visual source; preserve recognizable source identity. DC022_THREATENING_MESSAGES.png: BEFORE JOB crop to the one short relevant excerpt/highlight for this beat; do not attach a whole dense text page.
No raw PDF/HTML input.

STYLE REFERENCE TO ATTACH LAST: R5_STYLE_DOSSIER, media_id 3f30e1ef-3a0e-4158-914f-70bb25fa30a4.
REFERENCE PRIORITY — HARD: (1) locked narration and exact text, (2) FACTUAL SOURCE images, (3) STYLE REFERENCE last. If the style reference contains a person, object, logo, document, place, quote, or evidence subject not present in the factual sources for this beat, IGNORE IT COMPLETELY. The style reference is NON-FACTUAL and may contribute ONLY palette, typography scale, paper layering, texture, spacing, framing, line weight and restrained red-accent language. NEVER copy its pig mask, building, map, office, legal note, headline wording or any other subject matter unless that same subject is also in the factual source list for this beat.

COMPOSITION: large authentic source frame on the right two-thirds; oversized headline left; short red dash above headline; one thin horizontal rule; one small paper tab overlapping the source frame
FINAL IMAGE REQUIREMENT: the factual source material above must already be visibly integrated in the finished frame. No empty placeholder, no later source-insertion pass, no invented substitute evidence. Preserve the identity of real photos/evidence. For document/message material, show only the prepared short authentic excerpt; never rebuild a full page of text.

CHANNEL LOOK: premium investigative business documentary; textured black/charcoal field, warm paper surfaces, large condensed paper-white headline, restrained signal-red accent, thin editorial rules, file/tab/clip details only when relevant, authentic-source-first hierarchy. Keep the family resemblance to the style reference but vary crop, focal side, layering and thematic element so adjacent beats are not monotonous.

SUBTITLE SAFE — HARD: bottom 22% of the frame must remain visually quiet. No main text, support text, faces, evidence, source label, legal qualifier, map point or diagram node in that lower band.

TEXT — HARD: generate only MAIN TEXT, optional SUPPORT TEXT, and at most one short factual source/date/role label. No decorative microcopy. No invented legal/status language. No long body text. No gibberish.

LEGAL/FACTUAL LOCK: None beyond the locked narration.

REJECT IF: style-reference subject leaks into the scene; wrong source appears; full dense document is reproduced; pseudo-text appears; source is missing; important content enters subtitle band; red dominates; layout becomes a card-grid/dashboard; horror/tabloid treatment appears; a legal status or amount is changed.

OUTPUT: one finished montage-ready still that matches this exact beat and can be cut directly under the narration.",R6_READY_FOR_REVIEW_NOT_AUTHORIZED_FOR_GENERATION
B037,S05,309.400,318.820,SOURCE_STYLED_GENERATION,T06,R5_STYLE_MAP_LOCATION,aeaf1ee7-3e3d-42ba-b137-7eaa2218685e,FACTUAL_SOURCES_FIRST__STYLE_REFERENCE_LAST,OFFICE_INTERIOR_CC0.jpg;EBAY_HQ_2018_CC_BY_SA.jpg;PARCEL_CC0.webp,,OFFICE_INTERIOR_CC0.jpg: attach directly as factual visual source; preserve recognizable source identity. EBAY_HQ_2018_CC_BY_SA.jpg: attach directly as factual visual source; preserve recognizable source identity. PARCEL_CC0.webp: attach directly as factual visual source; preserve recognizable source identity.,PLANNING • TRAVEL • CORPORATE SECURITY,,vertical chronology on left with one large date; authentic source/photo panel right; clipped note at upper-right; one red timeline marker; no crowded event list,"BEAT B037 — FINAL 16:9 WHAT IT COST STILL
ROUTE: SOURCE_STYLED_GENERATION
FAMILY: T06
SCRIPT: ""People were planning activities, traveling, communicating, and using corporate-security personnel and resources around a campaign directed at two private citizens.""
MAIN TEXT: ""PLANNING • TRAVEL • CORPORATE SECURITY""

FACTUAL SOURCE IMAGES TO ATTACH FIRST: OFFICE_INTERIOR_CC0.jpg; EBAY_HQ_2018_CC_BY_SA.jpg; PARCEL_CC0.webp.
SOURCE PREP: OFFICE_INTERIOR_CC0.jpg: attach directly as factual visual source; preserve recognizable source identity. EBAY_HQ_2018_CC_BY_SA.jpg: attach directly as factual visual source; preserve recognizable source identity. PARCEL_CC0.webp: attach directly as factual visual source; preserve recognizable source identity.
No raw PDF/HTML input.

STYLE REFERENCE TO ATTACH LAST: R5_STYLE_MAP_LOCATION, media_id aeaf1ee7-3e3d-42ba-b137-7eaa2218685e.
REFERENCE PRIORITY — HARD: (1) locked narration and exact text, (2) FACTUAL SOURCE images, (3) STYLE REFERENCE last. If the style reference contains a person, object, logo, document, place, quote, or evidence subject not present in the factual sources for this beat, IGNORE IT COMPLETELY. The style reference is NON-FACTUAL and may contribute ONLY palette, typography scale, paper layering, texture, spacing, framing, line weight and restrained red-accent language. NEVER copy its pig mask, building, map, office, legal note, headline wording or any other subject matter unless that same subject is also in the factual source list for this beat.

COMPOSITION: vertical chronology on left with one large date; authentic source/photo panel right; clipped note at upper-right; one red timeline marker; no crowded event list
FINAL IMAGE REQUIREMENT: the factual source material above must already be visibly integrated in the finished frame. No empty placeholder, no later source-insertion pass, no invented substitute evidence. Preserve the identity of real photos/evidence. For document/message material, show only the prepared short authentic excerpt; never rebuild a full page of text.

CHANNEL LOOK: premium investigative business documentary; textured black/charcoal field, warm paper surfaces, large condensed paper-white headline, restrained signal-red accent, thin editorial rules, file/tab/clip details only when relevant, authentic-source-first hierarchy. Keep the family resemblance to the style reference but vary crop, focal side, layering and thematic element so adjacent beats are not monotonous.

SUBTITLE SAFE — HARD: bottom 22% of the frame must remain visually quiet. No main text, support text, faces, evidence, source label, legal qualifier, map point or diagram node in that lower band.

TEXT — HARD: generate only MAIN TEXT, optional SUPPORT TEXT, and at most one short factual source/date/role label. No decorative microcopy. No invented legal/status language. No long body text. No gibberish.

LEGAL/FACTUAL LOCK: None beyond the locked narration.

REJECT IF: style-reference subject leaks into the scene; wrong source appears; full dense document is reproduced; pseudo-text appears; source is missing; important content enters subtitle band; red dominates; layout becomes a card-grid/dashboard; horror/tabloid treatment appears; a legal status or amount is changed.

OUTPUT: one finished montage-ready still that matches this exact beat and can be cut directly under the narration.",R6_READY_FOR_REVIEW_NOT_AUTHORIZED_FOR_GENERATION
B038,S05,319.880,328.140,SOURCE_STYLED_GENERATION,T02,R5_STYLE_MAP_LOCATION,aeaf1ee7-3e3d-42ba-b137-7eaa2218685e,FACTUAL_SOURCES_FIRST__STYLE_REFERENCE_LAST,NATICK_CENTER_2020_CC_BY_SA.jpg;GENERIC_GPS_TRACKER_CC0.jpg,,NATICK_CENTER_2020_CC_BY_SA.jpg: attach directly as factual visual source; preserve recognizable source identity. GENERIC_GPS_TRACKER_CC0.jpg: attach directly as factual visual source; preserve recognizable source identity.,"AUGUST 15, 2019",,centered dossier sheet with one real photo and one short source crop; headline on left margin; small role/status tab; restrained red highlight on only one factual phrase,"BEAT B038 — FINAL 16:9 WHAT IT COST STILL
ROUTE: SOURCE_STYLED_GENERATION
FAMILY: T02
SCRIPT: ""Then the line moved again. On August fifteenth, Baugh, David Harville and Veronica Zea traveled to the Steiners' area.""
MAIN TEXT: ""AUGUST 15, 2019""

FACTUAL SOURCE IMAGES TO ATTACH FIRST: NATICK_CENTER_2020_CC_BY_SA.jpg; GENERIC_GPS_TRACKER_CC0.jpg.
SOURCE PREP: NATICK_CENTER_2020_CC_BY_SA.jpg: attach directly as factual visual source; preserve recognizable source identity. GENERIC_GPS_TRACKER_CC0.jpg: attach directly as factual visual source; preserve recognizable source identity.
No raw PDF/HTML input.

STYLE REFERENCE TO ATTACH LAST: R5_STYLE_MAP_LOCATION, media_id aeaf1ee7-3e3d-42ba-b137-7eaa2218685e.
REFERENCE PRIORITY — HARD: (1) locked narration and exact text, (2) FACTUAL SOURCE images, (3) STYLE REFERENCE last. If the style reference contains a person, object, logo, document, place, quote, or evidence subject not present in the factual sources for this beat, IGNORE IT COMPLETELY. The style reference is NON-FACTUAL and may contribute ONLY palette, typography scale, paper layering, texture, spacing, framing, line weight and restrained red-accent language. NEVER copy its pig mask, building, map, office, legal note, headline wording or any other subject matter unless that same subject is also in the factual source list for this beat.

COMPOSITION: centered dossier sheet with one real photo and one short source crop; headline on left margin; small role/status tab; restrained red highlight on only one factual phrase
FINAL IMAGE REQUIREMENT: the factual source material above must already be visibly integrated in the finished frame. No empty placeholder, no later source-insertion pass, no invented substitute evidence. Preserve the identity of real photos/evidence. For document/message material, show only the prepared short authentic excerpt; never rebuild a full page of text.

CHANNEL LOOK: premium investigative business documentary; textured black/charcoal field, warm paper surfaces, large condensed paper-white headline, restrained signal-red accent, thin editorial rules, file/tab/clip details only when relevant, authentic-source-first hierarchy. Keep the family resemblance to the style reference but vary crop, focal side, layering and thematic element so adjacent beats are not monotonous.

SUBTITLE SAFE — HARD: bottom 22% of the frame must remain visually quiet. No main text, support text, faces, evidence, source label, legal qualifier, map point or diagram node in that lower band.

TEXT — HARD: generate only MAIN TEXT, optional SUPPORT TEXT, and at most one short factual source/date/role label. No decorative microcopy. No invented legal/status language. No long body text. No gibberish.

LEGAL/FACTUAL LOCK: None beyond the locked narration.

REJECT IF: style-reference subject leaks into the scene; wrong source appears; full dense document is reproduced; pseudo-text appears; source is missing; important content enters subtitle band; red dominates; layout becomes a card-grid/dashboard; horror/tabloid treatment appears; a legal status or amount is changed.

OUTPUT: one finished montage-ready still that matches this exact beat and can be cut directly under the narration.",R6_READY_FOR_REVIEW_NOT_AUTHORIZED_FOR_GENERATION
B039,S05,328.940,337.480,SOURCE_STYLED_GENERATION,T03,R5_STYLE_DOSSIER,3f30e1ef-3a0e-4158-914f-70bb25fa30a4,FACTUAL_SOURCES_FIRST__STYLE_REFERENCE_LAST,DC006_DELIVERIES_GPS_ATTEMPT.png;DC007_GPS_GARAGE_ATTEMPT.png;GENERIC_GPS_TRACKER_CC0.jpg,,DC006_DELIVERIES_GPS_ATTEMPT.png: BEFORE JOB crop to the one short relevant excerpt/highlight for this beat; do not attach a whole dense text page. DC007_GPS_GARAGE_ATTEMPT.png: BEFORE JOB crop to the one short relevant excerpt/highlight for this beat; do not attach a whole dense text page. GENERIC_GPS_TRACKER_CC0.jpg: attach directly as factual visual source; preserve recognizable source identity.,GPS TRACKER ATTEMPT,,wide horizontal authentic excerpt across upper half; condensed headline above-left; one clipped corner/tab; black textured negative space below for captions,"BEAT B039 — FINAL 16:9 WHAT IT COST STILL
ROUTE: SOURCE_STYLED_GENERATION
FAMILY: T03
SCRIPT: ""According to the federal court record, they attempted to install a G-P-S tracker on the Steiners' vehicle. They also surveilled and followed the couple.""
MAIN TEXT: ""GPS TRACKER ATTEMPT""

FACTUAL SOURCE IMAGES TO ATTACH FIRST: DC006_DELIVERIES_GPS_ATTEMPT.png; DC007_GPS_GARAGE_ATTEMPT.png; GENERIC_GPS_TRACKER_CC0.jpg.
SOURCE PREP: DC006_DELIVERIES_GPS_ATTEMPT.png: BEFORE JOB crop to the one short relevant excerpt/highlight for this beat; do not attach a whole dense text page. DC007_GPS_GARAGE_ATTEMPT.png: BEFORE JOB crop to the one short relevant excerpt/highlight for this beat; do not attach a whole dense text page. GENERIC_GPS_TRACKER_CC0.jpg: attach directly as factual visual source; preserve recognizable source identity.
No raw PDF/HTML input.

STYLE REFERENCE TO ATTACH LAST: R5_STYLE_DOSSIER, media_id 3f30e1ef-3a0e-4158-914f-70bb25fa30a4.
REFERENCE PRIORITY — HARD: (1) locked narration and exact text, (2) FACTUAL SOURCE images, (3) STYLE REFERENCE last. If the style reference contains a person, object, logo, document, place, quote, or evidence subject not present in the factual sources for this beat, IGNORE IT COMPLETELY. The style reference is NON-FACTUAL and may contribute ONLY palette, typography scale, paper layering, texture, spacing, framing, line weight and restrained red-accent language. NEVER copy its pig mask, building, map, office, legal note, headline wording or any other subject matter unless that same subject is also in the factual source list for this beat.

COMPOSITION: wide horizontal authentic excerpt across upper half; condensed headline above-left; one clipped corner/tab; black textured negative space below for captions
FINAL IMAGE REQUIREMENT: the factual source material above must already be visibly integrated in the finished frame. No empty placeholder, no later source-insertion pass, no invented substitute evidence. Preserve the identity of real photos/evidence. For document/message material, show only the prepared short authentic excerpt; never rebuild a full page of text.

CHANNEL LOOK: premium investigative business documentary; textured black/charcoal field, warm paper surfaces, large condensed paper-white headline, restrained signal-red accent, thin editorial rules, file/tab/clip details only when relevant, authentic-source-first hierarchy. Keep the family resemblance to the style reference but vary crop, focal side, layering and thematic element so adjacent beats are not monotonous.

SUBTITLE SAFE — HARD: bottom 22% of the frame must remain visually quiet. No main text, support text, faces, evidence, source label, legal qualifier, map point or diagram node in that lower band.

TEXT — HARD: generate only MAIN TEXT, optional SUPPORT TEXT, and at most one short factual source/date/role label. No decorative microcopy. No invented legal/status language. No long body text. No gibberish.

LEGAL/FACTUAL LOCK: Tracker attempted; installation not established.

REJECT IF: style-reference subject leaks into the scene; wrong source appears; full dense document is reproduced; pseudo-text appears; source is missing; important content enters subtitle band; red dominates; layout becomes a card-grid/dashboard; horror/tabloid treatment appears; a legal status or amount is changed.

OUTPUT: one finished montage-ready still that matches this exact beat and can be cut directly under the narration.",R6_READY_FOR_REVIEW_NOT_AUTHORIZED_FOR_GENERATION
B040,S05,338.340,349.320,HYBRID_SOURCE_EDITORIAL,T01,R5_STYLE_DOSSIER,3f30e1ef-3a0e-4158-914f-70bb25fa30a4,FACTUAL_SOURCES_FIRST__STYLE_REFERENCE_LAST,DC007_GPS_GARAGE_ATTEMPT.png;GENERIC_GPS_TRACKER_CC0.jpg,,DC007_GPS_GARAGE_ATTEMPT.png: BEFORE JOB crop to the one short relevant excerpt/highlight for this beat; do not attach a whole dense text page. GENERIC_GPS_TRACKER_CC0.jpg: attach directly as factual visual source; preserve recognizable source identity.,ATTEMPTED — NOT INSTALLED,,large authentic source frame on the right two-thirds; oversized headline left; short red dash above headline; one thin horizontal rule; one small paper tab overlapping the source frame,"BEAT B040 — FINAL 16:9 WHAT IT COST STILL
ROUTE: HYBRID_SOURCE_EDITORIAL
FAMILY: T01
SCRIPT: ""The tracker was not established as successfully installed. But the attempt changed the nature of the story. This was no longer just anonymous online harassment or disturbing deliveries.""
MAIN TEXT: ""ATTEMPTED — NOT INSTALLED""

FACTUAL SOURCE IMAGES TO ATTACH FIRST: DC007_GPS_GARAGE_ATTEMPT.png; GENERIC_GPS_TRACKER_CC0.jpg.
SOURCE PREP: DC007_GPS_GARAGE_ATTEMPT.png: BEFORE JOB crop to the one short relevant excerpt/highlight for this beat; do not attach a whole dense text page. GENERIC_GPS_TRACKER_CC0.jpg: attach directly as factual visual source; preserve recognizable source identity.
No raw PDF/HTML input.

STYLE REFERENCE TO ATTACH LAST: R5_STYLE_DOSSIER, media_id 3f30e1ef-3a0e-4158-914f-70bb25fa30a4.
REFERENCE PRIORITY — HARD: (1) locked narration and exact text, (2) FACTUAL SOURCE images, (3) STYLE REFERENCE last. If the style reference contains a person, object, logo, document, place, quote, or evidence subject not present in the factual sources for this beat, IGNORE IT COMPLETELY. The style reference is NON-FACTUAL and may contribute ONLY palette, typography scale, paper layering, texture, spacing, framing, line weight and restrained red-accent language. NEVER copy its pig mask, building, map, office, legal note, headline wording or any other subject matter unless that same subject is also in the factual source list for this beat.

COMPOSITION: large authentic source frame on the right two-thirds; oversized headline left; short red dash above headline; one thin horizontal rule; one small paper tab overlapping the source frame
FINAL IMAGE REQUIREMENT: the factual source material above must already be visibly integrated in the finished frame. No empty placeholder, no later source-insertion pass, no invented substitute evidence. Preserve the identity of real photos/evidence. For document/message material, show only the prepared short authentic excerpt; never rebuild a full page of text.

CHANNEL LOOK: premium investigative business documentary; textured black/charcoal field, warm paper surfaces, large condensed paper-white headline, restrained signal-red accent, thin editorial rules, file/tab/clip details only when relevant, authentic-source-first hierarchy. Keep the family resemblance to the style reference but vary crop, focal side, layering and thematic element so adjacent beats are not monotonous.

SUBTITLE SAFE — HARD: bottom 22% of the frame must remain visually quiet. No main text, support text, faces, evidence, source label, legal qualifier, map point or diagram node in that lower band.

TEXT — HARD: generate only MAIN TEXT, optional SUPPORT TEXT, and at most one short factual source/date/role label. No decorative microcopy. No invented legal/status language. No long body text. No gibberish.

LEGAL/FACTUAL LOCK: Tracker attempted; installation not established.

REJECT IF: style-reference subject leaks into the scene; wrong source appears; full dense document is reproduced; pseudo-text appears; source is missing; important content enters subtitle band; red dominates; layout becomes a card-grid/dashboard; horror/tabloid treatment appears; a legal status or amount is changed.

OUTPUT: one finished montage-ready still that matches this exact beat and can be cut directly under the narration.",R6_READY_FOR_REVIEW_NOT_AUTHORIZED_FOR_GENERATION
B041,S05,350.380,355.800,SOURCE_STYLED_GENERATION,T05,R5_STYLE_MAP_LOCATION,aeaf1ee7-3e3d-42ba-b137-7eaa2218685e,FACTUAL_SOURCES_FIRST__STYLE_REFERENCE_LAST,NATICK_CENTER_2020_CC_BY_SA.jpg,,NATICK_CENTER_2020_CC_BY_SA.jpg: attach directly as factual visual source; preserve recognizable source identity. B041 special: no GPS tracker reference. Build physical-surveillance → next-day-police chronology from Natick/location context and exact text only.,PHYSICAL SURVEILLANCE,NEXT DAY → POLICE,Use Natick/location imagery as the upper/right factual anchor; headline PHYSICAL SURVEILLANCE at left; add one small chronological support line NEXT DAY → POLICE above the subtitle-safe band; no GPS device as hero.,"BEAT B041 — FINAL 16:9 WHAT IT COST STILL
ROUTE: SOURCE_STYLED_GENERATION
FAMILY: T05
SCRIPT: ""It had become a physical surveillance operation. And the next day, the Steiners went to the police.""
MAIN TEXT: ""PHYSICAL SURVEILLANCE""
SUPPORT TEXT: ""NEXT DAY → POLICE""

FACTUAL SOURCE IMAGES TO ATTACH FIRST: NATICK_CENTER_2020_CC_BY_SA.jpg.
SOURCE PREP: NATICK_CENTER_2020_CC_BY_SA.jpg: attach directly as factual visual source; preserve recognizable source identity. B041 special: no GPS tracker reference. Build physical-surveillance → next-day-police chronology from Natick/location context and exact text only.
No raw PDF/HTML input.

STYLE REFERENCE TO ATTACH LAST: R5_STYLE_MAP_LOCATION, media_id aeaf1ee7-3e3d-42ba-b137-7eaa2218685e.
REFERENCE PRIORITY — HARD: (1) locked narration and exact text, (2) FACTUAL SOURCE images, (3) STYLE REFERENCE last. If the style reference contains a person, object, logo, document, place, quote, or evidence subject not present in the factual sources for this beat, IGNORE IT COMPLETELY. The style reference is NON-FACTUAL and may contribute ONLY palette, typography scale, paper layering, texture, spacing, framing, line weight and restrained red-accent language. NEVER copy its pig mask, building, map, office, legal note, headline wording or any other subject matter unless that same subject is also in the factual source list for this beat.

COMPOSITION: Use Natick/location imagery as the upper/right factual anchor; headline PHYSICAL SURVEILLANCE at left; add one small chronological support line NEXT DAY → POLICE above the subtitle-safe band; no GPS device as hero.
FINAL IMAGE REQUIREMENT: the factual source material above must already be visibly integrated in the finished frame. No empty placeholder, no later source-insertion pass, no invented substitute evidence. Preserve the identity of real photos/evidence. For document/message material, show only the prepared short authentic excerpt; never rebuild a full page of text.

CHANNEL LOOK: premium investigative business documentary; textured black/charcoal field, warm paper surfaces, large condensed paper-white headline, restrained signal-red accent, thin editorial rules, file/tab/clip details only when relevant, authentic-source-first hierarchy. Keep the family resemblance to the style reference but vary crop, focal side, layering and thematic element so adjacent beats are not monotonous.

SUBTITLE SAFE — HARD: bottom 22% of the frame must remain visually quiet. No main text, support text, faces, evidence, source label, legal qualifier, map point or diagram node in that lower band.

TEXT — HARD: generate only MAIN TEXT, optional SUPPORT TEXT, and at most one short factual source/date/role label. No decorative microcopy. No invented legal/status language. No long body text. No gibberish.

LEGAL/FACTUAL LOCK: None beyond the locked narration.

REJECT IF: style-reference subject leaks into the scene; wrong source appears; full dense document is reproduced; pseudo-text appears; source is missing; important content enters subtitle band; red dominates; layout becomes a card-grid/dashboard; horror/tabloid treatment appears; a legal status or amount is changed.

OUTPUT: one finished montage-ready still that matches this exact beat and can be cut directly under the narration.",R6_READY_FOR_REVIEW_NOT_AUTHORIZED_FOR_GENERATION
B042,S06,356.860,366.060,SOURCE_STYLED_GENERATION,T06,R5_STYLE_MAP_LOCATION,aeaf1ee7-3e3d-42ba-b137-7eaa2218685e,FACTUAL_SOURCES_FIRST__STYLE_REFERENCE_LAST,DC023_OBSTRUCTION_DELETION.png;EBAY_HQ_2018_CC_BY_SA.jpg;NATICK_CENTER_2020_CC_BY_SA.jpg,,DC023_OBSTRUCTION_DELETION.png: BEFORE JOB crop to the one short relevant excerpt/highlight for this beat; do not attach a whole dense text page. EBAY_HQ_2018_CC_BY_SA.jpg: attach directly as factual visual source; preserve recognizable source identity. NATICK_CENTER_2020_CC_BY_SA.jpg: attach directly as factual visual source; preserve recognizable source identity.,"AUGUST 16, 2019 — POLICE INVESTIGATION",,large event/date headline upper-left; two sequential source crops in staggered paper frames across top/right; thin connecting line; bottom kept empty,"BEAT B042 — FINAL 16:9 WHAT IT COST STILL
ROUTE: SOURCE_STYLED_GENERATION
FAMILY: T06
SCRIPT: ""Natick police began investigating on August sixteenth, twenty nineteen. That should have ended the operation. Instead, it created a second problem.""
MAIN TEXT: ""AUGUST 16, 2019 — POLICE INVESTIGATION""

FACTUAL SOURCE IMAGES TO ATTACH FIRST: DC023_OBSTRUCTION_DELETION.png; EBAY_HQ_2018_CC_BY_SA.jpg; NATICK_CENTER_2020_CC_BY_SA.jpg.
SOURCE PREP: DC023_OBSTRUCTION_DELETION.png: BEFORE JOB crop to the one short relevant excerpt/highlight for this beat; do not attach a whole dense text page. EBAY_HQ_2018_CC_BY_SA.jpg: attach directly as factual visual source; preserve recognizable source identity. NATICK_CENTER_2020_CC_BY_SA.jpg: attach directly as factual visual source; preserve recognizable source identity.
No raw PDF/HTML input.

STYLE REFERENCE TO ATTACH LAST: R5_STYLE_MAP_LOCATION, media_id aeaf1ee7-3e3d-42ba-b137-7eaa2218685e.
REFERENCE PRIORITY — HARD: (1) locked narration and exact text, (2) FACTUAL SOURCE images, (3) STYLE REFERENCE last. If the style reference contains a person, object, logo, document, place, quote, or evidence subject not present in the factual sources for this beat, IGNORE IT COMPLETELY. The style reference is NON-FACTUAL and may contribute ONLY palette, typography scale, paper layering, texture, spacing, framing, line weight and restrained red-accent language. NEVER copy its pig mask, building, map, office, legal note, headline wording or any other subject matter unless that same subject is also in the factual source list for this beat.

COMPOSITION: large event/date headline upper-left; two sequential source crops in staggered paper frames across top/right; thin connecting line; bottom kept empty
FINAL IMAGE REQUIREMENT: the factual source material above must already be visibly integrated in the finished frame. No empty placeholder, no later source-insertion pass, no invented substitute evidence. Preserve the identity of real photos/evidence. For document/message material, show only the prepared short authentic excerpt; never rebuild a full page of text.

CHANNEL LOOK: premium investigative business documentary; textured black/charcoal field, warm paper surfaces, large condensed paper-white headline, restrained signal-red accent, thin editorial rules, file/tab/clip details only when relevant, authentic-source-first hierarchy. Keep the family resemblance to the style reference but vary crop, focal side, layering and thematic element so adjacent beats are not monotonous.

SUBTITLE SAFE — HARD: bottom 22% of the frame must remain visually quiet. No main text, support text, faces, evidence, source label, legal qualifier, map point or diagram node in that lower band.

TEXT — HARD: generate only MAIN TEXT, optional SUPPORT TEXT, and at most one short factual source/date/role label. No decorative microcopy. No invented legal/status language. No long body text. No gibberish.

LEGAL/FACTUAL LOCK: None beyond the locked narration.

REJECT IF: style-reference subject leaks into the scene; wrong source appears; full dense document is reproduced; pseudo-text appears; source is missing; important content enters subtitle band; red dominates; layout becomes a card-grid/dashboard; horror/tabloid treatment appears; a legal status or amount is changed.

OUTPUT: one finished montage-ready still that matches this exact beat and can be cut directly under the narration.",R6_READY_FOR_REVIEW_NOT_AUTHORIZED_FOR_GENERATION
B043,S06,366.980,374.300,SOURCE_STYLED_GENERATION,T01,R5_STYLE_DOSSIER,3f30e1ef-3a0e-4158-914f-70bb25fa30a4,FACTUAL_SOURCES_FIRST__STYLE_REFERENCE_LAST,DC023_OBSTRUCTION_DELETION.png;EBAY_HQ_2018_CC_BY_SA.jpg;NATICK_CENTER_2020_CC_BY_SA.jpg,,DC023_OBSTRUCTION_DELETION.png: BEFORE JOB crop to the one short relevant excerpt/highlight for this beat; do not attach a whole dense text page. EBAY_HQ_2018_CC_BY_SA.jpg: attach directly as factual visual source; preserve recognizable source identity. NATICK_CENTER_2020_CC_BY_SA.jpg: attach directly as factual visual source; preserve recognizable source identity.,A SECOND PROBLEM,,full-width source strip across upper 60%; headline block at lower-left but entirely above subtitle-safe band; one tiny source/date tag; restrained paper edge and red tick,"BEAT B043 — FINAL 16:9 WHAT IT COST STILL
ROUTE: SOURCE_STYLED_GENERATION
FAMILY: T01
SCRIPT: ""The first was what the security team had done. The second was what members of that team did once investigators started asking questions.""
MAIN TEXT: ""A SECOND PROBLEM""

FACTUAL SOURCE IMAGES TO ATTACH FIRST: DC023_OBSTRUCTION_DELETION.png; EBAY_HQ_2018_CC_BY_SA.jpg; NATICK_CENTER_2020_CC_BY_SA.jpg.
SOURCE PREP: DC023_OBSTRUCTION_DELETION.png: BEFORE JOB crop to the one short relevant excerpt/highlight for this beat; do not attach a whole dense text page. EBAY_HQ_2018_CC_BY_SA.jpg: attach directly as factual visual source; preserve recognizable source identity. NATICK_CENTER_2020_CC_BY_SA.jpg: attach directly as factual visual source; preserve recognizable source identity.
No raw PDF/HTML input.

STYLE REFERENCE TO ATTACH LAST: R5_STYLE_DOSSIER, media_id 3f30e1ef-3a0e-4158-914f-70bb25fa30a4.
REFERENCE PRIORITY — HARD: (1) locked narration and exact text, (2) FACTUAL SOURCE images, (3) STYLE REFERENCE last. If the style reference contains a person, object, logo, document, place, quote, or evidence subject not present in the factual sources for this beat, IGNORE IT COMPLETELY. The style reference is NON-FACTUAL and may contribute ONLY palette, typography scale, paper layering, texture, spacing, framing, line weight and restrained red-accent language. NEVER copy its pig mask, building, map, office, legal note, headline wording or any other subject matter unless that same subject is also in the factual source list for this beat.

COMPOSITION: full-width source strip across upper 60%; headline block at lower-left but entirely above subtitle-safe band; one tiny source/date tag; restrained paper edge and red tick
FINAL IMAGE REQUIREMENT: the factual source material above must already be visibly integrated in the finished frame. No empty placeholder, no later source-insertion pass, no invented substitute evidence. Preserve the identity of real photos/evidence. For document/message material, show only the prepared short authentic excerpt; never rebuild a full page of text.

CHANNEL LOOK: premium investigative business documentary; textured black/charcoal field, warm paper surfaces, large condensed paper-white headline, restrained signal-red accent, thin editorial rules, file/tab/clip details only when relevant, authentic-source-first hierarchy. Keep the family resemblance to the style reference but vary crop, focal side, layering and thematic element so adjacent beats are not monotonous.

SUBTITLE SAFE — HARD: bottom 22% of the frame must remain visually quiet. No main text, support text, faces, evidence, source label, legal qualifier, map point or diagram node in that lower band.

TEXT — HARD: generate only MAIN TEXT, optional SUPPORT TEXT, and at most one short factual source/date/role label. No decorative microcopy. No invented legal/status language. No long body text. No gibberish.

LEGAL/FACTUAL LOCK: None beyond the locked narration.

REJECT IF: style-reference subject leaks into the scene; wrong source appears; full dense document is reproduced; pseudo-text appears; source is missing; important content enters subtitle band; red dominates; layout becomes a card-grid/dashboard; horror/tabloid treatment appears; a legal status or amount is changed.

OUTPUT: one finished montage-ready still that matches this exact beat and can be cut directly under the narration.",R6_READY_FOR_REVIEW_NOT_AUTHORIZED_FOR_GENERATION
B044,S06,375.480,384.240,HYBRID_SOURCE_EDITORIAL,T01,R5_STYLE_DOSSIER,3f30e1ef-3a0e-4158-914f-70bb25fa30a4,FACTUAL_SOURCES_FIRST__STYLE_REFERENCE_LAST,DC023_OBSTRUCTION_DELETION.png;EBAY_HQ_2018_CC_BY_SA.jpg;NATICK_CENTER_2020_CC_BY_SA.jpg,,DC023_OBSTRUCTION_DELETION.png: BEFORE JOB crop to the one short relevant excerpt/highlight for this beat; do not attach a whole dense text page. EBAY_HQ_2018_CC_BY_SA.jpg: attach directly as factual visual source; preserve recognizable source identity. NATICK_CENTER_2020_CC_BY_SA.jpg: attach directly as factual visual source; preserve recognizable source identity.,FALSE STATEMENTS • DELETED EVIDENCE • FALSIFIED RECORDS,,large authentic source frame on the right two-thirds; oversized headline left; short red dash above headline; one thin horizontal rule; one small paper tab overlapping the source frame,"BEAT B044 — FINAL 16:9 WHAT IT COST STILL
ROUTE: HYBRID_SOURCE_EDITORIAL
FAMILY: T01
SCRIPT: ""The record admitted by eBay and described by federal prosecutors includes false statements, deletion of digital evidence, and falsified records.""
MAIN TEXT: ""FALSE STATEMENTS • DELETED EVIDENCE • FALSIFIED RECORDS""

FACTUAL SOURCE IMAGES TO ATTACH FIRST: DC023_OBSTRUCTION_DELETION.png; EBAY_HQ_2018_CC_BY_SA.jpg; NATICK_CENTER_2020_CC_BY_SA.jpg.
SOURCE PREP: DC023_OBSTRUCTION_DELETION.png: BEFORE JOB crop to the one short relevant excerpt/highlight for this beat; do not attach a whole dense text page. EBAY_HQ_2018_CC_BY_SA.jpg: attach directly as factual visual source; preserve recognizable source identity. NATICK_CENTER_2020_CC_BY_SA.jpg: attach directly as factual visual source; preserve recognizable source identity.
No raw PDF/HTML input.

STYLE REFERENCE TO ATTACH LAST: R5_STYLE_DOSSIER, media_id 3f30e1ef-3a0e-4158-914f-70bb25fa30a4.
REFERENCE PRIORITY — HARD: (1) locked narration and exact text, (2) FACTUAL SOURCE images, (3) STYLE REFERENCE last. If the style reference contains a person, object, logo, document, place, quote, or evidence subject not present in the factual sources for this beat, IGNORE IT COMPLETELY. The style reference is NON-FACTUAL and may contribute ONLY palette, typography scale, paper layering, texture, spacing, framing, line weight and restrained red-accent language. NEVER copy its pig mask, building, map, office, legal note, headline wording or any other subject matter unless that same subject is also in the factual source list for this beat.

COMPOSITION: large authentic source frame on the right two-thirds; oversized headline left; short red dash above headline; one thin horizontal rule; one small paper tab overlapping the source frame
FINAL IMAGE REQUIREMENT: the factual source material above must already be visibly integrated in the finished frame. No empty placeholder, no later source-insertion pass, no invented substitute evidence. Preserve the identity of real photos/evidence. For document/message material, show only the prepared short authentic excerpt; never rebuild a full page of text.

CHANNEL LOOK: premium investigative business documentary; textured black/charcoal field, warm paper surfaces, large condensed paper-white headline, restrained signal-red accent, thin editorial rules, file/tab/clip details only when relevant, authentic-source-first hierarchy. Keep the family resemblance to the style reference but vary crop, focal side, layering and thematic element so adjacent beats are not monotonous.

SUBTITLE SAFE — HARD: bottom 22% of the frame must remain visually quiet. No main text, support text, faces, evidence, source label, legal qualifier, map point or diagram node in that lower band.

TEXT — HARD: generate only MAIN TEXT, optional SUPPORT TEXT, and at most one short factual source/date/role label. No decorative microcopy. No invented legal/status language. No long body text. No gibberish.

LEGAL/FACTUAL LOCK: None beyond the locked narration.

REJECT IF: style-reference subject leaks into the scene; wrong source appears; full dense document is reproduced; pseudo-text appears; source is missing; important content enters subtitle band; red dominates; layout becomes a card-grid/dashboard; horror/tabloid treatment appears; a legal status or amount is changed.

OUTPUT: one finished montage-ready still that matches this exact beat and can be cut directly under the narration.",R6_READY_FOR_REVIEW_NOT_AUTHORIZED_FOR_GENERATION
B045,S06,385.280,394.160,SOURCE_STYLED_GENERATION,T01,R5_STYLE_DOSSIER,3f30e1ef-3a0e-4158-914f-70bb25fa30a4,FACTUAL_SOURCES_FIRST__STYLE_REFERENCE_LAST,DC023_OBSTRUCTION_DELETION.png;EBAY_HQ_2018_CC_BY_SA.jpg;NATICK_CENTER_2020_CC_BY_SA.jpg,,DC023_OBSTRUCTION_DELETION.png: BEFORE JOB crop to the one short relevant excerpt/highlight for this beat; do not attach a whole dense text page. EBAY_HQ_2018_CC_BY_SA.jpg: attach directly as factual visual source; preserve recognizable source identity. NATICK_CENTER_2020_CC_BY_SA.jpg: attach directly as factual visual source; preserve recognizable source identity.,OPERATION + CONCEALMENT,,hero evidence object centered high on a warm-paper mount; headline upper-left; compact source label above; small red underline; faint secondary evidence edge behind the hero,"BEAT B045 — FINAL 16:9 WHAT IT COST STILL
ROUTE: SOURCE_STYLED_GENERATION
FAMILY: T01
SCRIPT: ""A security organization that existed to reduce risk had now created two kinds of risk: the operation itself, and the effort to conceal it.""
MAIN TEXT: ""OPERATION + CONCEALMENT""

FACTUAL SOURCE IMAGES TO ATTACH FIRST: DC023_OBSTRUCTION_DELETION.png; EBAY_HQ_2018_CC_BY_SA.jpg; NATICK_CENTER_2020_CC_BY_SA.jpg.
SOURCE PREP: DC023_OBSTRUCTION_DELETION.png: BEFORE JOB crop to the one short relevant excerpt/highlight for this beat; do not attach a whole dense text page. EBAY_HQ_2018_CC_BY_SA.jpg: attach directly as factual visual source; preserve recognizable source identity. NATICK_CENTER_2020_CC_BY_SA.jpg: attach directly as factual visual source; preserve recognizable source identity.
No raw PDF/HTML input.

STYLE REFERENCE TO ATTACH LAST: R5_STYLE_DOSSIER, media_id 3f30e1ef-3a0e-4158-914f-70bb25fa30a4.
REFERENCE PRIORITY — HARD: (1) locked narration and exact text, (2) FACTUAL SOURCE images, (3) STYLE REFERENCE last. If the style reference contains a person, object, logo, document, place, quote, or evidence subject not present in the factual sources for this beat, IGNORE IT COMPLETELY. The style reference is NON-FACTUAL and may contribute ONLY palette, typography scale, paper layering, texture, spacing, framing, line weight and restrained red-accent language. NEVER copy its pig mask, building, map, office, legal note, headline wording or any other subject matter unless that same subject is also in the factual source list for this beat.

COMPOSITION: hero evidence object centered high on a warm-paper mount; headline upper-left; compact source label above; small red underline; faint secondary evidence edge behind the hero
FINAL IMAGE REQUIREMENT: the factual source material above must already be visibly integrated in the finished frame. No empty placeholder, no later source-insertion pass, no invented substitute evidence. Preserve the identity of real photos/evidence. For document/message material, show only the prepared short authentic excerpt; never rebuild a full page of text.

CHANNEL LOOK: premium investigative business documentary; textured black/charcoal field, warm paper surfaces, large condensed paper-white headline, restrained signal-red accent, thin editorial rules, file/tab/clip details only when relevant, authentic-source-first hierarchy. Keep the family resemblance to the style reference but vary crop, focal side, layering and thematic element so adjacent beats are not monotonous.

SUBTITLE SAFE — HARD: bottom 22% of the frame must remain visually quiet. No main text, support text, faces, evidence, source label, legal qualifier, map point or diagram node in that lower band.

TEXT — HARD: generate only MAIN TEXT, optional SUPPORT TEXT, and at most one short factual source/date/role label. No decorative microcopy. No invented legal/status language. No long body text. No gibberish.

LEGAL/FACTUAL LOCK: None beyond the locked narration.

REJECT IF: style-reference subject leaks into the scene; wrong source appears; full dense document is reproduced; pseudo-text appears; source is missing; important content enters subtitle band; red dominates; layout becomes a card-grid/dashboard; horror/tabloid treatment appears; a legal status or amount is changed.

OUTPUT: one finished montage-ready still that matches this exact beat and can be cut directly under the narration.",R6_READY_FOR_REVIEW_NOT_AUTHORIZED_FOR_GENERATION
B046,S06,395.020,410.060,SOURCE_STYLED_GENERATION,T06,R5_STYLE_MAP_LOCATION,aeaf1ee7-3e3d-42ba-b137-7eaa2218685e,FACTUAL_SOURCES_FIRST__STYLE_REFERENCE_LAST,DC023_OBSTRUCTION_DELETION.png;EBAY_HQ_2018_CC_BY_SA.jpg;NATICK_CENTER_2020_CC_BY_SA.jpg,,DC023_OBSTRUCTION_DELETION.png: BEFORE JOB crop to the one short relevant excerpt/highlight for this beat; do not attach a whole dense text page. EBAY_HQ_2018_CC_BY_SA.jpg: attach directly as factual visual source; preserve recognizable source identity. NATICK_CENTER_2020_CC_BY_SA.jpg: attach directly as factual visual source; preserve recognizable source identity.,INTERNAL INVESTIGATION,,large event/date headline upper-left; two sequential source crops in staggered paper frames across top/right; thin connecting line; bottom kept empty,"BEAT B046 — FINAL 16:9 WHAT IT COST STILL
ROUTE: SOURCE_STYLED_GENERATION
FAMILY: T06
SCRIPT: ""eBay began its own internal investigation days later. By the end of August, several security employees had been placed on leave. Over time, key members of the operation were removed or terminated, and one contractor's relationship ended.""
MAIN TEXT: ""INTERNAL INVESTIGATION""

FACTUAL SOURCE IMAGES TO ATTACH FIRST: DC023_OBSTRUCTION_DELETION.png; EBAY_HQ_2018_CC_BY_SA.jpg; NATICK_CENTER_2020_CC_BY_SA.jpg.
SOURCE PREP: DC023_OBSTRUCTION_DELETION.png: BEFORE JOB crop to the one short relevant excerpt/highlight for this beat; do not attach a whole dense text page. EBAY_HQ_2018_CC_BY_SA.jpg: attach directly as factual visual source; preserve recognizable source identity. NATICK_CENTER_2020_CC_BY_SA.jpg: attach directly as factual visual source; preserve recognizable source identity.
No raw PDF/HTML input.

STYLE REFERENCE TO ATTACH LAST: R5_STYLE_MAP_LOCATION, media_id aeaf1ee7-3e3d-42ba-b137-7eaa2218685e.
REFERENCE PRIORITY — HARD: (1) locked narration and exact text, (2) FACTUAL SOURCE images, (3) STYLE REFERENCE last. If the style reference contains a person, object, logo, document, place, quote, or evidence subject not present in the factual sources for this beat, IGNORE IT COMPLETELY. The style reference is NON-FACTUAL and may contribute ONLY palette, typography scale, paper layering, texture, spacing, framing, line weight and restrained red-accent language. NEVER copy its pig mask, building, map, office, legal note, headline wording or any other subject matter unless that same subject is also in the factual source list for this beat.

COMPOSITION: large event/date headline upper-left; two sequential source crops in staggered paper frames across top/right; thin connecting line; bottom kept empty
FINAL IMAGE REQUIREMENT: the factual source material above must already be visibly integrated in the finished frame. No empty placeholder, no later source-insertion pass, no invented substitute evidence. Preserve the identity of real photos/evidence. For document/message material, show only the prepared short authentic excerpt; never rebuild a full page of text.

CHANNEL LOOK: premium investigative business documentary; textured black/charcoal field, warm paper surfaces, large condensed paper-white headline, restrained signal-red accent, thin editorial rules, file/tab/clip details only when relevant, authentic-source-first hierarchy. Keep the family resemblance to the style reference but vary crop, focal side, layering and thematic element so adjacent beats are not monotonous.

SUBTITLE SAFE — HARD: bottom 22% of the frame must remain visually quiet. No main text, support text, faces, evidence, source label, legal qualifier, map point or diagram node in that lower band.

TEXT — HARD: generate only MAIN TEXT, optional SUPPORT TEXT, and at most one short factual source/date/role label. No decorative microcopy. No invented legal/status language. No long body text. No gibberish.

LEGAL/FACTUAL LOCK: None beyond the locked narration.

REJECT IF: style-reference subject leaks into the scene; wrong source appears; full dense document is reproduced; pseudo-text appears; source is missing; important content enters subtitle band; red dominates; layout becomes a card-grid/dashboard; horror/tabloid treatment appears; a legal status or amount is changed.

OUTPUT: one finished montage-ready still that matches this exact beat and can be cut directly under the narration.",R6_READY_FOR_REVIEW_NOT_AUTHORIZED_FOR_GENERATION
B047,S06,410.900,415.800,SOURCE_STYLED_GENERATION,T01,R5_STYLE_DOSSIER,3f30e1ef-3a0e-4158-914f-70bb25fa30a4,FACTUAL_SOURCES_FIRST__STYLE_REFERENCE_LAST,DC023_OBSTRUCTION_DELETION.png;EBAY_HQ_2018_CC_BY_SA.jpg;NATICK_CENTER_2020_CC_BY_SA.jpg,,DC023_OBSTRUCTION_DELETION.png: BEFORE JOB crop to the one short relevant excerpt/highlight for this beat; do not attach a whole dense text page. EBAY_HQ_2018_CC_BY_SA.jpg: attach directly as factual visual source; preserve recognizable source identity. NATICK_CENTER_2020_CC_BY_SA.jpg: attach directly as factual visual source; preserve recognizable source identity.,FEDERAL PROSECUTORS,,full-width source strip across upper 60%; headline block at lower-left but entirely above subtitle-safe band; one tiny source/date tag; restrained paper edge and red tick,"BEAT B047 — FINAL 16:9 WHAT IT COST STILL
ROUTE: SOURCE_STYLED_GENERATION
FAMILY: T01
SCRIPT: ""But internal discipline was only the beginning. Federal prosecutors were coming next.""
MAIN TEXT: ""FEDERAL PROSECUTORS""

FACTUAL SOURCE IMAGES TO ATTACH FIRST: DC023_OBSTRUCTION_DELETION.png; EBAY_HQ_2018_CC_BY_SA.jpg; NATICK_CENTER_2020_CC_BY_SA.jpg.
SOURCE PREP: DC023_OBSTRUCTION_DELETION.png: BEFORE JOB crop to the one short relevant excerpt/highlight for this beat; do not attach a whole dense text page. EBAY_HQ_2018_CC_BY_SA.jpg: attach directly as factual visual source; preserve recognizable source identity. NATICK_CENTER_2020_CC_BY_SA.jpg: attach directly as factual visual source; preserve recognizable source identity.
No raw PDF/HTML input.

STYLE REFERENCE TO ATTACH LAST: R5_STYLE_DOSSIER, media_id 3f30e1ef-3a0e-4158-914f-70bb25fa30a4.
REFERENCE PRIORITY — HARD: (1) locked narration and exact text, (2) FACTUAL SOURCE images, (3) STYLE REFERENCE last. If the style reference contains a person, object, logo, document, place, quote, or evidence subject not present in the factual sources for this beat, IGNORE IT COMPLETELY. The style reference is NON-FACTUAL and may contribute ONLY palette, typography scale, paper layering, texture, spacing, framing, line weight and restrained red-accent language. NEVER copy its pig mask, building, map, office, legal note, headline wording or any other subject matter unless that same subject is also in the factual source list for this beat.

COMPOSITION: full-width source strip across upper 60%; headline block at lower-left but entirely above subtitle-safe band; one tiny source/date tag; restrained paper edge and red tick
FINAL IMAGE REQUIREMENT: the factual source material above must already be visibly integrated in the finished frame. No empty placeholder, no later source-insertion pass, no invented substitute evidence. Preserve the identity of real photos/evidence. For document/message material, show only the prepared short authentic excerpt; never rebuild a full page of text.

CHANNEL LOOK: premium investigative business documentary; textured black/charcoal field, warm paper surfaces, large condensed paper-white headline, restrained signal-red accent, thin editorial rules, file/tab/clip details only when relevant, authentic-source-first hierarchy. Keep the family resemblance to the style reference but vary crop, focal side, layering and thematic element so adjacent beats are not monotonous.

SUBTITLE SAFE — HARD: bottom 22% of the frame must remain visually quiet. No main text, support text, faces, evidence, source label, legal qualifier, map point or diagram node in that lower band.

TEXT — HARD: generate only MAIN TEXT, optional SUPPORT TEXT, and at most one short factual source/date/role label. No decorative microcopy. No invented legal/status language. No long body text. No gibberish.

LEGAL/FACTUAL LOCK: None beyond the locked narration.

REJECT IF: style-reference subject leaks into the scene; wrong source appears; full dense document is reproduced; pseudo-text appears; source is missing; important content enters subtitle band; red dominates; layout becomes a card-grid/dashboard; horror/tabloid treatment appears; a legal status or amount is changed.

OUTPUT: one finished montage-ready still that matches this exact beat and can be cut directly under the narration.",R6_READY_FOR_REVIEW_NOT_AUTHORIZED_FOR_GENERATION
B048,S07,416.540,422.360,SOURCE_STYLED_GENERATION,T01,R5_STYLE_DOSSIER,3f30e1ef-3a0e-4158-914f-70bb25fa30a4,FACTUAL_SOURCES_FIRST__STYLE_REFERENCE_LAST,DC011_SEVEN_GUILTY_DOJ.png,S004_DOJ_FINAL_DEFENDANT_PAGE.pdf,DC011_SEVEN_GUILTY_DOJ.png: BEFORE JOB crop to the one short relevant excerpt/highlight for this beat; do not attach a whole dense text page.,FEDERAL CASES BEGIN — 2020,,large authentic source frame on the right two-thirds; oversized headline left; short red dash above headline; one thin horizontal rule; one small paper tab overlapping the source frame,"BEAT B048 — FINAL 16:9 WHAT IT COST STILL
ROUTE: SOURCE_STYLED_GENERATION
FAMILY: T01
SCRIPT: ""Beginning in twenty twenty, federal prosecutors brought criminal cases against people involved in the campaign.""
MAIN TEXT: ""FEDERAL CASES BEGIN — 2020""

FACTUAL SOURCE IMAGES TO ATTACH FIRST: DC011_SEVEN_GUILTY_DOJ.png.
SOURCE PREP: DC011_SEVEN_GUILTY_DOJ.png: BEFORE JOB crop to the one short relevant excerpt/highlight for this beat; do not attach a whole dense text page.
SOURCE-OF-TRUTH DOCS — DO NOT ATTACH RAW TO THE MODEL: S004_DOJ_FINAL_DEFENDANT_PAGE.pdf. They support factual wording only; use an existing/tight prepared image excerpt instead.

STYLE REFERENCE TO ATTACH LAST: R5_STYLE_DOSSIER, media_id 3f30e1ef-3a0e-4158-914f-70bb25fa30a4.
REFERENCE PRIORITY — HARD: (1) locked narration and exact text, (2) FACTUAL SOURCE images, (3) STYLE REFERENCE last. If the style reference contains a person, object, logo, document, place, quote, or evidence subject not present in the factual sources for this beat, IGNORE IT COMPLETELY. The style reference is NON-FACTUAL and may contribute ONLY palette, typography scale, paper layering, texture, spacing, framing, line weight and restrained red-accent language. NEVER copy its pig mask, building, map, office, legal note, headline wording or any other subject matter unless that same subject is also in the factual source list for this beat.

COMPOSITION: large authentic source frame on the right two-thirds; oversized headline left; short red dash above headline; one thin horizontal rule; one small paper tab overlapping the source frame
FINAL IMAGE REQUIREMENT: the factual source material above must already be visibly integrated in the finished frame. No empty placeholder, no later source-insertion pass, no invented substitute evidence. Preserve the identity of real photos/evidence. For document/message material, show only the prepared short authentic excerpt; never rebuild a full page of text.

CHANNEL LOOK: premium investigative business documentary; textured black/charcoal field, warm paper surfaces, large condensed paper-white headline, restrained signal-red accent, thin editorial rules, file/tab/clip details only when relevant, authentic-source-first hierarchy. Keep the family resemblance to the style reference but vary crop, focal side, layering and thematic element so adjacent beats are not monotonous.

SUBTITLE SAFE — HARD: bottom 22% of the frame must remain visually quiet. No main text, support text, faces, evidence, source label, legal qualifier, map point or diagram node in that lower band.

TEXT — HARD: generate only MAIN TEXT, optional SUPPORT TEXT, and at most one short factual source/date/role label. No decorative microcopy. No invented legal/status language. No long body text. No gibberish.

LEGAL/FACTUAL LOCK: None beyond the locked narration.

REJECT IF: style-reference subject leaks into the scene; wrong source appears; full dense document is reproduced; pseudo-text appears; source is missing; important content enters subtitle band; red dominates; layout becomes a card-grid/dashboard; horror/tabloid treatment appears; a legal status or amount is changed.

OUTPUT: one finished montage-ready still that matches this exact beat and can be cut directly under the narration.",R6_READY_FOR_REVIEW_NOT_AUTHORIZED_FOR_GENERATION
B049,S07,423.480,429.180,HYBRID_SOURCE_EDITORIAL,T07,R5_STYLE_DOSSIER,3f30e1ef-3a0e-4158-914f-70bb25fa30a4,FACTUAL_SOURCES_FIRST__STYLE_REFERENCE_LAST,DC011_SEVEN_GUILTY_DOJ.png,S004_DOJ_FINAL_DEFENDANT_PAGE.pdf,DC011_SEVEN_GUILTY_DOJ.png: BEFORE JOB crop to the one short relevant excerpt/highlight for this beat; do not attach a whole dense text page.,SEVEN GUILTY PLEAS,,one authentic sentencing/plea source panel upper-right; large exact outcome left; smaller supporting participant line beneath; file-tab and red rule,"BEAT B049 — FINAL 16:9 WHAT IT COST STILL
ROUTE: HYBRID_SOURCE_EDITORIAL
FAMILY: T07
SCRIPT: ""Eventually, all seven former eBay employees and contractors who were prosecuted pleaded guilty.""
MAIN TEXT: ""SEVEN GUILTY PLEAS""

FACTUAL SOURCE IMAGES TO ATTACH FIRST: DC011_SEVEN_GUILTY_DOJ.png.
SOURCE PREP: DC011_SEVEN_GUILTY_DOJ.png: BEFORE JOB crop to the one short relevant excerpt/highlight for this beat; do not attach a whole dense text page.
SOURCE-OF-TRUTH DOCS — DO NOT ATTACH RAW TO THE MODEL: S004_DOJ_FINAL_DEFENDANT_PAGE.pdf. They support factual wording only; use an existing/tight prepared image excerpt instead.

STYLE REFERENCE TO ATTACH LAST: R5_STYLE_DOSSIER, media_id 3f30e1ef-3a0e-4158-914f-70bb25fa30a4.
REFERENCE PRIORITY — HARD: (1) locked narration and exact text, (2) FACTUAL SOURCE images, (3) STYLE REFERENCE last. If the style reference contains a person, object, logo, document, place, quote, or evidence subject not present in the factual sources for this beat, IGNORE IT COMPLETELY. The style reference is NON-FACTUAL and may contribute ONLY palette, typography scale, paper layering, texture, spacing, framing, line weight and restrained red-accent language. NEVER copy its pig mask, building, map, office, legal note, headline wording or any other subject matter unless that same subject is also in the factual source list for this beat.

COMPOSITION: one authentic sentencing/plea source panel upper-right; large exact outcome left; smaller supporting participant line beneath; file-tab and red rule
FINAL IMAGE REQUIREMENT: the factual source material above must already be visibly integrated in the finished frame. No empty placeholder, no later source-insertion pass, no invented substitute evidence. Preserve the identity of real photos/evidence. For document/message material, show only the prepared short authentic excerpt; never rebuild a full page of text.

CHANNEL LOOK: premium investigative business documentary; textured black/charcoal field, warm paper surfaces, large condensed paper-white headline, restrained signal-red accent, thin editorial rules, file/tab/clip details only when relevant, authentic-source-first hierarchy. Keep the family resemblance to the style reference but vary crop, focal side, layering and thematic element so adjacent beats are not monotonous.

SUBTITLE SAFE — HARD: bottom 22% of the frame must remain visually quiet. No main text, support text, faces, evidence, source label, legal qualifier, map point or diagram node in that lower band.

TEXT — HARD: generate only MAIN TEXT, optional SUPPORT TEXT, and at most one short factual source/date/role label. No decorative microcopy. No invented legal/status language. No long body text. No gibberish.

LEGAL/FACTUAL LOCK: None beyond the locked narration.

REJECT IF: style-reference subject leaks into the scene; wrong source appears; full dense document is reproduced; pseudo-text appears; source is missing; important content enters subtitle band; red dominates; layout becomes a card-grid/dashboard; horror/tabloid treatment appears; a legal status or amount is changed.

OUTPUT: one finished montage-ready still that matches this exact beat and can be cut directly under the narration.",R6_READY_FOR_REVIEW_NOT_AUTHORIZED_FOR_GENERATION
B050,S07,430.420,439.600,SOURCE_NATIVE_EDITORIAL,T07,R5_STYLE_DOSSIER,3f30e1ef-3a0e-4158-914f-70bb25fa30a4,FACTUAL_SOURCES_FIRST__STYLE_REFERENCE_LAST,DC012_BAUGH_HARVILLE_SENTENCES_DOJ.png,S005_DOJ_BAUGH_HARVILLE_SENTENCING_PAGE.pdf,DC012_BAUGH_HARVILLE_SENTENCES_DOJ.png: BEFORE JOB crop to the one short relevant excerpt/highlight for this beat; do not attach a whole dense text page.,JIM BAUGH — 57 MONTHS,,stacked participant dossier sheets with only the current beat’s people/outcomes readable; headline upper-left; one source label; no dense roster grid,"BEAT B050 — FINAL 16:9 WHAT IT COST STILL
ROUTE: SOURCE_NATIVE_EDITORIAL
FAMILY: T07
SCRIPT: ""A guilty plea is not an allegation. It establishes criminal guilt without a trial. Jim Baugh received fifty-seven months in prison.""
MAIN TEXT: ""JIM BAUGH — 57 MONTHS""

FACTUAL SOURCE IMAGES TO ATTACH FIRST: DC012_BAUGH_HARVILLE_SENTENCES_DOJ.png.
SOURCE PREP: DC012_BAUGH_HARVILLE_SENTENCES_DOJ.png: BEFORE JOB crop to the one short relevant excerpt/highlight for this beat; do not attach a whole dense text page.
SOURCE-OF-TRUTH DOCS — DO NOT ATTACH RAW TO THE MODEL: S005_DOJ_BAUGH_HARVILLE_SENTENCING_PAGE.pdf. They support factual wording only; use an existing/tight prepared image excerpt instead.

STYLE REFERENCE TO ATTACH LAST: R5_STYLE_DOSSIER, media_id 3f30e1ef-3a0e-4158-914f-70bb25fa30a4.
REFERENCE PRIORITY — HARD: (1) locked narration and exact text, (2) FACTUAL SOURCE images, (3) STYLE REFERENCE last. If the style reference contains a person, object, logo, document, place, quote, or evidence subject not present in the factual sources for this beat, IGNORE IT COMPLETELY. The style reference is NON-FACTUAL and may contribute ONLY palette, typography scale, paper layering, texture, spacing, framing, line weight and restrained red-accent language. NEVER copy its pig mask, building, map, office, legal note, headline wording or any other subject matter unless that same subject is also in the factual source list for this beat.

COMPOSITION: stacked participant dossier sheets with only the current beat’s people/outcomes readable; headline upper-left; one source label; no dense roster grid
FINAL IMAGE REQUIREMENT: the factual source material above must already be visibly integrated in the finished frame. No empty placeholder, no later source-insertion pass, no invented substitute evidence. Preserve the identity of real photos/evidence. For document/message material, show only the prepared short authentic excerpt; never rebuild a full page of text.

CHANNEL LOOK: premium investigative business documentary; textured black/charcoal field, warm paper surfaces, large condensed paper-white headline, restrained signal-red accent, thin editorial rules, file/tab/clip details only when relevant, authentic-source-first hierarchy. Keep the family resemblance to the style reference but vary crop, focal side, layering and thematic element so adjacent beats are not monotonous.

SUBTITLE SAFE — HARD: bottom 22% of the frame must remain visually quiet. No main text, support text, faces, evidence, source label, legal qualifier, map point or diagram node in that lower band.

TEXT — HARD: generate only MAIN TEXT, optional SUPPORT TEXT, and at most one short factual source/date/role label. No decorative microcopy. No invented legal/status language. No long body text. No gibberish.

LEGAL/FACTUAL LOCK: None beyond the locked narration.

REJECT IF: style-reference subject leaks into the scene; wrong source appears; full dense document is reproduced; pseudo-text appears; source is missing; important content enters subtitle band; red dominates; layout becomes a card-grid/dashboard; horror/tabloid treatment appears; a legal status or amount is changed.

OUTPUT: one finished montage-ready still that matches this exact beat and can be cut directly under the narration.",R6_READY_FOR_REVIEW_NOT_AUTHORIZED_FOR_GENERATION
B051,S07,440.920,449.880,SOURCE_NATIVE_EDITORIAL,T07,R5_STYLE_DOSSIER,3f30e1ef-3a0e-4158-914f-70bb25fa30a4,FACTUAL_SOURCES_FIRST__STYLE_REFERENCE_LAST,DC012_BAUGH_HARVILLE_SENTENCES_DOJ.png,S005_DOJ_BAUGH_HARVILLE_SENTENCING_PAGE.pdf,DC012_BAUGH_HARVILLE_SENTENCES_DOJ.png: BEFORE JOB crop to the one short relevant excerpt/highlight for this beat; do not attach a whole dense text page.,DAVID HARVILLE — 24 MONTHS,,clean accountability board with one dominant DOJ/court source crop and 2–4 large name/status labels; headline left; no seven tiny cards; restrained paper tabs,"BEAT B051 — FINAL 16:9 WHAT IT COST STILL
ROUTE: SOURCE_NATIVE_EDITORIAL
FAMILY: T07
SCRIPT: ""David Harville received twenty-four months. Other participants received combinations of prison, probation, home confinement, and financial penalties.""
MAIN TEXT: ""DAVID HARVILLE — 24 MONTHS""

FACTUAL SOURCE IMAGES TO ATTACH FIRST: DC012_BAUGH_HARVILLE_SENTENCES_DOJ.png.
SOURCE PREP: DC012_BAUGH_HARVILLE_SENTENCES_DOJ.png: BEFORE JOB crop to the one short relevant excerpt/highlight for this beat; do not attach a whole dense text page.
SOURCE-OF-TRUTH DOCS — DO NOT ATTACH RAW TO THE MODEL: S005_DOJ_BAUGH_HARVILLE_SENTENCING_PAGE.pdf. They support factual wording only; use an existing/tight prepared image excerpt instead.

STYLE REFERENCE TO ATTACH LAST: R5_STYLE_DOSSIER, media_id 3f30e1ef-3a0e-4158-914f-70bb25fa30a4.
REFERENCE PRIORITY — HARD: (1) locked narration and exact text, (2) FACTUAL SOURCE images, (3) STYLE REFERENCE last. If the style reference contains a person, object, logo, document, place, quote, or evidence subject not present in the factual sources for this beat, IGNORE IT COMPLETELY. The style reference is NON-FACTUAL and may contribute ONLY palette, typography scale, paper layering, texture, spacing, framing, line weight and restrained red-accent language. NEVER copy its pig mask, building, map, office, legal note, headline wording or any other subject matter unless that same subject is also in the factual source list for this beat.

COMPOSITION: clean accountability board with one dominant DOJ/court source crop and 2–4 large name/status labels; headline left; no seven tiny cards; restrained paper tabs
FINAL IMAGE REQUIREMENT: the factual source material above must already be visibly integrated in the finished frame. No empty placeholder, no later source-insertion pass, no invented substitute evidence. Preserve the identity of real photos/evidence. For document/message material, show only the prepared short authentic excerpt; never rebuild a full page of text.

CHANNEL LOOK: premium investigative business documentary; textured black/charcoal field, warm paper surfaces, large condensed paper-white headline, restrained signal-red accent, thin editorial rules, file/tab/clip details only when relevant, authentic-source-first hierarchy. Keep the family resemblance to the style reference but vary crop, focal side, layering and thematic element so adjacent beats are not monotonous.

SUBTITLE SAFE — HARD: bottom 22% of the frame must remain visually quiet. No main text, support text, faces, evidence, source label, legal qualifier, map point or diagram node in that lower band.

TEXT — HARD: generate only MAIN TEXT, optional SUPPORT TEXT, and at most one short factual source/date/role label. No decorative microcopy. No invented legal/status language. No long body text. No gibberish.

LEGAL/FACTUAL LOCK: None beyond the locked narration.

REJECT IF: style-reference subject leaks into the scene; wrong source appears; full dense document is reproduced; pseudo-text appears; source is missing; important content enters subtitle band; red dominates; layout becomes a card-grid/dashboard; horror/tabloid treatment appears; a legal status or amount is changed.

OUTPUT: one finished montage-ready still that matches this exact beat and can be cut directly under the narration.",R6_READY_FOR_REVIEW_NOT_AUTHORIZED_FOR_GENERATION
B052,S07,451.340,460.880,SOURCE_STYLED_GENERATION,T01,R5_STYLE_DOSSIER,3f30e1ef-3a0e-4158-914f-70bb25fa30a4,FACTUAL_SOURCES_FIRST__STYLE_REFERENCE_LAST,DC011_SEVEN_GUILTY_DOJ.png;DC012_BAUGH_HARVILLE_SENTENCES_DOJ.png;EBAY_HQ_2018_CC_BY_SA.jpg,,DC011_SEVEN_GUILTY_DOJ.png: BEFORE JOB crop to the one short relevant excerpt/highlight for this beat; do not attach a whole dense text page. DC012_BAUGH_HARVILLE_SENTENCES_DOJ.png: BEFORE JOB crop to the one short relevant excerpt/highlight for this beat; do not attach a whole dense text page. EBAY_HQ_2018_CC_BY_SA.jpg: attach directly as factual visual source; preserve recognizable source identity.,PERSONAL ACCOUNTABILITY,,large authentic source frame on the right two-thirds; oversized headline left; short red dash above headline; one thin horizontal rule; one small paper tab overlapping the source frame,"BEAT B052 — FINAL 16:9 WHAT IT COST STILL
ROUTE: SOURCE_STYLED_GENERATION
FAMILY: T01
SCRIPT: ""By twenty twenty-four, the individual criminal cases had produced a clear story of personal accountability. And from a distance, that can look like the ending.""
MAIN TEXT: ""PERSONAL ACCOUNTABILITY""

FACTUAL SOURCE IMAGES TO ATTACH FIRST: DC011_SEVEN_GUILTY_DOJ.png; DC012_BAUGH_HARVILLE_SENTENCES_DOJ.png; EBAY_HQ_2018_CC_BY_SA.jpg.
SOURCE PREP: DC011_SEVEN_GUILTY_DOJ.png: BEFORE JOB crop to the one short relevant excerpt/highlight for this beat; do not attach a whole dense text page. DC012_BAUGH_HARVILLE_SENTENCES_DOJ.png: BEFORE JOB crop to the one short relevant excerpt/highlight for this beat; do not attach a whole dense text page. EBAY_HQ_2018_CC_BY_SA.jpg: attach directly as factual visual source; preserve recognizable source identity.
No raw PDF/HTML input.

STYLE REFERENCE TO ATTACH LAST: R5_STYLE_DOSSIER, media_id 3f30e1ef-3a0e-4158-914f-70bb25fa30a4.
REFERENCE PRIORITY — HARD: (1) locked narration and exact text, (2) FACTUAL SOURCE images, (3) STYLE REFERENCE last. If the style reference contains a person, object, logo, document, place, quote, or evidence subject not present in the factual sources for this beat, IGNORE IT COMPLETELY. The style reference is NON-FACTUAL and may contribute ONLY palette, typography scale, paper layering, texture, spacing, framing, line weight and restrained red-accent language. NEVER copy its pig mask, building, map, office, legal note, headline wording or any other subject matter unless that same subject is also in the factual source list for this beat.

COMPOSITION: large authentic source frame on the right two-thirds; oversized headline left; short red dash above headline; one thin horizontal rule; one small paper tab overlapping the source frame
FINAL IMAGE REQUIREMENT: the factual source material above must already be visibly integrated in the finished frame. No empty placeholder, no later source-insertion pass, no invented substitute evidence. Preserve the identity of real photos/evidence. For document/message material, show only the prepared short authentic excerpt; never rebuild a full page of text.

CHANNEL LOOK: premium investigative business documentary; textured black/charcoal field, warm paper surfaces, large condensed paper-white headline, restrained signal-red accent, thin editorial rules, file/tab/clip details only when relevant, authentic-source-first hierarchy. Keep the family resemblance to the style reference but vary crop, focal side, layering and thematic element so adjacent beats are not monotonous.

SUBTITLE SAFE — HARD: bottom 22% of the frame must remain visually quiet. No main text, support text, faces, evidence, source label, legal qualifier, map point or diagram node in that lower band.

TEXT — HARD: generate only MAIN TEXT, optional SUPPORT TEXT, and at most one short factual source/date/role label. No decorative microcopy. No invented legal/status language. No long body text. No gibberish.

LEGAL/FACTUAL LOCK: None beyond the locked narration.

REJECT IF: style-reference subject leaks into the scene; wrong source appears; full dense document is reproduced; pseudo-text appears; source is missing; important content enters subtitle band; red dominates; layout becomes a card-grid/dashboard; horror/tabloid treatment appears; a legal status or amount is changed.

OUTPUT: one finished montage-ready still that matches this exact beat and can be cut directly under the narration.",R6_READY_FOR_REVIEW_NOT_AUTHORIZED_FOR_GENERATION
B053,S07,462.060,468.780,HYBRID_SOURCE_EDITORIAL,T07,R5_STYLE_DOSSIER,3f30e1ef-3a0e-4158-914f-70bb25fa30a4,FACTUAL_SOURCES_FIRST__STYLE_REFERENCE_LAST,DC011_SEVEN_GUILTY_DOJ.png;DC012_BAUGH_HARVILLE_SENTENCES_DOJ.png;EBAY_HQ_2018_CC_BY_SA.jpg,,DC011_SEVEN_GUILTY_DOJ.png: BEFORE JOB crop to the one short relevant excerpt/highlight for this beat; do not attach a whole dense text page. DC012_BAUGH_HARVILLE_SENTENCES_DOJ.png: BEFORE JOB crop to the one short relevant excerpt/highlight for this beat; do not attach a whole dense text page. EBAY_HQ_2018_CC_BY_SA.jpg: attach directly as factual visual source; preserve recognizable source identity.,ALL SEVEN PROSECUTED PLEADED GUILTY,,stacked participant dossier sheets with only the current beat’s people/outcomes readable; headline upper-left; one source label; no dense roster grid,"BEAT B053 — FINAL 16:9 WHAT IT COST STILL
ROUTE: HYBRID_SOURCE_EDITORIAL
FAMILY: T07
SCRIPT: ""eBay had removed key members of the security operation. The people who were federally prosecuted had pleaded guilty.""
MAIN TEXT: ""ALL SEVEN PROSECUTED PLEADED GUILTY""

FACTUAL SOURCE IMAGES TO ATTACH FIRST: DC011_SEVEN_GUILTY_DOJ.png; DC012_BAUGH_HARVILLE_SENTENCES_DOJ.png; EBAY_HQ_2018_CC_BY_SA.jpg.
SOURCE PREP: DC011_SEVEN_GUILTY_DOJ.png: BEFORE JOB crop to the one short relevant excerpt/highlight for this beat; do not attach a whole dense text page. DC012_BAUGH_HARVILLE_SENTENCES_DOJ.png: BEFORE JOB crop to the one short relevant excerpt/highlight for this beat; do not attach a whole dense text page. EBAY_HQ_2018_CC_BY_SA.jpg: attach directly as factual visual source; preserve recognizable source identity.
No raw PDF/HTML input.

STYLE REFERENCE TO ATTACH LAST: R5_STYLE_DOSSIER, media_id 3f30e1ef-3a0e-4158-914f-70bb25fa30a4.
REFERENCE PRIORITY — HARD: (1) locked narration and exact text, (2) FACTUAL SOURCE images, (3) STYLE REFERENCE last. If the style reference contains a person, object, logo, document, place, quote, or evidence subject not present in the factual sources for this beat, IGNORE IT COMPLETELY. The style reference is NON-FACTUAL and may contribute ONLY palette, typography scale, paper layering, texture, spacing, framing, line weight and restrained red-accent language. NEVER copy its pig mask, building, map, office, legal note, headline wording or any other subject matter unless that same subject is also in the factual source list for this beat.

COMPOSITION: stacked participant dossier sheets with only the current beat’s people/outcomes readable; headline upper-left; one source label; no dense roster grid
FINAL IMAGE REQUIREMENT: the factual source material above must already be visibly integrated in the finished frame. No empty placeholder, no later source-insertion pass, no invented substitute evidence. Preserve the identity of real photos/evidence. For document/message material, show only the prepared short authentic excerpt; never rebuild a full page of text.

CHANNEL LOOK: premium investigative business documentary; textured black/charcoal field, warm paper surfaces, large condensed paper-white headline, restrained signal-red accent, thin editorial rules, file/tab/clip details only when relevant, authentic-source-first hierarchy. Keep the family resemblance to the style reference but vary crop, focal side, layering and thematic element so adjacent beats are not monotonous.

SUBTITLE SAFE — HARD: bottom 22% of the frame must remain visually quiet. No main text, support text, faces, evidence, source label, legal qualifier, map point or diagram node in that lower band.

TEXT — HARD: generate only MAIN TEXT, optional SUPPORT TEXT, and at most one short factual source/date/role label. No decorative microcopy. No invented legal/status language. No long body text. No gibberish.

LEGAL/FACTUAL LOCK: None beyond the locked narration.

REJECT IF: style-reference subject leaks into the scene; wrong source appears; full dense document is reproduced; pseudo-text appears; source is missing; important content enters subtitle band; red dominates; layout becomes a card-grid/dashboard; horror/tabloid treatment appears; a legal status or amount is changed.

OUTPUT: one finished montage-ready still that matches this exact beat and can be cut directly under the narration.",R6_READY_FOR_REVIEW_NOT_AUTHORIZED_FOR_GENERATION
B054,S07,469.980,476.000,SOURCE_STYLED_GENERATION,T01,R5_STYLE_DOSSIER,3f30e1ef-3a0e-4158-914f-70bb25fa30a4,FACTUAL_SOURCES_FIRST__STYLE_REFERENCE_LAST,DC011_SEVEN_GUILTY_DOJ.png;DC012_BAUGH_HARVILLE_SENTENCES_DOJ.png;EBAY_HQ_2018_CC_BY_SA.jpg,,DC011_SEVEN_GUILTY_DOJ.png: BEFORE JOB crop to the one short relevant excerpt/highlight for this beat; do not attach a whole dense text page. DC012_BAUGH_HARVILLE_SENTENCES_DOJ.png: BEFORE JOB crop to the one short relevant excerpt/highlight for this beat; do not attach a whole dense text page. EBAY_HQ_2018_CC_BY_SA.jpg: attach directly as factual visual source; preserve recognizable source identity.,FROM INDIVIDUALS TO THE COMPANY,,two-source asymmetrical collage: dominant authentic source upper-right and smaller context crop upper-left; headline mid-left; black negative space below; one subtle binder-clip or file-tab element,"BEAT B054 — FINAL 16:9 WHAT IT COST STILL
ROUTE: SOURCE_STYLED_GENERATION
FAMILY: T01
SCRIPT: ""But federal prosecutors eventually turned from the individuals inside the company to the company itself.""
MAIN TEXT: ""FROM INDIVIDUALS TO THE COMPANY""

FACTUAL SOURCE IMAGES TO ATTACH FIRST: DC011_SEVEN_GUILTY_DOJ.png; DC012_BAUGH_HARVILLE_SENTENCES_DOJ.png; EBAY_HQ_2018_CC_BY_SA.jpg.
SOURCE PREP: DC011_SEVEN_GUILTY_DOJ.png: BEFORE JOB crop to the one short relevant excerpt/highlight for this beat; do not attach a whole dense text page. DC012_BAUGH_HARVILLE_SENTENCES_DOJ.png: BEFORE JOB crop to the one short relevant excerpt/highlight for this beat; do not attach a whole dense text page. EBAY_HQ_2018_CC_BY_SA.jpg: attach directly as factual visual source; preserve recognizable source identity.
No raw PDF/HTML input.

STYLE REFERENCE TO ATTACH LAST: R5_STYLE_DOSSIER, media_id 3f30e1ef-3a0e-4158-914f-70bb25fa30a4.
REFERENCE PRIORITY — HARD: (1) locked narration and exact text, (2) FACTUAL SOURCE images, (3) STYLE REFERENCE last. If the style reference contains a person, object, logo, document, place, quote, or evidence subject not present in the factual sources for this beat, IGNORE IT COMPLETELY. The style reference is NON-FACTUAL and may contribute ONLY palette, typography scale, paper layering, texture, spacing, framing, line weight and restrained red-accent language. NEVER copy its pig mask, building, map, office, legal note, headline wording or any other subject matter unless that same subject is also in the factual source list for this beat.

COMPOSITION: two-source asymmetrical collage: dominant authentic source upper-right and smaller context crop upper-left; headline mid-left; black negative space below; one subtle binder-clip or file-tab element
FINAL IMAGE REQUIREMENT: the factual source material above must already be visibly integrated in the finished frame. No empty placeholder, no later source-insertion pass, no invented substitute evidence. Preserve the identity of real photos/evidence. For document/message material, show only the prepared short authentic excerpt; never rebuild a full page of text.

CHANNEL LOOK: premium investigative business documentary; textured black/charcoal field, warm paper surfaces, large condensed paper-white headline, restrained signal-red accent, thin editorial rules, file/tab/clip details only when relevant, authentic-source-first hierarchy. Keep the family resemblance to the style reference but vary crop, focal side, layering and thematic element so adjacent beats are not monotonous.

SUBTITLE SAFE — HARD: bottom 22% of the frame must remain visually quiet. No main text, support text, faces, evidence, source label, legal qualifier, map point or diagram node in that lower band.

TEXT — HARD: generate only MAIN TEXT, optional SUPPORT TEXT, and at most one short factual source/date/role label. No decorative microcopy. No invented legal/status language. No long body text. No gibberish.

LEGAL/FACTUAL LOCK: None beyond the locked narration.

REJECT IF: style-reference subject leaks into the scene; wrong source appears; full dense document is reproduced; pseudo-text appears; source is missing; important content enters subtitle band; red dominates; layout becomes a card-grid/dashboard; horror/tabloid treatment appears; a legal status or amount is changed.

OUTPUT: one finished montage-ready still that matches this exact beat and can be cut directly under the narration.",R6_READY_FOR_REVIEW_NOT_AUTHORIZED_FOR_GENERATION
B055,S08,477.340,483.160,SOURCE_NATIVE_EDITORIAL,T03,R5_STYLE_MAP_LOCATION,aeaf1ee7-3e3d-42ba-b137-7eaa2218685e,FACTUAL_SOURCES_FIRST__STYLE_REFERENCE_LAST,EBAY_HQ_2018_CC_BY_SA.jpg,S003_EBAY_CRIMINAL_INFORMATION.pdf,EBAY_HQ_2018_CC_BY_SA.jpg: attach directly as factual visual source; preserve recognizable source identity.,JANUARY 2024 — SIX-COUNT INFORMATION,,wide horizontal authentic excerpt across upper half; condensed headline above-left; one clipped corner/tab; black textured negative space below for captions,"BEAT B055 — FINAL 16:9 WHAT IT COST STILL
ROUTE: SOURCE_NATIVE_EDITORIAL
FAMILY: T03
SCRIPT: ""In January twenty twenty-four, prosecutors filed a six-count criminal Information against eBay.""
MAIN TEXT: ""JANUARY 2024 — SIX-COUNT INFORMATION""

FACTUAL SOURCE IMAGES TO ATTACH FIRST: EBAY_HQ_2018_CC_BY_SA.jpg.
SOURCE PREP: EBAY_HQ_2018_CC_BY_SA.jpg: attach directly as factual visual source; preserve recognizable source identity.
SOURCE-OF-TRUTH DOCS — DO NOT ATTACH RAW TO THE MODEL: S003_EBAY_CRIMINAL_INFORMATION.pdf. They support factual wording only; use an existing/tight prepared image excerpt instead.

STYLE REFERENCE TO ATTACH LAST: R5_STYLE_MAP_LOCATION, media_id aeaf1ee7-3e3d-42ba-b137-7eaa2218685e.
REFERENCE PRIORITY — HARD: (1) locked narration and exact text, (2) FACTUAL SOURCE images, (3) STYLE REFERENCE last. If the style reference contains a person, object, logo, document, place, quote, or evidence subject not present in the factual sources for this beat, IGNORE IT COMPLETELY. The style reference is NON-FACTUAL and may contribute ONLY palette, typography scale, paper layering, texture, spacing, framing, line weight and restrained red-accent language. NEVER copy its pig mask, building, map, office, legal note, headline wording or any other subject matter unless that same subject is also in the factual source list for this beat.

COMPOSITION: wide horizontal authentic excerpt across upper half; condensed headline above-left; one clipped corner/tab; black textured negative space below for captions
FINAL IMAGE REQUIREMENT: the factual source material above must already be visibly integrated in the finished frame. No empty placeholder, no later source-insertion pass, no invented substitute evidence. Preserve the identity of real photos/evidence. For document/message material, show only the prepared short authentic excerpt; never rebuild a full page of text.

CHANNEL LOOK: premium investigative business documentary; textured black/charcoal field, warm paper surfaces, large condensed paper-white headline, restrained signal-red accent, thin editorial rules, file/tab/clip details only when relevant, authentic-source-first hierarchy. Keep the family resemblance to the style reference but vary crop, focal side, layering and thematic element so adjacent beats are not monotonous.

SUBTITLE SAFE — HARD: bottom 22% of the frame must remain visually quiet. No main text, support text, faces, evidence, source label, legal qualifier, map point or diagram node in that lower band.

TEXT — HARD: generate only MAIN TEXT, optional SUPPORT TEXT, and at most one short factual source/date/role label. No decorative microcopy. No invented legal/status language. No long body text. No gibberish.

LEGAL/FACTUAL LOCK: None beyond the locked narration.

REJECT IF: style-reference subject leaks into the scene; wrong source appears; full dense document is reproduced; pseudo-text appears; source is missing; important content enters subtitle band; red dominates; layout becomes a card-grid/dashboard; horror/tabloid treatment appears; a legal status or amount is changed.

OUTPUT: one finished montage-ready still that matches this exact beat and can be cut directly under the narration.",R6_READY_FOR_REVIEW_NOT_AUTHORIZED_FOR_GENERATION
B056,S08,484.200,495.500,SOURCE_NATIVE_EDITORIAL,T01,R5_STYLE_DOSSIER,3f30e1ef-3a0e-4158-914f-70bb25fa30a4,FACTUAL_SOURCES_FIRST__STYLE_REFERENCE_LAST,EBAY_HQ_2018_CC_BY_SA.jpg,S003_EBAY_CRIMINAL_INFORMATION.pdf,EBAY_HQ_2018_CC_BY_SA.jpg: attach directly as factual visual source; preserve recognizable source identity.,STALKING • WITNESS TAMPERING • RECORDS,,large authentic source frame on the right two-thirds; oversized headline left; short red dash above headline; one thin horizontal rule; one small paper tab overlapping the source frame,"BEAT B056 — FINAL 16:9 WHAT IT COST STILL
ROUTE: SOURCE_NATIVE_EDITORIAL
FAMILY: T01
SCRIPT: ""The counts included interstate stalking, stalking through electronic communications, witness tampering, and destruction or falsification of records connected to a federal investigation.""
MAIN TEXT: ""STALKING • WITNESS TAMPERING • RECORDS""

FACTUAL SOURCE IMAGES TO ATTACH FIRST: EBAY_HQ_2018_CC_BY_SA.jpg.
SOURCE PREP: EBAY_HQ_2018_CC_BY_SA.jpg: attach directly as factual visual source; preserve recognizable source identity.
SOURCE-OF-TRUTH DOCS — DO NOT ATTACH RAW TO THE MODEL: S003_EBAY_CRIMINAL_INFORMATION.pdf. They support factual wording only; use an existing/tight prepared image excerpt instead.

STYLE REFERENCE TO ATTACH LAST: R5_STYLE_DOSSIER, media_id 3f30e1ef-3a0e-4158-914f-70bb25fa30a4.
REFERENCE PRIORITY — HARD: (1) locked narration and exact text, (2) FACTUAL SOURCE images, (3) STYLE REFERENCE last. If the style reference contains a person, object, logo, document, place, quote, or evidence subject not present in the factual sources for this beat, IGNORE IT COMPLETELY. The style reference is NON-FACTUAL and may contribute ONLY palette, typography scale, paper layering, texture, spacing, framing, line weight and restrained red-accent language. NEVER copy its pig mask, building, map, office, legal note, headline wording or any other subject matter unless that same subject is also in the factual source list for this beat.

COMPOSITION: large authentic source frame on the right two-thirds; oversized headline left; short red dash above headline; one thin horizontal rule; one small paper tab overlapping the source frame
FINAL IMAGE REQUIREMENT: the factual source material above must already be visibly integrated in the finished frame. No empty placeholder, no later source-insertion pass, no invented substitute evidence. Preserve the identity of real photos/evidence. For document/message material, show only the prepared short authentic excerpt; never rebuild a full page of text.

CHANNEL LOOK: premium investigative business documentary; textured black/charcoal field, warm paper surfaces, large condensed paper-white headline, restrained signal-red accent, thin editorial rules, file/tab/clip details only when relevant, authentic-source-first hierarchy. Keep the family resemblance to the style reference but vary crop, focal side, layering and thematic element so adjacent beats are not monotonous.

SUBTITLE SAFE — HARD: bottom 22% of the frame must remain visually quiet. No main text, support text, faces, evidence, source label, legal qualifier, map point or diagram node in that lower band.

TEXT — HARD: generate only MAIN TEXT, optional SUPPORT TEXT, and at most one short factual source/date/role label. No decorative microcopy. No invented legal/status language. No long body text. No gibberish.

LEGAL/FACTUAL LOCK: None beyond the locked narration.

REJECT IF: style-reference subject leaks into the scene; wrong source appears; full dense document is reproduced; pseudo-text appears; source is missing; important content enters subtitle band; red dominates; layout becomes a card-grid/dashboard; horror/tabloid treatment appears; a legal status or amount is changed.

OUTPUT: one finished montage-ready still that matches this exact beat and can be cut directly under the narration.",R6_READY_FOR_REVIEW_NOT_AUTHORIZED_FOR_GENERATION
B057,S08,496.900,499.300,SOURCE_NATIVE_EDITORIAL,T03,R5_STYLE_DOSSIER,3f30e1ef-3a0e-4158-914f-70bb25fa30a4,FACTUAL_SOURCES_FIRST__STYLE_REFERENCE_LAST,DC015_DPA_CRIMINAL_PENALTY.png;DC016_DPA_COMPLIANCE_MONITOR.png;DC017_DPA_ACCEPTANCE_OF_RESPONSIBILITY.png;EBAY_HQ_2018_CC_BY_SA.jpg,,DC015_DPA_CRIMINAL_PENALTY.png: BEFORE JOB crop to the one short relevant excerpt/highlight for this beat; do not attach a whole dense text page. DC016_DPA_COMPLIANCE_MONITOR.png: BEFORE JOB crop to the one short relevant excerpt/highlight for this beat; do not attach a whole dense text page. DC017_DPA_ACCEPTANCE_OF_RESPONSIBILITY.png: BEFORE JOB crop to the one short relevant excerpt/highlight for this beat; do not attach a whole dense text page. EBAY_HQ_2018_CC_BY_SA.jpg: attach directly as factual visual source; preserve recognizable source identity.,DPA ≠ CONVICTION,,single document crop mounted high-center on warm paper; headline upper-left; one yellow or red highlight over the exact relevant line; small source/date line above subtitle-safe zone,"BEAT B057 — FINAL 16:9 WHAT IT COST STILL
ROUTE: SOURCE_NATIVE_EDITORIAL
FAMILY: T03
SCRIPT: ""But eBay was not convicted on those charges.""
MAIN TEXT: ""DPA ≠ CONVICTION""

FACTUAL SOURCE IMAGES TO ATTACH FIRST: DC015_DPA_CRIMINAL_PENALTY.png; DC016_DPA_COMPLIANCE_MONITOR.png; DC017_DPA_ACCEPTANCE_OF_RESPONSIBILITY.png; EBAY_HQ_2018_CC_BY_SA.jpg.
SOURCE PREP: DC015_DPA_CRIMINAL_PENALTY.png: BEFORE JOB crop to the one short relevant excerpt/highlight for this beat; do not attach a whole dense text page. DC016_DPA_COMPLIANCE_MONITOR.png: BEFORE JOB crop to the one short relevant excerpt/highlight for this beat; do not attach a whole dense text page. DC017_DPA_ACCEPTANCE_OF_RESPONSIBILITY.png: BEFORE JOB crop to the one short relevant excerpt/highlight for this beat; do not attach a whole dense text page. EBAY_HQ_2018_CC_BY_SA.jpg: attach directly as factual visual source; preserve recognizable source identity.
No raw PDF/HTML input.

STYLE REFERENCE TO ATTACH LAST: R5_STYLE_DOSSIER, media_id 3f30e1ef-3a0e-4158-914f-70bb25fa30a4.
REFERENCE PRIORITY — HARD: (1) locked narration and exact text, (2) FACTUAL SOURCE images, (3) STYLE REFERENCE last. If the style reference contains a person, object, logo, document, place, quote, or evidence subject not present in the factual sources for this beat, IGNORE IT COMPLETELY. The style reference is NON-FACTUAL and may contribute ONLY palette, typography scale, paper layering, texture, spacing, framing, line weight and restrained red-accent language. NEVER copy its pig mask, building, map, office, legal note, headline wording or any other subject matter unless that same subject is also in the factual source list for this beat.

COMPOSITION: single document crop mounted high-center on warm paper; headline upper-left; one yellow or red highlight over the exact relevant line; small source/date line above subtitle-safe zone
FINAL IMAGE REQUIREMENT: the factual source material above must already be visibly integrated in the finished frame. No empty placeholder, no later source-insertion pass, no invented substitute evidence. Preserve the identity of real photos/evidence. For document/message material, show only the prepared short authentic excerpt; never rebuild a full page of text.

CHANNEL LOOK: premium investigative business documentary; textured black/charcoal field, warm paper surfaces, large condensed paper-white headline, restrained signal-red accent, thin editorial rules, file/tab/clip details only when relevant, authentic-source-first hierarchy. Keep the family resemblance to the style reference but vary crop, focal side, layering and thematic element so adjacent beats are not monotonous.

SUBTITLE SAFE — HARD: bottom 22% of the frame must remain visually quiet. No main text, support text, faces, evidence, source label, legal qualifier, map point or diagram node in that lower band.

TEXT — HARD: generate only MAIN TEXT, optional SUPPORT TEXT, and at most one short factual source/date/role label. No decorative microcopy. No invented legal/status language. No long body text. No gibberish.

LEGAL/FACTUAL LOCK: DPA is not a conviction.

REJECT IF: style-reference subject leaks into the scene; wrong source appears; full dense document is reproduced; pseudo-text appears; source is missing; important content enters subtitle band; red dominates; layout becomes a card-grid/dashboard; horror/tabloid treatment appears; a legal status or amount is changed.

OUTPUT: one finished montage-ready still that matches this exact beat and can be cut directly under the narration.",R6_READY_FOR_REVIEW_NOT_AUTHORIZED_FOR_GENERATION
B058,S08,500.300,503.880,SOURCE_NATIVE_EDITORIAL,T01,R5_STYLE_DOSSIER,3f30e1ef-3a0e-4158-914f-70bb25fa30a4,FACTUAL_SOURCES_FIRST__STYLE_REFERENCE_LAST,DC015_DPA_CRIMINAL_PENALTY.png;DC016_DPA_COMPLIANCE_MONITOR.png;DC017_DPA_ACCEPTANCE_OF_RESPONSIBILITY.png;EBAY_HQ_2018_CC_BY_SA.jpg,,DC015_DPA_CRIMINAL_PENALTY.png: BEFORE JOB crop to the one short relevant excerpt/highlight for this beat; do not attach a whole dense text page. DC016_DPA_COMPLIANCE_MONITOR.png: BEFORE JOB crop to the one short relevant excerpt/highlight for this beat; do not attach a whole dense text page. DC017_DPA_ACCEPTANCE_OF_RESPONSIBILITY.png: BEFORE JOB crop to the one short relevant excerpt/highlight for this beat; do not attach a whole dense text page. EBAY_HQ_2018_CC_BY_SA.jpg: attach directly as factual visual source; preserve recognizable source identity.,DEFERRED PROSECUTION AGREEMENT,,two-source asymmetrical collage: dominant authentic source upper-right and smaller context crop upper-left; headline mid-left; black negative space below; one subtle binder-clip or file-tab element,"BEAT B058 — FINAL 16:9 WHAT IT COST STILL
ROUTE: SOURCE_NATIVE_EDITORIAL
FAMILY: T01
SCRIPT: ""Instead, the company entered a deferred prosecution agreement.""
MAIN TEXT: ""DEFERRED PROSECUTION AGREEMENT""

FACTUAL SOURCE IMAGES TO ATTACH FIRST: DC015_DPA_CRIMINAL_PENALTY.png; DC016_DPA_COMPLIANCE_MONITOR.png; DC017_DPA_ACCEPTANCE_OF_RESPONSIBILITY.png; EBAY_HQ_2018_CC_BY_SA.jpg.
SOURCE PREP: DC015_DPA_CRIMINAL_PENALTY.png: BEFORE JOB crop to the one short relevant excerpt/highlight for this beat; do not attach a whole dense text page. DC016_DPA_COMPLIANCE_MONITOR.png: BEFORE JOB crop to the one short relevant excerpt/highlight for this beat; do not attach a whole dense text page. DC017_DPA_ACCEPTANCE_OF_RESPONSIBILITY.png: BEFORE JOB crop to the one short relevant excerpt/highlight for this beat; do not attach a whole dense text page. EBAY_HQ_2018_CC_BY_SA.jpg: attach directly as factual visual source; preserve recognizable source identity.
No raw PDF/HTML input.

STYLE REFERENCE TO ATTACH LAST: R5_STYLE_DOSSIER, media_id 3f30e1ef-3a0e-4158-914f-70bb25fa30a4.
REFERENCE PRIORITY — HARD: (1) locked narration and exact text, (2) FACTUAL SOURCE images, (3) STYLE REFERENCE last. If the style reference contains a person, object, logo, document, place, quote, or evidence subject not present in the factual sources for this beat, IGNORE IT COMPLETELY. The style reference is NON-FACTUAL and may contribute ONLY palette, typography scale, paper layering, texture, spacing, framing, line weight and restrained red-accent language. NEVER copy its pig mask, building, map, office, legal note, headline wording or any other subject matter unless that same subject is also in the factual source list for this beat.

COMPOSITION: two-source asymmetrical collage: dominant authentic source upper-right and smaller context crop upper-left; headline mid-left; black negative space below; one subtle binder-clip or file-tab element
FINAL IMAGE REQUIREMENT: the factual source material above must already be visibly integrated in the finished frame. No empty placeholder, no later source-insertion pass, no invented substitute evidence. Preserve the identity of real photos/evidence. For document/message material, show only the prepared short authentic excerpt; never rebuild a full page of text.

CHANNEL LOOK: premium investigative business documentary; textured black/charcoal field, warm paper surfaces, large condensed paper-white headline, restrained signal-red accent, thin editorial rules, file/tab/clip details only when relevant, authentic-source-first hierarchy. Keep the family resemblance to the style reference but vary crop, focal side, layering and thematic element so adjacent beats are not monotonous.

SUBTITLE SAFE — HARD: bottom 22% of the frame must remain visually quiet. No main text, support text, faces, evidence, source label, legal qualifier, map point or diagram node in that lower band.

TEXT — HARD: generate only MAIN TEXT, optional SUPPORT TEXT, and at most one short factual source/date/role label. No decorative microcopy. No invented legal/status language. No long body text. No gibberish.

LEGAL/FACTUAL LOCK: DPA is not a conviction.

REJECT IF: style-reference subject leaks into the scene; wrong source appears; full dense document is reproduced; pseudo-text appears; source is missing; important content enters subtitle band; red dominates; layout becomes a card-grid/dashboard; horror/tabloid treatment appears; a legal status or amount is changed.

OUTPUT: one finished montage-ready still that matches this exact beat and can be cut directly under the narration.",R6_READY_FOR_REVIEW_NOT_AUTHORIZED_FOR_GENERATION
B059,S08,505.020,508.380,SOURCE_NATIVE_EDITORIAL,T03,R5_STYLE_DOSSIER,3f30e1ef-3a0e-4158-914f-70bb25fa30a4,FACTUAL_SOURCES_FIRST__STYLE_REFERENCE_LAST,DC015_DPA_CRIMINAL_PENALTY.png;DC016_DPA_COMPLIANCE_MONITOR.png;DC017_DPA_ACCEPTANCE_OF_RESPONSIBILITY.png;EBAY_HQ_2018_CC_BY_SA.jpg,,DC015_DPA_CRIMINAL_PENALTY.png: BEFORE JOB crop to the one short relevant excerpt/highlight for this beat; do not attach a whole dense text page. DC016_DPA_COMPLIANCE_MONITOR.png: BEFORE JOB crop to the one short relevant excerpt/highlight for this beat; do not attach a whole dense text page. DC017_DPA_ACCEPTANCE_OF_RESPONSIBILITY.png: BEFORE JOB crop to the one short relevant excerpt/highlight for this beat; do not attach a whole dense text page. EBAY_HQ_2018_CC_BY_SA.jpg: attach directly as factual visual source; preserve recognizable source identity.,DPA ≠ CONVICTION,,wide horizontal authentic excerpt across upper half; condensed headline above-left; one clipped corner/tab; black textured negative space below for captions,"BEAT B059 — FINAL 16:9 WHAT IT COST STILL
ROUTE: SOURCE_NATIVE_EDITORIAL
FAMILY: T03
SCRIPT: ""A deferred prosecution agreement works differently from a conviction.""
MAIN TEXT: ""DPA ≠ CONVICTION""

FACTUAL SOURCE IMAGES TO ATTACH FIRST: DC015_DPA_CRIMINAL_PENALTY.png; DC016_DPA_COMPLIANCE_MONITOR.png; DC017_DPA_ACCEPTANCE_OF_RESPONSIBILITY.png; EBAY_HQ_2018_CC_BY_SA.jpg.
SOURCE PREP: DC015_DPA_CRIMINAL_PENALTY.png: BEFORE JOB crop to the one short relevant excerpt/highlight for this beat; do not attach a whole dense text page. DC016_DPA_COMPLIANCE_MONITOR.png: BEFORE JOB crop to the one short relevant excerpt/highlight for this beat; do not attach a whole dense text page. DC017_DPA_ACCEPTANCE_OF_RESPONSIBILITY.png: BEFORE JOB crop to the one short relevant excerpt/highlight for this beat; do not attach a whole dense text page. EBAY_HQ_2018_CC_BY_SA.jpg: attach directly as factual visual source; preserve recognizable source identity.
No raw PDF/HTML input.

STYLE REFERENCE TO ATTACH LAST: R5_STYLE_DOSSIER, media_id 3f30e1ef-3a0e-4158-914f-70bb25fa30a4.
REFERENCE PRIORITY — HARD: (1) locked narration and exact text, (2) FACTUAL SOURCE images, (3) STYLE REFERENCE last. If the style reference contains a person, object, logo, document, place, quote, or evidence subject not present in the factual sources for this beat, IGNORE IT COMPLETELY. The style reference is NON-FACTUAL and may contribute ONLY palette, typography scale, paper layering, texture, spacing, framing, line weight and restrained red-accent language. NEVER copy its pig mask, building, map, office, legal note, headline wording or any other subject matter unless that same subject is also in the factual source list for this beat.

COMPOSITION: wide horizontal authentic excerpt across upper half; condensed headline above-left; one clipped corner/tab; black textured negative space below for captions
FINAL IMAGE REQUIREMENT: the factual source material above must already be visibly integrated in the finished frame. No empty placeholder, no later source-insertion pass, no invented substitute evidence. Preserve the identity of real photos/evidence. For document/message material, show only the prepared short authentic excerpt; never rebuild a full page of text.

CHANNEL LOOK: premium investigative business documentary; textured black/charcoal field, warm paper surfaces, large condensed paper-white headline, restrained signal-red accent, thin editorial rules, file/tab/clip details only when relevant, authentic-source-first hierarchy. Keep the family resemblance to the style reference but vary crop, focal side, layering and thematic element so adjacent beats are not monotonous.

SUBTITLE SAFE — HARD: bottom 22% of the frame must remain visually quiet. No main text, support text, faces, evidence, source label, legal qualifier, map point or diagram node in that lower band.

TEXT — HARD: generate only MAIN TEXT, optional SUPPORT TEXT, and at most one short factual source/date/role label. No decorative microcopy. No invented legal/status language. No long body text. No gibberish.

LEGAL/FACTUAL LOCK: DPA is not a conviction.

REJECT IF: style-reference subject leaks into the scene; wrong source appears; full dense document is reproduced; pseudo-text appears; source is missing; important content enters subtitle band; red dominates; layout becomes a card-grid/dashboard; horror/tabloid treatment appears; a legal status or amount is changed.

OUTPUT: one finished montage-ready still that matches this exact beat and can be cut directly under the narration.",R6_READY_FOR_REVIEW_NOT_AUTHORIZED_FOR_GENERATION
B060,S08,509.420,524.080,SOURCE_NATIVE_EDITORIAL,T01,R5_STYLE_DOSSIER,3f30e1ef-3a0e-4158-914f-70bb25fa30a4,FACTUAL_SOURCES_FIRST__STYLE_REFERENCE_LAST,DC015_DPA_CRIMINAL_PENALTY.png;DC016_DPA_COMPLIANCE_MONITOR.png;DC017_DPA_ACCEPTANCE_OF_RESPONSIBILITY.png;EBAY_HQ_2018_CC_BY_SA.jpg,,DC015_DPA_CRIMINAL_PENALTY.png: BEFORE JOB crop to the one short relevant excerpt/highlight for this beat; do not attach a whole dense text page. DC016_DPA_COMPLIANCE_MONITOR.png: BEFORE JOB crop to the one short relevant excerpt/highlight for this beat; do not attach a whole dense text page. DC017_DPA_ACCEPTANCE_OF_RESPONSIBILITY.png: BEFORE JOB crop to the one short relevant excerpt/highlight for this beat; do not attach a whole dense text page. EBAY_HQ_2018_CC_BY_SA.jpg: attach directly as factual visual source; preserve recognizable source identity.,CHARGES FILED • PROSECUTION DEFERRED,,large authentic source frame on the right two-thirds; oversized headline left; short red dash above headline; one thin horizontal rule; one small paper tab overlapping the source frame,"BEAT B060 — FINAL 16:9 WHAT IT COST STILL
ROUTE: SOURCE_NATIVE_EDITORIAL
FAMILY: T01
SCRIPT: ""The government files charges, but prosecution is held back while the company complies with negotiated conditions. If the agreement is completed successfully, the criminal case is intended to end without a trial on those corporate charges.""
MAIN TEXT: ""CHARGES FILED • PROSECUTION DEFERRED""

FACTUAL SOURCE IMAGES TO ATTACH FIRST: DC015_DPA_CRIMINAL_PENALTY.png; DC016_DPA_COMPLIANCE_MONITOR.png; DC017_DPA_ACCEPTANCE_OF_RESPONSIBILITY.png; EBAY_HQ_2018_CC_BY_SA.jpg.
SOURCE PREP: DC015_DPA_CRIMINAL_PENALTY.png: BEFORE JOB crop to the one short relevant excerpt/highlight for this beat; do not attach a whole dense text page. DC016_DPA_COMPLIANCE_MONITOR.png: BEFORE JOB crop to the one short relevant excerpt/highlight for this beat; do not attach a whole dense text page. DC017_DPA_ACCEPTANCE_OF_RESPONSIBILITY.png: BEFORE JOB crop to the one short relevant excerpt/highlight for this beat; do not attach a whole dense text page. EBAY_HQ_2018_CC_BY_SA.jpg: attach directly as factual visual source; preserve recognizable source identity.
No raw PDF/HTML input.

STYLE REFERENCE TO ATTACH LAST: R5_STYLE_DOSSIER, media_id 3f30e1ef-3a0e-4158-914f-70bb25fa30a4.
REFERENCE PRIORITY — HARD: (1) locked narration and exact text, (2) FACTUAL SOURCE images, (3) STYLE REFERENCE last. If the style reference contains a person, object, logo, document, place, quote, or evidence subject not present in the factual sources for this beat, IGNORE IT COMPLETELY. The style reference is NON-FACTUAL and may contribute ONLY palette, typography scale, paper layering, texture, spacing, framing, line weight and restrained red-accent language. NEVER copy its pig mask, building, map, office, legal note, headline wording or any other subject matter unless that same subject is also in the factual source list for this beat.

COMPOSITION: large authentic source frame on the right two-thirds; oversized headline left; short red dash above headline; one thin horizontal rule; one small paper tab overlapping the source frame
FINAL IMAGE REQUIREMENT: the factual source material above must already be visibly integrated in the finished frame. No empty placeholder, no later source-insertion pass, no invented substitute evidence. Preserve the identity of real photos/evidence. For document/message material, show only the prepared short authentic excerpt; never rebuild a full page of text.

CHANNEL LOOK: premium investigative business documentary; textured black/charcoal field, warm paper surfaces, large condensed paper-white headline, restrained signal-red accent, thin editorial rules, file/tab/clip details only when relevant, authentic-source-first hierarchy. Keep the family resemblance to the style reference but vary crop, focal side, layering and thematic element so adjacent beats are not monotonous.

SUBTITLE SAFE — HARD: bottom 22% of the frame must remain visually quiet. No main text, support text, faces, evidence, source label, legal qualifier, map point or diagram node in that lower band.

TEXT — HARD: generate only MAIN TEXT, optional SUPPORT TEXT, and at most one short factual source/date/role label. No decorative microcopy. No invented legal/status language. No long body text. No gibberish.

LEGAL/FACTUAL LOCK: DPA is not a conviction.

REJECT IF: style-reference subject leaks into the scene; wrong source appears; full dense document is reproduced; pseudo-text appears; source is missing; important content enters subtitle band; red dominates; layout becomes a card-grid/dashboard; horror/tabloid treatment appears; a legal status or amount is changed.

OUTPUT: one finished montage-ready still that matches this exact beat and can be cut directly under the narration.",R6_READY_FOR_REVIEW_NOT_AUTHORIZED_FOR_GENERATION
B061,S08,525.140,528.120,HYBRID_SOURCE_EDITORIAL,T01,R5_STYLE_DOSSIER,3f30e1ef-3a0e-4158-914f-70bb25fa30a4,FACTUAL_SOURCES_FIRST__STYLE_REFERENCE_LAST,DC015_DPA_CRIMINAL_PENALTY.png;DC016_DPA_COMPLIANCE_MONITOR.png;DC017_DPA_ACCEPTANCE_OF_RESPONSIBILITY.png;EBAY_HQ_2018_CC_BY_SA.jpg,,DC015_DPA_CRIMINAL_PENALTY.png: BEFORE JOB crop to the one short relevant excerpt/highlight for this beat; do not attach a whole dense text page. DC016_DPA_COMPLIANCE_MONITOR.png: BEFORE JOB crop to the one short relevant excerpt/highlight for this beat; do not attach a whole dense text page. DC017_DPA_ACCEPTANCE_OF_RESPONSIBILITY.png: BEFORE JOB crop to the one short relevant excerpt/highlight for this beat; do not attach a whole dense text page. EBAY_HQ_2018_CC_BY_SA.jpg: attach directly as factual visual source; preserve recognizable source identity.,CORPORATE CONSEQUENCES,,hero evidence object centered high on a warm-paper mount; headline upper-left; compact source label above; small red underline; faint secondary evidence edge behind the hero,"BEAT B061 — FINAL 16:9 WHAT IT COST STILL
ROUTE: HYBRID_SOURCE_EDITORIAL
FAMILY: T01
SCRIPT: ""For eBay, the agreement came with real consequences.""
MAIN TEXT: ""CORPORATE CONSEQUENCES""

FACTUAL SOURCE IMAGES TO ATTACH FIRST: DC015_DPA_CRIMINAL_PENALTY.png; DC016_DPA_COMPLIANCE_MONITOR.png; DC017_DPA_ACCEPTANCE_OF_RESPONSIBILITY.png; EBAY_HQ_2018_CC_BY_SA.jpg.
SOURCE PREP: DC015_DPA_CRIMINAL_PENALTY.png: BEFORE JOB crop to the one short relevant excerpt/highlight for this beat; do not attach a whole dense text page. DC016_DPA_COMPLIANCE_MONITOR.png: BEFORE JOB crop to the one short relevant excerpt/highlight for this beat; do not attach a whole dense text page. DC017_DPA_ACCEPTANCE_OF_RESPONSIBILITY.png: BEFORE JOB crop to the one short relevant excerpt/highlight for this beat; do not attach a whole dense text page. EBAY_HQ_2018_CC_BY_SA.jpg: attach directly as factual visual source; preserve recognizable source identity.
No raw PDF/HTML input.

STYLE REFERENCE TO ATTACH LAST: R5_STYLE_DOSSIER, media_id 3f30e1ef-3a0e-4158-914f-70bb25fa30a4.
REFERENCE PRIORITY — HARD: (1) locked narration and exact text, (2) FACTUAL SOURCE images, (3) STYLE REFERENCE last. If the style reference contains a person, object, logo, document, place, quote, or evidence subject not present in the factual sources for this beat, IGNORE IT COMPLETELY. The style reference is NON-FACTUAL and may contribute ONLY palette, typography scale, paper layering, texture, spacing, framing, line weight and restrained red-accent language. NEVER copy its pig mask, building, map, office, legal note, headline wording or any other subject matter unless that same subject is also in the factual source list for this beat.

COMPOSITION: hero evidence object centered high on a warm-paper mount; headline upper-left; compact source label above; small red underline; faint secondary evidence edge behind the hero
FINAL IMAGE REQUIREMENT: the factual source material above must already be visibly integrated in the finished frame. No empty placeholder, no later source-insertion pass, no invented substitute evidence. Preserve the identity of real photos/evidence. For document/message material, show only the prepared short authentic excerpt; never rebuild a full page of text.

CHANNEL LOOK: premium investigative business documentary; textured black/charcoal field, warm paper surfaces, large condensed paper-white headline, restrained signal-red accent, thin editorial rules, file/tab/clip details only when relevant, authentic-source-first hierarchy. Keep the family resemblance to the style reference but vary crop, focal side, layering and thematic element so adjacent beats are not monotonous.

SUBTITLE SAFE — HARD: bottom 22% of the frame must remain visually quiet. No main text, support text, faces, evidence, source label, legal qualifier, map point or diagram node in that lower band.

TEXT — HARD: generate only MAIN TEXT, optional SUPPORT TEXT, and at most one short factual source/date/role label. No decorative microcopy. No invented legal/status language. No long body text. No gibberish.

LEGAL/FACTUAL LOCK: DPA is not a conviction.

REJECT IF: style-reference subject leaks into the scene; wrong source appears; full dense document is reproduced; pseudo-text appears; source is missing; important content enters subtitle band; red dominates; layout becomes a card-grid/dashboard; horror/tabloid treatment appears; a legal status or amount is changed.

OUTPUT: one finished montage-ready still that matches this exact beat and can be cut directly under the narration.",R6_READY_FOR_REVIEW_NOT_AUTHORIZED_FOR_GENERATION
B062,S08,529.300,536.780,SOURCE_NATIVE_EDITORIAL,T04,R5_STYLE_DOSSIER,3f30e1ef-3a0e-4158-914f-70bb25fa30a4,FACTUAL_SOURCES_FIRST__STYLE_REFERENCE_LAST,DC015_DPA_CRIMINAL_PENALTY.png;DC016_DPA_COMPLIANCE_MONITOR.png;DC017_DPA_ACCEPTANCE_OF_RESPONSIBILITY.png;EBAY_HQ_2018_CC_BY_SA.jpg,,DC015_DPA_CRIMINAL_PENALTY.png: BEFORE JOB crop to the one short relevant excerpt/highlight for this beat; do not attach a whole dense text page. DC016_DPA_COMPLIANCE_MONITOR.png: BEFORE JOB crop to the one short relevant excerpt/highlight for this beat; do not attach a whole dense text page. DC017_DPA_ACCEPTANCE_OF_RESPONSIBILITY.png: BEFORE JOB crop to the one short relevant excerpt/highlight for this beat; do not attach a whole dense text page. EBAY_HQ_2018_CC_BY_SA.jpg: attach directly as factual visual source; preserve recognizable source identity.,$3M CRIMINAL PENALTY,,asymmetrical settlement sheet: amount and short label left; authentic filing/company context right; one paper tab with exact legal qualifier; no extra numbers,"BEAT B062 — FINAL 16:9 WHAT IT COST STILL
ROUTE: SOURCE_NATIVE_EDITORIAL
FAMILY: T04
SCRIPT: ""The company admitted a detailed factual account of the conduct. It agreed to pay a three-million-dollar criminal penalty.""
MAIN TEXT: ""$3M CRIMINAL PENALTY""

FACTUAL SOURCE IMAGES TO ATTACH FIRST: DC015_DPA_CRIMINAL_PENALTY.png; DC016_DPA_COMPLIANCE_MONITOR.png; DC017_DPA_ACCEPTANCE_OF_RESPONSIBILITY.png; EBAY_HQ_2018_CC_BY_SA.jpg.
SOURCE PREP: DC015_DPA_CRIMINAL_PENALTY.png: BEFORE JOB crop to the one short relevant excerpt/highlight for this beat; do not attach a whole dense text page. DC016_DPA_COMPLIANCE_MONITOR.png: BEFORE JOB crop to the one short relevant excerpt/highlight for this beat; do not attach a whole dense text page. DC017_DPA_ACCEPTANCE_OF_RESPONSIBILITY.png: BEFORE JOB crop to the one short relevant excerpt/highlight for this beat; do not attach a whole dense text page. EBAY_HQ_2018_CC_BY_SA.jpg: attach directly as factual visual source; preserve recognizable source identity.
No raw PDF/HTML input.

STYLE REFERENCE TO ATTACH LAST: R5_STYLE_DOSSIER, media_id 3f30e1ef-3a0e-4158-914f-70bb25fa30a4.
REFERENCE PRIORITY — HARD: (1) locked narration and exact text, (2) FACTUAL SOURCE images, (3) STYLE REFERENCE last. If the style reference contains a person, object, logo, document, place, quote, or evidence subject not present in the factual sources for this beat, IGNORE IT COMPLETELY. The style reference is NON-FACTUAL and may contribute ONLY palette, typography scale, paper layering, texture, spacing, framing, line weight and restrained red-accent language. NEVER copy its pig mask, building, map, office, legal note, headline wording or any other subject matter unless that same subject is also in the factual source list for this beat.

COMPOSITION: asymmetrical settlement sheet: amount and short label left; authentic filing/company context right; one paper tab with exact legal qualifier; no extra numbers
FINAL IMAGE REQUIREMENT: the factual source material above must already be visibly integrated in the finished frame. No empty placeholder, no later source-insertion pass, no invented substitute evidence. Preserve the identity of real photos/evidence. For document/message material, show only the prepared short authentic excerpt; never rebuild a full page of text.

CHANNEL LOOK: premium investigative business documentary; textured black/charcoal field, warm paper surfaces, large condensed paper-white headline, restrained signal-red accent, thin editorial rules, file/tab/clip details only when relevant, authentic-source-first hierarchy. Keep the family resemblance to the style reference but vary crop, focal side, layering and thematic element so adjacent beats are not monotonous.

SUBTITLE SAFE — HARD: bottom 22% of the frame must remain visually quiet. No main text, support text, faces, evidence, source label, legal qualifier, map point or diagram node in that lower band.

TEXT — HARD: generate only MAIN TEXT, optional SUPPORT TEXT, and at most one short factual source/date/role label. No decorative microcopy. No invented legal/status language. No long body text. No gibberish.

LEGAL/FACTUAL LOCK: DPA is not a conviction. $3M criminal DPA penalty is separate from the $55.7M civil settlement package.

REJECT IF: style-reference subject leaks into the scene; wrong source appears; full dense document is reproduced; pseudo-text appears; source is missing; important content enters subtitle band; red dominates; layout becomes a card-grid/dashboard; horror/tabloid treatment appears; a legal status or amount is changed.

OUTPUT: one finished montage-ready still that matches this exact beat and can be cut directly under the narration.",R6_READY_FOR_REVIEW_NOT_AUTHORIZED_FOR_GENERATION
B063,S08,537.600,544.240,SOURCE_NATIVE_EDITORIAL,T01,R5_STYLE_DOSSIER,3f30e1ef-3a0e-4158-914f-70bb25fa30a4,FACTUAL_SOURCES_FIRST__STYLE_REFERENCE_LAST,DC015_DPA_CRIMINAL_PENALTY.png;DC016_DPA_COMPLIANCE_MONITOR.png;DC017_DPA_ACCEPTANCE_OF_RESPONSIBILITY.png;EBAY_HQ_2018_CC_BY_SA.jpg,,DC015_DPA_CRIMINAL_PENALTY.png: BEFORE JOB crop to the one short relevant excerpt/highlight for this beat; do not attach a whole dense text page. DC016_DPA_COMPLIANCE_MONITOR.png: BEFORE JOB crop to the one short relevant excerpt/highlight for this beat; do not attach a whole dense text page. DC017_DPA_ACCEPTANCE_OF_RESPONSIBILITY.png: BEFORE JOB crop to the one short relevant excerpt/highlight for this beat; do not attach a whole dense text page. EBAY_HQ_2018_CC_BY_SA.jpg: attach directly as factual visual source; preserve recognizable source identity.,3-YEAR INDEPENDENT MONITOR,,full-width source strip across upper 60%; headline block at lower-left but entirely above subtitle-safe band; one tiny source/date tag; restrained paper edge and red tick,"BEAT B063 — FINAL 16:9 WHAT IT COST STILL
ROUTE: SOURCE_NATIVE_EDITORIAL
FAMILY: T01
SCRIPT: ""And it accepted an independent compliance monitor for three years, along with cooperation and compliance obligations.""
MAIN TEXT: ""3-YEAR INDEPENDENT MONITOR""

FACTUAL SOURCE IMAGES TO ATTACH FIRST: DC015_DPA_CRIMINAL_PENALTY.png; DC016_DPA_COMPLIANCE_MONITOR.png; DC017_DPA_ACCEPTANCE_OF_RESPONSIBILITY.png; EBAY_HQ_2018_CC_BY_SA.jpg.
SOURCE PREP: DC015_DPA_CRIMINAL_PENALTY.png: BEFORE JOB crop to the one short relevant excerpt/highlight for this beat; do not attach a whole dense text page. DC016_DPA_COMPLIANCE_MONITOR.png: BEFORE JOB crop to the one short relevant excerpt/highlight for this beat; do not attach a whole dense text page. DC017_DPA_ACCEPTANCE_OF_RESPONSIBILITY.png: BEFORE JOB crop to the one short relevant excerpt/highlight for this beat; do not attach a whole dense text page. EBAY_HQ_2018_CC_BY_SA.jpg: attach directly as factual visual source; preserve recognizable source identity.
No raw PDF/HTML input.

STYLE REFERENCE TO ATTACH LAST: R5_STYLE_DOSSIER, media_id 3f30e1ef-3a0e-4158-914f-70bb25fa30a4.
REFERENCE PRIORITY — HARD: (1) locked narration and exact text, (2) FACTUAL SOURCE images, (3) STYLE REFERENCE last. If the style reference contains a person, object, logo, document, place, quote, or evidence subject not present in the factual sources for this beat, IGNORE IT COMPLETELY. The style reference is NON-FACTUAL and may contribute ONLY palette, typography scale, paper layering, texture, spacing, framing, line weight and restrained red-accent language. NEVER copy its pig mask, building, map, office, legal note, headline wording or any other subject matter unless that same subject is also in the factual source list for this beat.

COMPOSITION: full-width source strip across upper 60%; headline block at lower-left but entirely above subtitle-safe band; one tiny source/date tag; restrained paper edge and red tick
FINAL IMAGE REQUIREMENT: the factual source material above must already be visibly integrated in the finished frame. No empty placeholder, no later source-insertion pass, no invented substitute evidence. Preserve the identity of real photos/evidence. For document/message material, show only the prepared short authentic excerpt; never rebuild a full page of text.

CHANNEL LOOK: premium investigative business documentary; textured black/charcoal field, warm paper surfaces, large condensed paper-white headline, restrained signal-red accent, thin editorial rules, file/tab/clip details only when relevant, authentic-source-first hierarchy. Keep the family resemblance to the style reference but vary crop, focal side, layering and thematic element so adjacent beats are not monotonous.

SUBTITLE SAFE — HARD: bottom 22% of the frame must remain visually quiet. No main text, support text, faces, evidence, source label, legal qualifier, map point or diagram node in that lower band.

TEXT — HARD: generate only MAIN TEXT, optional SUPPORT TEXT, and at most one short factual source/date/role label. No decorative microcopy. No invented legal/status language. No long body text. No gibberish.

LEGAL/FACTUAL LOCK: DPA is not a conviction.

REJECT IF: style-reference subject leaks into the scene; wrong source appears; full dense document is reproduced; pseudo-text appears; source is missing; important content enters subtitle band; red dominates; layout becomes a card-grid/dashboard; horror/tabloid treatment appears; a legal status or amount is changed.

OUTPUT: one finished montage-ready still that matches this exact beat and can be cut directly under the narration.",R6_READY_FOR_REVIEW_NOT_AUTHORIZED_FOR_GENERATION
B064,S08,545.640,555.980,HYBRID_SOURCE_EDITORIAL,T01,R5_STYLE_DOSSIER,3f30e1ef-3a0e-4158-914f-70bb25fa30a4,FACTUAL_SOURCES_FIRST__STYLE_REFERENCE_LAST,DC015_DPA_CRIMINAL_PENALTY.png;DC016_DPA_COMPLIANCE_MONITOR.png;DC017_DPA_ACCEPTANCE_OF_RESPONSIBILITY.png;EBAY_HQ_2018_CC_BY_SA.jpg,,DC015_DPA_CRIMINAL_PENALTY.png: BEFORE JOB crop to the one short relevant excerpt/highlight for this beat; do not attach a whole dense text page. DC016_DPA_COMPLIANCE_MONITOR.png: BEFORE JOB crop to the one short relevant excerpt/highlight for this beat; do not attach a whole dense text page. DC017_DPA_ACCEPTANCE_OF_RESPONSIBILITY.png: BEFORE JOB crop to the one short relevant excerpt/highlight for this beat; do not attach a whole dense text page. EBAY_HQ_2018_CC_BY_SA.jpg: attach directly as factual visual source; preserve recognizable source identity.,EBAY — FEDERAL CRIMINAL RESOLUTION,,large authentic source frame on the right two-thirds; oversized headline left; short red dash above headline; one thin horizontal rule; one small paper tab overlapping the source frame,"BEAT B064 — FINAL 16:9 WHAT IT COST STILL
ROUTE: HYBRID_SOURCE_EDITORIAL
FAMILY: T01
SCRIPT: ""At that point, the legal consequences no longer belonged only to individuals. eBay itself had entered a federal criminal resolution tied to the conduct.""
MAIN TEXT: ""EBAY — FEDERAL CRIMINAL RESOLUTION""

FACTUAL SOURCE IMAGES TO ATTACH FIRST: DC015_DPA_CRIMINAL_PENALTY.png; DC016_DPA_COMPLIANCE_MONITOR.png; DC017_DPA_ACCEPTANCE_OF_RESPONSIBILITY.png; EBAY_HQ_2018_CC_BY_SA.jpg.
SOURCE PREP: DC015_DPA_CRIMINAL_PENALTY.png: BEFORE JOB crop to the one short relevant excerpt/highlight for this beat; do not attach a whole dense text page. DC016_DPA_COMPLIANCE_MONITOR.png: BEFORE JOB crop to the one short relevant excerpt/highlight for this beat; do not attach a whole dense text page. DC017_DPA_ACCEPTANCE_OF_RESPONSIBILITY.png: BEFORE JOB crop to the one short relevant excerpt/highlight for this beat; do not attach a whole dense text page. EBAY_HQ_2018_CC_BY_SA.jpg: attach directly as factual visual source; preserve recognizable source identity.
No raw PDF/HTML input.

STYLE REFERENCE TO ATTACH LAST: R5_STYLE_DOSSIER, media_id 3f30e1ef-3a0e-4158-914f-70bb25fa30a4.
REFERENCE PRIORITY — HARD: (1) locked narration and exact text, (2) FACTUAL SOURCE images, (3) STYLE REFERENCE last. If the style reference contains a person, object, logo, document, place, quote, or evidence subject not present in the factual sources for this beat, IGNORE IT COMPLETELY. The style reference is NON-FACTUAL and may contribute ONLY palette, typography scale, paper layering, texture, spacing, framing, line weight and restrained red-accent language. NEVER copy its pig mask, building, map, office, legal note, headline wording or any other subject matter unless that same subject is also in the factual source list for this beat.

COMPOSITION: large authentic source frame on the right two-thirds; oversized headline left; short red dash above headline; one thin horizontal rule; one small paper tab overlapping the source frame
FINAL IMAGE REQUIREMENT: the factual source material above must already be visibly integrated in the finished frame. No empty placeholder, no later source-insertion pass, no invented substitute evidence. Preserve the identity of real photos/evidence. For document/message material, show only the prepared short authentic excerpt; never rebuild a full page of text.

CHANNEL LOOK: premium investigative business documentary; textured black/charcoal field, warm paper surfaces, large condensed paper-white headline, restrained signal-red accent, thin editorial rules, file/tab/clip details only when relevant, authentic-source-first hierarchy. Keep the family resemblance to the style reference but vary crop, focal side, layering and thematic element so adjacent beats are not monotonous.

SUBTITLE SAFE — HARD: bottom 22% of the frame must remain visually quiet. No main text, support text, faces, evidence, source label, legal qualifier, map point or diagram node in that lower band.

TEXT — HARD: generate only MAIN TEXT, optional SUPPORT TEXT, and at most one short factual source/date/role label. No decorative microcopy. No invented legal/status language. No long body text. No gibberish.

LEGAL/FACTUAL LOCK: DPA is not a conviction.

REJECT IF: style-reference subject leaks into the scene; wrong source appears; full dense document is reproduced; pseudo-text appears; source is missing; important content enters subtitle band; red dominates; layout becomes a card-grid/dashboard; horror/tabloid treatment appears; a legal status or amount is changed.

OUTPUT: one finished montage-ready still that matches this exact beat and can be cut directly under the narration.",R6_READY_FOR_REVIEW_NOT_AUTHORIZED_FOR_GENERATION
B065,S08,556.820,565.860,HYBRID_SOURCE_EDITORIAL,T01,R5_STYLE_DOSSIER,3f30e1ef-3a0e-4158-914f-70bb25fa30a4,FACTUAL_SOURCES_FIRST__STYLE_REFERENCE_LAST,EBAY_HQ_2018_CC_BY_SA.jpg;LIVE_MOAKLEY_COURTHOUSE_CC0.jpg,,EBAY_HQ_2018_CC_BY_SA.jpg: attach directly as factual visual source; preserve recognizable source identity. LIVE_MOAKLEY_COURTHOUSE_CC0.jpg: attach directly as factual visual source; preserve recognizable source identity.,HOW FAR UP DID RESPONSIBILITY GO?,,hero evidence object centered high on a warm-paper mount; headline upper-left; compact source label above; small red underline; faint secondary evidence edge behind the hero,"BEAT B065 — FINAL 16:9 WHAT IT COST STILL
ROUTE: HYBRID_SOURCE_EDITORIAL
FAMILY: T01
SCRIPT: ""But one major question was still unresolved. How far up the organization could civil responsibility for the campaign extend?""
MAIN TEXT: ""HOW FAR UP DID RESPONSIBILITY GO?""

FACTUAL SOURCE IMAGES TO ATTACH FIRST: EBAY_HQ_2018_CC_BY_SA.jpg; LIVE_MOAKLEY_COURTHOUSE_CC0.jpg.
SOURCE PREP: EBAY_HQ_2018_CC_BY_SA.jpg: attach directly as factual visual source; preserve recognizable source identity. LIVE_MOAKLEY_COURTHOUSE_CC0.jpg: attach directly as factual visual source; preserve recognizable source identity.
No raw PDF/HTML input.

STYLE REFERENCE TO ATTACH LAST: R5_STYLE_DOSSIER, media_id 3f30e1ef-3a0e-4158-914f-70bb25fa30a4.
REFERENCE PRIORITY — HARD: (1) locked narration and exact text, (2) FACTUAL SOURCE images, (3) STYLE REFERENCE last. If the style reference contains a person, object, logo, document, place, quote, or evidence subject not present in the factual sources for this beat, IGNORE IT COMPLETELY. The style reference is NON-FACTUAL and may contribute ONLY palette, typography scale, paper layering, texture, spacing, framing, line weight and restrained red-accent language. NEVER copy its pig mask, building, map, office, legal note, headline wording or any other subject matter unless that same subject is also in the factual source list for this beat.

COMPOSITION: hero evidence object centered high on a warm-paper mount; headline upper-left; compact source label above; small red underline; faint secondary evidence edge behind the hero
FINAL IMAGE REQUIREMENT: the factual source material above must already be visibly integrated in the finished frame. No empty placeholder, no later source-insertion pass, no invented substitute evidence. Preserve the identity of real photos/evidence. For document/message material, show only the prepared short authentic excerpt; never rebuild a full page of text.

CHANNEL LOOK: premium investigative business documentary; textured black/charcoal field, warm paper surfaces, large condensed paper-white headline, restrained signal-red accent, thin editorial rules, file/tab/clip details only when relevant, authentic-source-first hierarchy. Keep the family resemblance to the style reference but vary crop, focal side, layering and thematic element so adjacent beats are not monotonous.

SUBTITLE SAFE — HARD: bottom 22% of the frame must remain visually quiet. No main text, support text, faces, evidence, source label, legal qualifier, map point or diagram node in that lower band.

TEXT — HARD: generate only MAIN TEXT, optional SUPPORT TEXT, and at most one short factual source/date/role label. No decorative microcopy. No invented legal/status language. No long body text. No gibberish.

LEGAL/FACTUAL LOCK: None beyond the locked narration.

REJECT IF: style-reference subject leaks into the scene; wrong source appears; full dense document is reproduced; pseudo-text appears; source is missing; important content enters subtitle band; red dominates; layout becomes a card-grid/dashboard; horror/tabloid treatment appears; a legal status or amount is changed.

OUTPUT: one finished montage-ready still that matches this exact beat and can be cut directly under the narration.",R6_READY_FOR_REVIEW_NOT_AUTHORIZED_FOR_GENERATION
B066,S08,566.960,569.300,HYBRID_SOURCE_EDITORIAL,T03,R5_STYLE_DOSSIER,3f30e1ef-3a0e-4158-914f-70bb25fa30a4,FACTUAL_SOURCES_FIRST__STYLE_REFERENCE_LAST,LIVE_MOAKLEY_COURTHOUSE_CC0.jpg,,LIVE_MOAKLEY_COURTHOUSE_CC0.jpg: attach directly as factual visual source; preserve recognizable source identity.,TOWARD A JURY,,"source excerpt framed like a photographic evidence print, slightly offset; headline left or top-left; second tiny context image only if needed; no decorative body text","BEAT B066 — FINAL 16:9 WHAT IT COST STILL
ROUTE: HYBRID_SOURCE_EDITORIAL
FAMILY: T03
SCRIPT: ""That question was moving toward a jury.""
MAIN TEXT: ""TOWARD A JURY""

FACTUAL SOURCE IMAGES TO ATTACH FIRST: LIVE_MOAKLEY_COURTHOUSE_CC0.jpg.
SOURCE PREP: LIVE_MOAKLEY_COURTHOUSE_CC0.jpg: attach directly as factual visual source; preserve recognizable source identity.
No raw PDF/HTML input.

STYLE REFERENCE TO ATTACH LAST: R5_STYLE_DOSSIER, media_id 3f30e1ef-3a0e-4158-914f-70bb25fa30a4.
REFERENCE PRIORITY — HARD: (1) locked narration and exact text, (2) FACTUAL SOURCE images, (3) STYLE REFERENCE last. If the style reference contains a person, object, logo, document, place, quote, or evidence subject not present in the factual sources for this beat, IGNORE IT COMPLETELY. The style reference is NON-FACTUAL and may contribute ONLY palette, typography scale, paper layering, texture, spacing, framing, line weight and restrained red-accent language. NEVER copy its pig mask, building, map, office, legal note, headline wording or any other subject matter unless that same subject is also in the factual source list for this beat.

COMPOSITION: source excerpt framed like a photographic evidence print, slightly offset; headline left or top-left; second tiny context image only if needed; no decorative body text
FINAL IMAGE REQUIREMENT: the factual source material above must already be visibly integrated in the finished frame. No empty placeholder, no later source-insertion pass, no invented substitute evidence. Preserve the identity of real photos/evidence. For document/message material, show only the prepared short authentic excerpt; never rebuild a full page of text.

CHANNEL LOOK: premium investigative business documentary; textured black/charcoal field, warm paper surfaces, large condensed paper-white headline, restrained signal-red accent, thin editorial rules, file/tab/clip details only when relevant, authentic-source-first hierarchy. Keep the family resemblance to the style reference but vary crop, focal side, layering and thematic element so adjacent beats are not monotonous.

SUBTITLE SAFE — HARD: bottom 22% of the frame must remain visually quiet. No main text, support text, faces, evidence, source label, legal qualifier, map point or diagram node in that lower band.

TEXT — HARD: generate only MAIN TEXT, optional SUPPORT TEXT, and at most one short factual source/date/role label. No decorative microcopy. No invented legal/status language. No long body text. No gibberish.

LEGAL/FACTUAL LOCK: None beyond the locked narration.

REJECT IF: style-reference subject leaks into the scene; wrong source appears; full dense document is reproduced; pseudo-text appears; source is missing; important content enters subtitle band; red dominates; layout becomes a card-grid/dashboard; horror/tabloid treatment appears; a legal status or amount is changed.

OUTPUT: one finished montage-ready still that matches this exact beat and can be cut directly under the narration.",R6_READY_FOR_REVIEW_NOT_AUTHORIZED_FOR_GENERATION
B067,S09,570.640,574.500,SOURCE_NATIVE_EDITORIAL,T06,R5_STYLE_MAP_LOCATION,aeaf1ee7-3e3d-42ba-b137-7eaa2218685e,FACTUAL_SOURCES_FIRST__STYLE_REFERENCE_LAST,DC018_CIVIL_COMPLAINT_COVER.png;LIVE_MOAKLEY_COURTHOUSE_CC0.jpg,,DC018_CIVIL_COMPLAINT_COVER.png: BEFORE JOB crop to the one short relevant excerpt/highlight for this beat; do not attach a whole dense text page. LIVE_MOAKLEY_COURTHOUSE_CC0.jpg: attach directly as factual visual source; preserve recognizable source identity.,JULY 2021 — CIVIL CASE FILED,,"single temporal pivot frame: date card left, authentic source image right, one small next-step cue; black paper texture and restrained red underline","BEAT B067 — FINAL 16:9 WHAT IT COST STILL
ROUTE: SOURCE_NATIVE_EDITORIAL
FAMILY: T06
SCRIPT: ""The Steiners filed their federal civil case in July twenty twenty-one.""
MAIN TEXT: ""JULY 2021 — CIVIL CASE FILED""

FACTUAL SOURCE IMAGES TO ATTACH FIRST: DC018_CIVIL_COMPLAINT_COVER.png; LIVE_MOAKLEY_COURTHOUSE_CC0.jpg.
SOURCE PREP: DC018_CIVIL_COMPLAINT_COVER.png: BEFORE JOB crop to the one short relevant excerpt/highlight for this beat; do not attach a whole dense text page. LIVE_MOAKLEY_COURTHOUSE_CC0.jpg: attach directly as factual visual source; preserve recognizable source identity.
No raw PDF/HTML input.

STYLE REFERENCE TO ATTACH LAST: R5_STYLE_MAP_LOCATION, media_id aeaf1ee7-3e3d-42ba-b137-7eaa2218685e.
REFERENCE PRIORITY — HARD: (1) locked narration and exact text, (2) FACTUAL SOURCE images, (3) STYLE REFERENCE last. If the style reference contains a person, object, logo, document, place, quote, or evidence subject not present in the factual sources for this beat, IGNORE IT COMPLETELY. The style reference is NON-FACTUAL and may contribute ONLY palette, typography scale, paper layering, texture, spacing, framing, line weight and restrained red-accent language. NEVER copy its pig mask, building, map, office, legal note, headline wording or any other subject matter unless that same subject is also in the factual source list for this beat.

COMPOSITION: single temporal pivot frame: date card left, authentic source image right, one small next-step cue; black paper texture and restrained red underline
FINAL IMAGE REQUIREMENT: the factual source material above must already be visibly integrated in the finished frame. No empty placeholder, no later source-insertion pass, no invented substitute evidence. Preserve the identity of real photos/evidence. For document/message material, show only the prepared short authentic excerpt; never rebuild a full page of text.

CHANNEL LOOK: premium investigative business documentary; textured black/charcoal field, warm paper surfaces, large condensed paper-white headline, restrained signal-red accent, thin editorial rules, file/tab/clip details only when relevant, authentic-source-first hierarchy. Keep the family resemblance to the style reference but vary crop, focal side, layering and thematic element so adjacent beats are not monotonous.

SUBTITLE SAFE — HARD: bottom 22% of the frame must remain visually quiet. No main text, support text, faces, evidence, source label, legal qualifier, map point or diagram node in that lower band.

TEXT — HARD: generate only MAIN TEXT, optional SUPPORT TEXT, and at most one short factual source/date/role label. No decorative microcopy. No invented legal/status language. No long body text. No gibberish.

LEGAL/FACTUAL LOCK: None beyond the locked narration.

REJECT IF: style-reference subject leaks into the scene; wrong source appears; full dense document is reproduced; pseudo-text appears; source is missing; important content enters subtitle band; red dominates; layout becomes a card-grid/dashboard; horror/tabloid treatment appears; a legal status or amount is changed.

OUTPUT: one finished montage-ready still that matches this exact beat and can be cut directly under the narration.",R6_READY_FOR_REVIEW_NOT_AUTHORIZED_FOR_GENERATION
B068,S09,575.640,580.400,SOURCE_NATIVE_EDITORIAL,T03,R5_STYLE_DOSSIER,3f30e1ef-3a0e-4158-914f-70bb25fa30a4,FACTUAL_SOURCES_FIRST__STYLE_REFERENCE_LAST,DC010_SUMMARY_JUDGMENT_ORDER.png;LIVE_MOAKLEY_COURTHOUSE_CC0.jpg,,DC010_SUMMARY_JUDGMENT_ORDER.png: BEFORE JOB crop to the one short relevant excerpt/highlight for this beat; do not attach a whole dense text page. LIVE_MOAKLEY_COURTHOUSE_CC0.jpg: attach directly as factual visual source; preserve recognizable source identity.,2025 — SUMMARY JUDGMENT,,"tight authentic quote/document crop as the hero on the right; large headline on left; one exact highlighted line only; paper edge, clip, and small factual source label; no full-page text wall","BEAT B068 — FINAL 16:9 WHAT IT COST STILL
ROUTE: SOURCE_NATIVE_EDITORIAL
FAMILY: T03
SCRIPT: ""Four years later, Judge Patti Saris issued a major summary-judgment order.""
MAIN TEXT: ""2025 — SUMMARY JUDGMENT""

FACTUAL SOURCE IMAGES TO ATTACH FIRST: DC010_SUMMARY_JUDGMENT_ORDER.png; LIVE_MOAKLEY_COURTHOUSE_CC0.jpg.
SOURCE PREP: DC010_SUMMARY_JUDGMENT_ORDER.png: BEFORE JOB crop to the one short relevant excerpt/highlight for this beat; do not attach a whole dense text page. LIVE_MOAKLEY_COURTHOUSE_CC0.jpg: attach directly as factual visual source; preserve recognizable source identity.
No raw PDF/HTML input.

STYLE REFERENCE TO ATTACH LAST: R5_STYLE_DOSSIER, media_id 3f30e1ef-3a0e-4158-914f-70bb25fa30a4.
REFERENCE PRIORITY — HARD: (1) locked narration and exact text, (2) FACTUAL SOURCE images, (3) STYLE REFERENCE last. If the style reference contains a person, object, logo, document, place, quote, or evidence subject not present in the factual sources for this beat, IGNORE IT COMPLETELY. The style reference is NON-FACTUAL and may contribute ONLY palette, typography scale, paper layering, texture, spacing, framing, line weight and restrained red-accent language. NEVER copy its pig mask, building, map, office, legal note, headline wording or any other subject matter unless that same subject is also in the factual source list for this beat.

COMPOSITION: tight authentic quote/document crop as the hero on the right; large headline on left; one exact highlighted line only; paper edge, clip, and small factual source label; no full-page text wall
FINAL IMAGE REQUIREMENT: the factual source material above must already be visibly integrated in the finished frame. No empty placeholder, no later source-insertion pass, no invented substitute evidence. Preserve the identity of real photos/evidence. For document/message material, show only the prepared short authentic excerpt; never rebuild a full page of text.

CHANNEL LOOK: premium investigative business documentary; textured black/charcoal field, warm paper surfaces, large condensed paper-white headline, restrained signal-red accent, thin editorial rules, file/tab/clip details only when relevant, authentic-source-first hierarchy. Keep the family resemblance to the style reference but vary crop, focal side, layering and thematic element so adjacent beats are not monotonous.

SUBTITLE SAFE — HARD: bottom 22% of the frame must remain visually quiet. No main text, support text, faces, evidence, source label, legal qualifier, map point or diagram node in that lower band.

TEXT — HARD: generate only MAIN TEXT, optional SUPPORT TEXT, and at most one short factual source/date/role label. No decorative microcopy. No invented legal/status language. No long body text. No gibberish.

LEGAL/FACTUAL LOCK: None beyond the locked narration.

REJECT IF: style-reference subject leaks into the scene; wrong source appears; full dense document is reproduced; pseudo-text appears; source is missing; important content enters subtitle band; red dominates; layout becomes a card-grid/dashboard; horror/tabloid treatment appears; a legal status or amount is changed.

OUTPUT: one finished montage-ready still that matches this exact beat and can be cut directly under the narration.",R6_READY_FOR_REVIEW_NOT_AUTHORIZED_FOR_GENERATION
B069,S09,581.040,593.080,SOURCE_NATIVE_EDITORIAL,T03,R5_STYLE_DOSSIER,3f30e1ef-3a0e-4158-914f-70bb25fa30a4,FACTUAL_SOURCES_FIRST__STYLE_REFERENCE_LAST,DC010_SUMMARY_JUDGMENT_ORDER.png;LIVE_MOAKLEY_COURTHOUSE_CC0.jpg,,DC010_SUMMARY_JUDGMENT_ORDER.png: BEFORE JOB crop to the one short relevant excerpt/highlight for this beat; do not attach a whole dense text page. LIVE_MOAKLEY_COURTHOUSE_CC0.jpg: attach directly as factual visual source; preserve recognizable source identity.,SURVIVING CLAIM ≠ LIABILITY,,single document crop mounted high-center on warm paper; headline upper-left; one yellow or red highlight over the exact relevant line; small source/date line above subtitle-safe zone,"BEAT B069 — FINAL 16:9 WHAT IT COST STILL
ROUTE: SOURCE_NATIVE_EDITORIAL
FAMILY: T03
SCRIPT: ""At this stage, the key distinction is simple: allowing a claim to continue does not mean a defendant has been found liable. It means the issue can still be decided by a jury.""
MAIN TEXT: ""SURVIVING CLAIM ≠ LIABILITY""

FACTUAL SOURCE IMAGES TO ATTACH FIRST: DC010_SUMMARY_JUDGMENT_ORDER.png; LIVE_MOAKLEY_COURTHOUSE_CC0.jpg.
SOURCE PREP: DC010_SUMMARY_JUDGMENT_ORDER.png: BEFORE JOB crop to the one short relevant excerpt/highlight for this beat; do not attach a whole dense text page. LIVE_MOAKLEY_COURTHOUSE_CC0.jpg: attach directly as factual visual source; preserve recognizable source identity.
No raw PDF/HTML input.

STYLE REFERENCE TO ATTACH LAST: R5_STYLE_DOSSIER, media_id 3f30e1ef-3a0e-4158-914f-70bb25fa30a4.
REFERENCE PRIORITY — HARD: (1) locked narration and exact text, (2) FACTUAL SOURCE images, (3) STYLE REFERENCE last. If the style reference contains a person, object, logo, document, place, quote, or evidence subject not present in the factual sources for this beat, IGNORE IT COMPLETELY. The style reference is NON-FACTUAL and may contribute ONLY palette, typography scale, paper layering, texture, spacing, framing, line weight and restrained red-accent language. NEVER copy its pig mask, building, map, office, legal note, headline wording or any other subject matter unless that same subject is also in the factual source list for this beat.

COMPOSITION: single document crop mounted high-center on warm paper; headline upper-left; one yellow or red highlight over the exact relevant line; small source/date line above subtitle-safe zone
FINAL IMAGE REQUIREMENT: the factual source material above must already be visibly integrated in the finished frame. No empty placeholder, no later source-insertion pass, no invented substitute evidence. Preserve the identity of real photos/evidence. For document/message material, show only the prepared short authentic excerpt; never rebuild a full page of text.

CHANNEL LOOK: premium investigative business documentary; textured black/charcoal field, warm paper surfaces, large condensed paper-white headline, restrained signal-red accent, thin editorial rules, file/tab/clip details only when relevant, authentic-source-first hierarchy. Keep the family resemblance to the style reference but vary crop, focal side, layering and thematic element so adjacent beats are not monotonous.

SUBTITLE SAFE — HARD: bottom 22% of the frame must remain visually quiet. No main text, support text, faces, evidence, source label, legal qualifier, map point or diagram node in that lower band.

TEXT — HARD: generate only MAIN TEXT, optional SUPPORT TEXT, and at most one short factual source/date/role label. No decorative microcopy. No invented legal/status language. No long body text. No gibberish.

LEGAL/FACTUAL LOCK: Surviving civil claim / jury question is not final liability.

REJECT IF: style-reference subject leaks into the scene; wrong source appears; full dense document is reproduced; pseudo-text appears; source is missing; important content enters subtitle band; red dominates; layout becomes a card-grid/dashboard; horror/tabloid treatment appears; a legal status or amount is changed.

OUTPUT: one finished montage-ready still that matches this exact beat and can be cut directly under the narration.",R6_READY_FOR_REVIEW_NOT_AUTHORIZED_FOR_GENERATION
B070,S09,593.800,603.440,SOURCE_NATIVE_EDITORIAL,T01,R5_STYLE_DOSSIER,3f30e1ef-3a0e-4158-914f-70bb25fa30a4,FACTUAL_SOURCES_FIRST__STYLE_REFERENCE_LAST,DC010_SUMMARY_JUDGMENT_ORDER.png;LIVE_MOAKLEY_COURTHOUSE_CC0.jpg,,DC010_SUMMARY_JUDGMENT_ORDER.png: BEFORE JOB crop to the one short relevant excerpt/highlight for this beat; do not attach a whole dense text page. LIVE_MOAKLEY_COURTHOUSE_CC0.jpg: attach directly as factual visual source; preserve recognizable source identity.,PFC WON SUMMARY JUDGMENT,,two-source asymmetrical collage: dominant authentic source upper-right and smaller context crop upper-left; headline mid-left; black negative space below; one subtle binder-clip or file-tab element,"BEAT B070 — FINAL 16:9 WHAT IT COST STILL
ROUTE: SOURCE_NATIVE_EDITORIAL
FAMILY: T01
SCRIPT: ""And the court treated different defendants differently. A security contractor named P-F-C won summary judgment on the claims against it.""
MAIN TEXT: ""PFC WON SUMMARY JUDGMENT""

FACTUAL SOURCE IMAGES TO ATTACH FIRST: DC010_SUMMARY_JUDGMENT_ORDER.png; LIVE_MOAKLEY_COURTHOUSE_CC0.jpg.
SOURCE PREP: DC010_SUMMARY_JUDGMENT_ORDER.png: BEFORE JOB crop to the one short relevant excerpt/highlight for this beat; do not attach a whole dense text page. LIVE_MOAKLEY_COURTHOUSE_CC0.jpg: attach directly as factual visual source; preserve recognizable source identity.
No raw PDF/HTML input.

STYLE REFERENCE TO ATTACH LAST: R5_STYLE_DOSSIER, media_id 3f30e1ef-3a0e-4158-914f-70bb25fa30a4.
REFERENCE PRIORITY — HARD: (1) locked narration and exact text, (2) FACTUAL SOURCE images, (3) STYLE REFERENCE last. If the style reference contains a person, object, logo, document, place, quote, or evidence subject not present in the factual sources for this beat, IGNORE IT COMPLETELY. The style reference is NON-FACTUAL and may contribute ONLY palette, typography scale, paper layering, texture, spacing, framing, line weight and restrained red-accent language. NEVER copy its pig mask, building, map, office, legal note, headline wording or any other subject matter unless that same subject is also in the factual source list for this beat.

COMPOSITION: two-source asymmetrical collage: dominant authentic source upper-right and smaller context crop upper-left; headline mid-left; black negative space below; one subtle binder-clip or file-tab element
FINAL IMAGE REQUIREMENT: the factual source material above must already be visibly integrated in the finished frame. No empty placeholder, no later source-insertion pass, no invented substitute evidence. Preserve the identity of real photos/evidence. For document/message material, show only the prepared short authentic excerpt; never rebuild a full page of text.

CHANNEL LOOK: premium investigative business documentary; textured black/charcoal field, warm paper surfaces, large condensed paper-white headline, restrained signal-red accent, thin editorial rules, file/tab/clip details only when relevant, authentic-source-first hierarchy. Keep the family resemblance to the style reference but vary crop, focal side, layering and thematic element so adjacent beats are not monotonous.

SUBTITLE SAFE — HARD: bottom 22% of the frame must remain visually quiet. No main text, support text, faces, evidence, source label, legal qualifier, map point or diagram node in that lower band.

TEXT — HARD: generate only MAIN TEXT, optional SUPPORT TEXT, and at most one short factual source/date/role label. No decorative microcopy. No invented legal/status language. No long body text. No gibberish.

LEGAL/FACTUAL LOCK: Surviving civil claim / jury question is not final liability.

REJECT IF: style-reference subject leaks into the scene; wrong source appears; full dense document is reproduced; pseudo-text appears; source is missing; important content enters subtitle band; red dominates; layout becomes a card-grid/dashboard; horror/tabloid treatment appears; a legal status or amount is changed.

OUTPUT: one finished montage-ready still that matches this exact beat and can be cut directly under the narration.",R6_READY_FOR_REVIEW_NOT_AUTHORIZED_FOR_GENERATION
B071,S09,604.100,608.760,SOURCE_NATIVE_EDITORIAL,T02,R5_STYLE_DOSSIER,3f30e1ef-3a0e-4158-914f-70bb25fa30a4,FACTUAL_SOURCES_FIRST__STYLE_REFERENCE_LAST,DC010_SUMMARY_JUDGMENT_ORDER.png;LIVE_MOAKLEY_COURTHOUSE_CC0.jpg,,DC010_SUMMARY_JUDGMENT_ORDER.png: BEFORE JOB crop to the one short relevant excerpt/highlight for this beat; do not attach a whole dense text page. LIVE_MOAKLEY_COURTHOUSE_CC0.jpg: attach directly as factual visual source; preserve recognizable source identity.,CLAIMS AGAINST EBAY / EXECUTIVES SURVIVED,,"split dossier: real person/company context on left, authentic court/source crop on right; headline across upper-left; one paperclip/tab motif; no card-grid UI","BEAT B071 — FINAL 16:9 WHAT IT COST STILL
ROUTE: SOURCE_NATIVE_EDITORIAL
FAMILY: T02
SCRIPT: ""But significant claims involving eBay and former executives survived.""
MAIN TEXT: ""CLAIMS AGAINST EBAY / EXECUTIVES SURVIVED""

FACTUAL SOURCE IMAGES TO ATTACH FIRST: DC010_SUMMARY_JUDGMENT_ORDER.png; LIVE_MOAKLEY_COURTHOUSE_CC0.jpg.
SOURCE PREP: DC010_SUMMARY_JUDGMENT_ORDER.png: BEFORE JOB crop to the one short relevant excerpt/highlight for this beat; do not attach a whole dense text page. LIVE_MOAKLEY_COURTHOUSE_CC0.jpg: attach directly as factual visual source; preserve recognizable source identity.
No raw PDF/HTML input.

STYLE REFERENCE TO ATTACH LAST: R5_STYLE_DOSSIER, media_id 3f30e1ef-3a0e-4158-914f-70bb25fa30a4.
REFERENCE PRIORITY — HARD: (1) locked narration and exact text, (2) FACTUAL SOURCE images, (3) STYLE REFERENCE last. If the style reference contains a person, object, logo, document, place, quote, or evidence subject not present in the factual sources for this beat, IGNORE IT COMPLETELY. The style reference is NON-FACTUAL and may contribute ONLY palette, typography scale, paper layering, texture, spacing, framing, line weight and restrained red-accent language. NEVER copy its pig mask, building, map, office, legal note, headline wording or any other subject matter unless that same subject is also in the factual source list for this beat.

COMPOSITION: split dossier: real person/company context on left, authentic court/source crop on right; headline across upper-left; one paperclip/tab motif; no card-grid UI
FINAL IMAGE REQUIREMENT: the factual source material above must already be visibly integrated in the finished frame. No empty placeholder, no later source-insertion pass, no invented substitute evidence. Preserve the identity of real photos/evidence. For document/message material, show only the prepared short authentic excerpt; never rebuild a full page of text.

CHANNEL LOOK: premium investigative business documentary; textured black/charcoal field, warm paper surfaces, large condensed paper-white headline, restrained signal-red accent, thin editorial rules, file/tab/clip details only when relevant, authentic-source-first hierarchy. Keep the family resemblance to the style reference but vary crop, focal side, layering and thematic element so adjacent beats are not monotonous.

SUBTITLE SAFE — HARD: bottom 22% of the frame must remain visually quiet. No main text, support text, faces, evidence, source label, legal qualifier, map point or diagram node in that lower band.

TEXT — HARD: generate only MAIN TEXT, optional SUPPORT TEXT, and at most one short factual source/date/role label. No decorative microcopy. No invented legal/status language. No long body text. No gibberish.

LEGAL/FACTUAL LOCK: Surviving civil claim / jury question is not final liability.

REJECT IF: style-reference subject leaks into the scene; wrong source appears; full dense document is reproduced; pseudo-text appears; source is missing; important content enters subtitle band; red dominates; layout becomes a card-grid/dashboard; horror/tabloid treatment appears; a legal status or amount is changed.

OUTPUT: one finished montage-ready still that matches this exact beat and can be cut directly under the narration.",R6_READY_FOR_REVIEW_NOT_AUTHORIZED_FOR_GENERATION
B072,S09,609.660,619.440,SOURCE_NATIVE_EDITORIAL,T02,R5_STYLE_DOSSIER,3f30e1ef-3a0e-4158-914f-70bb25fa30a4,FACTUAL_SOURCES_FIRST__STYLE_REFERENCE_LAST,DC008_WENIG_NO_DIRECT_BAUGH.png;LIVE_DEVIN_WENIG_COMMONS.jpg;LIVE_MOAKLEY_COURTHOUSE_CC0.jpg,,DC008_WENIG_NO_DIRECT_BAUGH.png: BEFORE JOB crop to the one short relevant excerpt/highlight for this beat; do not attach a whole dense text page. LIVE_DEVIN_WENIG_COMMONS.jpg: attach directly as factual visual source; preserve recognizable source identity. LIVE_MOAKLEY_COURTHOUSE_CC0.jpg: attach directly as factual visual source; preserve recognizable source identity.,NO DIRECT BAUGH COMMUNICATION,,stacked headline on left 30%; large real photo or source portrait in a paper frame center; narrow clipped status note on right; red tape strip above; subtle file-folder edge,"BEAT B072 — FINAL 16:9 WHAT IT COST STILL
ROUTE: SOURCE_NATIVE_EDITORIAL
FAMILY: T02
SCRIPT: ""For Devin Wenig, the record included an important limitation: Baugh testified that Wenig had not communicated with him directly about the Steiners.""
MAIN TEXT: ""NO DIRECT BAUGH COMMUNICATION""

FACTUAL SOURCE IMAGES TO ATTACH FIRST: DC008_WENIG_NO_DIRECT_BAUGH.png; LIVE_DEVIN_WENIG_COMMONS.jpg; LIVE_MOAKLEY_COURTHOUSE_CC0.jpg.
SOURCE PREP: DC008_WENIG_NO_DIRECT_BAUGH.png: BEFORE JOB crop to the one short relevant excerpt/highlight for this beat; do not attach a whole dense text page. LIVE_DEVIN_WENIG_COMMONS.jpg: attach directly as factual visual source; preserve recognizable source identity. LIVE_MOAKLEY_COURTHOUSE_CC0.jpg: attach directly as factual visual source; preserve recognizable source identity.
No raw PDF/HTML input.

STYLE REFERENCE TO ATTACH LAST: R5_STYLE_DOSSIER, media_id 3f30e1ef-3a0e-4158-914f-70bb25fa30a4.
REFERENCE PRIORITY — HARD: (1) locked narration and exact text, (2) FACTUAL SOURCE images, (3) STYLE REFERENCE last. If the style reference contains a person, object, logo, document, place, quote, or evidence subject not present in the factual sources for this beat, IGNORE IT COMPLETELY. The style reference is NON-FACTUAL and may contribute ONLY palette, typography scale, paper layering, texture, spacing, framing, line weight and restrained red-accent language. NEVER copy its pig mask, building, map, office, legal note, headline wording or any other subject matter unless that same subject is also in the factual source list for this beat.

COMPOSITION: stacked headline on left 30%; large real photo or source portrait in a paper frame center; narrow clipped status note on right; red tape strip above; subtle file-folder edge
FINAL IMAGE REQUIREMENT: the factual source material above must already be visibly integrated in the finished frame. No empty placeholder, no later source-insertion pass, no invented substitute evidence. Preserve the identity of real photos/evidence. For document/message material, show only the prepared short authentic excerpt; never rebuild a full page of text.

CHANNEL LOOK: premium investigative business documentary; textured black/charcoal field, warm paper surfaces, large condensed paper-white headline, restrained signal-red accent, thin editorial rules, file/tab/clip details only when relevant, authentic-source-first hierarchy. Keep the family resemblance to the style reference but vary crop, focal side, layering and thematic element so adjacent beats are not monotonous.

SUBTITLE SAFE — HARD: bottom 22% of the frame must remain visually quiet. No main text, support text, faces, evidence, source label, legal qualifier, map point or diagram node in that lower band.

TEXT — HARD: generate only MAIN TEXT, optional SUPPORT TEXT, and at most one short factual source/date/role label. No decorative microcopy. No invented legal/status language. No long body text. No gibberish.

LEGAL/FACTUAL LOCK: Surviving civil claim / jury question is not final liability. Wenig/Wymer/Jones were not criminally charged over the campaign; preserve attributed positions.

REJECT IF: style-reference subject leaks into the scene; wrong source appears; full dense document is reproduced; pseudo-text appears; source is missing; important content enters subtitle band; red dominates; layout becomes a card-grid/dashboard; horror/tabloid treatment appears; a legal status or amount is changed.

OUTPUT: one finished montage-ready still that matches this exact beat and can be cut directly under the narration.",R6_READY_FOR_REVIEW_NOT_AUTHORIZED_FOR_GENERATION
B073,S09,620.240,633.060,SOURCE_NATIVE_EDITORIAL,T03,R5_STYLE_DOSSIER,3f30e1ef-3a0e-4158-914f-70bb25fa30a4,FACTUAL_SOURCES_FIRST__STYLE_REFERENCE_LAST,DC008_WENIG_NO_DIRECT_BAUGH.png;LIVE_DEVIN_WENIG_COMMONS.jpg;LIVE_MOAKLEY_COURTHOUSE_CC0.jpg,,DC008_WENIG_NO_DIRECT_BAUGH.png: BEFORE JOB crop to the one short relevant excerpt/highlight for this beat; do not attach a whole dense text page. LIVE_DEVIN_WENIG_COMMONS.jpg: attach directly as factual visual source; preserve recognizable source identity. LIVE_MOAKLEY_COURTHOUSE_CC0.jpg: attach directly as factual visual source; preserve recognizable source identity.,JURY QUESTION — NOT FINAL LIABILITY,,single document crop mounted high-center on warm paper; headline upper-left; one yellow or red highlight over the exact relevant line; small source/date line above subtitle-safe zone,"BEAT B073 — FINAL 16:9 WHAT IT COST STILL
ROUTE: SOURCE_NATIVE_EDITORIAL
FAMILY: T03
SCRIPT: ""At the same time, the judge held that, viewing the evidence in the Steiners' favor as required at that stage, a jury could potentially find Wenig's encouragement was a substantial factor in what followed.""
MAIN TEXT: ""JURY QUESTION — NOT FINAL LIABILITY""

FACTUAL SOURCE IMAGES TO ATTACH FIRST: DC008_WENIG_NO_DIRECT_BAUGH.png; LIVE_DEVIN_WENIG_COMMONS.jpg; LIVE_MOAKLEY_COURTHOUSE_CC0.jpg.
SOURCE PREP: DC008_WENIG_NO_DIRECT_BAUGH.png: BEFORE JOB crop to the one short relevant excerpt/highlight for this beat; do not attach a whole dense text page. LIVE_DEVIN_WENIG_COMMONS.jpg: attach directly as factual visual source; preserve recognizable source identity. LIVE_MOAKLEY_COURTHOUSE_CC0.jpg: attach directly as factual visual source; preserve recognizable source identity.
No raw PDF/HTML input.

STYLE REFERENCE TO ATTACH LAST: R5_STYLE_DOSSIER, media_id 3f30e1ef-3a0e-4158-914f-70bb25fa30a4.
REFERENCE PRIORITY — HARD: (1) locked narration and exact text, (2) FACTUAL SOURCE images, (3) STYLE REFERENCE last. If the style reference contains a person, object, logo, document, place, quote, or evidence subject not present in the factual sources for this beat, IGNORE IT COMPLETELY. The style reference is NON-FACTUAL and may contribute ONLY palette, typography scale, paper layering, texture, spacing, framing, line weight and restrained red-accent language. NEVER copy its pig mask, building, map, office, legal note, headline wording or any other subject matter unless that same subject is also in the factual source list for this beat.

COMPOSITION: single document crop mounted high-center on warm paper; headline upper-left; one yellow or red highlight over the exact relevant line; small source/date line above subtitle-safe zone
FINAL IMAGE REQUIREMENT: the factual source material above must already be visibly integrated in the finished frame. No empty placeholder, no later source-insertion pass, no invented substitute evidence. Preserve the identity of real photos/evidence. For document/message material, show only the prepared short authentic excerpt; never rebuild a full page of text.

CHANNEL LOOK: premium investigative business documentary; textured black/charcoal field, warm paper surfaces, large condensed paper-white headline, restrained signal-red accent, thin editorial rules, file/tab/clip details only when relevant, authentic-source-first hierarchy. Keep the family resemblance to the style reference but vary crop, focal side, layering and thematic element so adjacent beats are not monotonous.

SUBTITLE SAFE — HARD: bottom 22% of the frame must remain visually quiet. No main text, support text, faces, evidence, source label, legal qualifier, map point or diagram node in that lower band.

TEXT — HARD: generate only MAIN TEXT, optional SUPPORT TEXT, and at most one short factual source/date/role label. No decorative microcopy. No invented legal/status language. No long body text. No gibberish.

LEGAL/FACTUAL LOCK: Surviving civil claim / jury question is not final liability. Wenig/Wymer/Jones were not criminally charged over the campaign; preserve attributed positions.

REJECT IF: style-reference subject leaks into the scene; wrong source appears; full dense document is reproduced; pseudo-text appears; source is missing; important content enters subtitle band; red dominates; layout becomes a card-grid/dashboard; horror/tabloid treatment appears; a legal status or amount is changed.

OUTPUT: one finished montage-ready still that matches this exact beat and can be cut directly under the narration.",R6_READY_FOR_REVIEW_NOT_AUTHORIZED_FOR_GENERATION
B074,S09,634.080,650.940,SOURCE_NATIVE_EDITORIAL,T03,R5_STYLE_DOSSIER,3f30e1ef-3a0e-4158-914f-70bb25fa30a4,FACTUAL_SOURCES_FIRST__STYLE_REFERENCE_LAST,DC008_WENIG_NO_DIRECT_BAUGH.png;LIVE_DEVIN_WENIG_COMMONS.jpg;LIVE_MOAKLEY_COURTHOUSE_CC0.jpg,,DC008_WENIG_NO_DIRECT_BAUGH.png: BEFORE JOB crop to the one short relevant excerpt/highlight for this beat; do not attach a whole dense text page. LIVE_DEVIN_WENIG_COMMONS.jpg: attach directly as factual visual source; preserve recognizable source identity. LIVE_MOAKLEY_COURTHOUSE_CC0.jpg: attach directly as factual visual source; preserve recognizable source identity.,WENIG DISPUTED THAT INTERPRETATION,,"source excerpt framed like a photographic evidence print, slightly offset; headline left or top-left; second tiny context image only if needed; no decorative body text","BEAT B074 — FINAL 16:9 WHAT IT COST STILL
ROUTE: SOURCE_NATIVE_EDITORIAL
FAMILY: T03
SCRIPT: ""Wenig disputed that interpretation. His lawyers said he had no knowledge of or involvement in the harassment campaign, did not approve or authorize it, and argued that his messages concerned a public-relations response to the Steiners' reporting.""
MAIN TEXT: ""WENIG DISPUTED THAT INTERPRETATION""

FACTUAL SOURCE IMAGES TO ATTACH FIRST: DC008_WENIG_NO_DIRECT_BAUGH.png; LIVE_DEVIN_WENIG_COMMONS.jpg; LIVE_MOAKLEY_COURTHOUSE_CC0.jpg.
SOURCE PREP: DC008_WENIG_NO_DIRECT_BAUGH.png: BEFORE JOB crop to the one short relevant excerpt/highlight for this beat; do not attach a whole dense text page. LIVE_DEVIN_WENIG_COMMONS.jpg: attach directly as factual visual source; preserve recognizable source identity. LIVE_MOAKLEY_COURTHOUSE_CC0.jpg: attach directly as factual visual source; preserve recognizable source identity.
No raw PDF/HTML input.

STYLE REFERENCE TO ATTACH LAST: R5_STYLE_DOSSIER, media_id 3f30e1ef-3a0e-4158-914f-70bb25fa30a4.
REFERENCE PRIORITY — HARD: (1) locked narration and exact text, (2) FACTUAL SOURCE images, (3) STYLE REFERENCE last. If the style reference contains a person, object, logo, document, place, quote, or evidence subject not present in the factual sources for this beat, IGNORE IT COMPLETELY. The style reference is NON-FACTUAL and may contribute ONLY palette, typography scale, paper layering, texture, spacing, framing, line weight and restrained red-accent language. NEVER copy its pig mask, building, map, office, legal note, headline wording or any other subject matter unless that same subject is also in the factual source list for this beat.

COMPOSITION: source excerpt framed like a photographic evidence print, slightly offset; headline left or top-left; second tiny context image only if needed; no decorative body text
FINAL IMAGE REQUIREMENT: the factual source material above must already be visibly integrated in the finished frame. No empty placeholder, no later source-insertion pass, no invented substitute evidence. Preserve the identity of real photos/evidence. For document/message material, show only the prepared short authentic excerpt; never rebuild a full page of text.

CHANNEL LOOK: premium investigative business documentary; textured black/charcoal field, warm paper surfaces, large condensed paper-white headline, restrained signal-red accent, thin editorial rules, file/tab/clip details only when relevant, authentic-source-first hierarchy. Keep the family resemblance to the style reference but vary crop, focal side, layering and thematic element so adjacent beats are not monotonous.

SUBTITLE SAFE — HARD: bottom 22% of the frame must remain visually quiet. No main text, support text, faces, evidence, source label, legal qualifier, map point or diagram node in that lower band.

TEXT — HARD: generate only MAIN TEXT, optional SUPPORT TEXT, and at most one short factual source/date/role label. No decorative microcopy. No invented legal/status language. No long body text. No gibberish.

LEGAL/FACTUAL LOCK: Surviving civil claim / jury question is not final liability. Wenig/Wymer/Jones were not criminally charged over the campaign; preserve attributed positions.

REJECT IF: style-reference subject leaks into the scene; wrong source appears; full dense document is reproduced; pseudo-text appears; source is missing; important content enters subtitle band; red dominates; layout becomes a card-grid/dashboard; horror/tabloid treatment appears; a legal status or amount is changed.

OUTPUT: one finished montage-ready still that matches this exact beat and can be cut directly under the narration.",R6_READY_FOR_REVIEW_NOT_AUTHORIZED_FOR_GENERATION
B075,S09,652.280,663.820,SOURCE_NATIVE_EDITORIAL,T03,R5_STYLE_DOSSIER,3f30e1ef-3a0e-4158-914f-70bb25fa30a4,FACTUAL_SOURCES_FIRST__STYLE_REFERENCE_LAST,DC009_WYMER_REASONABLE_JUROR.png;LIVE_MOAKLEY_COURTHOUSE_CC0.jpg,,DC009_WYMER_REASONABLE_JUROR.png: BEFORE JOB crop to the one short relevant excerpt/highlight for this beat; do not attach a whole dense text page. LIVE_MOAKLEY_COURTHOUSE_CC0.jpg: attach directly as factual visual source; preserve recognizable source identity.,A REASONABLE JURY COULD FIND…,,wide horizontal authentic excerpt across upper half; condensed headline above-left; one clipped corner/tab; black textured negative space below for captions,"BEAT B075 — FINAL 16:9 WHAT IT COST STILL
ROUTE: SOURCE_NATIVE_EDITORIAL
FAMILY: T03
SCRIPT: ""For Steve Wymer, the court pointed to a more extensive communication record and held that a reasonable jury could find he had induced, encouraged or authorized tortious conduct.""
MAIN TEXT: ""A REASONABLE JURY COULD FIND…""

FACTUAL SOURCE IMAGES TO ATTACH FIRST: DC009_WYMER_REASONABLE_JUROR.png; LIVE_MOAKLEY_COURTHOUSE_CC0.jpg.
SOURCE PREP: DC009_WYMER_REASONABLE_JUROR.png: BEFORE JOB crop to the one short relevant excerpt/highlight for this beat; do not attach a whole dense text page. LIVE_MOAKLEY_COURTHOUSE_CC0.jpg: attach directly as factual visual source; preserve recognizable source identity.
No raw PDF/HTML input.

STYLE REFERENCE TO ATTACH LAST: R5_STYLE_DOSSIER, media_id 3f30e1ef-3a0e-4158-914f-70bb25fa30a4.
REFERENCE PRIORITY — HARD: (1) locked narration and exact text, (2) FACTUAL SOURCE images, (3) STYLE REFERENCE last. If the style reference contains a person, object, logo, document, place, quote, or evidence subject not present in the factual sources for this beat, IGNORE IT COMPLETELY. The style reference is NON-FACTUAL and may contribute ONLY palette, typography scale, paper layering, texture, spacing, framing, line weight and restrained red-accent language. NEVER copy its pig mask, building, map, office, legal note, headline wording or any other subject matter unless that same subject is also in the factual source list for this beat.

COMPOSITION: wide horizontal authentic excerpt across upper half; condensed headline above-left; one clipped corner/tab; black textured negative space below for captions
FINAL IMAGE REQUIREMENT: the factual source material above must already be visibly integrated in the finished frame. No empty placeholder, no later source-insertion pass, no invented substitute evidence. Preserve the identity of real photos/evidence. For document/message material, show only the prepared short authentic excerpt; never rebuild a full page of text.

CHANNEL LOOK: premium investigative business documentary; textured black/charcoal field, warm paper surfaces, large condensed paper-white headline, restrained signal-red accent, thin editorial rules, file/tab/clip details only when relevant, authentic-source-first hierarchy. Keep the family resemblance to the style reference but vary crop, focal side, layering and thematic element so adjacent beats are not monotonous.

SUBTITLE SAFE — HARD: bottom 22% of the frame must remain visually quiet. No main text, support text, faces, evidence, source label, legal qualifier, map point or diagram node in that lower band.

TEXT — HARD: generate only MAIN TEXT, optional SUPPORT TEXT, and at most one short factual source/date/role label. No decorative microcopy. No invented legal/status language. No long body text. No gibberish.

LEGAL/FACTUAL LOCK: Surviving civil claim / jury question is not final liability.

REJECT IF: style-reference subject leaks into the scene; wrong source appears; full dense document is reproduced; pseudo-text appears; source is missing; important content enters subtitle band; red dominates; layout becomes a card-grid/dashboard; horror/tabloid treatment appears; a legal status or amount is changed.

OUTPUT: one finished montage-ready still that matches this exact beat and can be cut directly under the narration.",R6_READY_FOR_REVIEW_NOT_AUTHORIZED_FOR_GENERATION
B076,S09,664.560,667.640,SOURCE_NATIVE_EDITORIAL,T03,R5_STYLE_DOSSIER,3f30e1ef-3a0e-4158-914f-70bb25fa30a4,FACTUAL_SOURCES_FIRST__STYLE_REFERENCE_LAST,DC009_WYMER_REASONABLE_JUROR.png;LIVE_MOAKLEY_COURTHOUSE_CC0.jpg,,DC009_WYMER_REASONABLE_JUROR.png: BEFORE JOB crop to the one short relevant excerpt/highlight for this beat; do not attach a whole dense text page. LIVE_MOAKLEY_COURTHOUSE_CC0.jpg: attach directly as factual visual source; preserve recognizable source identity.,NOT A FINAL FINDING,,"tight authentic quote/document crop as the hero on the right; large headline on left; one exact highlighted line only; paper edge, clip, and small factual source label; no full-page text wall","BEAT B076 — FINAL 16:9 WHAT IT COST STILL
ROUTE: SOURCE_NATIVE_EDITORIAL
FAMILY: T03
SCRIPT: ""Again, that was not a final finding of liability.""
MAIN TEXT: ""NOT A FINAL FINDING""

FACTUAL SOURCE IMAGES TO ATTACH FIRST: DC009_WYMER_REASONABLE_JUROR.png; LIVE_MOAKLEY_COURTHOUSE_CC0.jpg.
SOURCE PREP: DC009_WYMER_REASONABLE_JUROR.png: BEFORE JOB crop to the one short relevant excerpt/highlight for this beat; do not attach a whole dense text page. LIVE_MOAKLEY_COURTHOUSE_CC0.jpg: attach directly as factual visual source; preserve recognizable source identity.
No raw PDF/HTML input.

STYLE REFERENCE TO ATTACH LAST: R5_STYLE_DOSSIER, media_id 3f30e1ef-3a0e-4158-914f-70bb25fa30a4.
REFERENCE PRIORITY — HARD: (1) locked narration and exact text, (2) FACTUAL SOURCE images, (3) STYLE REFERENCE last. If the style reference contains a person, object, logo, document, place, quote, or evidence subject not present in the factual sources for this beat, IGNORE IT COMPLETELY. The style reference is NON-FACTUAL and may contribute ONLY palette, typography scale, paper layering, texture, spacing, framing, line weight and restrained red-accent language. NEVER copy its pig mask, building, map, office, legal note, headline wording or any other subject matter unless that same subject is also in the factual source list for this beat.

COMPOSITION: tight authentic quote/document crop as the hero on the right; large headline on left; one exact highlighted line only; paper edge, clip, and small factual source label; no full-page text wall
FINAL IMAGE REQUIREMENT: the factual source material above must already be visibly integrated in the finished frame. No empty placeholder, no later source-insertion pass, no invented substitute evidence. Preserve the identity of real photos/evidence. For document/message material, show only the prepared short authentic excerpt; never rebuild a full page of text.

CHANNEL LOOK: premium investigative business documentary; textured black/charcoal field, warm paper surfaces, large condensed paper-white headline, restrained signal-red accent, thin editorial rules, file/tab/clip details only when relevant, authentic-source-first hierarchy. Keep the family resemblance to the style reference but vary crop, focal side, layering and thematic element so adjacent beats are not monotonous.

SUBTITLE SAFE — HARD: bottom 22% of the frame must remain visually quiet. No main text, support text, faces, evidence, source label, legal qualifier, map point or diagram node in that lower band.

TEXT — HARD: generate only MAIN TEXT, optional SUPPORT TEXT, and at most one short factual source/date/role label. No decorative microcopy. No invented legal/status language. No long body text. No gibberish.

LEGAL/FACTUAL LOCK: Surviving civil claim / jury question is not final liability.

REJECT IF: style-reference subject leaks into the scene; wrong source appears; full dense document is reproduced; pseudo-text appears; source is missing; important content enters subtitle band; red dominates; layout becomes a card-grid/dashboard; horror/tabloid treatment appears; a legal status or amount is changed.

OUTPUT: one finished montage-ready still that matches this exact beat and can be cut directly under the narration.",R6_READY_FOR_REVIEW_NOT_AUTHORIZED_FOR_GENERATION
B077,S09,669.000,674.260,SOURCE_NATIVE_EDITORIAL,T02,R5_STYLE_DOSSIER,3f30e1ef-3a0e-4158-914f-70bb25fa30a4,FACTUAL_SOURCES_FIRST__STYLE_REFERENCE_LAST,LIVE_DEVIN_WENIG_COMMONS.jpg,S024_WENDY_JONES_EBAY_BIO_REFERENCE.pdf;S025_STEVE_WYMER_EBAY_PROFILE_REFERENCE.html,LIVE_DEVIN_WENIG_COMMONS.jpg: attach directly as factual visual source; preserve recognizable source identity.,NOT CRIMINALLY CHARGED,,dominant source portrait/photo upper-right; left-side dossier headline and role/status line; one small authentic excerpt card beneath photo but above subtitle-safe band; thin rule divider,"BEAT B077 — FINAL 16:9 WHAT IT COST STILL
ROUTE: SOURCE_NATIVE_EDITORIAL
FAMILY: T02
SCRIPT: ""And Wenig, Wymer and Wendy Jones were not criminally charged over the campaign.""
MAIN TEXT: ""NOT CRIMINALLY CHARGED""

FACTUAL SOURCE IMAGES TO ATTACH FIRST: LIVE_DEVIN_WENIG_COMMONS.jpg.
SOURCE PREP: LIVE_DEVIN_WENIG_COMMONS.jpg: attach directly as factual visual source; preserve recognizable source identity.
SOURCE-OF-TRUTH DOCS — DO NOT ATTACH RAW TO THE MODEL: S024_WENDY_JONES_EBAY_BIO_REFERENCE.pdf;S025_STEVE_WYMER_EBAY_PROFILE_REFERENCE.html. They support factual wording only; use an existing/tight prepared image excerpt instead.

STYLE REFERENCE TO ATTACH LAST: R5_STYLE_DOSSIER, media_id 3f30e1ef-3a0e-4158-914f-70bb25fa30a4.
REFERENCE PRIORITY — HARD: (1) locked narration and exact text, (2) FACTUAL SOURCE images, (3) STYLE REFERENCE last. If the style reference contains a person, object, logo, document, place, quote, or evidence subject not present in the factual sources for this beat, IGNORE IT COMPLETELY. The style reference is NON-FACTUAL and may contribute ONLY palette, typography scale, paper layering, texture, spacing, framing, line weight and restrained red-accent language. NEVER copy its pig mask, building, map, office, legal note, headline wording or any other subject matter unless that same subject is also in the factual source list for this beat.

COMPOSITION: dominant source portrait/photo upper-right; left-side dossier headline and role/status line; one small authentic excerpt card beneath photo but above subtitle-safe band; thin rule divider
FINAL IMAGE REQUIREMENT: the factual source material above must already be visibly integrated in the finished frame. No empty placeholder, no later source-insertion pass, no invented substitute evidence. Preserve the identity of real photos/evidence. For document/message material, show only the prepared short authentic excerpt; never rebuild a full page of text.

CHANNEL LOOK: premium investigative business documentary; textured black/charcoal field, warm paper surfaces, large condensed paper-white headline, restrained signal-red accent, thin editorial rules, file/tab/clip details only when relevant, authentic-source-first hierarchy. Keep the family resemblance to the style reference but vary crop, focal side, layering and thematic element so adjacent beats are not monotonous.

SUBTITLE SAFE — HARD: bottom 22% of the frame must remain visually quiet. No main text, support text, faces, evidence, source label, legal qualifier, map point or diagram node in that lower band.

TEXT — HARD: generate only MAIN TEXT, optional SUPPORT TEXT, and at most one short factual source/date/role label. No decorative microcopy. No invented legal/status language. No long body text. No gibberish.

LEGAL/FACTUAL LOCK: Surviving civil claim / jury question is not final liability. Wenig/Wymer/Jones were not criminally charged over the campaign; preserve attributed positions.

REJECT IF: style-reference subject leaks into the scene; wrong source appears; full dense document is reproduced; pseudo-text appears; source is missing; important content enters subtitle band; red dominates; layout becomes a card-grid/dashboard; horror/tabloid treatment appears; a legal status or amount is changed.

OUTPUT: one finished montage-ready still that matches this exact beat and can be cut directly under the narration.",R6_READY_FOR_REVIEW_NOT_AUTHORIZED_FOR_GENERATION
B078,S09,675.700,691.400,SOURCE_NATIVE_EDITORIAL,T02,R5_STYLE_DOSSIER,3f30e1ef-3a0e-4158-914f-70bb25fa30a4,FACTUAL_SOURCES_FIRST__STYLE_REFERENCE_LAST,EBAY_HQ_2018_CC_BY_SA.jpg,S021_EBAY_2020_INTERNAL_INVESTIGATION_STATEMENT_REFERENCE.html,EBAY_HQ_2018_CC_BY_SA.jpg: attach directly as factual visual source; preserve recognizable source identity.,EBAY INTERNAL-INVESTIGATION POSITION,,centered dossier sheet with one real photo and one short source crop; headline on left margin; small role/status tab; restrained red highlight on only one factual phrase,"BEAT B078 — FINAL 16:9 WHAT IT COST STILL
ROUTE: SOURCE_NATIVE_EDITORIAL
FAMILY: T02
SCRIPT: ""eBay's internal-investigation position also cut the other way: according to reporting on a company presentation, its lawyers said they had found no evidence that Wenig or Wymer directed the criminal acts or knew those acts would follow.""
MAIN TEXT: ""EBAY INTERNAL-INVESTIGATION POSITION""

FACTUAL SOURCE IMAGES TO ATTACH FIRST: EBAY_HQ_2018_CC_BY_SA.jpg.
SOURCE PREP: EBAY_HQ_2018_CC_BY_SA.jpg: attach directly as factual visual source; preserve recognizable source identity.
SOURCE-OF-TRUTH DOCS — DO NOT ATTACH RAW TO THE MODEL: S021_EBAY_2020_INTERNAL_INVESTIGATION_STATEMENT_REFERENCE.html. They support factual wording only; use an existing/tight prepared image excerpt instead.

STYLE REFERENCE TO ATTACH LAST: R5_STYLE_DOSSIER, media_id 3f30e1ef-3a0e-4158-914f-70bb25fa30a4.
REFERENCE PRIORITY — HARD: (1) locked narration and exact text, (2) FACTUAL SOURCE images, (3) STYLE REFERENCE last. If the style reference contains a person, object, logo, document, place, quote, or evidence subject not present in the factual sources for this beat, IGNORE IT COMPLETELY. The style reference is NON-FACTUAL and may contribute ONLY palette, typography scale, paper layering, texture, spacing, framing, line weight and restrained red-accent language. NEVER copy its pig mask, building, map, office, legal note, headline wording or any other subject matter unless that same subject is also in the factual source list for this beat.

COMPOSITION: centered dossier sheet with one real photo and one short source crop; headline on left margin; small role/status tab; restrained red highlight on only one factual phrase
FINAL IMAGE REQUIREMENT: the factual source material above must already be visibly integrated in the finished frame. No empty placeholder, no later source-insertion pass, no invented substitute evidence. Preserve the identity of real photos/evidence. For document/message material, show only the prepared short authentic excerpt; never rebuild a full page of text.

CHANNEL LOOK: premium investigative business documentary; textured black/charcoal field, warm paper surfaces, large condensed paper-white headline, restrained signal-red accent, thin editorial rules, file/tab/clip details only when relevant, authentic-source-first hierarchy. Keep the family resemblance to the style reference but vary crop, focal side, layering and thematic element so adjacent beats are not monotonous.

SUBTITLE SAFE — HARD: bottom 22% of the frame must remain visually quiet. No main text, support text, faces, evidence, source label, legal qualifier, map point or diagram node in that lower band.

TEXT — HARD: generate only MAIN TEXT, optional SUPPORT TEXT, and at most one short factual source/date/role label. No decorative microcopy. No invented legal/status language. No long body text. No gibberish.

LEGAL/FACTUAL LOCK: Surviving civil claim / jury question is not final liability. Wenig/Wymer/Jones were not criminally charged over the campaign; preserve attributed positions.

REJECT IF: style-reference subject leaks into the scene; wrong source appears; full dense document is reproduced; pseudo-text appears; source is missing; important content enters subtitle band; red dominates; layout becomes a card-grid/dashboard; horror/tabloid treatment appears; a legal status or amount is changed.

OUTPUT: one finished montage-ready still that matches this exact beat and can be cut directly under the narration.",R6_READY_FOR_REVIEW_NOT_AUTHORIZED_FOR_GENERATION
B079,S09,692.440,702.280,HYBRID_SOURCE_EDITORIAL,T01,R5_STYLE_DOSSIER,3f30e1ef-3a0e-4158-914f-70bb25fa30a4,FACTUAL_SOURCES_FIRST__STYLE_REFERENCE_LAST,LIVE_MOAKLEY_COURTHOUSE_CC0.jpg;EBAY_HQ_2018_CC_BY_SA.jpg,,LIVE_MOAKLEY_COURTHOUSE_CC0.jpg: attach directly as factual visual source; preserve recognizable source identity. EBAY_HQ_2018_CC_BY_SA.jpg: attach directly as factual visual source; preserve recognizable source identity.,RESPONSIBILITY ABOVE THE OPERATION,,full-width source strip across upper 60%; headline block at lower-left but entirely above subtitle-safe band; one tiny source/date tag; restrained paper edge and red tick,"BEAT B079 — FINAL 16:9 WHAT IT COST STILL
ROUTE: HYBRID_SOURCE_EDITORIAL
FAMILY: T01
SCRIPT: ""So by late twenty twenty-five, the unresolved question was how far responsibility extended above the people who had carried out the security operation.""
MAIN TEXT: ""RESPONSIBILITY ABOVE THE OPERATION""

FACTUAL SOURCE IMAGES TO ATTACH FIRST: LIVE_MOAKLEY_COURTHOUSE_CC0.jpg; EBAY_HQ_2018_CC_BY_SA.jpg.
SOURCE PREP: LIVE_MOAKLEY_COURTHOUSE_CC0.jpg: attach directly as factual visual source; preserve recognizable source identity. EBAY_HQ_2018_CC_BY_SA.jpg: attach directly as factual visual source; preserve recognizable source identity.
No raw PDF/HTML input.

STYLE REFERENCE TO ATTACH LAST: R5_STYLE_DOSSIER, media_id 3f30e1ef-3a0e-4158-914f-70bb25fa30a4.
REFERENCE PRIORITY — HARD: (1) locked narration and exact text, (2) FACTUAL SOURCE images, (3) STYLE REFERENCE last. If the style reference contains a person, object, logo, document, place, quote, or evidence subject not present in the factual sources for this beat, IGNORE IT COMPLETELY. The style reference is NON-FACTUAL and may contribute ONLY palette, typography scale, paper layering, texture, spacing, framing, line weight and restrained red-accent language. NEVER copy its pig mask, building, map, office, legal note, headline wording or any other subject matter unless that same subject is also in the factual source list for this beat.

COMPOSITION: full-width source strip across upper 60%; headline block at lower-left but entirely above subtitle-safe band; one tiny source/date tag; restrained paper edge and red tick
FINAL IMAGE REQUIREMENT: the factual source material above must already be visibly integrated in the finished frame. No empty placeholder, no later source-insertion pass, no invented substitute evidence. Preserve the identity of real photos/evidence. For document/message material, show only the prepared short authentic excerpt; never rebuild a full page of text.

CHANNEL LOOK: premium investigative business documentary; textured black/charcoal field, warm paper surfaces, large condensed paper-white headline, restrained signal-red accent, thin editorial rules, file/tab/clip details only when relevant, authentic-source-first hierarchy. Keep the family resemblance to the style reference but vary crop, focal side, layering and thematic element so adjacent beats are not monotonous.

SUBTITLE SAFE — HARD: bottom 22% of the frame must remain visually quiet. No main text, support text, faces, evidence, source label, legal qualifier, map point or diagram node in that lower band.

TEXT — HARD: generate only MAIN TEXT, optional SUPPORT TEXT, and at most one short factual source/date/role label. No decorative microcopy. No invented legal/status language. No long body text. No gibberish.

LEGAL/FACTUAL LOCK: Surviving civil claim / jury question is not final liability.

REJECT IF: style-reference subject leaks into the scene; wrong source appears; full dense document is reproduced; pseudo-text appears; source is missing; important content enters subtitle band; red dominates; layout becomes a card-grid/dashboard; horror/tabloid treatment appears; a legal status or amount is changed.

OUTPUT: one finished montage-ready still that matches this exact beat and can be cut directly under the narration.",R6_READY_FOR_REVIEW_NOT_AUTHORIZED_FOR_GENERATION
B080,S09,703.640,709.000,HYBRID_SOURCE_EDITORIAL,T03,R5_STYLE_DOSSIER,3f30e1ef-3a0e-4158-914f-70bb25fa30a4,FACTUAL_SOURCES_FIRST__STYLE_REFERENCE_LAST,LIVE_MOAKLEY_COURTHOUSE_CC0.jpg;EBAY_HQ_2018_CC_BY_SA.jpg,,LIVE_MOAKLEY_COURTHOUSE_CC0.jpg: attach directly as factual visual source; preserve recognizable source identity. EBAY_HQ_2018_CC_BY_SA.jpg: attach directly as factual visual source; preserve recognizable source identity.,A JURY WAS GETTING CLOSE,,"tight authentic quote/document crop as the hero on the right; large headline on left; one exact highlighted line only; paper edge, clip, and small factual source label; no full-page text wall","BEAT B080 — FINAL 16:9 WHAT IT COST STILL
ROUTE: HYBRID_SOURCE_EDITORIAL
FAMILY: T03
SCRIPT: ""A jury was getting close to answering that. Then the case appeared to end.""
MAIN TEXT: ""A JURY WAS GETTING CLOSE""

FACTUAL SOURCE IMAGES TO ATTACH FIRST: LIVE_MOAKLEY_COURTHOUSE_CC0.jpg; EBAY_HQ_2018_CC_BY_SA.jpg.
SOURCE PREP: LIVE_MOAKLEY_COURTHOUSE_CC0.jpg: attach directly as factual visual source; preserve recognizable source identity. EBAY_HQ_2018_CC_BY_SA.jpg: attach directly as factual visual source; preserve recognizable source identity.
No raw PDF/HTML input.

STYLE REFERENCE TO ATTACH LAST: R5_STYLE_DOSSIER, media_id 3f30e1ef-3a0e-4158-914f-70bb25fa30a4.
REFERENCE PRIORITY — HARD: (1) locked narration and exact text, (2) FACTUAL SOURCE images, (3) STYLE REFERENCE last. If the style reference contains a person, object, logo, document, place, quote, or evidence subject not present in the factual sources for this beat, IGNORE IT COMPLETELY. The style reference is NON-FACTUAL and may contribute ONLY palette, typography scale, paper layering, texture, spacing, framing, line weight and restrained red-accent language. NEVER copy its pig mask, building, map, office, legal note, headline wording or any other subject matter unless that same subject is also in the factual source list for this beat.

COMPOSITION: tight authentic quote/document crop as the hero on the right; large headline on left; one exact highlighted line only; paper edge, clip, and small factual source label; no full-page text wall
FINAL IMAGE REQUIREMENT: the factual source material above must already be visibly integrated in the finished frame. No empty placeholder, no later source-insertion pass, no invented substitute evidence. Preserve the identity of real photos/evidence. For document/message material, show only the prepared short authentic excerpt; never rebuild a full page of text.

CHANNEL LOOK: premium investigative business documentary; textured black/charcoal field, warm paper surfaces, large condensed paper-white headline, restrained signal-red accent, thin editorial rules, file/tab/clip details only when relevant, authentic-source-first hierarchy. Keep the family resemblance to the style reference but vary crop, focal side, layering and thematic element so adjacent beats are not monotonous.

SUBTITLE SAFE — HARD: bottom 22% of the frame must remain visually quiet. No main text, support text, faces, evidence, source label, legal qualifier, map point or diagram node in that lower band.

TEXT — HARD: generate only MAIN TEXT, optional SUPPORT TEXT, and at most one short factual source/date/role label. No decorative microcopy. No invented legal/status language. No long body text. No gibberish.

LEGAL/FACTUAL LOCK: Surviving civil claim / jury question is not final liability.

REJECT IF: style-reference subject leaks into the scene; wrong source appears; full dense document is reproduced; pseudo-text appears; source is missing; important content enters subtitle band; red dominates; layout becomes a card-grid/dashboard; horror/tabloid treatment appears; a legal status or amount is changed.

OUTPUT: one finished montage-ready still that matches this exact beat and can be cut directly under the narration.",R6_READY_FOR_REVIEW_NOT_AUTHORIZED_FOR_GENERATION
B081,S10,710.380,718.560,SOURCE_NATIVE_EDITORIAL,T03,R5_STYLE_MAP_LOCATION,aeaf1ee7-3e3d-42ba-b137-7eaa2218685e,FACTUAL_SOURCES_FIRST__STYLE_REFERENCE_LAST,LIVE_MOAKLEY_COURTHOUSE_CC0.jpg,,LIVE_MOAKLEY_COURTHOUSE_CC0.jpg: attach directly as factual visual source; preserve recognizable source identity.,"FEB. 25, 2026 — SETTLEMENT IN PRINCIPLE",,"source excerpt framed like a photographic evidence print, slightly offset; headline left or top-left; second tiny context image only if needed; no decorative body text","BEAT B081 — FINAL 16:9 WHAT IT COST STILL
ROUTE: SOURCE_NATIVE_EDITORIAL
FAMILY: T03
SCRIPT: ""On February twenty-fifth, twenty twenty-six, just before trial, the parties reported a settlement in principle. The terms were not disclosed.""
MAIN TEXT: ""FEB. 25, 2026 — SETTLEMENT IN PRINCIPLE""

FACTUAL SOURCE IMAGES TO ATTACH FIRST: LIVE_MOAKLEY_COURTHOUSE_CC0.jpg.
SOURCE PREP: LIVE_MOAKLEY_COURTHOUSE_CC0.jpg: attach directly as factual visual source; preserve recognizable source identity.
No raw PDF/HTML input.

STYLE REFERENCE TO ATTACH LAST: R5_STYLE_MAP_LOCATION, media_id aeaf1ee7-3e3d-42ba-b137-7eaa2218685e.
REFERENCE PRIORITY — HARD: (1) locked narration and exact text, (2) FACTUAL SOURCE images, (3) STYLE REFERENCE last. If the style reference contains a person, object, logo, document, place, quote, or evidence subject not present in the factual sources for this beat, IGNORE IT COMPLETELY. The style reference is NON-FACTUAL and may contribute ONLY palette, typography scale, paper layering, texture, spacing, framing, line weight and restrained red-accent language. NEVER copy its pig mask, building, map, office, legal note, headline wording or any other subject matter unless that same subject is also in the factual source list for this beat.

COMPOSITION: source excerpt framed like a photographic evidence print, slightly offset; headline left or top-left; second tiny context image only if needed; no decorative body text
FINAL IMAGE REQUIREMENT: the factual source material above must already be visibly integrated in the finished frame. No empty placeholder, no later source-insertion pass, no invented substitute evidence. Preserve the identity of real photos/evidence. For document/message material, show only the prepared short authentic excerpt; never rebuild a full page of text.

CHANNEL LOOK: premium investigative business documentary; textured black/charcoal field, warm paper surfaces, large condensed paper-white headline, restrained signal-red accent, thin editorial rules, file/tab/clip details only when relevant, authentic-source-first hierarchy. Keep the family resemblance to the style reference but vary crop, focal side, layering and thematic element so adjacent beats are not monotonous.

SUBTITLE SAFE — HARD: bottom 22% of the frame must remain visually quiet. No main text, support text, faces, evidence, source label, legal qualifier, map point or diagram node in that lower band.

TEXT — HARD: generate only MAIN TEXT, optional SUPPORT TEXT, and at most one short factual source/date/role label. No decorative microcopy. No invented legal/status language. No long body text. No gibberish.

LEGAL/FACTUAL LOCK: February 2026 settlement in principle failed; do not depict it as final settlement.

REJECT IF: style-reference subject leaks into the scene; wrong source appears; full dense document is reproduced; pseudo-text appears; source is missing; important content enters subtitle band; red dominates; layout becomes a card-grid/dashboard; horror/tabloid treatment appears; a legal status or amount is changed.

OUTPUT: one finished montage-ready still that matches this exact beat and can be cut directly under the narration.",R6_READY_FOR_REVIEW_NOT_AUTHORIZED_FOR_GENERATION
B082,S10,718.560,723.480,SOURCE_NATIVE_EDITORIAL,T03,R5_STYLE_DOSSIER,3f30e1ef-3a0e-4158-914f-70bb25fa30a4,FACTUAL_SOURCES_FIRST__STYLE_REFERENCE_LAST,LIVE_MOAKLEY_COURTHOUSE_CC0.jpg,,LIVE_MOAKLEY_COURTHOUSE_CC0.jpg: attach directly as factual visual source; preserve recognizable source identity.,CONDITIONAL DISMISSAL,,wide horizontal authentic excerpt across upper half; condensed headline above-left; one clipped corner/tab; black textured negative space below for captions,"BEAT B082 — FINAL 16:9 WHAT IT COST STILL
ROUTE: SOURCE_NATIVE_EDITORIAL
FAMILY: T03
SCRIPT: ""The case was conditionally dismissed while they worked to finalize the agreement.""
MAIN TEXT: ""CONDITIONAL DISMISSAL""

FACTUAL SOURCE IMAGES TO ATTACH FIRST: LIVE_MOAKLEY_COURTHOUSE_CC0.jpg.
SOURCE PREP: LIVE_MOAKLEY_COURTHOUSE_CC0.jpg: attach directly as factual visual source; preserve recognizable source identity.
No raw PDF/HTML input.

STYLE REFERENCE TO ATTACH LAST: R5_STYLE_DOSSIER, media_id 3f30e1ef-3a0e-4158-914f-70bb25fa30a4.
REFERENCE PRIORITY — HARD: (1) locked narration and exact text, (2) FACTUAL SOURCE images, (3) STYLE REFERENCE last. If the style reference contains a person, object, logo, document, place, quote, or evidence subject not present in the factual sources for this beat, IGNORE IT COMPLETELY. The style reference is NON-FACTUAL and may contribute ONLY palette, typography scale, paper layering, texture, spacing, framing, line weight and restrained red-accent language. NEVER copy its pig mask, building, map, office, legal note, headline wording or any other subject matter unless that same subject is also in the factual source list for this beat.

COMPOSITION: wide horizontal authentic excerpt across upper half; condensed headline above-left; one clipped corner/tab; black textured negative space below for captions
FINAL IMAGE REQUIREMENT: the factual source material above must already be visibly integrated in the finished frame. No empty placeholder, no later source-insertion pass, no invented substitute evidence. Preserve the identity of real photos/evidence. For document/message material, show only the prepared short authentic excerpt; never rebuild a full page of text.

CHANNEL LOOK: premium investigative business documentary; textured black/charcoal field, warm paper surfaces, large condensed paper-white headline, restrained signal-red accent, thin editorial rules, file/tab/clip details only when relevant, authentic-source-first hierarchy. Keep the family resemblance to the style reference but vary crop, focal side, layering and thematic element so adjacent beats are not monotonous.

SUBTITLE SAFE — HARD: bottom 22% of the frame must remain visually quiet. No main text, support text, faces, evidence, source label, legal qualifier, map point or diagram node in that lower band.

TEXT — HARD: generate only MAIN TEXT, optional SUPPORT TEXT, and at most one short factual source/date/role label. No decorative microcopy. No invented legal/status language. No long body text. No gibberish.

LEGAL/FACTUAL LOCK: February 2026 settlement in principle failed; do not depict it as final settlement.

REJECT IF: style-reference subject leaks into the scene; wrong source appears; full dense document is reproduced; pseudo-text appears; source is missing; important content enters subtitle band; red dominates; layout becomes a card-grid/dashboard; horror/tabloid treatment appears; a legal status or amount is changed.

OUTPUT: one finished montage-ready still that matches this exact beat and can be cut directly under the narration.",R6_READY_FOR_REVIEW_NOT_AUTHORIZED_FOR_GENERATION
B083,S10,724.220,733.820,SOURCE_NATIVE_EDITORIAL,T06,R5_STYLE_MAP_LOCATION,aeaf1ee7-3e3d-42ba-b137-7eaa2218685e,FACTUAL_SOURCES_FIRST__STYLE_REFERENCE_LAST,LIVE_MOAKLEY_COURTHOUSE_CC0.jpg,,LIVE_MOAKLEY_COURTHOUSE_CC0.jpg: attach directly as factual visual source; preserve recognizable source identity.,THE DEAL FAILED,,horizontal date spine across upper third with 2–3 verified event markers; one real source/photo anchor right; headline left; folder tab and restrained red progress line,"BEAT B083 — FINAL 16:9 WHAT IT COST STILL
ROUTE: SOURCE_NATIVE_EDITORIAL
FAMILY: T06
SCRIPT: ""After years of criminal cases, a corporate D-P-A, civil discovery and pretrial rulings, it looked like the final chapter. Then the deal failed.""
MAIN TEXT: ""THE DEAL FAILED""

FACTUAL SOURCE IMAGES TO ATTACH FIRST: LIVE_MOAKLEY_COURTHOUSE_CC0.jpg.
SOURCE PREP: LIVE_MOAKLEY_COURTHOUSE_CC0.jpg: attach directly as factual visual source; preserve recognizable source identity.
No raw PDF/HTML input.

STYLE REFERENCE TO ATTACH LAST: R5_STYLE_MAP_LOCATION, media_id aeaf1ee7-3e3d-42ba-b137-7eaa2218685e.
REFERENCE PRIORITY — HARD: (1) locked narration and exact text, (2) FACTUAL SOURCE images, (3) STYLE REFERENCE last. If the style reference contains a person, object, logo, document, place, quote, or evidence subject not present in the factual sources for this beat, IGNORE IT COMPLETELY. The style reference is NON-FACTUAL and may contribute ONLY palette, typography scale, paper layering, texture, spacing, framing, line weight and restrained red-accent language. NEVER copy its pig mask, building, map, office, legal note, headline wording or any other subject matter unless that same subject is also in the factual source list for this beat.

COMPOSITION: horizontal date spine across upper third with 2–3 verified event markers; one real source/photo anchor right; headline left; folder tab and restrained red progress line
FINAL IMAGE REQUIREMENT: the factual source material above must already be visibly integrated in the finished frame. No empty placeholder, no later source-insertion pass, no invented substitute evidence. Preserve the identity of real photos/evidence. For document/message material, show only the prepared short authentic excerpt; never rebuild a full page of text.

CHANNEL LOOK: premium investigative business documentary; textured black/charcoal field, warm paper surfaces, large condensed paper-white headline, restrained signal-red accent, thin editorial rules, file/tab/clip details only when relevant, authentic-source-first hierarchy. Keep the family resemblance to the style reference but vary crop, focal side, layering and thematic element so adjacent beats are not monotonous.

SUBTITLE SAFE — HARD: bottom 22% of the frame must remain visually quiet. No main text, support text, faces, evidence, source label, legal qualifier, map point or diagram node in that lower band.

TEXT — HARD: generate only MAIN TEXT, optional SUPPORT TEXT, and at most one short factual source/date/role label. No decorative microcopy. No invented legal/status language. No long body text. No gibberish.

LEGAL/FACTUAL LOCK: DPA is not a conviction. February 2026 settlement in principle failed; do not depict it as final settlement.

REJECT IF: style-reference subject leaks into the scene; wrong source appears; full dense document is reproduced; pseudo-text appears; source is missing; important content enters subtitle band; red dominates; layout becomes a card-grid/dashboard; horror/tabloid treatment appears; a legal status or amount is changed.

OUTPUT: one finished montage-ready still that matches this exact beat and can be cut directly under the narration.",R6_READY_FOR_REVIEW_NOT_AUTHORIZED_FOR_GENERATION
B084,S10,734.860,743.180,SOURCE_NATIVE_EDITORIAL,T06,R5_STYLE_MAP_LOCATION,aeaf1ee7-3e3d-42ba-b137-7eaa2218685e,FACTUAL_SOURCES_FIRST__STYLE_REFERENCE_LAST,LIVE_MOAKLEY_COURTHOUSE_CC0.jpg,,LIVE_MOAKLEY_COURTHOUSE_CC0.jpg: attach directly as factual visual source; preserve recognizable source identity.,CASE REOPENED • JAN. 2027 TRIAL SET,,vertical chronology on left with one large date; authentic source/photo panel right; clipped note at upper-right; one red timeline marker; no crowded event list,"BEAT B084 — FINAL 16:9 WHAT IT COST STILL
ROUTE: SOURCE_NATIVE_EDITORIAL
FAMILY: T06
SCRIPT: ""By June, the settlement had not been finalized. The civil case was reopened. A new trial date was set for January twenty twenty-seven.""
MAIN TEXT: ""CASE REOPENED • JAN. 2027 TRIAL SET""

FACTUAL SOURCE IMAGES TO ATTACH FIRST: LIVE_MOAKLEY_COURTHOUSE_CC0.jpg.
SOURCE PREP: LIVE_MOAKLEY_COURTHOUSE_CC0.jpg: attach directly as factual visual source; preserve recognizable source identity.
No raw PDF/HTML input.

STYLE REFERENCE TO ATTACH LAST: R5_STYLE_MAP_LOCATION, media_id aeaf1ee7-3e3d-42ba-b137-7eaa2218685e.
REFERENCE PRIORITY — HARD: (1) locked narration and exact text, (2) FACTUAL SOURCE images, (3) STYLE REFERENCE last. If the style reference contains a person, object, logo, document, place, quote, or evidence subject not present in the factual sources for this beat, IGNORE IT COMPLETELY. The style reference is NON-FACTUAL and may contribute ONLY palette, typography scale, paper layering, texture, spacing, framing, line weight and restrained red-accent language. NEVER copy its pig mask, building, map, office, legal note, headline wording or any other subject matter unless that same subject is also in the factual source list for this beat.

COMPOSITION: vertical chronology on left with one large date; authentic source/photo panel right; clipped note at upper-right; one red timeline marker; no crowded event list
FINAL IMAGE REQUIREMENT: the factual source material above must already be visibly integrated in the finished frame. No empty placeholder, no later source-insertion pass, no invented substitute evidence. Preserve the identity of real photos/evidence. For document/message material, show only the prepared short authentic excerpt; never rebuild a full page of text.

CHANNEL LOOK: premium investigative business documentary; textured black/charcoal field, warm paper surfaces, large condensed paper-white headline, restrained signal-red accent, thin editorial rules, file/tab/clip details only when relevant, authentic-source-first hierarchy. Keep the family resemblance to the style reference but vary crop, focal side, layering and thematic element so adjacent beats are not monotonous.

SUBTITLE SAFE — HARD: bottom 22% of the frame must remain visually quiet. No main text, support text, faces, evidence, source label, legal qualifier, map point or diagram node in that lower band.

TEXT — HARD: generate only MAIN TEXT, optional SUPPORT TEXT, and at most one short factual source/date/role label. No decorative microcopy. No invented legal/status language. No long body text. No gibberish.

LEGAL/FACTUAL LOCK: February 2026 settlement in principle failed; do not depict it as final settlement.

REJECT IF: style-reference subject leaks into the scene; wrong source appears; full dense document is reproduced; pseudo-text appears; source is missing; important content enters subtitle band; red dominates; layout becomes a card-grid/dashboard; horror/tabloid treatment appears; a legal status or amount is changed.

OUTPUT: one finished montage-ready still that matches this exact beat and can be cut directly under the narration.",R6_READY_FOR_REVIEW_NOT_AUTHORIZED_FOR_GENERATION
B085,S10,743.960,752.340,SOURCE_NATIVE_EDITORIAL,T03,R5_STYLE_DOSSIER,3f30e1ef-3a0e-4158-914f-70bb25fa30a4,FACTUAL_SOURCES_FIRST__STYLE_REFERENCE_LAST,LIVE_MOAKLEY_COURTHOUSE_CC0.jpg,,LIVE_MOAKLEY_COURTHOUSE_CC0.jpg: attach directly as factual visual source; preserve recognizable source identity.,ANOTHER DEAL,,"source excerpt framed like a photographic evidence print, slightly offset; headline left or top-left; second tiny context image only if needed; no decorative body text","BEAT B085 — FINAL 16:9 WHAT IT COST STILL
ROUTE: SOURCE_NATIVE_EDITORIAL
FAMILY: T03
SCRIPT: ""That put the unresolved civil-responsibility question back on the table. But before a jury could hear the case, the parties reached another deal.""
MAIN TEXT: ""ANOTHER DEAL""

FACTUAL SOURCE IMAGES TO ATTACH FIRST: LIVE_MOAKLEY_COURTHOUSE_CC0.jpg.
SOURCE PREP: LIVE_MOAKLEY_COURTHOUSE_CC0.jpg: attach directly as factual visual source; preserve recognizable source identity.
No raw PDF/HTML input.

STYLE REFERENCE TO ATTACH LAST: R5_STYLE_DOSSIER, media_id 3f30e1ef-3a0e-4158-914f-70bb25fa30a4.
REFERENCE PRIORITY — HARD: (1) locked narration and exact text, (2) FACTUAL SOURCE images, (3) STYLE REFERENCE last. If the style reference contains a person, object, logo, document, place, quote, or evidence subject not present in the factual sources for this beat, IGNORE IT COMPLETELY. The style reference is NON-FACTUAL and may contribute ONLY palette, typography scale, paper layering, texture, spacing, framing, line weight and restrained red-accent language. NEVER copy its pig mask, building, map, office, legal note, headline wording or any other subject matter unless that same subject is also in the factual source list for this beat.

COMPOSITION: source excerpt framed like a photographic evidence print, slightly offset; headline left or top-left; second tiny context image only if needed; no decorative body text
FINAL IMAGE REQUIREMENT: the factual source material above must already be visibly integrated in the finished frame. No empty placeholder, no later source-insertion pass, no invented substitute evidence. Preserve the identity of real photos/evidence. For document/message material, show only the prepared short authentic excerpt; never rebuild a full page of text.

CHANNEL LOOK: premium investigative business documentary; textured black/charcoal field, warm paper surfaces, large condensed paper-white headline, restrained signal-red accent, thin editorial rules, file/tab/clip details only when relevant, authentic-source-first hierarchy. Keep the family resemblance to the style reference but vary crop, focal side, layering and thematic element so adjacent beats are not monotonous.

SUBTITLE SAFE — HARD: bottom 22% of the frame must remain visually quiet. No main text, support text, faces, evidence, source label, legal qualifier, map point or diagram node in that lower band.

TEXT — HARD: generate only MAIN TEXT, optional SUPPORT TEXT, and at most one short factual source/date/role label. No decorative microcopy. No invented legal/status language. No long body text. No gibberish.

LEGAL/FACTUAL LOCK: February 2026 settlement in principle failed; do not depict it as final settlement.

REJECT IF: style-reference subject leaks into the scene; wrong source appears; full dense document is reproduced; pseudo-text appears; source is missing; important content enters subtitle band; red dominates; layout becomes a card-grid/dashboard; horror/tabloid treatment appears; a legal status or amount is changed.

OUTPUT: one finished montage-ready still that matches this exact beat and can be cut directly under the narration.",R6_READY_FOR_REVIEW_NOT_AUTHORIZED_FOR_GENERATION
B086,S10,752.940,757.000,SOURCE_NATIVE_EDITORIAL,T01,R5_STYLE_DOSSIER,3f30e1ef-3a0e-4158-914f-70bb25fa30a4,FACTUAL_SOURCES_FIRST__STYLE_REFERENCE_LAST,LIVE_MOAKLEY_COURTHOUSE_CC0.jpg;EBAY_HQ_2018_CC_BY_SA.jpg,S020_D986_STIPULATION_DISMISSAL.pdf,LIVE_MOAKLEY_COURTHOUSE_CC0.jpg: attach directly as factual visual source; preserve recognizable source identity. EBAY_HQ_2018_CC_BY_SA.jpg: attach directly as factual visual source; preserve recognizable source identity.,FINAL SETTLEMENT • NUMBERS PUBLIC,,full-width source strip across upper 60%; headline block at lower-left but entirely above subtitle-safe band; one tiny source/date tag; restrained paper edge and red tick,"BEAT B086 — FINAL 16:9 WHAT IT COST STILL
ROUTE: SOURCE_NATIVE_EDITORIAL
FAMILY: T01
SCRIPT: ""This one became the final settlement. And this time, the numbers were public.""
MAIN TEXT: ""FINAL SETTLEMENT • NUMBERS PUBLIC""

FACTUAL SOURCE IMAGES TO ATTACH FIRST: LIVE_MOAKLEY_COURTHOUSE_CC0.jpg; EBAY_HQ_2018_CC_BY_SA.jpg.
SOURCE PREP: LIVE_MOAKLEY_COURTHOUSE_CC0.jpg: attach directly as factual visual source; preserve recognizable source identity. EBAY_HQ_2018_CC_BY_SA.jpg: attach directly as factual visual source; preserve recognizable source identity.
SOURCE-OF-TRUTH DOCS — DO NOT ATTACH RAW TO THE MODEL: S020_D986_STIPULATION_DISMISSAL.pdf. They support factual wording only; use an existing/tight prepared image excerpt instead.

STYLE REFERENCE TO ATTACH LAST: R5_STYLE_DOSSIER, media_id 3f30e1ef-3a0e-4158-914f-70bb25fa30a4.
REFERENCE PRIORITY — HARD: (1) locked narration and exact text, (2) FACTUAL SOURCE images, (3) STYLE REFERENCE last. If the style reference contains a person, object, logo, document, place, quote, or evidence subject not present in the factual sources for this beat, IGNORE IT COMPLETELY. The style reference is NON-FACTUAL and may contribute ONLY palette, typography scale, paper layering, texture, spacing, framing, line weight and restrained red-accent language. NEVER copy its pig mask, building, map, office, legal note, headline wording or any other subject matter unless that same subject is also in the factual source list for this beat.

COMPOSITION: full-width source strip across upper 60%; headline block at lower-left but entirely above subtitle-safe band; one tiny source/date tag; restrained paper edge and red tick
FINAL IMAGE REQUIREMENT: the factual source material above must already be visibly integrated in the finished frame. No empty placeholder, no later source-insertion pass, no invented substitute evidence. Preserve the identity of real photos/evidence. For document/message material, show only the prepared short authentic excerpt; never rebuild a full page of text.

CHANNEL LOOK: premium investigative business documentary; textured black/charcoal field, warm paper surfaces, large condensed paper-white headline, restrained signal-red accent, thin editorial rules, file/tab/clip details only when relevant, authentic-source-first hierarchy. Keep the family resemblance to the style reference but vary crop, focal side, layering and thematic element so adjacent beats are not monotonous.

SUBTITLE SAFE — HARD: bottom 22% of the frame must remain visually quiet. No main text, support text, faces, evidence, source label, legal qualifier, map point or diagram node in that lower band.

TEXT — HARD: generate only MAIN TEXT, optional SUPPORT TEXT, and at most one short factual source/date/role label. No decorative microcopy. No invented legal/status language. No long body text. No gibberish.

LEGAL/FACTUAL LOCK: None beyond the locked narration.

REJECT IF: style-reference subject leaks into the scene; wrong source appears; full dense document is reproduced; pseudo-text appears; source is missing; important content enters subtitle band; red dominates; layout becomes a card-grid/dashboard; horror/tabloid treatment appears; a legal status or amount is changed.

OUTPUT: one finished montage-ready still that matches this exact beat and can be cut directly under the narration.",R6_READY_FOR_REVIEW_NOT_AUTHORIZED_FOR_GENERATION
B087,S11,757.980,761.360,SOURCE_NATIVE_EDITORIAL,T06,R5_STYLE_MAP_LOCATION,aeaf1ee7-3e3d-42ba-b137-7eaa2218685e,FACTUAL_SOURCES_FIRST__STYLE_REFERENCE_LAST,LIVE_MOAKLEY_COURTHOUSE_CC0.jpg;EBAY_HQ_2018_CC_BY_SA.jpg,S020_D986_STIPULATION_DISMISSAL.pdf,LIVE_MOAKLEY_COURTHOUSE_CC0.jpg: attach directly as factual visual source; preserve recognizable source identity. EBAY_HQ_2018_CC_BY_SA.jpg: attach directly as factual visual source; preserve recognizable source identity.,LATE JULY 2026,,horizontal date spine across upper third with 2–3 verified event markers; one real source/photo anchor right; headline left; folder tab and restrained red progress line,"BEAT B087 — FINAL 16:9 WHAT IT COST STILL
ROUTE: SOURCE_NATIVE_EDITORIAL
FAMILY: T06
SCRIPT: ""The final agreement was announced in late July twenty twenty-six.""
MAIN TEXT: ""LATE JULY 2026""

FACTUAL SOURCE IMAGES TO ATTACH FIRST: LIVE_MOAKLEY_COURTHOUSE_CC0.jpg; EBAY_HQ_2018_CC_BY_SA.jpg.
SOURCE PREP: LIVE_MOAKLEY_COURTHOUSE_CC0.jpg: attach directly as factual visual source; preserve recognizable source identity. EBAY_HQ_2018_CC_BY_SA.jpg: attach directly as factual visual source; preserve recognizable source identity.
SOURCE-OF-TRUTH DOCS — DO NOT ATTACH RAW TO THE MODEL: S020_D986_STIPULATION_DISMISSAL.pdf. They support factual wording only; use an existing/tight prepared image excerpt instead.

STYLE REFERENCE TO ATTACH LAST: R5_STYLE_MAP_LOCATION, media_id aeaf1ee7-3e3d-42ba-b137-7eaa2218685e.
REFERENCE PRIORITY — HARD: (1) locked narration and exact text, (2) FACTUAL SOURCE images, (3) STYLE REFERENCE last. If the style reference contains a person, object, logo, document, place, quote, or evidence subject not present in the factual sources for this beat, IGNORE IT COMPLETELY. The style reference is NON-FACTUAL and may contribute ONLY palette, typography scale, paper layering, texture, spacing, framing, line weight and restrained red-accent language. NEVER copy its pig mask, building, map, office, legal note, headline wording or any other subject matter unless that same subject is also in the factual source list for this beat.

COMPOSITION: horizontal date spine across upper third with 2–3 verified event markers; one real source/photo anchor right; headline left; folder tab and restrained red progress line
FINAL IMAGE REQUIREMENT: the factual source material above must already be visibly integrated in the finished frame. No empty placeholder, no later source-insertion pass, no invented substitute evidence. Preserve the identity of real photos/evidence. For document/message material, show only the prepared short authentic excerpt; never rebuild a full page of text.

CHANNEL LOOK: premium investigative business documentary; textured black/charcoal field, warm paper surfaces, large condensed paper-white headline, restrained signal-red accent, thin editorial rules, file/tab/clip details only when relevant, authentic-source-first hierarchy. Keep the family resemblance to the style reference but vary crop, focal side, layering and thematic element so adjacent beats are not monotonous.

SUBTITLE SAFE — HARD: bottom 22% of the frame must remain visually quiet. No main text, support text, faces, evidence, source label, legal qualifier, map point or diagram node in that lower band.

TEXT — HARD: generate only MAIN TEXT, optional SUPPORT TEXT, and at most one short factual source/date/role label. No decorative microcopy. No invented legal/status language. No long body text. No gibberish.

LEGAL/FACTUAL LOCK: None beyond the locked narration.

REJECT IF: style-reference subject leaks into the scene; wrong source appears; full dense document is reproduced; pseudo-text appears; source is missing; important content enters subtitle band; red dominates; layout becomes a card-grid/dashboard; horror/tabloid treatment appears; a legal status or amount is changed.

OUTPUT: one finished montage-ready still that matches this exact beat and can be cut directly under the narration.",R6_READY_FOR_REVIEW_NOT_AUTHORIZED_FOR_GENERATION
B088,S11,762.080,766.940,EDITOR_GFX_SOURCE_BACKED,T04,R5_STYLE_DOSSIER,3f30e1ef-3a0e-4158-914f-70bb25fa30a4,FACTUAL_SOURCES_FIRST__STYLE_REFERENCE_LAST,EBAY_HQ_2018_CC_BY_SA.jpg;LIVE_MOAKLEY_COURTHOUSE_CC0.jpg,S020_D986_STIPULATION_DISMISSAL.pdf,EBAY_HQ_2018_CC_BY_SA.jpg: attach directly as factual visual source; preserve recognizable source identity. LIVE_MOAKLEY_COURTHOUSE_CC0.jpg: attach directly as factual visual source; preserve recognizable source identity.,$55.7 MILLION,,large money figure centered high; supporting source image in a bordered panel behind/right; one clipped legal caveat card; thin red underline; generous black negative space,"BEAT B088 — FINAL 16:9 WHAT IT COST STILL
ROUTE: EDITOR_GFX_SOURCE_BACKED
FAMILY: T04
SCRIPT: ""The total announced settlement package was fifty-five-point-seven million dollars.""
MAIN TEXT: ""$55.7 MILLION""

FACTUAL SOURCE IMAGES TO ATTACH FIRST: EBAY_HQ_2018_CC_BY_SA.jpg; LIVE_MOAKLEY_COURTHOUSE_CC0.jpg.
SOURCE PREP: EBAY_HQ_2018_CC_BY_SA.jpg: attach directly as factual visual source; preserve recognizable source identity. LIVE_MOAKLEY_COURTHOUSE_CC0.jpg: attach directly as factual visual source; preserve recognizable source identity.
SOURCE-OF-TRUTH DOCS — DO NOT ATTACH RAW TO THE MODEL: S020_D986_STIPULATION_DISMISSAL.pdf. They support factual wording only; use an existing/tight prepared image excerpt instead.

STYLE REFERENCE TO ATTACH LAST: R5_STYLE_DOSSIER, media_id 3f30e1ef-3a0e-4158-914f-70bb25fa30a4.
REFERENCE PRIORITY — HARD: (1) locked narration and exact text, (2) FACTUAL SOURCE images, (3) STYLE REFERENCE last. If the style reference contains a person, object, logo, document, place, quote, or evidence subject not present in the factual sources for this beat, IGNORE IT COMPLETELY. The style reference is NON-FACTUAL and may contribute ONLY palette, typography scale, paper layering, texture, spacing, framing, line weight and restrained red-accent language. NEVER copy its pig mask, building, map, office, legal note, headline wording or any other subject matter unless that same subject is also in the factual source list for this beat.

COMPOSITION: large money figure centered high; supporting source image in a bordered panel behind/right; one clipped legal caveat card; thin red underline; generous black negative space
FINAL IMAGE REQUIREMENT: the factual source material above must already be visibly integrated in the finished frame. No empty placeholder, no later source-insertion pass, no invented substitute evidence. Preserve the identity of real photos/evidence. For document/message material, show only the prepared short authentic excerpt; never rebuild a full page of text.

CHANNEL LOOK: premium investigative business documentary; textured black/charcoal field, warm paper surfaces, large condensed paper-white headline, restrained signal-red accent, thin editorial rules, file/tab/clip details only when relevant, authentic-source-first hierarchy. Keep the family resemblance to the style reference but vary crop, focal side, layering and thematic element so adjacent beats are not monotonous.

SUBTITLE SAFE — HARD: bottom 22% of the frame must remain visually quiet. No main text, support text, faces, evidence, source label, legal qualifier, map point or diagram node in that lower band.

TEXT — HARD: generate only MAIN TEXT, optional SUPPORT TEXT, and at most one short factual source/date/role label. No decorative microcopy. No invented legal/status language. No long body text. No gibberish.

LEGAL/FACTUAL LOCK: $55.7M is the announced civil settlement package, not a judgment or eBay-only payment.

REJECT IF: style-reference subject leaks into the scene; wrong source appears; full dense document is reproduced; pseudo-text appears; source is missing; important content enters subtitle band; red dominates; layout becomes a card-grid/dashboard; horror/tabloid treatment appears; a legal status or amount is changed.

OUTPUT: one finished montage-ready still that matches this exact beat and can be cut directly under the narration.",R6_READY_FOR_REVIEW_NOT_AUTHORIZED_FOR_GENERATION
B089,S11,766.940,772.520,EDITOR_GFX_SOURCE_BACKED,T04,R5_STYLE_DOSSIER,3f30e1ef-3a0e-4158-914f-70bb25fa30a4,FACTUAL_SOURCES_FIRST__STYLE_REFERENCE_LAST,EBAY_HQ_2018_CC_BY_SA.jpg;LIVE_MOAKLEY_COURTHOUSE_CC0.jpg,S020_D986_STIPULATION_DISMISSAL.pdf,EBAY_HQ_2018_CC_BY_SA.jpg: attach directly as factual visual source; preserve recognizable source identity. LIVE_MOAKLEY_COURTHOUSE_CC0.jpg: attach directly as factual visual source; preserve recognizable source identity.,NOT A $55.7M JUDGMENT,,asymmetrical settlement sheet: amount and short label left; authentic filing/company context right; one paper tab with exact legal qualifier; no extra numbers,"BEAT B089 — FINAL 16:9 WHAT IT COST STILL
ROUTE: EDITOR_GFX_SOURCE_BACKED
FAMILY: T04
SCRIPT: ""But that number has to be broken apart. It was not a fifty-five-point-seven-million-dollar judgment.""
MAIN TEXT: ""NOT A $55.7M JUDGMENT""

FACTUAL SOURCE IMAGES TO ATTACH FIRST: EBAY_HQ_2018_CC_BY_SA.jpg; LIVE_MOAKLEY_COURTHOUSE_CC0.jpg.
SOURCE PREP: EBAY_HQ_2018_CC_BY_SA.jpg: attach directly as factual visual source; preserve recognizable source identity. LIVE_MOAKLEY_COURTHOUSE_CC0.jpg: attach directly as factual visual source; preserve recognizable source identity.
SOURCE-OF-TRUTH DOCS — DO NOT ATTACH RAW TO THE MODEL: S020_D986_STIPULATION_DISMISSAL.pdf. They support factual wording only; use an existing/tight prepared image excerpt instead.

STYLE REFERENCE TO ATTACH LAST: R5_STYLE_DOSSIER, media_id 3f30e1ef-3a0e-4158-914f-70bb25fa30a4.
REFERENCE PRIORITY — HARD: (1) locked narration and exact text, (2) FACTUAL SOURCE images, (3) STYLE REFERENCE last. If the style reference contains a person, object, logo, document, place, quote, or evidence subject not present in the factual sources for this beat, IGNORE IT COMPLETELY. The style reference is NON-FACTUAL and may contribute ONLY palette, typography scale, paper layering, texture, spacing, framing, line weight and restrained red-accent language. NEVER copy its pig mask, building, map, office, legal note, headline wording or any other subject matter unless that same subject is also in the factual source list for this beat.

COMPOSITION: asymmetrical settlement sheet: amount and short label left; authentic filing/company context right; one paper tab with exact legal qualifier; no extra numbers
FINAL IMAGE REQUIREMENT: the factual source material above must already be visibly integrated in the finished frame. No empty placeholder, no later source-insertion pass, no invented substitute evidence. Preserve the identity of real photos/evidence. For document/message material, show only the prepared short authentic excerpt; never rebuild a full page of text.

CHANNEL LOOK: premium investigative business documentary; textured black/charcoal field, warm paper surfaces, large condensed paper-white headline, restrained signal-red accent, thin editorial rules, file/tab/clip details only when relevant, authentic-source-first hierarchy. Keep the family resemblance to the style reference but vary crop, focal side, layering and thematic element so adjacent beats are not monotonous.

SUBTITLE SAFE — HARD: bottom 22% of the frame must remain visually quiet. No main text, support text, faces, evidence, source label, legal qualifier, map point or diagram node in that lower band.

TEXT — HARD: generate only MAIN TEXT, optional SUPPORT TEXT, and at most one short factual source/date/role label. No decorative microcopy. No invented legal/status language. No long body text. No gibberish.

LEGAL/FACTUAL LOCK: $55.7M is the announced civil settlement package, not a judgment or eBay-only payment.

REJECT IF: style-reference subject leaks into the scene; wrong source appears; full dense document is reproduced; pseudo-text appears; source is missing; important content enters subtitle band; red dominates; layout becomes a card-grid/dashboard; horror/tabloid treatment appears; a legal status or amount is changed.

OUTPUT: one finished montage-ready still that matches this exact beat and can be cut directly under the narration.",R6_READY_FOR_REVIEW_NOT_AUTHORIZED_FOR_GENERATION
B090,S11,773.220,777.680,EDITOR_GFX_SOURCE_BACKED,T04,R5_STYLE_DOSSIER,3f30e1ef-3a0e-4158-914f-70bb25fa30a4,FACTUAL_SOURCES_FIRST__STYLE_REFERENCE_LAST,EBAY_HQ_2018_CC_BY_SA.jpg;LIVE_MOAKLEY_COURTHOUSE_CC0.jpg,S020_D986_STIPULATION_DISMISSAL.pdf,EBAY_HQ_2018_CC_BY_SA.jpg: attach directly as factual visual source; preserve recognizable source identity. LIVE_MOAKLEY_COURTHOUSE_CC0.jpg: attach directly as factual visual source; preserve recognizable source identity.,NOT AN EBAY-ONLY PAYMENT,,two-column money consequence frame with one large primary amount and one smaller exact component; authentic source strip across top; all typography oversized and deterministic,"BEAT B090 — FINAL 16:9 WHAT IT COST STILL
ROUTE: EDITOR_GFX_SOURCE_BACKED
FAMILY: T04
SCRIPT: ""And it was not a fifty-five-point-seven-million-dollar payment made only by eBay.""
MAIN TEXT: ""NOT AN EBAY-ONLY PAYMENT""

FACTUAL SOURCE IMAGES TO ATTACH FIRST: EBAY_HQ_2018_CC_BY_SA.jpg; LIVE_MOAKLEY_COURTHOUSE_CC0.jpg.
SOURCE PREP: EBAY_HQ_2018_CC_BY_SA.jpg: attach directly as factual visual source; preserve recognizable source identity. LIVE_MOAKLEY_COURTHOUSE_CC0.jpg: attach directly as factual visual source; preserve recognizable source identity.
SOURCE-OF-TRUTH DOCS — DO NOT ATTACH RAW TO THE MODEL: S020_D986_STIPULATION_DISMISSAL.pdf. They support factual wording only; use an existing/tight prepared image excerpt instead.

STYLE REFERENCE TO ATTACH LAST: R5_STYLE_DOSSIER, media_id 3f30e1ef-3a0e-4158-914f-70bb25fa30a4.
REFERENCE PRIORITY — HARD: (1) locked narration and exact text, (2) FACTUAL SOURCE images, (3) STYLE REFERENCE last. If the style reference contains a person, object, logo, document, place, quote, or evidence subject not present in the factual sources for this beat, IGNORE IT COMPLETELY. The style reference is NON-FACTUAL and may contribute ONLY palette, typography scale, paper layering, texture, spacing, framing, line weight and restrained red-accent language. NEVER copy its pig mask, building, map, office, legal note, headline wording or any other subject matter unless that same subject is also in the factual source list for this beat.

COMPOSITION: two-column money consequence frame with one large primary amount and one smaller exact component; authentic source strip across top; all typography oversized and deterministic
FINAL IMAGE REQUIREMENT: the factual source material above must already be visibly integrated in the finished frame. No empty placeholder, no later source-insertion pass, no invented substitute evidence. Preserve the identity of real photos/evidence. For document/message material, show only the prepared short authentic excerpt; never rebuild a full page of text.

CHANNEL LOOK: premium investigative business documentary; textured black/charcoal field, warm paper surfaces, large condensed paper-white headline, restrained signal-red accent, thin editorial rules, file/tab/clip details only when relevant, authentic-source-first hierarchy. Keep the family resemblance to the style reference but vary crop, focal side, layering and thematic element so adjacent beats are not monotonous.

SUBTITLE SAFE — HARD: bottom 22% of the frame must remain visually quiet. No main text, support text, faces, evidence, source label, legal qualifier, map point or diagram node in that lower band.

TEXT — HARD: generate only MAIN TEXT, optional SUPPORT TEXT, and at most one short factual source/date/role label. No decorative microcopy. No invented legal/status language. No long body text. No gibberish.

LEGAL/FACTUAL LOCK: $55.7M is the announced civil settlement package, not a judgment or eBay-only payment.

REJECT IF: style-reference subject leaks into the scene; wrong source appears; full dense document is reproduced; pseudo-text appears; source is missing; important content enters subtitle band; red dominates; layout becomes a card-grid/dashboard; horror/tabloid treatment appears; a legal status or amount is changed.

OUTPUT: one finished montage-ready still that matches this exact beat and can be cut directly under the narration.",R6_READY_FOR_REVIEW_NOT_AUTHORIZED_FOR_GENERATION
B091,S11,778.640,784.000,EDITOR_GFX_SOURCE_BACKED,T04,R5_STYLE_DOSSIER,3f30e1ef-3a0e-4158-914f-70bb25fa30a4,FACTUAL_SOURCES_FIRST__STYLE_REFERENCE_LAST,EBAY_HQ_2018_CC_BY_SA.jpg;LIVE_MOAKLEY_COURTHOUSE_CC0.jpg,S020_D986_STIPULATION_DISMISSAL.pdf,EBAY_HQ_2018_CC_BY_SA.jpg: attach directly as factual visual source; preserve recognizable source identity. LIVE_MOAKLEY_COURTHOUSE_CC0.jpg: attach directly as factual visual source; preserve recognizable source identity.,$48.7M COMPENSATION,,one dominant exact amount on left or upper-left; authentic source/context crop on right; one narrow allocation/clarifier strip; paper ledger texture and a restrained red marker; no dashboard grid,"BEAT B091 — FINAL 16:9 WHAT IT COST STILL
ROUTE: EDITOR_GFX_SOURCE_BACKED
FAMILY: T04
SCRIPT: ""According to the announced terms, forty-eight-point-seven million dollars was compensation to the Steiners.""
MAIN TEXT: ""$48.7M COMPENSATION""

FACTUAL SOURCE IMAGES TO ATTACH FIRST: EBAY_HQ_2018_CC_BY_SA.jpg; LIVE_MOAKLEY_COURTHOUSE_CC0.jpg.
SOURCE PREP: EBAY_HQ_2018_CC_BY_SA.jpg: attach directly as factual visual source; preserve recognizable source identity. LIVE_MOAKLEY_COURTHOUSE_CC0.jpg: attach directly as factual visual source; preserve recognizable source identity.
SOURCE-OF-TRUTH DOCS — DO NOT ATTACH RAW TO THE MODEL: S020_D986_STIPULATION_DISMISSAL.pdf. They support factual wording only; use an existing/tight prepared image excerpt instead.

STYLE REFERENCE TO ATTACH LAST: R5_STYLE_DOSSIER, media_id 3f30e1ef-3a0e-4158-914f-70bb25fa30a4.
REFERENCE PRIORITY — HARD: (1) locked narration and exact text, (2) FACTUAL SOURCE images, (3) STYLE REFERENCE last. If the style reference contains a person, object, logo, document, place, quote, or evidence subject not present in the factual sources for this beat, IGNORE IT COMPLETELY. The style reference is NON-FACTUAL and may contribute ONLY palette, typography scale, paper layering, texture, spacing, framing, line weight and restrained red-accent language. NEVER copy its pig mask, building, map, office, legal note, headline wording or any other subject matter unless that same subject is also in the factual source list for this beat.

COMPOSITION: one dominant exact amount on left or upper-left; authentic source/context crop on right; one narrow allocation/clarifier strip; paper ledger texture and a restrained red marker; no dashboard grid
FINAL IMAGE REQUIREMENT: the factual source material above must already be visibly integrated in the finished frame. No empty placeholder, no later source-insertion pass, no invented substitute evidence. Preserve the identity of real photos/evidence. For document/message material, show only the prepared short authentic excerpt; never rebuild a full page of text.

CHANNEL LOOK: premium investigative business documentary; textured black/charcoal field, warm paper surfaces, large condensed paper-white headline, restrained signal-red accent, thin editorial rules, file/tab/clip details only when relevant, authentic-source-first hierarchy. Keep the family resemblance to the style reference but vary crop, focal side, layering and thematic element so adjacent beats are not monotonous.

SUBTITLE SAFE — HARD: bottom 22% of the frame must remain visually quiet. No main text, support text, faces, evidence, source label, legal qualifier, map point or diagram node in that lower band.

TEXT — HARD: generate only MAIN TEXT, optional SUPPORT TEXT, and at most one short factual source/date/role label. No decorative microcopy. No invented legal/status language. No long body text. No gibberish.

LEGAL/FACTUAL LOCK: $55.7M is the announced civil settlement package, not a judgment or eBay-only payment.

REJECT IF: style-reference subject leaks into the scene; wrong source appears; full dense document is reproduced; pseudo-text appears; source is missing; important content enters subtitle band; red dominates; layout becomes a card-grid/dashboard; horror/tabloid treatment appears; a legal status or amount is changed.

OUTPUT: one finished montage-ready still that matches this exact beat and can be cut directly under the narration.",R6_READY_FOR_REVIEW_NOT_AUTHORIZED_FOR_GENERATION
B092,S11,784.680,787.640,EDITOR_GFX_SOURCE_BACKED,T04,R5_STYLE_DOSSIER,3f30e1ef-3a0e-4158-914f-70bb25fa30a4,FACTUAL_SOURCES_FIRST__STYLE_REFERENCE_LAST,EBAY_HQ_2018_CC_BY_SA.jpg;LIVE_MOAKLEY_COURTHOUSE_CC0.jpg,S020_D986_STIPULATION_DISMISSAL.pdf,EBAY_HQ_2018_CC_BY_SA.jpg: attach directly as factual visual source; preserve recognizable source identity. LIVE_MOAKLEY_COURTHOUSE_CC0.jpg: attach directly as factual visual source; preserve recognizable source identity.,$7M CHARITABLE COMMITMENTS,,large money figure centered high; supporting source image in a bordered panel behind/right; one clipped legal caveat card; thin red underline; generous black negative space,"BEAT B092 — FINAL 16:9 WHAT IT COST STILL
ROUTE: EDITOR_GFX_SOURCE_BACKED
FAMILY: T04
SCRIPT: ""Another seven million dollars consisted of charitable commitments.""
MAIN TEXT: ""$7M CHARITABLE COMMITMENTS""

FACTUAL SOURCE IMAGES TO ATTACH FIRST: EBAY_HQ_2018_CC_BY_SA.jpg; LIVE_MOAKLEY_COURTHOUSE_CC0.jpg.
SOURCE PREP: EBAY_HQ_2018_CC_BY_SA.jpg: attach directly as factual visual source; preserve recognizable source identity. LIVE_MOAKLEY_COURTHOUSE_CC0.jpg: attach directly as factual visual source; preserve recognizable source identity.
SOURCE-OF-TRUTH DOCS — DO NOT ATTACH RAW TO THE MODEL: S020_D986_STIPULATION_DISMISSAL.pdf. They support factual wording only; use an existing/tight prepared image excerpt instead.

STYLE REFERENCE TO ATTACH LAST: R5_STYLE_DOSSIER, media_id 3f30e1ef-3a0e-4158-914f-70bb25fa30a4.
REFERENCE PRIORITY — HARD: (1) locked narration and exact text, (2) FACTUAL SOURCE images, (3) STYLE REFERENCE last. If the style reference contains a person, object, logo, document, place, quote, or evidence subject not present in the factual sources for this beat, IGNORE IT COMPLETELY. The style reference is NON-FACTUAL and may contribute ONLY palette, typography scale, paper layering, texture, spacing, framing, line weight and restrained red-accent language. NEVER copy its pig mask, building, map, office, legal note, headline wording or any other subject matter unless that same subject is also in the factual source list for this beat.

COMPOSITION: large money figure centered high; supporting source image in a bordered panel behind/right; one clipped legal caveat card; thin red underline; generous black negative space
FINAL IMAGE REQUIREMENT: the factual source material above must already be visibly integrated in the finished frame. No empty placeholder, no later source-insertion pass, no invented substitute evidence. Preserve the identity of real photos/evidence. For document/message material, show only the prepared short authentic excerpt; never rebuild a full page of text.

CHANNEL LOOK: premium investigative business documentary; textured black/charcoal field, warm paper surfaces, large condensed paper-white headline, restrained signal-red accent, thin editorial rules, file/tab/clip details only when relevant, authentic-source-first hierarchy. Keep the family resemblance to the style reference but vary crop, focal side, layering and thematic element so adjacent beats are not monotonous.

SUBTITLE SAFE — HARD: bottom 22% of the frame must remain visually quiet. No main text, support text, faces, evidence, source label, legal qualifier, map point or diagram node in that lower band.

TEXT — HARD: generate only MAIN TEXT, optional SUPPORT TEXT, and at most one short factual source/date/role label. No decorative microcopy. No invented legal/status language. No long body text. No gibberish.

LEGAL/FACTUAL LOCK: $55.7M is the announced civil settlement package, not a judgment or eBay-only payment.

REJECT IF: style-reference subject leaks into the scene; wrong source appears; full dense document is reproduced; pseudo-text appears; source is missing; important content enters subtitle band; red dominates; layout becomes a card-grid/dashboard; horror/tabloid treatment appears; a legal status or amount is changed.

OUTPUT: one finished montage-ready still that matches this exact beat and can be cut directly under the narration.",R6_READY_FOR_REVIEW_NOT_AUTHORIZED_FOR_GENERATION
B093,S11,788.540,794.660,EDITOR_GFX_SOURCE_BACKED,T04,R5_STYLE_DOSSIER,3f30e1ef-3a0e-4158-914f-70bb25fa30a4,FACTUAL_SOURCES_FIRST__STYLE_REFERENCE_LAST,EBAY_HQ_2018_CC_BY_SA.jpg;LIVE_MOAKLEY_COURTHOUSE_CC0.jpg,S020_D986_STIPULATION_DISMISSAL.pdf,EBAY_HQ_2018_CC_BY_SA.jpg: attach directly as factual visual source; preserve recognizable source identity. LIVE_MOAKLEY_COURTHOUSE_CC0.jpg: attach directly as factual visual source; preserve recognizable source identity.,EBAY — $46.15M,,asymmetrical settlement sheet: amount and short label left; authentic filing/company context right; one paper tab with exact legal qualifier; no extra numbers,"BEAT B093 — FINAL 16:9 WHAT IT COST STILL
ROUTE: EDITOR_GFX_SOURCE_BACKED
FAMILY: T04
SCRIPT: ""Of the direct compensation, eBay's announced share was forty-six-point-one-five million dollars.""
MAIN TEXT: ""EBAY — $46.15M""

FACTUAL SOURCE IMAGES TO ATTACH FIRST: EBAY_HQ_2018_CC_BY_SA.jpg; LIVE_MOAKLEY_COURTHOUSE_CC0.jpg.
SOURCE PREP: EBAY_HQ_2018_CC_BY_SA.jpg: attach directly as factual visual source; preserve recognizable source identity. LIVE_MOAKLEY_COURTHOUSE_CC0.jpg: attach directly as factual visual source; preserve recognizable source identity.
SOURCE-OF-TRUTH DOCS — DO NOT ATTACH RAW TO THE MODEL: S020_D986_STIPULATION_DISMISSAL.pdf. They support factual wording only; use an existing/tight prepared image excerpt instead.

STYLE REFERENCE TO ATTACH LAST: R5_STYLE_DOSSIER, media_id 3f30e1ef-3a0e-4158-914f-70bb25fa30a4.
REFERENCE PRIORITY — HARD: (1) locked narration and exact text, (2) FACTUAL SOURCE images, (3) STYLE REFERENCE last. If the style reference contains a person, object, logo, document, place, quote, or evidence subject not present in the factual sources for this beat, IGNORE IT COMPLETELY. The style reference is NON-FACTUAL and may contribute ONLY palette, typography scale, paper layering, texture, spacing, framing, line weight and restrained red-accent language. NEVER copy its pig mask, building, map, office, legal note, headline wording or any other subject matter unless that same subject is also in the factual source list for this beat.

COMPOSITION: asymmetrical settlement sheet: amount and short label left; authentic filing/company context right; one paper tab with exact legal qualifier; no extra numbers
FINAL IMAGE REQUIREMENT: the factual source material above must already be visibly integrated in the finished frame. No empty placeholder, no later source-insertion pass, no invented substitute evidence. Preserve the identity of real photos/evidence. For document/message material, show only the prepared short authentic excerpt; never rebuild a full page of text.

CHANNEL LOOK: premium investigative business documentary; textured black/charcoal field, warm paper surfaces, large condensed paper-white headline, restrained signal-red accent, thin editorial rules, file/tab/clip details only when relevant, authentic-source-first hierarchy. Keep the family resemblance to the style reference but vary crop, focal side, layering and thematic element so adjacent beats are not monotonous.

SUBTITLE SAFE — HARD: bottom 22% of the frame must remain visually quiet. No main text, support text, faces, evidence, source label, legal qualifier, map point or diagram node in that lower band.

TEXT — HARD: generate only MAIN TEXT, optional SUPPORT TEXT, and at most one short factual source/date/role label. No decorative microcopy. No invented legal/status language. No long body text. No gibberish.

LEGAL/FACTUAL LOCK: $55.7M is the announced civil settlement package, not a judgment or eBay-only payment.

REJECT IF: style-reference subject leaks into the scene; wrong source appears; full dense document is reproduced; pseudo-text appears; source is missing; important content enters subtitle band; red dominates; layout becomes a card-grid/dashboard; horror/tabloid treatment appears; a legal status or amount is changed.

OUTPUT: one finished montage-ready still that matches this exact beat and can be cut directly under the narration.",R6_READY_FOR_REVIEW_NOT_AUTHORIZED_FOR_GENERATION
B094,S11,794.660,796.180,EDITOR_GFX_SOURCE_BACKED,T04,R5_STYLE_DOSSIER,3f30e1ef-3a0e-4158-914f-70bb25fa30a4,FACTUAL_SOURCES_FIRST__STYLE_REFERENCE_LAST,EBAY_HQ_2018_CC_BY_SA.jpg;LIVE_MOAKLEY_COURTHOUSE_CC0.jpg,S020_D986_STIPULATION_DISMISSAL.pdf,EBAY_HQ_2018_CC_BY_SA.jpg: attach directly as factual visual source; preserve recognizable source identity. LIVE_MOAKLEY_COURTHOUSE_CC0.jpg: attach directly as factual visual source; preserve recognizable source identity.,DEVIN WENIG — $2M,,two-column money consequence frame with one large primary amount and one smaller exact component; authentic source strip across top; all typography oversized and deterministic,"BEAT B094 — FINAL 16:9 WHAT IT COST STILL
ROUTE: EDITOR_GFX_SOURCE_BACKED
FAMILY: T04
SCRIPT: ""Devin Wenig's was two million.""
MAIN TEXT: ""DEVIN WENIG — $2M""

FACTUAL SOURCE IMAGES TO ATTACH FIRST: EBAY_HQ_2018_CC_BY_SA.jpg; LIVE_MOAKLEY_COURTHOUSE_CC0.jpg.
SOURCE PREP: EBAY_HQ_2018_CC_BY_SA.jpg: attach directly as factual visual source; preserve recognizable source identity. LIVE_MOAKLEY_COURTHOUSE_CC0.jpg: attach directly as factual visual source; preserve recognizable source identity.
SOURCE-OF-TRUTH DOCS — DO NOT ATTACH RAW TO THE MODEL: S020_D986_STIPULATION_DISMISSAL.pdf. They support factual wording only; use an existing/tight prepared image excerpt instead.

STYLE REFERENCE TO ATTACH LAST: R5_STYLE_DOSSIER, media_id 3f30e1ef-3a0e-4158-914f-70bb25fa30a4.
REFERENCE PRIORITY — HARD: (1) locked narration and exact text, (2) FACTUAL SOURCE images, (3) STYLE REFERENCE last. If the style reference contains a person, object, logo, document, place, quote, or evidence subject not present in the factual sources for this beat, IGNORE IT COMPLETELY. The style reference is NON-FACTUAL and may contribute ONLY palette, typography scale, paper layering, texture, spacing, framing, line weight and restrained red-accent language. NEVER copy its pig mask, building, map, office, legal note, headline wording or any other subject matter unless that same subject is also in the factual source list for this beat.

COMPOSITION: two-column money consequence frame with one large primary amount and one smaller exact component; authentic source strip across top; all typography oversized and deterministic
FINAL IMAGE REQUIREMENT: the factual source material above must already be visibly integrated in the finished frame. No empty placeholder, no later source-insertion pass, no invented substitute evidence. Preserve the identity of real photos/evidence. For document/message material, show only the prepared short authentic excerpt; never rebuild a full page of text.

CHANNEL LOOK: premium investigative business documentary; textured black/charcoal field, warm paper surfaces, large condensed paper-white headline, restrained signal-red accent, thin editorial rules, file/tab/clip details only when relevant, authentic-source-first hierarchy. Keep the family resemblance to the style reference but vary crop, focal side, layering and thematic element so adjacent beats are not monotonous.

SUBTITLE SAFE — HARD: bottom 22% of the frame must remain visually quiet. No main text, support text, faces, evidence, source label, legal qualifier, map point or diagram node in that lower band.

TEXT — HARD: generate only MAIN TEXT, optional SUPPORT TEXT, and at most one short factual source/date/role label. No decorative microcopy. No invented legal/status language. No long body text. No gibberish.

LEGAL/FACTUAL LOCK: $55.7M is the announced civil settlement package, not a judgment or eBay-only payment.

REJECT IF: style-reference subject leaks into the scene; wrong source appears; full dense document is reproduced; pseudo-text appears; source is missing; important content enters subtitle band; red dominates; layout becomes a card-grid/dashboard; horror/tabloid treatment appears; a legal status or amount is changed.

OUTPUT: one finished montage-ready still that matches this exact beat and can be cut directly under the narration.",R6_READY_FOR_REVIEW_NOT_AUTHORIZED_FOR_GENERATION
B095,S11,797.040,801.260,EDITOR_GFX_SOURCE_BACKED,T04,R5_STYLE_DOSSIER,3f30e1ef-3a0e-4158-914f-70bb25fa30a4,FACTUAL_SOURCES_FIRST__STYLE_REFERENCE_LAST,EBAY_HQ_2018_CC_BY_SA.jpg;LIVE_MOAKLEY_COURTHOUSE_CC0.jpg,S020_D986_STIPULATION_DISMISSAL.pdf,EBAY_HQ_2018_CC_BY_SA.jpg: attach directly as factual visual source; preserve recognizable source identity. LIVE_MOAKLEY_COURTHOUSE_CC0.jpg: attach directly as factual visual source; preserve recognizable source identity.,WENDY JONES — $500K • STEVE WYMER — $50K,,one dominant exact amount on left or upper-left; authentic source/context crop on right; one narrow allocation/clarifier strip; paper ledger texture and a restrained red marker; no dashboard grid,"BEAT B095 — FINAL 16:9 WHAT IT COST STILL
ROUTE: EDITOR_GFX_SOURCE_BACKED
FAMILY: T04
SCRIPT: ""Wendy Jones's was five hundred thousand. Steve Wymer's was fifty thousand.""
MAIN TEXT: ""WENDY JONES — $500K • STEVE WYMER — $50K""

FACTUAL SOURCE IMAGES TO ATTACH FIRST: EBAY_HQ_2018_CC_BY_SA.jpg; LIVE_MOAKLEY_COURTHOUSE_CC0.jpg.
SOURCE PREP: EBAY_HQ_2018_CC_BY_SA.jpg: attach directly as factual visual source; preserve recognizable source identity. LIVE_MOAKLEY_COURTHOUSE_CC0.jpg: attach directly as factual visual source; preserve recognizable source identity.
SOURCE-OF-TRUTH DOCS — DO NOT ATTACH RAW TO THE MODEL: S020_D986_STIPULATION_DISMISSAL.pdf. They support factual wording only; use an existing/tight prepared image excerpt instead.

STYLE REFERENCE TO ATTACH LAST: R5_STYLE_DOSSIER, media_id 3f30e1ef-3a0e-4158-914f-70bb25fa30a4.
REFERENCE PRIORITY — HARD: (1) locked narration and exact text, (2) FACTUAL SOURCE images, (3) STYLE REFERENCE last. If the style reference contains a person, object, logo, document, place, quote, or evidence subject not present in the factual sources for this beat, IGNORE IT COMPLETELY. The style reference is NON-FACTUAL and may contribute ONLY palette, typography scale, paper layering, texture, spacing, framing, line weight and restrained red-accent language. NEVER copy its pig mask, building, map, office, legal note, headline wording or any other subject matter unless that same subject is also in the factual source list for this beat.

COMPOSITION: one dominant exact amount on left or upper-left; authentic source/context crop on right; one narrow allocation/clarifier strip; paper ledger texture and a restrained red marker; no dashboard grid
FINAL IMAGE REQUIREMENT: the factual source material above must already be visibly integrated in the finished frame. No empty placeholder, no later source-insertion pass, no invented substitute evidence. Preserve the identity of real photos/evidence. For document/message material, show only the prepared short authentic excerpt; never rebuild a full page of text.

CHANNEL LOOK: premium investigative business documentary; textured black/charcoal field, warm paper surfaces, large condensed paper-white headline, restrained signal-red accent, thin editorial rules, file/tab/clip details only when relevant, authentic-source-first hierarchy. Keep the family resemblance to the style reference but vary crop, focal side, layering and thematic element so adjacent beats are not monotonous.

SUBTITLE SAFE — HARD: bottom 22% of the frame must remain visually quiet. No main text, support text, faces, evidence, source label, legal qualifier, map point or diagram node in that lower band.

TEXT — HARD: generate only MAIN TEXT, optional SUPPORT TEXT, and at most one short factual source/date/role label. No decorative microcopy. No invented legal/status language. No long body text. No gibberish.

LEGAL/FACTUAL LOCK: $55.7M is the announced civil settlement package, not a judgment or eBay-only payment.

REJECT IF: style-reference subject leaks into the scene; wrong source appears; full dense document is reproduced; pseudo-text appears; source is missing; important content enters subtitle band; red dominates; layout becomes a card-grid/dashboard; horror/tabloid treatment appears; a legal status or amount is changed.

OUTPUT: one finished montage-ready still that matches this exact beat and can be cut directly under the narration.",R6_READY_FOR_REVIEW_NOT_AUTHORIZED_FOR_GENERATION
B096,S11,801.740,812.020,EDITOR_GFX_SOURCE_BACKED,T04,R5_STYLE_DOSSIER,3f30e1ef-3a0e-4158-914f-70bb25fa30a4,FACTUAL_SOURCES_FIRST__STYLE_REFERENCE_LAST,EBAY_HQ_2018_CC_BY_SA.jpg;LIVE_MOAKLEY_COURTHOUSE_CC0.jpg,S020_D986_STIPULATION_DISMISSAL.pdf,EBAY_HQ_2018_CC_BY_SA.jpg: attach directly as factual visual source; preserve recognizable source identity. LIVE_MOAKLEY_COURTHOUSE_CC0.jpg: attach directly as factual visual source; preserve recognizable source identity.,EBAY — $6M • WENIG — $1M,,large money figure centered high; supporting source image in a bordered panel behind/right; one clipped legal caveat card; thin red underline; generous black negative space,"BEAT B096 — FINAL 16:9 WHAT IT COST STILL
ROUTE: EDITOR_GFX_SOURCE_BACKED
FAMILY: T04
SCRIPT: ""Separately, eBay committed six million dollars to nonprofit organizations, and Wenig committed one million dollars to a First Amendment-focused charity in Ina Steiner's name.""
MAIN TEXT: ""EBAY — $6M • WENIG — $1M""

FACTUAL SOURCE IMAGES TO ATTACH FIRST: EBAY_HQ_2018_CC_BY_SA.jpg; LIVE_MOAKLEY_COURTHOUSE_CC0.jpg.
SOURCE PREP: EBAY_HQ_2018_CC_BY_SA.jpg: attach directly as factual visual source; preserve recognizable source identity. LIVE_MOAKLEY_COURTHOUSE_CC0.jpg: attach directly as factual visual source; preserve recognizable source identity.
SOURCE-OF-TRUTH DOCS — DO NOT ATTACH RAW TO THE MODEL: S020_D986_STIPULATION_DISMISSAL.pdf. They support factual wording only; use an existing/tight prepared image excerpt instead.

STYLE REFERENCE TO ATTACH LAST: R5_STYLE_DOSSIER, media_id 3f30e1ef-3a0e-4158-914f-70bb25fa30a4.
REFERENCE PRIORITY — HARD: (1) locked narration and exact text, (2) FACTUAL SOURCE images, (3) STYLE REFERENCE last. If the style reference contains a person, object, logo, document, place, quote, or evidence subject not present in the factual sources for this beat, IGNORE IT COMPLETELY. The style reference is NON-FACTUAL and may contribute ONLY palette, typography scale, paper layering, texture, spacing, framing, line weight and restrained red-accent language. NEVER copy its pig mask, building, map, office, legal note, headline wording or any other subject matter unless that same subject is also in the factual source list for this beat.

COMPOSITION: large money figure centered high; supporting source image in a bordered panel behind/right; one clipped legal caveat card; thin red underline; generous black negative space
FINAL IMAGE REQUIREMENT: the factual source material above must already be visibly integrated in the finished frame. No empty placeholder, no later source-insertion pass, no invented substitute evidence. Preserve the identity of real photos/evidence. For document/message material, show only the prepared short authentic excerpt; never rebuild a full page of text.

CHANNEL LOOK: premium investigative business documentary; textured black/charcoal field, warm paper surfaces, large condensed paper-white headline, restrained signal-red accent, thin editorial rules, file/tab/clip details only when relevant, authentic-source-first hierarchy. Keep the family resemblance to the style reference but vary crop, focal side, layering and thematic element so adjacent beats are not monotonous.

SUBTITLE SAFE — HARD: bottom 22% of the frame must remain visually quiet. No main text, support text, faces, evidence, source label, legal qualifier, map point or diagram node in that lower band.

TEXT — HARD: generate only MAIN TEXT, optional SUPPORT TEXT, and at most one short factual source/date/role label. No decorative microcopy. No invented legal/status language. No long body text. No gibberish.

LEGAL/FACTUAL LOCK: $55.7M is the announced civil settlement package, not a judgment or eBay-only payment.

REJECT IF: style-reference subject leaks into the scene; wrong source appears; full dense document is reproduced; pseudo-text appears; source is missing; important content enters subtitle band; red dominates; layout becomes a card-grid/dashboard; horror/tabloid treatment appears; a legal status or amount is changed.

OUTPUT: one finished montage-ready still that matches this exact beat and can be cut directly under the narration.",R6_READY_FOR_REVIEW_NOT_AUTHORIZED_FOR_GENERATION
B097,S11,812.780,815.940,EDITOR_GFX_SOURCE_BACKED,T04,R5_STYLE_DOSSIER,3f30e1ef-3a0e-4158-914f-70bb25fa30a4,FACTUAL_SOURCES_FIRST__STYLE_REFERENCE_LAST,EBAY_HQ_2018_CC_BY_SA.jpg;LIVE_MOAKLEY_COURTHOUSE_CC0.jpg,S020_D986_STIPULATION_DISMISSAL.pdf,EBAY_HQ_2018_CC_BY_SA.jpg: attach directly as factual visual source; preserve recognizable source identity. LIVE_MOAKLEY_COURTHOUSE_CC0.jpg: attach directly as factual visual source; preserve recognizable source identity.,$48.7M + $7M = $55.7M,,asymmetrical settlement sheet: amount and short label left; authentic filing/company context right; one paper tab with exact legal qualifier; no extra numbers,"BEAT B097 — FINAL 16:9 WHAT IT COST STILL
ROUTE: EDITOR_GFX_SOURCE_BACKED
FAMILY: T04
SCRIPT: ""That is how the total reached fifty-five-point-seven million.""
MAIN TEXT: ""$48.7M + $7M = $55.7M""

FACTUAL SOURCE IMAGES TO ATTACH FIRST: EBAY_HQ_2018_CC_BY_SA.jpg; LIVE_MOAKLEY_COURTHOUSE_CC0.jpg.
SOURCE PREP: EBAY_HQ_2018_CC_BY_SA.jpg: attach directly as factual visual source; preserve recognizable source identity. LIVE_MOAKLEY_COURTHOUSE_CC0.jpg: attach directly as factual visual source; preserve recognizable source identity.
SOURCE-OF-TRUTH DOCS — DO NOT ATTACH RAW TO THE MODEL: S020_D986_STIPULATION_DISMISSAL.pdf. They support factual wording only; use an existing/tight prepared image excerpt instead.

STYLE REFERENCE TO ATTACH LAST: R5_STYLE_DOSSIER, media_id 3f30e1ef-3a0e-4158-914f-70bb25fa30a4.
REFERENCE PRIORITY — HARD: (1) locked narration and exact text, (2) FACTUAL SOURCE images, (3) STYLE REFERENCE last. If the style reference contains a person, object, logo, document, place, quote, or evidence subject not present in the factual sources for this beat, IGNORE IT COMPLETELY. The style reference is NON-FACTUAL and may contribute ONLY palette, typography scale, paper layering, texture, spacing, framing, line weight and restrained red-accent language. NEVER copy its pig mask, building, map, office, legal note, headline wording or any other subject matter unless that same subject is also in the factual source list for this beat.

COMPOSITION: asymmetrical settlement sheet: amount and short label left; authentic filing/company context right; one paper tab with exact legal qualifier; no extra numbers
FINAL IMAGE REQUIREMENT: the factual source material above must already be visibly integrated in the finished frame. No empty placeholder, no later source-insertion pass, no invented substitute evidence. Preserve the identity of real photos/evidence. For document/message material, show only the prepared short authentic excerpt; never rebuild a full page of text.

CHANNEL LOOK: premium investigative business documentary; textured black/charcoal field, warm paper surfaces, large condensed paper-white headline, restrained signal-red accent, thin editorial rules, file/tab/clip details only when relevant, authentic-source-first hierarchy. Keep the family resemblance to the style reference but vary crop, focal side, layering and thematic element so adjacent beats are not monotonous.

SUBTITLE SAFE — HARD: bottom 22% of the frame must remain visually quiet. No main text, support text, faces, evidence, source label, legal qualifier, map point or diagram node in that lower band.

TEXT — HARD: generate only MAIN TEXT, optional SUPPORT TEXT, and at most one short factual source/date/role label. No decorative microcopy. No invented legal/status language. No long body text. No gibberish.

LEGAL/FACTUAL LOCK: $55.7M is the announced civil settlement package, not a judgment or eBay-only payment.

REJECT IF: style-reference subject leaks into the scene; wrong source appears; full dense document is reproduced; pseudo-text appears; source is missing; important content enters subtitle band; red dominates; layout becomes a card-grid/dashboard; horror/tabloid treatment appears; a legal status or amount is changed.

OUTPUT: one finished montage-ready still that matches this exact beat and can be cut directly under the narration.",R6_READY_FOR_REVIEW_NOT_AUTHORIZED_FOR_GENERATION
B098,S11,816.540,825.700,EDITOR_GFX_SOURCE_BACKED,T04,R5_STYLE_DOSSIER,3f30e1ef-3a0e-4158-914f-70bb25fa30a4,FACTUAL_SOURCES_FIRST__STYLE_REFERENCE_LAST,EBAY_HQ_2018_CC_BY_SA.jpg;LIVE_MOAKLEY_COURTHOUSE_CC0.jpg,S020_D986_STIPULATION_DISMISSAL.pdf,EBAY_HQ_2018_CC_BY_SA.jpg: attach directly as factual visual source; preserve recognizable source identity. LIVE_MOAKLEY_COURTHOUSE_CC0.jpg: attach directly as factual visual source; preserve recognizable source identity.,$3M CRIMINAL PENALTY — SEPARATE,,two-column money consequence frame with one large primary amount and one smaller exact component; authentic source strip across top; all typography oversized and deterministic,"BEAT B098 — FINAL 16:9 WHAT IT COST STILL
ROUTE: EDITOR_GFX_SOURCE_BACKED
FAMILY: T04
SCRIPT: ""And that number should not be combined with eBay's separate three-million-dollar criminal penalty and presented as a fifty-eight-point-seven-million-dollar award.""
MAIN TEXT: ""$3M CRIMINAL PENALTY — SEPARATE""

FACTUAL SOURCE IMAGES TO ATTACH FIRST: EBAY_HQ_2018_CC_BY_SA.jpg; LIVE_MOAKLEY_COURTHOUSE_CC0.jpg.
SOURCE PREP: EBAY_HQ_2018_CC_BY_SA.jpg: attach directly as factual visual source; preserve recognizable source identity. LIVE_MOAKLEY_COURTHOUSE_CC0.jpg: attach directly as factual visual source; preserve recognizable source identity.
SOURCE-OF-TRUTH DOCS — DO NOT ATTACH RAW TO THE MODEL: S020_D986_STIPULATION_DISMISSAL.pdf. They support factual wording only; use an existing/tight prepared image excerpt instead.

STYLE REFERENCE TO ATTACH LAST: R5_STYLE_DOSSIER, media_id 3f30e1ef-3a0e-4158-914f-70bb25fa30a4.
REFERENCE PRIORITY — HARD: (1) locked narration and exact text, (2) FACTUAL SOURCE images, (3) STYLE REFERENCE last. If the style reference contains a person, object, logo, document, place, quote, or evidence subject not present in the factual sources for this beat, IGNORE IT COMPLETELY. The style reference is NON-FACTUAL and may contribute ONLY palette, typography scale, paper layering, texture, spacing, framing, line weight and restrained red-accent language. NEVER copy its pig mask, building, map, office, legal note, headline wording or any other subject matter unless that same subject is also in the factual source list for this beat.

COMPOSITION: two-column money consequence frame with one large primary amount and one smaller exact component; authentic source strip across top; all typography oversized and deterministic
FINAL IMAGE REQUIREMENT: the factual source material above must already be visibly integrated in the finished frame. No empty placeholder, no later source-insertion pass, no invented substitute evidence. Preserve the identity of real photos/evidence. For document/message material, show only the prepared short authentic excerpt; never rebuild a full page of text.

CHANNEL LOOK: premium investigative business documentary; textured black/charcoal field, warm paper surfaces, large condensed paper-white headline, restrained signal-red accent, thin editorial rules, file/tab/clip details only when relevant, authentic-source-first hierarchy. Keep the family resemblance to the style reference but vary crop, focal side, layering and thematic element so adjacent beats are not monotonous.

SUBTITLE SAFE — HARD: bottom 22% of the frame must remain visually quiet. No main text, support text, faces, evidence, source label, legal qualifier, map point or diagram node in that lower band.

TEXT — HARD: generate only MAIN TEXT, optional SUPPORT TEXT, and at most one short factual source/date/role label. No decorative microcopy. No invented legal/status language. No long body text. No gibberish.

LEGAL/FACTUAL LOCK: $55.7M is the announced civil settlement package, not a judgment or eBay-only payment. $3M criminal DPA penalty is separate from the $55.7M civil settlement package.

REJECT IF: style-reference subject leaks into the scene; wrong source appears; full dense document is reproduced; pseudo-text appears; source is missing; important content enters subtitle band; red dominates; layout becomes a card-grid/dashboard; horror/tabloid treatment appears; a legal status or amount is changed.

OUTPUT: one finished montage-ready still that matches this exact beat and can be cut directly under the narration.",R6_READY_FOR_REVIEW_NOT_AUTHORIZED_FOR_GENERATION
B099,S11,826.300,827.520,EDITOR_GFX_SOURCE_BACKED,T04,R5_STYLE_DOSSIER,3f30e1ef-3a0e-4158-914f-70bb25fa30a4,FACTUAL_SOURCES_FIRST__STYLE_REFERENCE_LAST,EBAY_HQ_2018_CC_BY_SA.jpg;LIVE_MOAKLEY_COURTHOUSE_CC0.jpg,S020_D986_STIPULATION_DISMISSAL.pdf,EBAY_HQ_2018_CC_BY_SA.jpg: attach directly as factual visual source; preserve recognizable source identity. LIVE_MOAKLEY_COURTHOUSE_CC0.jpg: attach directly as factual visual source; preserve recognizable source identity.,NO $58.7M AWARD,,one dominant exact amount on left or upper-left; authentic source/context crop on right; one narrow allocation/clarifier strip; paper ledger texture and a restrained red marker; no dashboard grid,"BEAT B099 — FINAL 16:9 WHAT IT COST STILL
ROUTE: EDITOR_GFX_SOURCE_BACKED
FAMILY: T04
SCRIPT: ""There was no such award.""
MAIN TEXT: ""NO $58.7M AWARD""

FACTUAL SOURCE IMAGES TO ATTACH FIRST: EBAY_HQ_2018_CC_BY_SA.jpg; LIVE_MOAKLEY_COURTHOUSE_CC0.jpg.
SOURCE PREP: EBAY_HQ_2018_CC_BY_SA.jpg: attach directly as factual visual source; preserve recognizable source identity. LIVE_MOAKLEY_COURTHOUSE_CC0.jpg: attach directly as factual visual source; preserve recognizable source identity.
SOURCE-OF-TRUTH DOCS — DO NOT ATTACH RAW TO THE MODEL: S020_D986_STIPULATION_DISMISSAL.pdf. They support factual wording only; use an existing/tight prepared image excerpt instead.

STYLE REFERENCE TO ATTACH LAST: R5_STYLE_DOSSIER, media_id 3f30e1ef-3a0e-4158-914f-70bb25fa30a4.
REFERENCE PRIORITY — HARD: (1) locked narration and exact text, (2) FACTUAL SOURCE images, (3) STYLE REFERENCE last. If the style reference contains a person, object, logo, document, place, quote, or evidence subject not present in the factual sources for this beat, IGNORE IT COMPLETELY. The style reference is NON-FACTUAL and may contribute ONLY palette, typography scale, paper layering, texture, spacing, framing, line weight and restrained red-accent language. NEVER copy its pig mask, building, map, office, legal note, headline wording or any other subject matter unless that same subject is also in the factual source list for this beat.

COMPOSITION: one dominant exact amount on left or upper-left; authentic source/context crop on right; one narrow allocation/clarifier strip; paper ledger texture and a restrained red marker; no dashboard grid
FINAL IMAGE REQUIREMENT: the factual source material above must already be visibly integrated in the finished frame. No empty placeholder, no later source-insertion pass, no invented substitute evidence. Preserve the identity of real photos/evidence. For document/message material, show only the prepared short authentic excerpt; never rebuild a full page of text.

CHANNEL LOOK: premium investigative business documentary; textured black/charcoal field, warm paper surfaces, large condensed paper-white headline, restrained signal-red accent, thin editorial rules, file/tab/clip details only when relevant, authentic-source-first hierarchy. Keep the family resemblance to the style reference but vary crop, focal side, layering and thematic element so adjacent beats are not monotonous.

SUBTITLE SAFE — HARD: bottom 22% of the frame must remain visually quiet. No main text, support text, faces, evidence, source label, legal qualifier, map point or diagram node in that lower band.

TEXT — HARD: generate only MAIN TEXT, optional SUPPORT TEXT, and at most one short factual source/date/role label. No decorative microcopy. No invented legal/status language. No long body text. No gibberish.

LEGAL/FACTUAL LOCK: $55.7M is the announced civil settlement package, not a judgment or eBay-only payment.

REJECT IF: style-reference subject leaks into the scene; wrong source appears; full dense document is reproduced; pseudo-text appears; source is missing; important content enters subtitle band; red dominates; layout becomes a card-grid/dashboard; horror/tabloid treatment appears; a legal status or amount is changed.

OUTPUT: one finished montage-ready still that matches this exact beat and can be cut directly under the narration.",R6_READY_FOR_REVIEW_NOT_AUTHORIZED_FOR_GENERATION
B100,S11,828.320,838.040,EDITOR_GFX_SOURCE_BACKED,T04,R5_STYLE_DOSSIER,3f30e1ef-3a0e-4158-914f-70bb25fa30a4,FACTUAL_SOURCES_FIRST__STYLE_REFERENCE_LAST,EBAY_HQ_2018_CC_BY_SA.jpg;LIVE_MOAKLEY_COURTHOUSE_CC0.jpg,S020_D986_STIPULATION_DISMISSAL.pdf,EBAY_HQ_2018_CC_BY_SA.jpg: attach directly as factual visual source; preserve recognizable source identity. LIVE_MOAKLEY_COURTHOUSE_CC0.jpg: attach directly as factual visual source; preserve recognizable source identity.,TWO SEPARATE LEGAL TRACKS,,large money figure centered high; supporting source image in a bordered panel behind/right; one clipped legal caveat card; thin red underline; generous black negative space,"BEAT B100 — FINAL 16:9 WHAT IT COST STILL
ROUTE: EDITOR_GFX_SOURCE_BACKED
FAMILY: T04
SCRIPT: ""These were separate legal resolutions with different purposes. One was a federal criminal resolution involving the company. The other was the final civil settlement package.""
MAIN TEXT: ""TWO SEPARATE LEGAL TRACKS""

FACTUAL SOURCE IMAGES TO ATTACH FIRST: EBAY_HQ_2018_CC_BY_SA.jpg; LIVE_MOAKLEY_COURTHOUSE_CC0.jpg.
SOURCE PREP: EBAY_HQ_2018_CC_BY_SA.jpg: attach directly as factual visual source; preserve recognizable source identity. LIVE_MOAKLEY_COURTHOUSE_CC0.jpg: attach directly as factual visual source; preserve recognizable source identity.
SOURCE-OF-TRUTH DOCS — DO NOT ATTACH RAW TO THE MODEL: S020_D986_STIPULATION_DISMISSAL.pdf. They support factual wording only; use an existing/tight prepared image excerpt instead.

STYLE REFERENCE TO ATTACH LAST: R5_STYLE_DOSSIER, media_id 3f30e1ef-3a0e-4158-914f-70bb25fa30a4.
REFERENCE PRIORITY — HARD: (1) locked narration and exact text, (2) FACTUAL SOURCE images, (3) STYLE REFERENCE last. If the style reference contains a person, object, logo, document, place, quote, or evidence subject not present in the factual sources for this beat, IGNORE IT COMPLETELY. The style reference is NON-FACTUAL and may contribute ONLY palette, typography scale, paper layering, texture, spacing, framing, line weight and restrained red-accent language. NEVER copy its pig mask, building, map, office, legal note, headline wording or any other subject matter unless that same subject is also in the factual source list for this beat.

COMPOSITION: large money figure centered high; supporting source image in a bordered panel behind/right; one clipped legal caveat card; thin red underline; generous black negative space
FINAL IMAGE REQUIREMENT: the factual source material above must already be visibly integrated in the finished frame. No empty placeholder, no later source-insertion pass, no invented substitute evidence. Preserve the identity of real photos/evidence. For document/message material, show only the prepared short authentic excerpt; never rebuild a full page of text.

CHANNEL LOOK: premium investigative business documentary; textured black/charcoal field, warm paper surfaces, large condensed paper-white headline, restrained signal-red accent, thin editorial rules, file/tab/clip details only when relevant, authentic-source-first hierarchy. Keep the family resemblance to the style reference but vary crop, focal side, layering and thematic element so adjacent beats are not monotonous.

SUBTITLE SAFE — HARD: bottom 22% of the frame must remain visually quiet. No main text, support text, faces, evidence, source label, legal qualifier, map point or diagram node in that lower band.

TEXT — HARD: generate only MAIN TEXT, optional SUPPORT TEXT, and at most one short factual source/date/role label. No decorative microcopy. No invented legal/status language. No long body text. No gibberish.

LEGAL/FACTUAL LOCK: $55.7M is the announced civil settlement package, not a judgment or eBay-only payment.

REJECT IF: style-reference subject leaks into the scene; wrong source appears; full dense document is reproduced; pseudo-text appears; source is missing; important content enters subtitle band; red dominates; layout becomes a card-grid/dashboard; horror/tabloid treatment appears; a legal status or amount is changed.

OUTPUT: one finished montage-ready still that matches this exact beat and can be cut directly under the narration.",R6_READY_FOR_REVIEW_NOT_AUTHORIZED_FOR_GENERATION
B101,S11,838.820,843.700,EDITOR_GFX_SOURCE_BACKED,T04,R5_STYLE_DOSSIER,3f30e1ef-3a0e-4158-914f-70bb25fa30a4,FACTUAL_SOURCES_FIRST__STYLE_REFERENCE_LAST,EBAY_HQ_2018_CC_BY_SA.jpg;LIVE_MOAKLEY_COURTHOUSE_CC0.jpg,S020_D986_STIPULATION_DISMISSAL.pdf,EBAY_HQ_2018_CC_BY_SA.jpg: attach directly as factual visual source; preserve recognizable source identity. LIVE_MOAKLEY_COURTHOUSE_CC0.jpg: attach directly as factual visual source; preserve recognizable source identity.,COST ACCUMULATED OVER YEARS,,asymmetrical settlement sheet: amount and short label left; authentic filing/company context right; one paper tab with exact legal qualifier; no extra numbers,"BEAT B101 — FINAL 16:9 WHAT IT COST STILL
ROUTE: EDITOR_GFX_SOURCE_BACKED
FAMILY: T04
SCRIPT: ""The cost did not arrive in one courtroom on one day. It accumulated over years.""
MAIN TEXT: ""COST ACCUMULATED OVER YEARS""

FACTUAL SOURCE IMAGES TO ATTACH FIRST: EBAY_HQ_2018_CC_BY_SA.jpg; LIVE_MOAKLEY_COURTHOUSE_CC0.jpg.
SOURCE PREP: EBAY_HQ_2018_CC_BY_SA.jpg: attach directly as factual visual source; preserve recognizable source identity. LIVE_MOAKLEY_COURTHOUSE_CC0.jpg: attach directly as factual visual source; preserve recognizable source identity.
SOURCE-OF-TRUTH DOCS — DO NOT ATTACH RAW TO THE MODEL: S020_D986_STIPULATION_DISMISSAL.pdf. They support factual wording only; use an existing/tight prepared image excerpt instead.

STYLE REFERENCE TO ATTACH LAST: R5_STYLE_DOSSIER, media_id 3f30e1ef-3a0e-4158-914f-70bb25fa30a4.
REFERENCE PRIORITY — HARD: (1) locked narration and exact text, (2) FACTUAL SOURCE images, (3) STYLE REFERENCE last. If the style reference contains a person, object, logo, document, place, quote, or evidence subject not present in the factual sources for this beat, IGNORE IT COMPLETELY. The style reference is NON-FACTUAL and may contribute ONLY palette, typography scale, paper layering, texture, spacing, framing, line weight and restrained red-accent language. NEVER copy its pig mask, building, map, office, legal note, headline wording or any other subject matter unless that same subject is also in the factual source list for this beat.

COMPOSITION: asymmetrical settlement sheet: amount and short label left; authentic filing/company context right; one paper tab with exact legal qualifier; no extra numbers
FINAL IMAGE REQUIREMENT: the factual source material above must already be visibly integrated in the finished frame. No empty placeholder, no later source-insertion pass, no invented substitute evidence. Preserve the identity of real photos/evidence. For document/message material, show only the prepared short authentic excerpt; never rebuild a full page of text.

CHANNEL LOOK: premium investigative business documentary; textured black/charcoal field, warm paper surfaces, large condensed paper-white headline, restrained signal-red accent, thin editorial rules, file/tab/clip details only when relevant, authentic-source-first hierarchy. Keep the family resemblance to the style reference but vary crop, focal side, layering and thematic element so adjacent beats are not monotonous.

SUBTITLE SAFE — HARD: bottom 22% of the frame must remain visually quiet. No main text, support text, faces, evidence, source label, legal qualifier, map point or diagram node in that lower band.

TEXT — HARD: generate only MAIN TEXT, optional SUPPORT TEXT, and at most one short factual source/date/role label. No decorative microcopy. No invented legal/status language. No long body text. No gibberish.

LEGAL/FACTUAL LOCK: $55.7M is the announced civil settlement package, not a judgment or eBay-only payment.

REJECT IF: style-reference subject leaks into the scene; wrong source appears; full dense document is reproduced; pseudo-text appears; source is missing; important content enters subtitle band; red dominates; layout becomes a card-grid/dashboard; horror/tabloid treatment appears; a legal status or amount is changed.

OUTPUT: one finished montage-ready still that matches this exact beat and can be cut directly under the narration.",R6_READY_FOR_REVIEW_NOT_AUTHORIZED_FOR_GENERATION
B102,S12,844.600,854.500,SOURCE_STYLED_GENERATION,T06,R5_STYLE_MAP_LOCATION,aeaf1ee7-3e3d-42ba-b137-7eaa2218685e,FACTUAL_SOURCES_FIRST__STYLE_REFERENCE_LAST,EBAY_HQ_2018_CC_BY_SA.jpg,S013_EBAY_2026_SETTLEMENT_STATEMENT_REFERENCE.html,EBAY_HQ_2018_CC_BY_SA.jpg: attach directly as factual visual source; preserve recognizable source identity.,EBAY APOLOGIZED,,"single temporal pivot frame: date card left, authentic source image right, one small next-step cue; black paper texture and restrained red underline","BEAT B102 — FINAL 16:9 WHAT IT COST STILL
ROUTE: SOURCE_STYLED_GENERATION
FAMILY: T06
SCRIPT: ""In its July twenty twenty-six statement, eBay apologized to Ina and David Steiner. The company called the conduct of the former employees wrong and reprehensible.""
MAIN TEXT: ""EBAY APOLOGIZED""

FACTUAL SOURCE IMAGES TO ATTACH FIRST: EBAY_HQ_2018_CC_BY_SA.jpg.
SOURCE PREP: EBAY_HQ_2018_CC_BY_SA.jpg: attach directly as factual visual source; preserve recognizable source identity.
SOURCE-OF-TRUTH DOCS — DO NOT ATTACH RAW TO THE MODEL: S013_EBAY_2026_SETTLEMENT_STATEMENT_REFERENCE.html. They support factual wording only; use an existing/tight prepared image excerpt instead.

STYLE REFERENCE TO ATTACH LAST: R5_STYLE_MAP_LOCATION, media_id aeaf1ee7-3e3d-42ba-b137-7eaa2218685e.
REFERENCE PRIORITY — HARD: (1) locked narration and exact text, (2) FACTUAL SOURCE images, (3) STYLE REFERENCE last. If the style reference contains a person, object, logo, document, place, quote, or evidence subject not present in the factual sources for this beat, IGNORE IT COMPLETELY. The style reference is NON-FACTUAL and may contribute ONLY palette, typography scale, paper layering, texture, spacing, framing, line weight and restrained red-accent language. NEVER copy its pig mask, building, map, office, legal note, headline wording or any other subject matter unless that same subject is also in the factual source list for this beat.

COMPOSITION: single temporal pivot frame: date card left, authentic source image right, one small next-step cue; black paper texture and restrained red underline
FINAL IMAGE REQUIREMENT: the factual source material above must already be visibly integrated in the finished frame. No empty placeholder, no later source-insertion pass, no invented substitute evidence. Preserve the identity of real photos/evidence. For document/message material, show only the prepared short authentic excerpt; never rebuild a full page of text.

CHANNEL LOOK: premium investigative business documentary; textured black/charcoal field, warm paper surfaces, large condensed paper-white headline, restrained signal-red accent, thin editorial rules, file/tab/clip details only when relevant, authentic-source-first hierarchy. Keep the family resemblance to the style reference but vary crop, focal side, layering and thematic element so adjacent beats are not monotonous.

SUBTITLE SAFE — HARD: bottom 22% of the frame must remain visually quiet. No main text, support text, faces, evidence, source label, legal qualifier, map point or diagram node in that lower band.

TEXT — HARD: generate only MAIN TEXT, optional SUPPORT TEXT, and at most one short factual source/date/role label. No decorative microcopy. No invented legal/status language. No long body text. No gibberish.

LEGAL/FACTUAL LOCK: None beyond the locked narration.

REJECT IF: style-reference subject leaks into the scene; wrong source appears; full dense document is reproduced; pseudo-text appears; source is missing; important content enters subtitle band; red dominates; layout becomes a card-grid/dashboard; horror/tabloid treatment appears; a legal status or amount is changed.

OUTPUT: one finished montage-ready still that matches this exact beat and can be cut directly under the narration.",R6_READY_FOR_REVIEW_NOT_AUTHORIZED_FOR_GENERATION
B103,S12,855.180,861.280,SOURCE_STYLED_GENERATION,T02,R5_STYLE_DOSSIER,3f30e1ef-3a0e-4158-914f-70bb25fa30a4,FACTUAL_SOURCES_FIRST__STYLE_REFERENCE_LAST,EBAY_HQ_2018_CC_BY_SA.jpg,S013_EBAY_2026_SETTLEMENT_STATEMENT_REFERENCE.html,EBAY_HQ_2018_CC_BY_SA.jpg: attach directly as factual visual source; preserve recognizable source identity.,UNPROFESSIONAL COMMUNICATIONS,,stacked headline on left 30%; large real photo or source portrait in a paper frame center; narrow clipped status note on right; red tape strip above; subtle file-folder edge,"BEAT B103 — FINAL 16:9 WHAT IT COST STILL
ROUTE: SOURCE_STYLED_GENERATION
FAMILY: T02
SCRIPT: ""It also acknowledged what it described as unprofessional communications involving Wenig, Wymer and Jones.""
MAIN TEXT: ""UNPROFESSIONAL COMMUNICATIONS""

FACTUAL SOURCE IMAGES TO ATTACH FIRST: EBAY_HQ_2018_CC_BY_SA.jpg.
SOURCE PREP: EBAY_HQ_2018_CC_BY_SA.jpg: attach directly as factual visual source; preserve recognizable source identity.
SOURCE-OF-TRUTH DOCS — DO NOT ATTACH RAW TO THE MODEL: S013_EBAY_2026_SETTLEMENT_STATEMENT_REFERENCE.html. They support factual wording only; use an existing/tight prepared image excerpt instead.

STYLE REFERENCE TO ATTACH LAST: R5_STYLE_DOSSIER, media_id 3f30e1ef-3a0e-4158-914f-70bb25fa30a4.
REFERENCE PRIORITY — HARD: (1) locked narration and exact text, (2) FACTUAL SOURCE images, (3) STYLE REFERENCE last. If the style reference contains a person, object, logo, document, place, quote, or evidence subject not present in the factual sources for this beat, IGNORE IT COMPLETELY. The style reference is NON-FACTUAL and may contribute ONLY palette, typography scale, paper layering, texture, spacing, framing, line weight and restrained red-accent language. NEVER copy its pig mask, building, map, office, legal note, headline wording or any other subject matter unless that same subject is also in the factual source list for this beat.

COMPOSITION: stacked headline on left 30%; large real photo or source portrait in a paper frame center; narrow clipped status note on right; red tape strip above; subtle file-folder edge
FINAL IMAGE REQUIREMENT: the factual source material above must already be visibly integrated in the finished frame. No empty placeholder, no later source-insertion pass, no invented substitute evidence. Preserve the identity of real photos/evidence. For document/message material, show only the prepared short authentic excerpt; never rebuild a full page of text.

CHANNEL LOOK: premium investigative business documentary; textured black/charcoal field, warm paper surfaces, large condensed paper-white headline, restrained signal-red accent, thin editorial rules, file/tab/clip details only when relevant, authentic-source-first hierarchy. Keep the family resemblance to the style reference but vary crop, focal side, layering and thematic element so adjacent beats are not monotonous.

SUBTITLE SAFE — HARD: bottom 22% of the frame must remain visually quiet. No main text, support text, faces, evidence, source label, legal qualifier, map point or diagram node in that lower band.

TEXT — HARD: generate only MAIN TEXT, optional SUPPORT TEXT, and at most one short factual source/date/role label. No decorative microcopy. No invented legal/status language. No long body text. No gibberish.

LEGAL/FACTUAL LOCK: None beyond the locked narration.

REJECT IF: style-reference subject leaks into the scene; wrong source appears; full dense document is reproduced; pseudo-text appears; source is missing; important content enters subtitle band; red dominates; layout becomes a card-grid/dashboard; horror/tabloid treatment appears; a legal status or amount is changed.

OUTPUT: one finished montage-ready still that matches this exact beat and can be cut directly under the narration.",R6_READY_FOR_REVIEW_NOT_AUTHORIZED_FOR_GENERATION
B104,S12,862.240,869.060,HYBRID_SOURCE_EDITORIAL,T03,R5_STYLE_DOSSIER,3f30e1ef-3a0e-4158-914f-70bb25fa30a4,FACTUAL_SOURCES_FIRST__STYLE_REFERENCE_LAST,DC010_SUMMARY_JUDGMENT_ORDER.png;LIVE_MOAKLEY_COURTHOUSE_CC0.jpg,,DC010_SUMMARY_JUDGMENT_ORDER.png: BEFORE JOB crop to the one short relevant excerpt/highlight for this beat; do not attach a whole dense text page. LIVE_MOAKLEY_COURTHOUSE_CC0.jpg: attach directly as factual visual source; preserve recognizable source identity.,NO JURY VERDICT ON SURVIVING CLAIMS,,single document crop mounted high-center on warm paper; headline upper-left; one yellow or red highlight over the exact relevant line; small source/date line above subtitle-safe zone,"BEAT B104 — FINAL 16:9 WHAT IT COST STILL
ROUTE: HYBRID_SOURCE_EDITORIAL
FAMILY: T03
SCRIPT: ""But the settlement meant there would be no jury verdict deciding the surviving civil-liability questions against those former executives.""
MAIN TEXT: ""NO JURY VERDICT ON SURVIVING CLAIMS""

FACTUAL SOURCE IMAGES TO ATTACH FIRST: DC010_SUMMARY_JUDGMENT_ORDER.png; LIVE_MOAKLEY_COURTHOUSE_CC0.jpg.
SOURCE PREP: DC010_SUMMARY_JUDGMENT_ORDER.png: BEFORE JOB crop to the one short relevant excerpt/highlight for this beat; do not attach a whole dense text page. LIVE_MOAKLEY_COURTHOUSE_CC0.jpg: attach directly as factual visual source; preserve recognizable source identity.
No raw PDF/HTML input.

STYLE REFERENCE TO ATTACH LAST: R5_STYLE_DOSSIER, media_id 3f30e1ef-3a0e-4158-914f-70bb25fa30a4.
REFERENCE PRIORITY — HARD: (1) locked narration and exact text, (2) FACTUAL SOURCE images, (3) STYLE REFERENCE last. If the style reference contains a person, object, logo, document, place, quote, or evidence subject not present in the factual sources for this beat, IGNORE IT COMPLETELY. The style reference is NON-FACTUAL and may contribute ONLY palette, typography scale, paper layering, texture, spacing, framing, line weight and restrained red-accent language. NEVER copy its pig mask, building, map, office, legal note, headline wording or any other subject matter unless that same subject is also in the factual source list for this beat.

COMPOSITION: single document crop mounted high-center on warm paper; headline upper-left; one yellow or red highlight over the exact relevant line; small source/date line above subtitle-safe zone
FINAL IMAGE REQUIREMENT: the factual source material above must already be visibly integrated in the finished frame. No empty placeholder, no later source-insertion pass, no invented substitute evidence. Preserve the identity of real photos/evidence. For document/message material, show only the prepared short authentic excerpt; never rebuild a full page of text.

CHANNEL LOOK: premium investigative business documentary; textured black/charcoal field, warm paper surfaces, large condensed paper-white headline, restrained signal-red accent, thin editorial rules, file/tab/clip details only when relevant, authentic-source-first hierarchy. Keep the family resemblance to the style reference but vary crop, focal side, layering and thematic element so adjacent beats are not monotonous.

SUBTITLE SAFE — HARD: bottom 22% of the frame must remain visually quiet. No main text, support text, faces, evidence, source label, legal qualifier, map point or diagram node in that lower band.

TEXT — HARD: generate only MAIN TEXT, optional SUPPORT TEXT, and at most one short factual source/date/role label. No decorative microcopy. No invented legal/status language. No long body text. No gibberish.

LEGAL/FACTUAL LOCK: None beyond the locked narration.

REJECT IF: style-reference subject leaks into the scene; wrong source appears; full dense document is reproduced; pseudo-text appears; source is missing; important content enters subtitle band; red dominates; layout becomes a card-grid/dashboard; horror/tabloid treatment appears; a legal status or amount is changed.

OUTPUT: one finished montage-ready still that matches this exact beat and can be cut directly under the narration.",R6_READY_FOR_REVIEW_NOT_AUTHORIZED_FOR_GENERATION
B105,S12,870.120,880.540,SOURCE_STYLED_GENERATION,T01,R5_STYLE_DOSSIER,3f30e1ef-3a0e-4158-914f-70bb25fa30a4,FACTUAL_SOURCES_FIRST__STYLE_REFERENCE_LAST,NATICK_CENTER_2020_CC_BY_SA.jpg;EBAY_HQ_2018_CC_BY_SA.jpg,,NATICK_CENTER_2020_CC_BY_SA.jpg: attach directly as factual visual source; preserve recognizable source identity. EBAY_HQ_2018_CC_BY_SA.jpg: attach directly as factual visual source; preserve recognizable source identity.,PUBLIC RECORD ≠ EVERY QUESTION ANSWERED,,two-source asymmetrical collage: dominant authentic source upper-right and smaller context crop upper-left; headline mid-left; black negative space below; one subtle binder-clip or file-tab element,"BEAT B105 — FINAL 16:9 WHAT IT COST STILL
ROUTE: SOURCE_STYLED_GENERATION
FAMILY: T01
SCRIPT: ""So the ending is not that a court answered every question. It did not. What the public record does show is enough. A small publication criticized a global marketplace.""
MAIN TEXT: ""PUBLIC RECORD ≠ EVERY QUESTION ANSWERED""

FACTUAL SOURCE IMAGES TO ATTACH FIRST: NATICK_CENTER_2020_CC_BY_SA.jpg; EBAY_HQ_2018_CC_BY_SA.jpg.
SOURCE PREP: NATICK_CENTER_2020_CC_BY_SA.jpg: attach directly as factual visual source; preserve recognizable source identity. EBAY_HQ_2018_CC_BY_SA.jpg: attach directly as factual visual source; preserve recognizable source identity.
No raw PDF/HTML input.

STYLE REFERENCE TO ATTACH LAST: R5_STYLE_DOSSIER, media_id 3f30e1ef-3a0e-4158-914f-70bb25fa30a4.
REFERENCE PRIORITY — HARD: (1) locked narration and exact text, (2) FACTUAL SOURCE images, (3) STYLE REFERENCE last. If the style reference contains a person, object, logo, document, place, quote, or evidence subject not present in the factual sources for this beat, IGNORE IT COMPLETELY. The style reference is NON-FACTUAL and may contribute ONLY palette, typography scale, paper layering, texture, spacing, framing, line weight and restrained red-accent language. NEVER copy its pig mask, building, map, office, legal note, headline wording or any other subject matter unless that same subject is also in the factual source list for this beat.

COMPOSITION: two-source asymmetrical collage: dominant authentic source upper-right and smaller context crop upper-left; headline mid-left; black negative space below; one subtle binder-clip or file-tab element
FINAL IMAGE REQUIREMENT: the factual source material above must already be visibly integrated in the finished frame. No empty placeholder, no later source-insertion pass, no invented substitute evidence. Preserve the identity of real photos/evidence. For document/message material, show only the prepared short authentic excerpt; never rebuild a full page of text.

CHANNEL LOOK: premium investigative business documentary; textured black/charcoal field, warm paper surfaces, large condensed paper-white headline, restrained signal-red accent, thin editorial rules, file/tab/clip details only when relevant, authentic-source-first hierarchy. Keep the family resemblance to the style reference but vary crop, focal side, layering and thematic element so adjacent beats are not monotonous.

SUBTITLE SAFE — HARD: bottom 22% of the frame must remain visually quiet. No main text, support text, faces, evidence, source label, legal qualifier, map point or diagram node in that lower band.

TEXT — HARD: generate only MAIN TEXT, optional SUPPORT TEXT, and at most one short factual source/date/role label. No decorative microcopy. No invented legal/status language. No long body text. No gibberish.

LEGAL/FACTUAL LOCK: None beyond the locked narration.

REJECT IF: style-reference subject leaks into the scene; wrong source appears; full dense document is reproduced; pseudo-text appears; source is missing; important content enters subtitle band; red dominates; layout becomes a card-grid/dashboard; horror/tabloid treatment appears; a legal status or amount is changed.

OUTPUT: one finished montage-ready still that matches this exact beat and can be cut directly under the narration.",R6_READY_FOR_REVIEW_NOT_AUTHORIZED_FOR_GENERATION
B106,S12,881.420,888.700,SOURCE_STYLED_GENERATION,T01,R5_STYLE_DOSSIER,3f30e1ef-3a0e-4158-914f-70bb25fa30a4,FACTUAL_SOURCES_FIRST__STYLE_REFERENCE_LAST,DC001_CRUSH_THIS_LADY.png;DC003_TAKE_HER_DOWN.png;EBAY_HQ_2018_CC_BY_SA.jpg,,DC001_CRUSH_THIS_LADY.png: BEFORE JOB crop to the one short relevant excerpt/highlight for this beat; do not attach a whole dense text page. DC003_TAKE_HER_DOWN.png: BEFORE JOB crop to the one short relevant excerpt/highlight for this beat; do not attach a whole dense text page. EBAY_HQ_2018_CC_BY_SA.jpg: attach directly as factual visual source; preserve recognizable source identity.,CRITICISM → CORPORATE SECURITY,,full-width source strip across upper 60%; headline block at lower-left but entirely above subtitle-safe band; one tiny source/date tag; restrained paper edge and red tick,"BEAT B106 — FINAL 16:9 WHAT IT COST STILL
ROUTE: SOURCE_STYLED_GENERATION
FAMILY: T01
SCRIPT: ""Inside eBay, that criticism generated escalating internal hostility. The issue moved into corporate security.""
MAIN TEXT: ""CRITICISM → CORPORATE SECURITY""

FACTUAL SOURCE IMAGES TO ATTACH FIRST: DC001_CRUSH_THIS_LADY.png; DC003_TAKE_HER_DOWN.png; EBAY_HQ_2018_CC_BY_SA.jpg.
SOURCE PREP: DC001_CRUSH_THIS_LADY.png: BEFORE JOB crop to the one short relevant excerpt/highlight for this beat; do not attach a whole dense text page. DC003_TAKE_HER_DOWN.png: BEFORE JOB crop to the one short relevant excerpt/highlight for this beat; do not attach a whole dense text page. EBAY_HQ_2018_CC_BY_SA.jpg: attach directly as factual visual source; preserve recognizable source identity.
No raw PDF/HTML input.

STYLE REFERENCE TO ATTACH LAST: R5_STYLE_DOSSIER, media_id 3f30e1ef-3a0e-4158-914f-70bb25fa30a4.
REFERENCE PRIORITY — HARD: (1) locked narration and exact text, (2) FACTUAL SOURCE images, (3) STYLE REFERENCE last. If the style reference contains a person, object, logo, document, place, quote, or evidence subject not present in the factual sources for this beat, IGNORE IT COMPLETELY. The style reference is NON-FACTUAL and may contribute ONLY palette, typography scale, paper layering, texture, spacing, framing, line weight and restrained red-accent language. NEVER copy its pig mask, building, map, office, legal note, headline wording or any other subject matter unless that same subject is also in the factual source list for this beat.

COMPOSITION: full-width source strip across upper 60%; headline block at lower-left but entirely above subtitle-safe band; one tiny source/date tag; restrained paper edge and red tick
FINAL IMAGE REQUIREMENT: the factual source material above must already be visibly integrated in the finished frame. No empty placeholder, no later source-insertion pass, no invented substitute evidence. Preserve the identity of real photos/evidence. For document/message material, show only the prepared short authentic excerpt; never rebuild a full page of text.

CHANNEL LOOK: premium investigative business documentary; textured black/charcoal field, warm paper surfaces, large condensed paper-white headline, restrained signal-red accent, thin editorial rules, file/tab/clip details only when relevant, authentic-source-first hierarchy. Keep the family resemblance to the style reference but vary crop, focal side, layering and thematic element so adjacent beats are not monotonous.

SUBTITLE SAFE — HARD: bottom 22% of the frame must remain visually quiet. No main text, support text, faces, evidence, source label, legal qualifier, map point or diagram node in that lower band.

TEXT — HARD: generate only MAIN TEXT, optional SUPPORT TEXT, and at most one short factual source/date/role label. No decorative microcopy. No invented legal/status language. No long body text. No gibberish.

LEGAL/FACTUAL LOCK: None beyond the locked narration.

REJECT IF: style-reference subject leaks into the scene; wrong source appears; full dense document is reproduced; pseudo-text appears; source is missing; important content enters subtitle band; red dominates; layout becomes a card-grid/dashboard; horror/tabloid treatment appears; a legal status or amount is changed.

OUTPUT: one finished montage-ready still that matches this exact beat and can be cut directly under the narration.",R6_READY_FOR_REVIEW_NOT_AUTHORIZED_FOR_GENERATION
B107,S12,889.200,897.020,SOURCE_STYLED_GENERATION,T06,R5_STYLE_MAP_LOCATION,aeaf1ee7-3e3d-42ba-b137-7eaa2218685e,FACTUAL_SOURCES_FIRST__STYLE_REFERENCE_LAST,DOJ_FBI_PIG_MASK_AND_BOOK.jpg;GENERIC_GPS_TRACKER_CC0.jpg;DC023_OBSTRUCTION_DELETION.png,,DOJ_FBI_PIG_MASK_AND_BOOK.jpg: attach directly as factual visual source; preserve recognizable source identity. GENERIC_GPS_TRACKER_CC0.jpg: attach directly as factual visual source; preserve recognizable source identity. DC023_OBSTRUCTION_DELETION.png: BEFORE JOB crop to the one short relevant excerpt/highlight for this beat; do not attach a whole dense text page.,HARASSMENT • SURVEILLANCE • OBSTRUCTION,,horizontal date spine across upper third with 2–3 verified event markers; one real source/photo anchor right; headline left; folder tab and restrained red progress line,"BEAT B107 — FINAL 16:9 WHAT IT COST STILL
ROUTE: SOURCE_STYLED_GENERATION
FAMILY: T06
SCRIPT: ""Security personnel planned and carried out harassment and surveillance. When police began investigating, the problem expanded into obstruction.""
MAIN TEXT: ""HARASSMENT • SURVEILLANCE • OBSTRUCTION""

FACTUAL SOURCE IMAGES TO ATTACH FIRST: DOJ_FBI_PIG_MASK_AND_BOOK.jpg; GENERIC_GPS_TRACKER_CC0.jpg; DC023_OBSTRUCTION_DELETION.png.
SOURCE PREP: DOJ_FBI_PIG_MASK_AND_BOOK.jpg: attach directly as factual visual source; preserve recognizable source identity. GENERIC_GPS_TRACKER_CC0.jpg: attach directly as factual visual source; preserve recognizable source identity. DC023_OBSTRUCTION_DELETION.png: BEFORE JOB crop to the one short relevant excerpt/highlight for this beat; do not attach a whole dense text page.
No raw PDF/HTML input.

STYLE REFERENCE TO ATTACH LAST: R5_STYLE_MAP_LOCATION, media_id aeaf1ee7-3e3d-42ba-b137-7eaa2218685e.
REFERENCE PRIORITY — HARD: (1) locked narration and exact text, (2) FACTUAL SOURCE images, (3) STYLE REFERENCE last. If the style reference contains a person, object, logo, document, place, quote, or evidence subject not present in the factual sources for this beat, IGNORE IT COMPLETELY. The style reference is NON-FACTUAL and may contribute ONLY palette, typography scale, paper layering, texture, spacing, framing, line weight and restrained red-accent language. NEVER copy its pig mask, building, map, office, legal note, headline wording or any other subject matter unless that same subject is also in the factual source list for this beat.

COMPOSITION: horizontal date spine across upper third with 2–3 verified event markers; one real source/photo anchor right; headline left; folder tab and restrained red progress line
FINAL IMAGE REQUIREMENT: the factual source material above must already be visibly integrated in the finished frame. No empty placeholder, no later source-insertion pass, no invented substitute evidence. Preserve the identity of real photos/evidence. For document/message material, show only the prepared short authentic excerpt; never rebuild a full page of text.

CHANNEL LOOK: premium investigative business documentary; textured black/charcoal field, warm paper surfaces, large condensed paper-white headline, restrained signal-red accent, thin editorial rules, file/tab/clip details only when relevant, authentic-source-first hierarchy. Keep the family resemblance to the style reference but vary crop, focal side, layering and thematic element so adjacent beats are not monotonous.

SUBTITLE SAFE — HARD: bottom 22% of the frame must remain visually quiet. No main text, support text, faces, evidence, source label, legal qualifier, map point or diagram node in that lower band.

TEXT — HARD: generate only MAIN TEXT, optional SUPPORT TEXT, and at most one short factual source/date/role label. No decorative microcopy. No invented legal/status language. No long body text. No gibberish.

LEGAL/FACTUAL LOCK: None beyond the locked narration.

REJECT IF: style-reference subject leaks into the scene; wrong source appears; full dense document is reproduced; pseudo-text appears; source is missing; important content enters subtitle band; red dominates; layout becomes a card-grid/dashboard; horror/tabloid treatment appears; a legal status or amount is changed.

OUTPUT: one finished montage-ready still that matches this exact beat and can be cut directly under the narration.",R6_READY_FOR_REVIEW_NOT_AUTHORIZED_FOR_GENERATION
B108,S12,897.900,900.400,HYBRID_SOURCE_EDITORIAL,T07,R5_STYLE_DOSSIER,3f30e1ef-3a0e-4158-914f-70bb25fa30a4,FACTUAL_SOURCES_FIRST__STYLE_REFERENCE_LAST,DC011_SEVEN_GUILTY_DOJ.png,,DC011_SEVEN_GUILTY_DOJ.png: BEFORE JOB crop to the one short relevant excerpt/highlight for this beat; do not attach a whole dense text page.,SEVEN GUILTY PLEAS,,one authentic sentencing/plea source panel upper-right; large exact outcome left; smaller supporting participant line beneath; file-tab and red rule,"BEAT B108 — FINAL 16:9 WHAT IT COST STILL
ROUTE: HYBRID_SOURCE_EDITORIAL
FAMILY: T07
SCRIPT: ""Seven prosecuted participants pleaded guilty.""
MAIN TEXT: ""SEVEN GUILTY PLEAS""

FACTUAL SOURCE IMAGES TO ATTACH FIRST: DC011_SEVEN_GUILTY_DOJ.png.
SOURCE PREP: DC011_SEVEN_GUILTY_DOJ.png: BEFORE JOB crop to the one short relevant excerpt/highlight for this beat; do not attach a whole dense text page.
No raw PDF/HTML input.

STYLE REFERENCE TO ATTACH LAST: R5_STYLE_DOSSIER, media_id 3f30e1ef-3a0e-4158-914f-70bb25fa30a4.
REFERENCE PRIORITY — HARD: (1) locked narration and exact text, (2) FACTUAL SOURCE images, (3) STYLE REFERENCE last. If the style reference contains a person, object, logo, document, place, quote, or evidence subject not present in the factual sources for this beat, IGNORE IT COMPLETELY. The style reference is NON-FACTUAL and may contribute ONLY palette, typography scale, paper layering, texture, spacing, framing, line weight and restrained red-accent language. NEVER copy its pig mask, building, map, office, legal note, headline wording or any other subject matter unless that same subject is also in the factual source list for this beat.

COMPOSITION: one authentic sentencing/plea source panel upper-right; large exact outcome left; smaller supporting participant line beneath; file-tab and red rule
FINAL IMAGE REQUIREMENT: the factual source material above must already be visibly integrated in the finished frame. No empty placeholder, no later source-insertion pass, no invented substitute evidence. Preserve the identity of real photos/evidence. For document/message material, show only the prepared short authentic excerpt; never rebuild a full page of text.

CHANNEL LOOK: premium investigative business documentary; textured black/charcoal field, warm paper surfaces, large condensed paper-white headline, restrained signal-red accent, thin editorial rules, file/tab/clip details only when relevant, authentic-source-first hierarchy. Keep the family resemblance to the style reference but vary crop, focal side, layering and thematic element so adjacent beats are not monotonous.

SUBTITLE SAFE — HARD: bottom 22% of the frame must remain visually quiet. No main text, support text, faces, evidence, source label, legal qualifier, map point or diagram node in that lower band.

TEXT — HARD: generate only MAIN TEXT, optional SUPPORT TEXT, and at most one short factual source/date/role label. No decorative microcopy. No invented legal/status language. No long body text. No gibberish.

LEGAL/FACTUAL LOCK: None beyond the locked narration.

REJECT IF: style-reference subject leaks into the scene; wrong source appears; full dense document is reproduced; pseudo-text appears; source is missing; important content enters subtitle band; red dominates; layout becomes a card-grid/dashboard; horror/tabloid treatment appears; a legal status or amount is changed.

OUTPUT: one finished montage-ready still that matches this exact beat and can be cut directly under the narration.",R6_READY_FOR_REVIEW_NOT_AUTHORIZED_FOR_GENERATION
B109,S12,901.260,911.140,HYBRID_SOURCE_EDITORIAL,T04,R5_STYLE_DOSSIER,3f30e1ef-3a0e-4158-914f-70bb25fa30a4,FACTUAL_SOURCES_FIRST__STYLE_REFERENCE_LAST,DC015_DPA_CRIMINAL_PENALTY.png;DC016_DPA_COMPLIANCE_MONITOR.png;EBAY_HQ_2018_CC_BY_SA.jpg,,DC015_DPA_CRIMINAL_PENALTY.png: BEFORE JOB crop to the one short relevant excerpt/highlight for this beat; do not attach a whole dense text page. DC016_DPA_COMPLIANCE_MONITOR.png: BEFORE JOB crop to the one short relevant excerpt/highlight for this beat; do not attach a whole dense text page. EBAY_HQ_2018_CC_BY_SA.jpg: attach directly as factual visual source; preserve recognizable source identity.,$3M PENALTY • INDEPENDENT MONITOR,,asymmetrical settlement sheet: amount and short label left; authentic filing/company context right; one paper tab with exact legal qualifier; no extra numbers,"BEAT B109 — FINAL 16:9 WHAT IT COST STILL
ROUTE: HYBRID_SOURCE_EDITORIAL
FAMILY: T04
SCRIPT: ""eBay itself later entered a federal deferred prosecution agreement, admitted detailed facts, paid a three-million-dollar criminal penalty, and accepted an independent monitor.""
MAIN TEXT: ""$3M PENALTY • INDEPENDENT MONITOR""

FACTUAL SOURCE IMAGES TO ATTACH FIRST: DC015_DPA_CRIMINAL_PENALTY.png; DC016_DPA_COMPLIANCE_MONITOR.png; EBAY_HQ_2018_CC_BY_SA.jpg.
SOURCE PREP: DC015_DPA_CRIMINAL_PENALTY.png: BEFORE JOB crop to the one short relevant excerpt/highlight for this beat; do not attach a whole dense text page. DC016_DPA_COMPLIANCE_MONITOR.png: BEFORE JOB crop to the one short relevant excerpt/highlight for this beat; do not attach a whole dense text page. EBAY_HQ_2018_CC_BY_SA.jpg: attach directly as factual visual source; preserve recognizable source identity.
No raw PDF/HTML input.

STYLE REFERENCE TO ATTACH LAST: R5_STYLE_DOSSIER, media_id 3f30e1ef-3a0e-4158-914f-70bb25fa30a4.
REFERENCE PRIORITY — HARD: (1) locked narration and exact text, (2) FACTUAL SOURCE images, (3) STYLE REFERENCE last. If the style reference contains a person, object, logo, document, place, quote, or evidence subject not present in the factual sources for this beat, IGNORE IT COMPLETELY. The style reference is NON-FACTUAL and may contribute ONLY palette, typography scale, paper layering, texture, spacing, framing, line weight and restrained red-accent language. NEVER copy its pig mask, building, map, office, legal note, headline wording or any other subject matter unless that same subject is also in the factual source list for this beat.

COMPOSITION: asymmetrical settlement sheet: amount and short label left; authentic filing/company context right; one paper tab with exact legal qualifier; no extra numbers
FINAL IMAGE REQUIREMENT: the factual source material above must already be visibly integrated in the finished frame. No empty placeholder, no later source-insertion pass, no invented substitute evidence. Preserve the identity of real photos/evidence. For document/message material, show only the prepared short authentic excerpt; never rebuild a full page of text.

CHANNEL LOOK: premium investigative business documentary; textured black/charcoal field, warm paper surfaces, large condensed paper-white headline, restrained signal-red accent, thin editorial rules, file/tab/clip details only when relevant, authentic-source-first hierarchy. Keep the family resemblance to the style reference but vary crop, focal side, layering and thematic element so adjacent beats are not monotonous.

SUBTITLE SAFE — HARD: bottom 22% of the frame must remain visually quiet. No main text, support text, faces, evidence, source label, legal qualifier, map point or diagram node in that lower band.

TEXT — HARD: generate only MAIN TEXT, optional SUPPORT TEXT, and at most one short factual source/date/role label. No decorative microcopy. No invented legal/status language. No long body text. No gibberish.

LEGAL/FACTUAL LOCK: DPA is not a conviction. $3M criminal DPA penalty is separate from the $55.7M civil settlement package.

REJECT IF: style-reference subject leaks into the scene; wrong source appears; full dense document is reproduced; pseudo-text appears; source is missing; important content enters subtitle band; red dominates; layout becomes a card-grid/dashboard; horror/tabloid treatment appears; a legal status or amount is changed.

OUTPUT: one finished montage-ready still that matches this exact beat and can be cut directly under the narration.",R6_READY_FOR_REVIEW_NOT_AUTHORIZED_FOR_GENERATION
B110,S12,911.840,921.080,HYBRID_SOURCE_EDITORIAL,T06,R5_STYLE_MAP_LOCATION,aeaf1ee7-3e3d-42ba-b137-7eaa2218685e,FACTUAL_SOURCES_FIRST__STYLE_REFERENCE_LAST,LIVE_MOAKLEY_COURTHOUSE_CC0.jpg,S020_D986_STIPULATION_DISMISSAL.pdf,LIVE_MOAKLEY_COURTHOUSE_CC0.jpg: attach directly as factual visual source; preserve recognizable source identity.,FIRST SETTLEMENT FAILED,,"single temporal pivot frame: date card left, authentic source image right, one small next-step cue; black paper texture and restrained red underline","BEAT B110 — FINAL 16:9 WHAT IT COST STILL
ROUTE: HYBRID_SOURCE_EDITORIAL
FAMILY: T06
SCRIPT: ""Years of civil litigation then pushed unresolved questions about responsibility higher into the organization. The first twenty twenty-six settlement failed.""
MAIN TEXT: ""FIRST SETTLEMENT FAILED""

FACTUAL SOURCE IMAGES TO ATTACH FIRST: LIVE_MOAKLEY_COURTHOUSE_CC0.jpg.
SOURCE PREP: LIVE_MOAKLEY_COURTHOUSE_CC0.jpg: attach directly as factual visual source; preserve recognizable source identity.
SOURCE-OF-TRUTH DOCS — DO NOT ATTACH RAW TO THE MODEL: S020_D986_STIPULATION_DISMISSAL.pdf. They support factual wording only; use an existing/tight prepared image excerpt instead.

STYLE REFERENCE TO ATTACH LAST: R5_STYLE_MAP_LOCATION, media_id aeaf1ee7-3e3d-42ba-b137-7eaa2218685e.
REFERENCE PRIORITY — HARD: (1) locked narration and exact text, (2) FACTUAL SOURCE images, (3) STYLE REFERENCE last. If the style reference contains a person, object, logo, document, place, quote, or evidence subject not present in the factual sources for this beat, IGNORE IT COMPLETELY. The style reference is NON-FACTUAL and may contribute ONLY palette, typography scale, paper layering, texture, spacing, framing, line weight and restrained red-accent language. NEVER copy its pig mask, building, map, office, legal note, headline wording or any other subject matter unless that same subject is also in the factual source list for this beat.

COMPOSITION: single temporal pivot frame: date card left, authentic source image right, one small next-step cue; black paper texture and restrained red underline
FINAL IMAGE REQUIREMENT: the factual source material above must already be visibly integrated in the finished frame. No empty placeholder, no later source-insertion pass, no invented substitute evidence. Preserve the identity of real photos/evidence. For document/message material, show only the prepared short authentic excerpt; never rebuild a full page of text.

CHANNEL LOOK: premium investigative business documentary; textured black/charcoal field, warm paper surfaces, large condensed paper-white headline, restrained signal-red accent, thin editorial rules, file/tab/clip details only when relevant, authentic-source-first hierarchy. Keep the family resemblance to the style reference but vary crop, focal side, layering and thematic element so adjacent beats are not monotonous.

SUBTITLE SAFE — HARD: bottom 22% of the frame must remain visually quiet. No main text, support text, faces, evidence, source label, legal qualifier, map point or diagram node in that lower band.

TEXT — HARD: generate only MAIN TEXT, optional SUPPORT TEXT, and at most one short factual source/date/role label. No decorative microcopy. No invented legal/status language. No long body text. No gibberish.

LEGAL/FACTUAL LOCK: None beyond the locked narration.

REJECT IF: style-reference subject leaks into the scene; wrong source appears; full dense document is reproduced; pseudo-text appears; source is missing; important content enters subtitle band; red dominates; layout becomes a card-grid/dashboard; horror/tabloid treatment appears; a legal status or amount is changed.

OUTPUT: one finished montage-ready still that matches this exact beat and can be cut directly under the narration.",R6_READY_FOR_REVIEW_NOT_AUTHORIZED_FOR_GENERATION
B111,S12,921.900,926.520,HYBRID_SOURCE_EDITORIAL,T04,R5_STYLE_DOSSIER,3f30e1ef-3a0e-4158-914f-70bb25fa30a4,FACTUAL_SOURCES_FIRST__STYLE_REFERENCE_LAST,EBAY_HQ_2018_CC_BY_SA.jpg,S020_D986_STIPULATION_DISMISSAL.pdf,EBAY_HQ_2018_CC_BY_SA.jpg: attach directly as factual visual source; preserve recognizable source identity.,$55.7M SETTLEMENT PACKAGE,,one dominant exact amount on left or upper-left; authentic source/context crop on right; one narrow allocation/clarifier strip; paper ledger texture and a restrained red marker; no dashboard grid,"BEAT B111 — FINAL 16:9 WHAT IT COST STILL
ROUTE: HYBRID_SOURCE_EDITORIAL
FAMILY: T04
SCRIPT: ""The second ended the case with a fifty-five-point-seven-million-dollar settlement package.""
MAIN TEXT: ""$55.7M SETTLEMENT PACKAGE""

FACTUAL SOURCE IMAGES TO ATTACH FIRST: EBAY_HQ_2018_CC_BY_SA.jpg.
SOURCE PREP: EBAY_HQ_2018_CC_BY_SA.jpg: attach directly as factual visual source; preserve recognizable source identity.
SOURCE-OF-TRUTH DOCS — DO NOT ATTACH RAW TO THE MODEL: S020_D986_STIPULATION_DISMISSAL.pdf. They support factual wording only; use an existing/tight prepared image excerpt instead.

STYLE REFERENCE TO ATTACH LAST: R5_STYLE_DOSSIER, media_id 3f30e1ef-3a0e-4158-914f-70bb25fa30a4.
REFERENCE PRIORITY — HARD: (1) locked narration and exact text, (2) FACTUAL SOURCE images, (3) STYLE REFERENCE last. If the style reference contains a person, object, logo, document, place, quote, or evidence subject not present in the factual sources for this beat, IGNORE IT COMPLETELY. The style reference is NON-FACTUAL and may contribute ONLY palette, typography scale, paper layering, texture, spacing, framing, line weight and restrained red-accent language. NEVER copy its pig mask, building, map, office, legal note, headline wording or any other subject matter unless that same subject is also in the factual source list for this beat.

COMPOSITION: one dominant exact amount on left or upper-left; authentic source/context crop on right; one narrow allocation/clarifier strip; paper ledger texture and a restrained red marker; no dashboard grid
FINAL IMAGE REQUIREMENT: the factual source material above must already be visibly integrated in the finished frame. No empty placeholder, no later source-insertion pass, no invented substitute evidence. Preserve the identity of real photos/evidence. For document/message material, show only the prepared short authentic excerpt; never rebuild a full page of text.

CHANNEL LOOK: premium investigative business documentary; textured black/charcoal field, warm paper surfaces, large condensed paper-white headline, restrained signal-red accent, thin editorial rules, file/tab/clip details only when relevant, authentic-source-first hierarchy. Keep the family resemblance to the style reference but vary crop, focal side, layering and thematic element so adjacent beats are not monotonous.

SUBTITLE SAFE — HARD: bottom 22% of the frame must remain visually quiet. No main text, support text, faces, evidence, source label, legal qualifier, map point or diagram node in that lower band.

TEXT — HARD: generate only MAIN TEXT, optional SUPPORT TEXT, and at most one short factual source/date/role label. No decorative microcopy. No invented legal/status language. No long body text. No gibberish.

LEGAL/FACTUAL LOCK: $55.7M is the announced civil settlement package, not a judgment or eBay-only payment.

REJECT IF: style-reference subject leaks into the scene; wrong source appears; full dense document is reproduced; pseudo-text appears; source is missing; important content enters subtitle band; red dominates; layout becomes a card-grid/dashboard; horror/tabloid treatment appears; a legal status or amount is changed.

OUTPUT: one finished montage-ready still that matches this exact beat and can be cut directly under the narration.",R6_READY_FOR_REVIEW_NOT_AUTHORIZED_FOR_GENERATION
B112,S12,927.320,937.400,HYBRID_SOURCE_EDITORIAL,T04,R5_STYLE_DOSSIER,3f30e1ef-3a0e-4158-914f-70bb25fa30a4,FACTUAL_SOURCES_FIRST__STYLE_REFERENCE_LAST,DC011_SEVEN_GUILTY_DOJ.png;DC012_BAUGH_HARVILLE_SENTENCES_DOJ.png;DC015_DPA_CRIMINAL_PENALTY.png,,DC011_SEVEN_GUILTY_DOJ.png: BEFORE JOB crop to the one short relevant excerpt/highlight for this beat; do not attach a whole dense text page. DC012_BAUGH_HARVILLE_SENTENCES_DOJ.png: BEFORE JOB crop to the one short relevant excerpt/highlight for this beat; do not attach a whole dense text page. DC015_DPA_CRIMINAL_PENALTY.png: BEFORE JOB crop to the one short relevant excerpt/highlight for this beat; do not attach a whole dense text page.,PERSONAL + CORPORATE LEGAL COSTS,,large money figure centered high; supporting source image in a bordered panel behind/right; one clipped legal caveat card; thin red underline; generous black negative space,"BEAT B112 — FINAL 16:9 WHAT IT COST STILL
ROUTE: HYBRID_SOURCE_EDITORIAL
FAMILY: T04
SCRIPT: ""There were personal costs: guilty pleas and prison sentences. There were corporate legal costs: federal charges, a D-P-A, a penalty, and monitoring.""
MAIN TEXT: ""PERSONAL + CORPORATE LEGAL COSTS""

FACTUAL SOURCE IMAGES TO ATTACH FIRST: DC011_SEVEN_GUILTY_DOJ.png; DC012_BAUGH_HARVILLE_SENTENCES_DOJ.png; DC015_DPA_CRIMINAL_PENALTY.png.
SOURCE PREP: DC011_SEVEN_GUILTY_DOJ.png: BEFORE JOB crop to the one short relevant excerpt/highlight for this beat; do not attach a whole dense text page. DC012_BAUGH_HARVILLE_SENTENCES_DOJ.png: BEFORE JOB crop to the one short relevant excerpt/highlight for this beat; do not attach a whole dense text page. DC015_DPA_CRIMINAL_PENALTY.png: BEFORE JOB crop to the one short relevant excerpt/highlight for this beat; do not attach a whole dense text page.
No raw PDF/HTML input.

STYLE REFERENCE TO ATTACH LAST: R5_STYLE_DOSSIER, media_id 3f30e1ef-3a0e-4158-914f-70bb25fa30a4.
REFERENCE PRIORITY — HARD: (1) locked narration and exact text, (2) FACTUAL SOURCE images, (3) STYLE REFERENCE last. If the style reference contains a person, object, logo, document, place, quote, or evidence subject not present in the factual sources for this beat, IGNORE IT COMPLETELY. The style reference is NON-FACTUAL and may contribute ONLY palette, typography scale, paper layering, texture, spacing, framing, line weight and restrained red-accent language. NEVER copy its pig mask, building, map, office, legal note, headline wording or any other subject matter unless that same subject is also in the factual source list for this beat.

COMPOSITION: large money figure centered high; supporting source image in a bordered panel behind/right; one clipped legal caveat card; thin red underline; generous black negative space
FINAL IMAGE REQUIREMENT: the factual source material above must already be visibly integrated in the finished frame. No empty placeholder, no later source-insertion pass, no invented substitute evidence. Preserve the identity of real photos/evidence. For document/message material, show only the prepared short authentic excerpt; never rebuild a full page of text.

CHANNEL LOOK: premium investigative business documentary; textured black/charcoal field, warm paper surfaces, large condensed paper-white headline, restrained signal-red accent, thin editorial rules, file/tab/clip details only when relevant, authentic-source-first hierarchy. Keep the family resemblance to the style reference but vary crop, focal side, layering and thematic element so adjacent beats are not monotonous.

SUBTITLE SAFE — HARD: bottom 22% of the frame must remain visually quiet. No main text, support text, faces, evidence, source label, legal qualifier, map point or diagram node in that lower band.

TEXT — HARD: generate only MAIN TEXT, optional SUPPORT TEXT, and at most one short factual source/date/role label. No decorative microcopy. No invented legal/status language. No long body text. No gibberish.

LEGAL/FACTUAL LOCK: DPA is not a conviction.

REJECT IF: style-reference subject leaks into the scene; wrong source appears; full dense document is reproduced; pseudo-text appears; source is missing; important content enters subtitle band; red dominates; layout becomes a card-grid/dashboard; horror/tabloid treatment appears; a legal status or amount is changed.

OUTPUT: one finished montage-ready still that matches this exact beat and can be cut directly under the narration.",R6_READY_FOR_REVIEW_NOT_AUTHORIZED_FOR_GENERATION
B113,S12,938.280,942.180,HYBRID_SOURCE_EDITORIAL,T04,R5_STYLE_DOSSIER,3f30e1ef-3a0e-4158-914f-70bb25fa30a4,FACTUAL_SOURCES_FIRST__STYLE_REFERENCE_LAST,EBAY_HQ_2018_CC_BY_SA.jpg,S020_D986_STIPULATION_DISMISSAL.pdf,EBAY_HQ_2018_CC_BY_SA.jpg: attach directly as factual visual source; preserve recognizable source identity.,CIVIL COSTS — TENS OF MILLIONS,,asymmetrical settlement sheet: amount and short label left; authentic filing/company context right; one paper tab with exact legal qualifier; no extra numbers,"BEAT B113 — FINAL 16:9 WHAT IT COST STILL
ROUTE: HYBRID_SOURCE_EDITORIAL
FAMILY: T04
SCRIPT: ""And there were civil financial costs measured i n tens of millions of dollars.""
MAIN TEXT: ""CIVIL COSTS — TENS OF MILLIONS""

FACTUAL SOURCE IMAGES TO ATTACH FIRST: EBAY_HQ_2018_CC_BY_SA.jpg.
SOURCE PREP: EBAY_HQ_2018_CC_BY_SA.jpg: attach directly as factual visual source; preserve recognizable source identity.
SOURCE-OF-TRUTH DOCS — DO NOT ATTACH RAW TO THE MODEL: S020_D986_STIPULATION_DISMISSAL.pdf. They support factual wording only; use an existing/tight prepared image excerpt instead.

STYLE REFERENCE TO ATTACH LAST: R5_STYLE_DOSSIER, media_id 3f30e1ef-3a0e-4158-914f-70bb25fa30a4.
REFERENCE PRIORITY — HARD: (1) locked narration and exact text, (2) FACTUAL SOURCE images, (3) STYLE REFERENCE last. If the style reference contains a person, object, logo, document, place, quote, or evidence subject not present in the factual sources for this beat, IGNORE IT COMPLETELY. The style reference is NON-FACTUAL and may contribute ONLY palette, typography scale, paper layering, texture, spacing, framing, line weight and restrained red-accent language. NEVER copy its pig mask, building, map, office, legal note, headline wording or any other subject matter unless that same subject is also in the factual source list for this beat.

COMPOSITION: asymmetrical settlement sheet: amount and short label left; authentic filing/company context right; one paper tab with exact legal qualifier; no extra numbers
FINAL IMAGE REQUIREMENT: the factual source material above must already be visibly integrated in the finished frame. No empty placeholder, no later source-insertion pass, no invented substitute evidence. Preserve the identity of real photos/evidence. For document/message material, show only the prepared short authentic excerpt; never rebuild a full page of text.

CHANNEL LOOK: premium investigative business documentary; textured black/charcoal field, warm paper surfaces, large condensed paper-white headline, restrained signal-red accent, thin editorial rules, file/tab/clip details only when relevant, authentic-source-first hierarchy. Keep the family resemblance to the style reference but vary crop, focal side, layering and thematic element so adjacent beats are not monotonous.

SUBTITLE SAFE — HARD: bottom 22% of the frame must remain visually quiet. No main text, support text, faces, evidence, source label, legal qualifier, map point or diagram node in that lower band.

TEXT — HARD: generate only MAIN TEXT, optional SUPPORT TEXT, and at most one short factual source/date/role label. No decorative microcopy. No invented legal/status language. No long body text. No gibberish.

LEGAL/FACTUAL LOCK: $55.7M is the announced civil settlement package, not a judgment or eBay-only payment.

REJECT IF: style-reference subject leaks into the scene; wrong source appears; full dense document is reproduced; pseudo-text appears; source is missing; important content enters subtitle band; red dominates; layout becomes a card-grid/dashboard; horror/tabloid treatment appears; a legal status or amount is changed.

OUTPUT: one finished montage-ready still that matches this exact beat and can be cut directly under the narration.",R6_READY_FOR_REVIEW_NOT_AUTHORIZED_FOR_GENERATION
B114,S12,942.720,951.340,HYBRID_SOURCE_EDITORIAL,T01,R5_STYLE_DOSSIER,3f30e1ef-3a0e-4158-914f-70bb25fa30a4,FACTUAL_SOURCES_FIRST__STYLE_REFERENCE_LAST,EBAY_HQ_2018_CC_BY_SA.jpg,,EBAY_HQ_2018_CC_BY_SA.jpg: attach directly as factual visual source; preserve recognizable source identity.,CRITICISM WASN’T THE EXPENSIVE PART,,full-width source strip across upper 60%; headline block at lower-left but entirely above subtitle-safe band; one tiny source/date tag; restrained paper edge and red tick,"BEAT B114 — FINAL 16:9 WHAT IT COST STILL
ROUTE: HYBRID_SOURCE_EDITORIAL
FAMILY: T01
SCRIPT: ""All of that grew out of a problem every major company eventually faces: criticism. The expensive decision was not that the criticism existed.""
MAIN TEXT: ""CRITICISM WASN’T THE EXPENSIVE PART""

FACTUAL SOURCE IMAGES TO ATTACH FIRST: EBAY_HQ_2018_CC_BY_SA.jpg.
SOURCE PREP: EBAY_HQ_2018_CC_BY_SA.jpg: attach directly as factual visual source; preserve recognizable source identity.
No raw PDF/HTML input.

STYLE REFERENCE TO ATTACH LAST: R5_STYLE_DOSSIER, media_id 3f30e1ef-3a0e-4158-914f-70bb25fa30a4.
REFERENCE PRIORITY — HARD: (1) locked narration and exact text, (2) FACTUAL SOURCE images, (3) STYLE REFERENCE last. If the style reference contains a person, object, logo, document, place, quote, or evidence subject not present in the factual sources for this beat, IGNORE IT COMPLETELY. The style reference is NON-FACTUAL and may contribute ONLY palette, typography scale, paper layering, texture, spacing, framing, line weight and restrained red-accent language. NEVER copy its pig mask, building, map, office, legal note, headline wording or any other subject matter unless that same subject is also in the factual source list for this beat.

COMPOSITION: full-width source strip across upper 60%; headline block at lower-left but entirely above subtitle-safe band; one tiny source/date tag; restrained paper edge and red tick
FINAL IMAGE REQUIREMENT: the factual source material above must already be visibly integrated in the finished frame. No empty placeholder, no later source-insertion pass, no invented substitute evidence. Preserve the identity of real photos/evidence. For document/message material, show only the prepared short authentic excerpt; never rebuild a full page of text.

CHANNEL LOOK: premium investigative business documentary; textured black/charcoal field, warm paper surfaces, large condensed paper-white headline, restrained signal-red accent, thin editorial rules, file/tab/clip details only when relevant, authentic-source-first hierarchy. Keep the family resemblance to the style reference but vary crop, focal side, layering and thematic element so adjacent beats are not monotonous.

SUBTITLE SAFE — HARD: bottom 22% of the frame must remain visually quiet. No main text, support text, faces, evidence, source label, legal qualifier, map point or diagram node in that lower band.

TEXT — HARD: generate only MAIN TEXT, optional SUPPORT TEXT, and at most one short factual source/date/role label. No decorative microcopy. No invented legal/status language. No long body text. No gibberish.

LEGAL/FACTUAL LOCK: None beyond the locked narration.

REJECT IF: style-reference subject leaks into the scene; wrong source appears; full dense document is reproduced; pseudo-text appears; source is missing; important content enters subtitle band; red dominates; layout becomes a card-grid/dashboard; horror/tabloid treatment appears; a legal status or amount is changed.

OUTPUT: one finished montage-ready still that matches this exact beat and can be cut directly under the narration.",R6_READY_FOR_REVIEW_NOT_AUTHORIZED_FOR_GENERATION
B115,S12,952.080,956.920,HYBRID_SOURCE_EDITORIAL,T04,R5_STYLE_DOSSIER,3f30e1ef-3a0e-4158-914f-70bb25fa30a4,FACTUAL_SOURCES_FIRST__STYLE_REFERENCE_LAST,EBAY_HQ_2018_CC_BY_SA.jpg,,EBAY_HQ_2018_CC_BY_SA.jpg: attach directly as factual visual source; preserve recognizable source identity.,AND THAT IS WHAT IT COST.,,one dominant exact amount on left or upper-left; authentic source/context crop on right; one narrow allocation/clarifier strip; paper ledger texture and a restrained red marker; no dashboard grid,"BEAT B115 — FINAL 16:9 WHAT IT COST STILL
ROUTE: HYBRID_SOURCE_EDITORIAL
FAMILY: T04
SCRIPT: ""It was what people inside the company decided to do about it. And that is what it cost.""
MAIN TEXT: ""AND THAT IS WHAT IT COST.""

FACTUAL SOURCE IMAGES TO ATTACH FIRST: EBAY_HQ_2018_CC_BY_SA.jpg.
SOURCE PREP: EBAY_HQ_2018_CC_BY_SA.jpg: attach directly as factual visual source; preserve recognizable source identity.
No raw PDF/HTML input.

STYLE REFERENCE TO ATTACH LAST: R5_STYLE_DOSSIER, media_id 3f30e1ef-3a0e-4158-914f-70bb25fa30a4.
REFERENCE PRIORITY — HARD: (1) locked narration and exact text, (2) FACTUAL SOURCE images, (3) STYLE REFERENCE last. If the style reference contains a person, object, logo, document, place, quote, or evidence subject not present in the factual sources for this beat, IGNORE IT COMPLETELY. The style reference is NON-FACTUAL and may contribute ONLY palette, typography scale, paper layering, texture, spacing, framing, line weight and restrained red-accent language. NEVER copy its pig mask, building, map, office, legal note, headline wording or any other subject matter unless that same subject is also in the factual source list for this beat.

COMPOSITION: one dominant exact amount on left or upper-left; authentic source/context crop on right; one narrow allocation/clarifier strip; paper ledger texture and a restrained red marker; no dashboard grid
FINAL IMAGE REQUIREMENT: the factual source material above must already be visibly integrated in the finished frame. No empty placeholder, no later source-insertion pass, no invented substitute evidence. Preserve the identity of real photos/evidence. For document/message material, show only the prepared short authentic excerpt; never rebuild a full page of text.

CHANNEL LOOK: premium investigative business documentary; textured black/charcoal field, warm paper surfaces, large condensed paper-white headline, restrained signal-red accent, thin editorial rules, file/tab/clip details only when relevant, authentic-source-first hierarchy. Keep the family resemblance to the style reference but vary crop, focal side, layering and thematic element so adjacent beats are not monotonous.

SUBTITLE SAFE — HARD: bottom 22% of the frame must remain visually quiet. No main text, support text, faces, evidence, source label, legal qualifier, map point or diagram node in that lower band.

TEXT — HARD: generate only MAIN TEXT, optional SUPPORT TEXT, and at most one short factual source/date/role label. No decorative microcopy. No invented legal/status language. No long body text. No gibberish.

LEGAL/FACTUAL LOCK: None beyond the locked narration.

REJECT IF: style-reference subject leaks into the scene; wrong source appears; full dense document is reproduced; pseudo-text appears; source is missing; important content enters subtitle band; red dominates; layout becomes a card-grid/dashboard; horror/tabloid treatment appears; a legal status or amount is changed.

OUTPUT: one finished montage-ready still that matches this exact beat and can be cut directly under the narration.",R6_READY_FOR_REVIEW_NOT_AUTHORIZED_FOR_GENERATION
