beat_id,section,start,end,production_route,template_id,frame_type,exact_text,source_assets,legal_guardrail,generation_or_build_prompt,status
B001,S01,0.000,5.400,SOURCE_STYLED_GENERATION,T06,timeline,MASSACHUSETTS — AUGUST 2019,NATICK_CENTER_2020_CC_BY_SA.jpg;SOUTH_NATICK_BACON_LIBRARY_CC0.jpg,,"Create/deliver one finished 16:9 WHAT IT COST production still for B001, synchronized to narration: ""In August twenty nineteen, a couple in Massachusetts began receiving things that made no sense."". FINAL FRAME MUST ALREADY CONTAIN THE REQUIRED SOURCE MATERIAL — no empty evidence slots and no plan to add sources later. Locked look: premium investigative business documentary; #0B0B0B/#1F1F1F/#3A3A3A, paper white #EDEDED, restrained signal red #D32222, rare muted gold only for money; Bebas-like display, Inter-like support, authentic paper/evidence treatment, strong negative space. Bottom 20% must be visually quiet and free of essential content. Required visible source assets: NATICK_CENTER_2020_CC_BY_SA.jpg; SOUTH_NATICK_BACON_LIBRARY_CC0.jpg. Exact on-image text: ""MASSACHUSETTS — AUGUST 2019"". Do not invent any other factual names, dates, figures, quotes, source metadata, seals, stamps or legal conclusions.  ROUTE: SOURCE_STYLED_GENERATION. Supply the listed assets to the image model as factual references and require them to remain recognizably present in the final frame. The output itself must be the source-based final still, not a blank plate. Preserve object/photo identity; do not fabricate substitute evidence or people. Template T06.",R4_READY
B002,S01,6.340,7.000,SOURCE_STYLED_GENERATION,T01,evidence,LIVE INSECTS,COCKROACH_CC0.jpg;SPIDER_CC0.jpg;LARVAE_CC0.jpg,,"Create/deliver one finished 16:9 WHAT IT COST production still for B002, synchronized to narration: ""Live insects."". FINAL FRAME MUST ALREADY CONTAIN THE REQUIRED SOURCE MATERIAL — no empty evidence slots and no plan to add sources later. Locked look: premium investigative business documentary; #0B0B0B/#1F1F1F/#3A3A3A, paper white #EDEDED, restrained signal red #D32222, rare muted gold only for money; Bebas-like display, Inter-like support, authentic paper/evidence treatment, strong negative space. Bottom 20% must be visually quiet and free of essential content. Required visible source assets: COCKROACH_CC0.jpg; SPIDER_CC0.jpg; LARVAE_CC0.jpg. Exact on-image text: ""LIVE INSECTS"". Do not invent any other factual names, dates, figures, quotes, source metadata, seals, stamps or legal conclusions.  ROUTE: SOURCE_STYLED_GENERATION. Supply the listed assets to the image model as factual references and require them to remain recognizably present in the final frame. The output itself must be the source-based final still, not a blank plate. Preserve object/photo identity; do not fabricate substitute evidence or people. Template T01.",R4_READY
B003,S01,7.760,8.660,SOURCE_STYLED_GENERATION,T03,document,THREATENING MESSAGES,DC022_THREATENING_MESSAGES.png,,"Create/deliver one finished 16:9 WHAT IT COST production still for B003, synchronized to narration: ""Threatening messages."". FINAL FRAME MUST ALREADY CONTAIN THE REQUIRED SOURCE MATERIAL — no empty evidence slots and no plan to add sources later. Locked look: premium investigative business documentary; #0B0B0B/#1F1F1F/#3A3A3A, paper white #EDEDED, restrained signal red #D32222, rare muted gold only for money; Bebas-like display, Inter-like support, authentic paper/evidence treatment, strong negative space. Bottom 20% must be visually quiet and free of essential content. Required visible source assets: DC022_THREATENING_MESSAGES.png. Exact on-image text: ""THREATENING MESSAGES"". Do not invent any other factual names, dates, figures, quotes, source metadata, seals, stamps or legal conclusions.  ROUTE: SOURCE_STYLED_GENERATION. Supply the listed assets to the image model as factual references and require them to remain recognizably present in the final frame. The output itself must be the source-based final still, not a blank plate. Preserve object/photo identity; do not fabricate substitute evidence or people. Template T03.",R4_READY
B004,S01,9.480,10.480,SOURCE_STYLED_GENERATION,T01,evidence,A BLOODY PIG MASK,DOJ_FBI_PIG_MASK_AND_BOOK.jpg,Authentic evidence without horror/gore treatment.,"Create/deliver one finished 16:9 WHAT IT COST production still for B004, synchronized to narration: ""A bloody pig mask."". FINAL FRAME MUST ALREADY CONTAIN THE REQUIRED SOURCE MATERIAL — no empty evidence slots and no plan to add sources later. Locked look: premium investigative business documentary; #0B0B0B/#1F1F1F/#3A3A3A, paper white #EDEDED, restrained signal red #D32222, rare muted gold only for money; Bebas-like display, Inter-like support, authentic paper/evidence treatment, strong negative space. Bottom 20% must be visually quiet and free of essential content. Required visible source assets: DOJ_FBI_PIG_MASK_AND_BOOK.jpg. Exact on-image text: ""A BLOODY PIG MASK"". Do not invent any other factual names, dates, figures, quotes, source metadata, seals, stamps or legal conclusions. Authentic evidence without horror/gore treatment. ROUTE: SOURCE_STYLED_GENERATION. Supply the listed assets to the image model as factual references and require them to remain recognizably present in the final frame. The output itself must be the source-based final still, not a blank plate. Preserve object/photo identity; do not fabricate substitute evidence or people. Template T01.",R4_READY
B005,S01,11.160,21.760,SOURCE_STYLED_GENERATION,T01,evidence,GPS TRACKER ATTEMPT — INSTALLATION NOT ESTABLISHED,DC006_DELIVERIES_GPS_ATTEMPT.png;DC007_GPS_GARAGE_ATTEMPT.png;GENERIC_GPS_TRACKER_CC0.jpg;NATICK_CENTER_2020_CC_BY_SA.jpg,Tracker attempted; installation not established.,"Create/deliver one finished 16:9 WHAT IT COST production still for B005, synchronized to narration: ""And eventually, people connected to the campaign were watching them in person and trying to put a G-P-S tracker on their car. At first glance, this sounds like an internet stalking story."". FINAL FRAME MUST ALREADY CONTAIN THE REQUIRED SOURCE MATERIAL — no empty evidence slots and no plan to add sources later. Locked look: premium investigative business documentary; #0B0B0B/#1F1F1F/#3A3A3A, paper white #EDEDED, restrained signal red #D32222, rare muted gold only for money; Bebas-like display, Inter-like support, authentic paper/evidence treatment, strong negative space. Bottom 20% must be visually quiet and free of essential content. Required visible source assets: DC006_DELIVERIES_GPS_ATTEMPT.png; DC007_GPS_GARAGE_ATTEMPT.png; GENERIC_GPS_TRACKER_CC0.jpg; NATICK_CENTER_2020_CC_BY_SA.jpg. Exact on-image text: ""GPS TRACKER ATTEMPT — INSTALLATION NOT ESTABLISHED"". Do not invent any other factual names, dates, figures, quotes, source metadata, seals, stamps or legal conclusions. Tracker attempted; installation not established. ROUTE: SOURCE_STYLED_GENERATION. Supply the listed assets to the image model as factual references and require them to remain recognizably present in the final frame. The output itself must be the source-based final still, not a blank plate. Preserve object/photo identity; do not fabricate substitute evidence or people. Template T01.",R4_READY
B006,S01,22.300,29.240,SOURCE_STYLED_GENERATION,T01,evidence,EBAY SECURITY,EBAY_HQ_2018_CC_BY_SA.jpg;LIVE_EBAY_HQ_COMMUNITY_BUILDING_2006_CC_BY_SA.jpg,,"Create/deliver one finished 16:9 WHAT IT COST production still for B006, synchronized to narration: ""But the people behind it were not anonymous trolls. They worked in, or with, the security organization of eBay."". FINAL FRAME MUST ALREADY CONTAIN THE REQUIRED SOURCE MATERIAL — no empty evidence slots and no plan to add sources later. Locked look: premium investigative business documentary; #0B0B0B/#1F1F1F/#3A3A3A, paper white #EDEDED, restrained signal red #D32222, rare muted gold only for money; Bebas-like display, Inter-like support, authentic paper/evidence treatment, strong negative space. Bottom 20% must be visually quiet and free of essential content. Required visible source assets: EBAY_HQ_2018_CC_BY_SA.jpg; LIVE_EBAY_HQ_COMMUNITY_BUILDING_2006_CC_BY_SA.jpg. Exact on-image text: ""EBAY SECURITY"". Do not invent any other factual names, dates, figures, quotes, source metadata, seals, stamps or legal conclusions.  ROUTE: SOURCE_STYLED_GENERATION. Supply the listed assets to the image model as factual references and require them to remain recognizably present in the final frame. The output itself must be the source-based final still, not a blank plate. Preserve object/photo identity; do not fabricate substitute evidence or people. Template T01.",R4_READY
B007,S01,30.120,36.640,HYBRID_SOURCE_EDITORIAL,T07,accountability,SEVEN GUILTY PLEAS,DC011_SEVEN_GUILTY_DOJ.png,,"Create/deliver one finished 16:9 WHAT IT COST production still for B007, synchronized to narration: ""All seven former employees and contractors who were federally prosecuted over the campaign later pleaded guilty."". FINAL FRAME MUST ALREADY CONTAIN THE REQUIRED SOURCE MATERIAL — no empty evidence slots and no plan to add sources later. Locked look: premium investigative business documentary; #0B0B0B/#1F1F1F/#3A3A3A, paper white #EDEDED, restrained signal red #D32222, rare muted gold only for money; Bebas-like display, Inter-like support, authentic paper/evidence treatment, strong negative space. Bottom 20% must be visually quiet and free of essential content. Required visible source assets: DC011_SEVEN_GUILTY_DOJ.png. Exact on-image text: ""SEVEN GUILTY PLEAS"". Do not invent any other factual names, dates, figures, quotes, source metadata, seals, stamps or legal conclusions.  ROUTE: HYBRID_SOURCE_EDITORIAL. Compose the authentic source assets into the final branded frame and add only deterministic exact labels/GFX. AI may style background/material atmosphere only if it does not alter source pixels or factual text. Template T07.",R4_READY
B008,S01,37.380,52.660,HYBRID_SOURCE_EDITORIAL,T04,money,$3M CRIMINAL PENALTY • INDEPENDENT MONITOR,DC015_DPA_CRIMINAL_PENALTY.png;DC016_DPA_COMPLIANCE_MONITOR.png;DC017_DPA_ACCEPTANCE_OF_RESPONSIBILITY.png;EBAY_HQ_2018_CC_BY_SA.jpg,DPA is not a conviction. $3M criminal DPA penalty is separate from the $55.7M civil settlement package.,"Create/deliver one finished 16:9 WHAT IT COST production still for B008, synchronized to narration: ""Years later, prosecutors filed criminal charges against eBay itself. The company entered a deferred prosecution agreement, admitted a detailed factual account, paid a three-million-dollar criminal penalty, and accepted an independent compliance monitor."". FINAL FRAME MUST ALREADY CONTAIN THE REQUIRED SOURCE MATERIAL — no empty evidence slots and no plan to add sources later. Locked look: premium investigative business documentary; #0B0B0B/#1F1F1F/#3A3A3A, paper white #EDEDED, restrained signal red #D32222, rare muted gold only for money; Bebas-like display, Inter-like support, authentic paper/evidence treatment, strong negative space. Bottom 20% must be visually quiet and free of essential content. Required visible source assets: DC015_DPA_CRIMINAL_PENALTY.png; DC016_DPA_COMPLIANCE_MONITOR.png; DC017_DPA_ACCEPTANCE_OF_RESPONSIBILITY.png; EBAY_HQ_2018_CC_BY_SA.jpg. Exact on-image text: ""$3M CRIMINAL PENALTY • INDEPENDENT MONITOR"". Do not invent any other factual names, dates, figures, quotes, source metadata, seals, stamps or legal conclusions. DPA is not a conviction. $3M criminal DPA penalty is separate from the $55.7M civil settlement package. ROUTE: HYBRID_SOURCE_EDITORIAL. Compose the authentic source assets into the final branded frame and add only deterministic exact labels/GFX. AI may style background/material atmosphere only if it does not alter source pixels or factual text. Template T04.",R4_READY
B009,S01,53.280,61.640,HYBRID_SOURCE_EDITORIAL,T04,money,$55.7M SETTLEMENT PACKAGE,S020_D986_STIPULATION_DISMISSAL.pdf;EBAY_HQ_2018_CC_BY_SA.jpg,,"Create/deliver one finished 16:9 WHAT IT COST production still for B009, synchronized to narration: ""And in July twenty twenty-six, the civil case ended in an announced settlement package worth fifty-five-point-seven million dollars."". FINAL FRAME MUST ALREADY CONTAIN THE REQUIRED SOURCE MATERIAL — no empty evidence slots and no plan to add sources later. Locked look: premium investigative business documentary; #0B0B0B/#1F1F1F/#3A3A3A, paper white #EDEDED, restrained signal red #D32222, rare muted gold only for money; Bebas-like display, Inter-like support, authentic paper/evidence treatment, strong negative space. Bottom 20% must be visually quiet and free of essential content. Required visible source assets: S020_D986_STIPULATION_DISMISSAL.pdf; EBAY_HQ_2018_CC_BY_SA.jpg. Exact on-image text: ""$55.7M SETTLEMENT PACKAGE"". Do not invent any other factual names, dates, figures, quotes, source metadata, seals, stamps or legal conclusions.  ROUTE: HYBRID_SOURCE_EDITORIAL. Compose the authentic source assets into the final branded frame and add only deterministic exact labels/GFX. AI may style background/material atmosphere only if it does not alter source pixels or factual text. Template T04.",R4_READY
B010,S01,61.640,73.980,SOURCE_STYLED_GENERATION,T01,evidence,CRITICISM → SECURITY → CONSEQUENCE,EBAY_HQ_2018_CC_BY_SA.jpg;NATICK_CENTER_2020_CC_BY_SA.jpg,,"Create/deliver one finished 16:9 WHAT IT COST production still for B010, synchronized to narration: ""But the strangest part is not what arrived at the front door. It is how criticism of a company became a security problem inside that company — and how the consequences kept growing long after the harassment stopped."". FINAL FRAME MUST ALREADY CONTAIN THE REQUIRED SOURCE MATERIAL — no empty evidence slots and no plan to add sources later. Locked look: premium investigative business documentary; #0B0B0B/#1F1F1F/#3A3A3A, paper white #EDEDED, restrained signal red #D32222, rare muted gold only for money; Bebas-like display, Inter-like support, authentic paper/evidence treatment, strong negative space. Bottom 20% must be visually quiet and free of essential content. Required visible source assets: EBAY_HQ_2018_CC_BY_SA.jpg; NATICK_CENTER_2020_CC_BY_SA.jpg. Exact on-image text: ""CRITICISM → SECURITY → CONSEQUENCE"". Do not invent any other factual names, dates, figures, quotes, source metadata, seals, stamps or legal conclusions.  ROUTE: SOURCE_STYLED_GENERATION. Supply the listed assets to the image model as factual references and require them to remain recognizably present in the final frame. The output itself must be the source-based final still, not a blank plate. Preserve object/photo identity; do not fabricate substitute evidence or people. Template T01.",R4_READY
B011,S02,74.680,82.100,SOURCE_STYLED_GENERATION,T01,evidence,ECOMMERCEBYTES • SINCE 1999,DC018_CIVIL_COMPLAINT_COVER.png;EBAY_HQ_2018_CC_BY_SA.jpg;S009_D711_SUMMARY_JUDGMENT_ORDER.pdf,,"Create/deliver one finished 16:9 WHAT IT COST production still for B011, synchronized to narration: ""Ina and David Steiner ran EcommerceBytes, an independent publication covering online commerce since nineteen ninety-nine."". FINAL FRAME MUST ALREADY CONTAIN THE REQUIRED SOURCE MATERIAL — no empty evidence slots and no plan to add sources later. Locked look: premium investigative business documentary; #0B0B0B/#1F1F1F/#3A3A3A, paper white #EDEDED, restrained signal red #D32222, rare muted gold only for money; Bebas-like display, Inter-like support, authentic paper/evidence treatment, strong negative space. Bottom 20% must be visually quiet and free of essential content. Required visible source assets: DC018_CIVIL_COMPLAINT_COVER.png; EBAY_HQ_2018_CC_BY_SA.jpg; S009_D711_SUMMARY_JUDGMENT_ORDER.pdf. Exact on-image text: ""ECOMMERCEBYTES • SINCE 1999"". Do not invent any other factual names, dates, figures, quotes, source metadata, seals, stamps or legal conclusions.  ROUTE: SOURCE_STYLED_GENERATION. Supply the listed assets to the image model as factual references and require them to remain recognizably present in the final frame. The output itself must be the source-based final still, not a blank plate. Preserve object/photo identity; do not fabricate substitute evidence or people. Template T01.",R4_READY
B012,S02,82.920,89.480,SOURCE_STYLED_GENERATION,T01,evidence,SMALL PUBLICATION / GLOBAL MARKETPLACE,DC018_CIVIL_COMPLAINT_COVER.png;EBAY_HQ_2018_CC_BY_SA.jpg;S009_D711_SUMMARY_JUDGMENT_ORDER.pdf,,"Create/deliver one finished 16:9 WHAT IT COST production still for B012, synchronized to narration: ""The scale mismatch was obvious: an independent trade publication on one side, a global marketplace on the other."". FINAL FRAME MUST ALREADY CONTAIN THE REQUIRED SOURCE MATERIAL — no empty evidence slots and no plan to add sources later. Locked look: premium investigative business documentary; #0B0B0B/#1F1F1F/#3A3A3A, paper white #EDEDED, restrained signal red #D32222, rare muted gold only for money; Bebas-like display, Inter-like support, authentic paper/evidence treatment, strong negative space. Bottom 20% must be visually quiet and free of essential content. Required visible source assets: DC018_CIVIL_COMPLAINT_COVER.png; EBAY_HQ_2018_CC_BY_SA.jpg; S009_D711_SUMMARY_JUDGMENT_ORDER.pdf. Exact on-image text: ""SMALL PUBLICATION / GLOBAL MARKETPLACE"". Do not invent any other factual names, dates, figures, quotes, source metadata, seals, stamps or legal conclusions.  ROUTE: SOURCE_STYLED_GENERATION. Supply the listed assets to the image model as factual references and require them to remain recognizably present in the final frame. The output itself must be the source-based final still, not a blank plate. Preserve object/photo identity; do not fabricate substitute evidence or people. Template T01.",R4_READY
B013,S02,90.120,99.720,SOURCE_STYLED_GENERATION,T02,dossier,SELLERS • RULES • EXECUTIVE DECISIONS,DC018_CIVIL_COMPLAINT_COVER.png;EBAY_HQ_2018_CC_BY_SA.jpg;S009_D711_SUMMARY_JUDGMENT_ORDER.pdf,,"Create/deliver one finished 16:9 WHAT IT COST production still for B013, synchronized to narration: ""But the Steiners covered eBay's world closely — sellers, marketplace rules, executive decisions, and the complaints of people who depended on platforms like eBay."". FINAL FRAME MUST ALREADY CONTAIN THE REQUIRED SOURCE MATERIAL — no empty evidence slots and no plan to add sources later. Locked look: premium investigative business documentary; #0B0B0B/#1F1F1F/#3A3A3A, paper white #EDEDED, restrained signal red #D32222, rare muted gold only for money; Bebas-like display, Inter-like support, authentic paper/evidence treatment, strong negative space. Bottom 20% must be visually quiet and free of essential content. Required visible source assets: DC018_CIVIL_COMPLAINT_COVER.png; EBAY_HQ_2018_CC_BY_SA.jpg; S009_D711_SUMMARY_JUDGMENT_ORDER.pdf. Exact on-image text: ""SELLERS • RULES • EXECUTIVE DECISIONS"". Do not invent any other factual names, dates, figures, quotes, source metadata, seals, stamps or legal conclusions.  ROUTE: SOURCE_STYLED_GENERATION. Supply the listed assets to the image model as factual references and require them to remain recognizably present in the final frame. The output itself must be the source-based final still, not a blank plate. Preserve object/photo identity; do not fabricate substitute evidence or people. Template T02.",R4_READY
B014,S02,100.540,110.020,SOURCE_STYLED_GENERATION,T03,document,SPRING 2019,DC018_CIVIL_COMPLAINT_COVER.png;EBAY_HQ_2018_CC_BY_SA.jpg;S009_D711_SUMMARY_JUDGMENT_ORDER.pdf,,"Create/deliver one finished 16:9 WHAT IT COST production still for B014, synchronized to narration: ""By spring twenty nineteen, a later federal court record shows that EcommerceBytes had become an increasing source of frustration for people inside eBay's leadership."". FINAL FRAME MUST ALREADY CONTAIN THE REQUIRED SOURCE MATERIAL — no empty evidence slots and no plan to add sources later. Locked look: premium investigative business documentary; #0B0B0B/#1F1F1F/#3A3A3A, paper white #EDEDED, restrained signal red #D32222, rare muted gold only for money; Bebas-like display, Inter-like support, authentic paper/evidence treatment, strong negative space. Bottom 20% must be visually quiet and free of essential content. Required visible source assets: DC018_CIVIL_COMPLAINT_COVER.png; EBAY_HQ_2018_CC_BY_SA.jpg; S009_D711_SUMMARY_JUDGMENT_ORDER.pdf. Exact on-image text: ""SPRING 2019"". Do not invent any other factual names, dates, figures, quotes, source metadata, seals, stamps or legal conclusions.  ROUTE: SOURCE_STYLED_GENERATION. Supply the listed assets to the image model as factual references and require them to remain recognizably present in the final frame. The output itself must be the source-based final still, not a blank plate. Preserve object/photo identity; do not fabricate substitute evidence or people. Template T03.",R4_READY
B015,S02,110.440,119.260,SOURCE_STYLED_GENERATION,T01,evidence,"CRITICISM, NOT COMPETITION",DC018_CIVIL_COMPLAINT_COVER.png;EBAY_HQ_2018_CC_BY_SA.jpg;S009_D711_SUMMARY_JUDGMENT_ORDER.pdf,,"Create/deliver one finished 16:9 WHAT IT COST production still for B015, synchronized to narration: ""The Steiners were not business rivals trying to take eBay's customers. They were publishers criticizing the company and giving readers a place to criticize it too."". FINAL FRAME MUST ALREADY CONTAIN THE REQUIRED SOURCE MATERIAL — no empty evidence slots and no plan to add sources later. Locked look: premium investigative business documentary; #0B0B0B/#1F1F1F/#3A3A3A, paper white #EDEDED, restrained signal red #D32222, rare muted gold only for money; Bebas-like display, Inter-like support, authentic paper/evidence treatment, strong negative space. Bottom 20% must be visually quiet and free of essential content. Required visible source assets: DC018_CIVIL_COMPLAINT_COVER.png; EBAY_HQ_2018_CC_BY_SA.jpg; S009_D711_SUMMARY_JUDGMENT_ORDER.pdf. Exact on-image text: ""CRITICISM, NOT COMPETITION"". Do not invent any other factual names, dates, figures, quotes, source metadata, seals, stamps or legal conclusions.  ROUTE: SOURCE_STYLED_GENERATION. Supply the listed assets to the image model as factual references and require them to remain recognizably present in the final frame. The output itself must be the source-based final still, not a blank plate. Preserve object/photo identity; do not fabricate substitute evidence or people. Template T01.",R4_READY
B016,S02,119.920,130.260,SOURCE_STYLED_GENERATION,T01,evidence,HOW DID CRITICISM BECOME SECURITY?,DC018_CIVIL_COMPLAINT_COVER.png;EBAY_HQ_2018_CC_BY_SA.jpg;S009_D711_SUMMARY_JUDGMENT_ORDER.pdf,,"Create/deliver one finished 16:9 WHAT IT COST production still for B016, synchronized to narration: ""Companies face criticism every day. The real question is how criticism from two publishers became something people inside eBay's security organization were expected to solve."". FINAL FRAME MUST ALREADY CONTAIN THE REQUIRED SOURCE MATERIAL — no empty evidence slots and no plan to add sources later. Locked look: premium investigative business documentary; #0B0B0B/#1F1F1F/#3A3A3A, paper white #EDEDED, restrained signal red #D32222, rare muted gold only for money; Bebas-like display, Inter-like support, authentic paper/evidence treatment, strong negative space. Bottom 20% must be visually quiet and free of essential content. Required visible source assets: DC018_CIVIL_COMPLAINT_COVER.png; EBAY_HQ_2018_CC_BY_SA.jpg; S009_D711_SUMMARY_JUDGMENT_ORDER.pdf. Exact on-image text: ""HOW DID CRITICISM BECOME SECURITY?"". Do not invent any other factual names, dates, figures, quotes, source metadata, seals, stamps or legal conclusions.  ROUTE: SOURCE_STYLED_GENERATION. Supply the listed assets to the image model as factual references and require them to remain recognizably present in the final frame. The output itself must be the source-based final still, not a blank plate. Preserve object/photo identity; do not fabricate substitute evidence or people. Template T01.",R4_READY
B017,S03,131.060,143.460,SOURCE_STYLED_GENERATION,T03,document,THE INTERNAL MESSAGES,DC001_CRUSH_THIS_LADY.png;LIVE_DEVIN_WENIG_COMMONS.jpg,,"Create/deliver one finished 16:9 WHAT IT COST production still for B017, synchronized to narration: ""The internal messages are where the story changes. In April twenty nineteen, Steve Wymer — eBay's communications chief — sent then-C-E-O Devin Wenig a message about an Ina Steiner article."". FINAL FRAME MUST ALREADY CONTAIN THE REQUIRED SOURCE MATERIAL — no empty evidence slots and no plan to add sources later. Locked look: premium investigative business documentary; #0B0B0B/#1F1F1F/#3A3A3A, paper white #EDEDED, restrained signal red #D32222, rare muted gold only for money; Bebas-like display, Inter-like support, authentic paper/evidence treatment, strong negative space. Bottom 20% must be visually quiet and free of essential content. Required visible source assets: DC001_CRUSH_THIS_LADY.png; LIVE_DEVIN_WENIG_COMMONS.jpg. Exact on-image text: ""THE INTERNAL MESSAGES"". Do not invent any other factual names, dates, figures, quotes, source metadata, seals, stamps or legal conclusions.  ROUTE: SOURCE_STYLED_GENERATION. Supply the listed assets to the image model as factual references and require them to remain recognizably present in the final frame. The output itself must be the source-based final still, not a blank plate. Preserve object/photo identity; do not fabricate substitute evidence or people. Template T03.",R4_READY
B018,S03,144.140,146.920,SOURCE_NATIVE_EDITORIAL,T01,evidence,“WE ARE GOING TO CRUSH THIS LADY.”,DC001_CRUSH_THIS_LADY.png,,"Create/deliver one finished 16:9 WHAT IT COST production still for B018, synchronized to narration: ""His words were: “We are going to crush this lady.”"". FINAL FRAME MUST ALREADY CONTAIN THE REQUIRED SOURCE MATERIAL — no empty evidence slots and no plan to add sources later. Locked look: premium investigative business documentary; #0B0B0B/#1F1F1F/#3A3A3A, paper white #EDEDED, restrained signal red #D32222, rare muted gold only for money; Bebas-like display, Inter-like support, authentic paper/evidence treatment, strong negative space. Bottom 20% must be visually quiet and free of essential content. Required visible source assets: DC001_CRUSH_THIS_LADY.png. Exact on-image text: ""“WE ARE GOING TO CRUSH THIS LADY.”"". Do not invent any other factual names, dates, figures, quotes, source metadata, seals, stamps or legal conclusions.  ROUTE: SOURCE_NATIVE_EDITORIAL. Build the final image directly from the authentic source crop/photo pixels: crop, mask, highlight, frame, texture and grade them, but do not ask an image model to redraw or rewrite source text. Preserve legible source wording exactly. The source crop and exact headline must be present in the finished still. Template T01.",R4_READY
B019,S03,147.600,152.740,SOURCE_NATIVE_EDITORIAL,T03,document,“TAKE HER DOWN.”,DC003_TAKE_HER_DOWN.png,,"Create/deliver one finished 16:9 WHAT IT COST production still for B019, synchronized to narration: ""Weeks later, according to the federal court record, Wenig told Wymer to “take her down.”"". FINAL FRAME MUST ALREADY CONTAIN THE REQUIRED SOURCE MATERIAL — no empty evidence slots and no plan to add sources later. Locked look: premium investigative business documentary; #0B0B0B/#1F1F1F/#3A3A3A, paper white #EDEDED, restrained signal red #D32222, rare muted gold only for money; Bebas-like display, Inter-like support, authentic paper/evidence treatment, strong negative space. Bottom 20% must be visually quiet and free of essential content. Required visible source assets: DC003_TAKE_HER_DOWN.png. Exact on-image text: ""“TAKE HER DOWN.”"". Do not invent any other factual names, dates, figures, quotes, source metadata, seals, stamps or legal conclusions.  ROUTE: SOURCE_NATIVE_EDITORIAL. Build the final image directly from the authentic source crop/photo pixels: crop, mask, highlight, frame, texture and grade them, but do not ask an image model to redraw or rewrite source text. Preserve legible source wording exactly. The source crop and exact headline must be present in the finished still. Template T03.",R4_READY
B020,S03,153.580,159.860,SOURCE_NATIVE_EDITORIAL,T03,document,“NOW IS THE TIME.”,DC004_NOW_IS_THE_TIME.png,,"Create/deliver one finished 16:9 WHAT IT COST production still for B020, synchronized to narration: ""And on August first, another message from Wenig said that if they were ever going to act, “now is the time.”"". FINAL FRAME MUST ALREADY CONTAIN THE REQUIRED SOURCE MATERIAL — no empty evidence slots and no plan to add sources later. Locked look: premium investigative business documentary; #0B0B0B/#1F1F1F/#3A3A3A, paper white #EDEDED, restrained signal red #D32222, rare muted gold only for money; Bebas-like display, Inter-like support, authentic paper/evidence treatment, strong negative space. Bottom 20% must be visually quiet and free of essential content. Required visible source assets: DC004_NOW_IS_THE_TIME.png. Exact on-image text: ""“NOW IS THE TIME.”"". Do not invent any other factual names, dates, figures, quotes, source metadata, seals, stamps or legal conclusions.  ROUTE: SOURCE_NATIVE_EDITORIAL. Build the final image directly from the authentic source crop/photo pixels: crop, mask, highlight, frame, texture and grade them, but do not ask an image model to redraw or rewrite source text. Preserve legible source wording exactly. The source crop and exact headline must be present in the finished still. Template T03.",R4_READY
B021,S03,160.680,168.060,HYBRID_SOURCE_EDITORIAL,T02,dossier,WORDS ≠ PROOF OF AN ORDER,S009_D711_SUMMARY_JUDGMENT_ORDER.pdf;OFFICE_INTERIOR_CC0.jpg,,"Create/deliver one finished 16:9 WHAT IT COST production still for B021, synchronized to narration: ""Those words are dramatic. But they are not, by themselves, proof that Wenig or any other executive ordered the crimes that followed."". FINAL FRAME MUST ALREADY CONTAIN THE REQUIRED SOURCE MATERIAL — no empty evidence slots and no plan to add sources later. Locked look: premium investigative business documentary; #0B0B0B/#1F1F1F/#3A3A3A, paper white #EDEDED, restrained signal red #D32222, rare muted gold only for money; Bebas-like display, Inter-like support, authentic paper/evidence treatment, strong negative space. Bottom 20% must be visually quiet and free of essential content. Required visible source assets: S009_D711_SUMMARY_JUDGMENT_ORDER.pdf; OFFICE_INTERIOR_CC0.jpg. Exact on-image text: ""WORDS ≠ PROOF OF AN ORDER"". Do not invent any other factual names, dates, figures, quotes, source metadata, seals, stamps or legal conclusions.  ROUTE: HYBRID_SOURCE_EDITORIAL. Compose the authentic source assets into the final branded frame and add only deterministic exact labels/GFX. AI may style background/material atmosphere only if it does not alter source pixels or factual text. Template T02.",R4_READY
B022,S03,168.740,179.680,SOURCE_NATIVE_EDITORIAL,T03,document,NO DIRECT COMMUNICATION WITH BAUGH,DC008_WENIG_NO_DIRECT_BAUGH.png;LIVE_DEVIN_WENIG_COMMONS.jpg,,"Create/deliver one finished 16:9 WHAT IT COST production still for B022, synchronized to narration: ""The later court record says Jim Baugh — the head of eBay security — testified that Wenig never communicated directly with him about the Steiners. Wenig's relevant communications went through Wymer."". FINAL FRAME MUST ALREADY CONTAIN THE REQUIRED SOURCE MATERIAL — no empty evidence slots and no plan to add sources later. Locked look: premium investigative business documentary; #0B0B0B/#1F1F1F/#3A3A3A, paper white #EDEDED, restrained signal red #D32222, rare muted gold only for money; Bebas-like display, Inter-like support, authentic paper/evidence treatment, strong negative space. Bottom 20% must be visually quiet and free of essential content. Required visible source assets: DC008_WENIG_NO_DIRECT_BAUGH.png; LIVE_DEVIN_WENIG_COMMONS.jpg. Exact on-image text: ""NO DIRECT COMMUNICATION WITH BAUGH"". Do not invent any other factual names, dates, figures, quotes, source metadata, seals, stamps or legal conclusions.  ROUTE: SOURCE_NATIVE_EDITORIAL. Build the final image directly from the authentic source crop/photo pixels: crop, mask, highlight, frame, texture and grade them, but do not ask an image model to redraw or rewrite source text. Preserve legible source wording exactly. The source crop and exact headline must be present in the finished still. Template T03.",R4_READY
B023,S03,180.260,189.800,SOURCE_STYLED_GENERATION,T03,document,“WHATEVER IT TAKES.”,S009_D711_SUMMARY_JUDGMENT_ORDER.pdf;OFFICE_INTERIOR_CC0.jpg,,"Create/deliver one finished 16:9 WHAT IT COST production still for B023, synchronized to narration: ""Still, inside the organization, the language was escalating. Wymer's messages to Baugh became increasingly ag gressive, including the phrase “Whatever it takes.”"". FINAL FRAME MUST ALREADY CONTAIN THE REQUIRED SOURCE MATERIAL — no empty evidence slots and no plan to add sources later. Locked look: premium investigative business documentary; #0B0B0B/#1F1F1F/#3A3A3A, paper white #EDEDED, restrained signal red #D32222, rare muted gold only for money; Bebas-like display, Inter-like support, authentic paper/evidence treatment, strong negative space. Bottom 20% must be visually quiet and free of essential content. Required visible source assets: S009_D711_SUMMARY_JUDGMENT_ORDER.pdf; OFFICE_INTERIOR_CC0.jpg. Exact on-image text: ""“WHATEVER IT TAKES.”"". Do not invent any other factual names, dates, figures, quotes, source metadata, seals, stamps or legal conclusions.  ROUTE: SOURCE_STYLED_GENERATION. Supply the listed assets to the image model as factual references and require them to remain recognizably present in the final frame. The output itself must be the source-based final still, not a blank plate. Preserve object/photo identity; do not fabricate substitute evidence or people. Template T03.",R4_READY
B024,S03,190.560,194.220,SOURCE_STYLED_GENERATION,T02,dossier,THE ISSUE MOVED TOWARD SECURITY,OFFICE_INTERIOR_CC0.jpg;EBAY_HQ_2018_CC_BY_SA.jpg,,"Create/deliver one finished 16:9 WHAT IT COST production still for B024, synchronized to narration: ""Another executive relationship was pulling the issue toward security too."". FINAL FRAME MUST ALREADY CONTAIN THE REQUIRED SOURCE MATERIAL — no empty evidence slots and no plan to add sources later. Locked look: premium investigative business documentary; #0B0B0B/#1F1F1F/#3A3A3A, paper white #EDEDED, restrained signal red #D32222, rare muted gold only for money; Bebas-like display, Inter-like support, authentic paper/evidence treatment, strong negative space. Bottom 20% must be visually quiet and free of essential content. Required visible source assets: OFFICE_INTERIOR_CC0.jpg; EBAY_HQ_2018_CC_BY_SA.jpg. Exact on-image text: ""THE ISSUE MOVED TOWARD SECURITY"". Do not invent any other factual names, dates, figures, quotes, source metadata, seals, stamps or legal conclusions.  ROUTE: SOURCE_STYLED_GENERATION. Supply the listed assets to the image model as factual references and require them to remain recognizably present in the final frame. The output itself must be the source-based final still, not a blank plate. Preserve object/photo identity; do not fabricate substitute evidence or people. Template T02.",R4_READY
B025,S03,194.950,204.200,SOURCE_NATIVE_EDITORIAL,T03,document,“OFF THE RADAR.”,DC002_OFF_THE_RADAR.png,,"Create/deliver one finished 16:9 WHAT IT COST production still for B025, synchronized to narration: ""Wendy Jones — Baugh's direct supervisor — told him, according to the court record, to handle the issue “off the radar” and said she did not want details."". FINAL FRAME MUST ALREADY CONTAIN THE REQUIRED SOURCE MATERIAL — no empty evidence slots and no plan to add sources later. Locked look: premium investigative business documentary; #0B0B0B/#1F1F1F/#3A3A3A, paper white #EDEDED, restrained signal red #D32222, rare muted gold only for money; Bebas-like display, Inter-like support, authentic paper/evidence treatment, strong negative space. Bottom 20% must be visually quiet and free of essential content. Required visible source assets: DC002_OFF_THE_RADAR.png. Exact on-image text: ""“OFF THE RADAR.”"". Do not invent any other factual names, dates, figures, quotes, source metadata, seals, stamps or legal conclusions.  ROUTE: SOURCE_NATIVE_EDITORIAL. Build the final image directly from the authentic source crop/photo pixels: crop, mask, highlight, frame, texture and grade them, but do not ask an image model to redraw or rewrite source text. Preserve legible source wording exactly. The source crop and exact headline must be present in the finished still. Template T03.",R4_READY
B026,S03,205.240,216.120,HYBRID_SOURCE_EDITORIAL,T02,dossier,LEGAL LIMITATION,S009_D711_SUMMARY_JUDGMENT_ORDER.pdf;OFFICE_INTERIOR_CC0.jpg,,"Create/deliver one finished 16:9 WHAT IT COST production still for B026, synchronized to narration: ""That is not the same as a finding that Jones knew what the security team would later do. But by this point, criticism from two publishers was no longer being discussed only as a communications problem."". FINAL FRAME MUST ALREADY CONTAIN THE REQUIRED SOURCE MATERIAL — no empty evidence slots and no plan to add sources later. Locked look: premium investigative business documentary; #0B0B0B/#1F1F1F/#3A3A3A, paper white #EDEDED, restrained signal red #D32222, rare muted gold only for money; Bebas-like display, Inter-like support, authentic paper/evidence treatment, strong negative space. Bottom 20% must be visually quiet and free of essential content. Required visible source assets: S009_D711_SUMMARY_JUDGMENT_ORDER.pdf; OFFICE_INTERIOR_CC0.jpg. Exact on-image text: ""LEGAL LIMITATION"". Do not invent any other factual names, dates, figures, quotes, source metadata, seals, stamps or legal conclusions.  ROUTE: HYBRID_SOURCE_EDITORIAL. Compose the authentic source assets into the final branded frame and add only deterministic exact labels/GFX. AI may style background/material atmosphere only if it does not alter source pixels or factual text. Template T02.",R4_READY
B027,S03,216.740,218.300,SOURCE_STYLED_GENERATION,T01,evidence,INTO THE SECURITY CHAIN,OFFICE_INTERIOR_CC0.jpg;EBAY_HQ_2018_CC_BY_SA.jpg,,"Create/deliver one finished 16:9 WHAT IT COST production still for B027, synchronized to narration: ""It had entered the security chain."". FINAL FRAME MUST ALREADY CONTAIN THE REQUIRED SOURCE MATERIAL — no empty evidence slots and no plan to add sources later. Locked look: premium investigative business documentary; #0B0B0B/#1F1F1F/#3A3A3A, paper white #EDEDED, restrained signal red #D32222, rare muted gold only for money; Bebas-like display, Inter-like support, authentic paper/evidence treatment, strong negative space. Bottom 20% must be visually quiet and free of essential content. Required visible source assets: OFFICE_INTERIOR_CC0.jpg; EBAY_HQ_2018_CC_BY_SA.jpg. Exact on-image text: ""INTO THE SECURITY CHAIN"". Do not invent any other factual names, dates, figures, quotes, source metadata, seals, stamps or legal conclusions.  ROUTE: SOURCE_STYLED_GENERATION. Supply the listed assets to the image model as factual references and require them to remain recognizably present in the final frame. The output itself must be the source-based final still, not a blank plate. Preserve object/photo identity; do not fabricate substitute evidence or people. Template T01.",R4_READY
B028,S04,219.200,226.140,SOURCE_STYLED_GENERATION,T02,dossier,MASSACHUSETTS — BEFORE AUGUST 2019,NATICK_CENTER_2020_CC_BY_SA.jpg;MASSACHUSETTS_FENCE_CC0.jpg;DC005_FIDOMASTER_JUNE8.png,,"Create/deliver one finished 16:9 WHAT IT COST production still for B028, synchronized to narration: ""Before the most notorious phase of the campaign, members of Baugh's security operation had already traveled to Massachusetts."". FINAL FRAME MUST ALREADY CONTAIN THE REQUIRED SOURCE MATERIAL — no empty evidence slots and no plan to add sources later. Locked look: premium investigative business documentary; #0B0B0B/#1F1F1F/#3A3A3A, paper white #EDEDED, restrained signal red #D32222, rare muted gold only for money; Bebas-like display, Inter-like support, authentic paper/evidence treatment, strong negative space. Bottom 20% must be visually quiet and free of essential content. Required visible source assets: NATICK_CENTER_2020_CC_BY_SA.jpg; MASSACHUSETTS_FENCE_CC0.jpg; DC005_FIDOMASTER_JUNE8.png. Exact on-image text: ""MASSACHUSETTS — BEFORE AUGUST 2019"". Do not invent any other factual names, dates, figures, quotes, source metadata, seals, stamps or legal conclusions.  ROUTE: SOURCE_STYLED_GENERATION. Supply the listed assets to the image model as factual references and require them to remain recognizably present in the final frame. The output itself must be the source-based final still, not a blank plate. Preserve object/photo identity; do not fabricate substitute evidence or people. Template T02.",R4_READY
B029,S04,227.160,241.820,SOURCE_STYLED_GENERATION,T01,evidence,FIDOMASTER,DC005_FIDOMASTER_JUNE8.png;MASSACHUSETTS_FENCE_CC0.jpg,,"Create/deliver one finished 16:9 WHAT IT COST production still for B029, synchronized to narration: ""During an early trip, security employee Brian Gilbert surveilled the Steiners and spray-painted “FidoMaster” on their fence — a username used by a commenter on EcommerceBytes whom the security team believed was connected to the Steiners."". FINAL FRAME MUST ALREADY CONTAIN THE REQUIRED SOURCE MATERIAL — no empty evidence slots and no plan to add sources later. Locked look: premium investigative business documentary; #0B0B0B/#1F1F1F/#3A3A3A, paper white #EDEDED, restrained signal red #D32222, rare muted gold only for money; Bebas-like display, Inter-like support, authentic paper/evidence treatment, strong negative space. Bottom 20% must be visually quiet and free of essential content. Required visible source assets: DC005_FIDOMASTER_JUNE8.png; MASSACHUSETTS_FENCE_CC0.jpg. Exact on-image text: ""FIDOMASTER"". Do not invent any other factual names, dates, figures, quotes, source metadata, seals, stamps or legal conclusions.  ROUTE: SOURCE_STYLED_GENERATION. Supply the listed assets to the image model as factual references and require them to remain recognizably present in the final frame. The output itself must be the source-based final still, not a blank plate. Preserve object/photo identity; do not fabricate substitute evidence or people. Template T01.",R4_READY
B030,S04,242.560,252.480,SOURCE_STYLED_GENERATION,T02,dossier,“A TAP ON THE SHOULDER.”,DC005_FIDOMASTER_JUNE8.png;MASSACHUSETTS_FENCE_CC0.jpg;OFFICE_INTERIOR_CC0.jpg,,"Create/deliver one finished 16:9 WHAT IT COST production still for B030, synchronized to narration: ""Baugh later described the trip to Wymer as a “tap on the shoulder.” That moment matters because it shows how the problem was being translated inside the company."". FINAL FRAME MUST ALREADY CONTAIN THE REQUIRED SOURCE MATERIAL — no empty evidence slots and no plan to add sources later. Locked look: premium investigative business documentary; #0B0B0B/#1F1F1F/#3A3A3A, paper white #EDEDED, restrained signal red #D32222, rare muted gold only for money; Bebas-like display, Inter-like support, authentic paper/evidence treatment, strong negative space. Bottom 20% must be visually quiet and free of essential content. Required visible source assets: DC005_FIDOMASTER_JUNE8.png; MASSACHUSETTS_FENCE_CC0.jpg; OFFICE_INTERIOR_CC0.jpg. Exact on-image text: ""“A TAP ON THE SHOULDER.”"". Do not invent any other factual names, dates, figures, quotes, source metadata, seals, stamps or legal conclusions.  ROUTE: SOURCE_STYLED_GENERATION. Supply the listed assets to the image model as factual references and require them to remain recognizably present in the final frame. The output itself must be the source-based final still, not a blank plate. Preserve object/photo identity; do not fabricate substitute evidence or people. Template T02.",R4_READY
B031,S04,253.440,262.820,SOURCE_STYLED_GENERATION,T03,document,ANGER → MESSAGES → ACTION,DC001_CRUSH_THIS_LADY.png;DC003_TAKE_HER_DOWN.png;DC005_FIDOMASTER_JUNE8.png,,"Create/deliver one finished 16:9 WHAT IT COST production still for B031, synchronized to narration: ""At the top, there was anger about criticism. In the middle, increasingly forceful messages. At the security level, those messages were becoming action."". FINAL FRAME MUST ALREADY CONTAIN THE REQUIRED SOURCE MATERIAL — no empty evidence slots and no plan to add sources later. Locked look: premium investigative business documentary; #0B0B0B/#1F1F1F/#3A3A3A, paper white #EDEDED, restrained signal red #D32222, rare muted gold only for money; Bebas-like display, Inter-like support, authentic paper/evidence treatment, strong negative space. Bottom 20% must be visually quiet and free of essential content. Required visible source assets: DC001_CRUSH_THIS_LADY.png; DC003_TAKE_HER_DOWN.png; DC005_FIDOMASTER_JUNE8.png. Exact on-image text: ""ANGER → MESSAGES → ACTION"". Do not invent any other factual names, dates, figures, quotes, source metadata, seals, stamps or legal conclusions.  ROUTE: SOURCE_STYLED_GENERATION. Supply the listed assets to the image model as factual references and require them to remain recognizably present in the final frame. The output itself must be the source-based final still, not a blank plate. Preserve object/photo identity; do not fabricate substitute evidence or people. Template T03.",R4_READY
B032,S04,263.740,273.040,SOURCE_STYLED_GENERATION,T02,dossier,"AUGUST 6, 2019 — OPERATION PLANNING",S009_D711_SUMMARY_JUDGMENT_ORDER.pdf;OFFICE_INTERIOR_CC0.jpg,,"Create/deliver one finished 16:9 WHAT IT COST production still for B032, synchronized to narration: ""Then the process became more organized. On August sixth, Baugh held meetings with security-team members to plan an operation against the Steiners."". FINAL FRAME MUST ALREADY CONTAIN THE REQUIRED SOURCE MATERIAL — no empty evidence slots and no plan to add sources later. Locked look: premium investigative business documentary; #0B0B0B/#1F1F1F/#3A3A3A, paper white #EDEDED, restrained signal red #D32222, rare muted gold only for money; Bebas-like display, Inter-like support, authentic paper/evidence treatment, strong negative space. Bottom 20% must be visually quiet and free of essential content. Required visible source assets: S009_D711_SUMMARY_JUDGMENT_ORDER.pdf; OFFICE_INTERIOR_CC0.jpg. Exact on-image text: ""AUGUST 6, 2019 — OPERATION PLANNING"". Do not invent any other factual names, dates, figures, quotes, source metadata, seals, stamps or legal conclusions.  ROUTE: SOURCE_STYLED_GENERATION. Supply the listed assets to the image model as factual references and require them to remain recognizably present in the final frame. The output itself must be the source-based final still, not a blank plate. Preserve object/photo identity; do not fabricate substitute evidence or people. Template T02.",R4_READY
B033,S04,273.860,283.080,SOURCE_STYLED_GENERATION,T02,dossier,THE OPERATION ACCELERATED,PARCEL_CC0.webp;DC022_THREATENING_MESSAGES.png;OFFICE_INTERIOR_CC0.jpg,,"Create/deliver one finished 16:9 WHAT IT COST production still for B033, synchronized to narration: ""The plan included unwanted deliveries and online harassment. The next day, Baugh met with Wymer. And then the operation accelerated."". FINAL FRAME MUST ALREADY CONTAIN THE REQUIRED SOURCE MATERIAL — no empty evidence slots and no plan to add sources later. Locked look: premium investigative business documentary; #0B0B0B/#1F1F1F/#3A3A3A, paper white #EDEDED, restrained signal red #D32222, rare muted gold only for money; Bebas-like display, Inter-like support, authentic paper/evidence treatment, strong negative space. Bottom 20% must be visually quiet and free of essential content. Required visible source assets: PARCEL_CC0.webp; DC022_THREATENING_MESSAGES.png; OFFICE_INTERIOR_CC0.jpg. Exact on-image text: ""THE OPERATION ACCELERATED"". Do not invent any other factual names, dates, figures, quotes, source metadata, seals, stamps or legal conclusions.  ROUTE: SOURCE_STYLED_GENERATION. Supply the listed assets to the image model as factual references and require them to remain recognizably present in the final frame. The output itself must be the source-based final still, not a blank plate. Preserve object/photo identity; do not fabricate substitute evidence or people. Template T02.",R4_READY
B034,S05,284.180,293.200,SOURCE_STYLED_GENERATION,T03,document,THREATENING MESSAGES • LIVE INSECTS • PIG MASK,DC022_THREATENING_MESSAGES.png;DOJ_FBI_PIG_MASK_AND_BOOK.jpg;COCKROACH_CC0.jpg;LARVAE_CC0.jpg,Authentic evidence without horror/gore treatment.,"Create/deliver one finished 16:9 WHAT IT COST production still for B034, synchronized to narration: ""The Steiners began receiving threatening online messages and disturbing deliveries. The admitted record includes live insects and a bloody pig mask."". FINAL FRAME MUST ALREADY CONTAIN THE REQUIRED SOURCE MATERIAL — no empty evidence slots and no plan to add sources later. Locked look: premium investigative business documentary; #0B0B0B/#1F1F1F/#3A3A3A, paper white #EDEDED, restrained signal red #D32222, rare muted gold only for money; Bebas-like display, Inter-like support, authentic paper/evidence treatment, strong negative space. Bottom 20% must be visually quiet and free of essential content. Required visible source assets: DC022_THREATENING_MESSAGES.png; DOJ_FBI_PIG_MASK_AND_BOOK.jpg; COCKROACH_CC0.jpg; LARVAE_CC0.jpg. Exact on-image text: ""THREATENING MESSAGES • LIVE INSECTS • PIG MASK"". Do not invent any other factual names, dates, figures, quotes, source metadata, seals, stamps or legal conclusions. Authentic evidence without horror/gore treatment. ROUTE: SOURCE_STYLED_GENERATION. Supply the listed assets to the image model as factual references and require them to remain recognizably present in the final frame. The output itself must be the source-based final still, not a blank plate. Preserve object/photo identity; do not fabricate substitute evidence or people. Template T03.",R4_READY
B035,S05,294.220,300.920,SOURCE_STYLED_GENERATION,T03,document,CRAIGSLIST POSTS,DC021_CRAIGSLIST_HARASSMENT.png,,"Create/deliver one finished 16:9 WHAT IT COST production still for B035, synchronized to narration: ""There were also Craigslist posts designed to send strangers toward the Steiners and other messages intended to frighten them."". FINAL FRAME MUST ALREADY CONTAIN THE REQUIRED SOURCE MATERIAL — no empty evidence slots and no plan to add sources later. Locked look: premium investigative business documentary; #0B0B0B/#1F1F1F/#3A3A3A, paper white #EDEDED, restrained signal red #D32222, rare muted gold only for money; Bebas-like display, Inter-like support, authentic paper/evidence treatment, strong negative space. Bottom 20% must be visually quiet and free of essential content. Required visible source assets: DC021_CRAIGSLIST_HARASSMENT.png. Exact on-image text: ""CRAIGSLIST POSTS"". Do not invent any other factual names, dates, figures, quotes, source metadata, seals, stamps or legal conclusions.  ROUTE: SOURCE_STYLED_GENERATION. Supply the listed assets to the image model as factual references and require them to remain recognizably present in the final frame. The output itself must be the source-based final still, not a blank plate. Preserve object/photo identity; do not fabricate substitute evidence or people. Template T03.",R4_READY
B036,S05,301.780,308.420,SOURCE_STYLED_GENERATION,T01,evidence,"ORGANIZED, NOT RANDOM",DOJ_FBI_PIG_MASK_AND_BOOK.jpg;PARCEL_CC0.webp;DC022_THREATENING_MESSAGES.png,,"Create/deliver one finished 16:9 WHAT IT COST production still for B036, synchronized to narration: ""The details are bizarre enough to make the story feel almost unreal. But the key point is that this was organized."". FINAL FRAME MUST ALREADY CONTAIN THE REQUIRED SOURCE MATERIAL — no empty evidence slots and no plan to add sources later. Locked look: premium investigative business documentary; #0B0B0B/#1F1F1F/#3A3A3A, paper white #EDEDED, restrained signal red #D32222, rare muted gold only for money; Bebas-like display, Inter-like support, authentic paper/evidence treatment, strong negative space. Bottom 20% must be visually quiet and free of essential content. Required visible source assets: DOJ_FBI_PIG_MASK_AND_BOOK.jpg; PARCEL_CC0.webp; DC022_THREATENING_MESSAGES.png. Exact on-image text: ""ORGANIZED, NOT RANDOM"". Do not invent any other factual names, dates, figures, quotes, source metadata, seals, stamps or legal conclusions.  ROUTE: SOURCE_STYLED_GENERATION. Supply the listed assets to the image model as factual references and require them to remain recognizably present in the final frame. The output itself must be the source-based final still, not a blank plate. Preserve object/photo identity; do not fabricate substitute evidence or people. Template T01.",R4_READY
B037,S05,309.400,318.820,SOURCE_STYLED_GENERATION,T06,timeline,PLANNING • TRAVEL • CORPORATE SECURITY,OFFICE_INTERIOR_CC0.jpg;EBAY_HQ_2018_CC_BY_SA.jpg;PARCEL_CC0.webp,,"Create/deliver one finished 16:9 WHAT IT COST production still for B037, synchronized to narration: ""People were planning activities, traveling, communicating, and using corporate-security personnel and resources around a campaign directed at two private citizens."". FINAL FRAME MUST ALREADY CONTAIN THE REQUIRED SOURCE MATERIAL — no empty evidence slots and no plan to add sources later. Locked look: premium investigative business documentary; #0B0B0B/#1F1F1F/#3A3A3A, paper white #EDEDED, restrained signal red #D32222, rare muted gold only for money; Bebas-like display, Inter-like support, authentic paper/evidence treatment, strong negative space. Bottom 20% must be visually quiet and free of essential content. Required visible source assets: OFFICE_INTERIOR_CC0.jpg; EBAY_HQ_2018_CC_BY_SA.jpg; PARCEL_CC0.webp. Exact on-image text: ""PLANNING • TRAVEL • CORPORATE SECURITY"". Do not invent any other factual names, dates, figures, quotes, source metadata, seals, stamps or legal conclusions.  ROUTE: SOURCE_STYLED_GENERATION. Supply the listed assets to the image model as factual references and require them to remain recognizably present in the final frame. The output itself must be the source-based final still, not a blank plate. Preserve object/photo identity; do not fabricate substitute evidence or people. Template T06.",R4_READY
B038,S05,319.880,328.140,SOURCE_STYLED_GENERATION,T02,dossier,"AUGUST 15, 2019",NATICK_CENTER_2020_CC_BY_SA.jpg;GENERIC_GPS_TRACKER_CC0.jpg,,"Create/deliver one finished 16:9 WHAT IT COST production still for B038, synchronized to narration: ""Then the line moved again. On August fifteenth, Baugh, David Harville and Veronica Zea traveled to the Steiners' area."". FINAL FRAME MUST ALREADY CONTAIN THE REQUIRED SOURCE MATERIAL — no empty evidence slots and no plan to add sources later. Locked look: premium investigative business documentary; #0B0B0B/#1F1F1F/#3A3A3A, paper white #EDEDED, restrained signal red #D32222, rare muted gold only for money; Bebas-like display, Inter-like support, authentic paper/evidence treatment, strong negative space. Bottom 20% must be visually quiet and free of essential content. Required visible source assets: NATICK_CENTER_2020_CC_BY_SA.jpg; GENERIC_GPS_TRACKER_CC0.jpg. Exact on-image text: ""AUGUST 15, 2019"". Do not invent any other factual names, dates, figures, quotes, source metadata, seals, stamps or legal conclusions.  ROUTE: SOURCE_STYLED_GENERATION. Supply the listed assets to the image model as factual references and require them to remain recognizably present in the final frame. The output itself must be the source-based final still, not a blank plate. Preserve object/photo identity; do not fabricate substitute evidence or people. Template T02.",R4_READY
B039,S05,328.940,337.480,SOURCE_STYLED_GENERATION,T03,document,GPS TRACKER ATTEMPT,DC006_DELIVERIES_GPS_ATTEMPT.png;DC007_GPS_GARAGE_ATTEMPT.png;GENERIC_GPS_TRACKER_CC0.jpg,Tracker attempted; installation not established.,"Create/deliver one finished 16:9 WHAT IT COST production still for B039, synchronized to narration: ""According to the federal court record, they attempted to install a G-P-S tracker on the Steiners' vehicle. They also surveilled and followed the couple."". FINAL FRAME MUST ALREADY CONTAIN THE REQUIRED SOURCE MATERIAL — no empty evidence slots and no plan to add sources later. Locked look: premium investigative business documentary; #0B0B0B/#1F1F1F/#3A3A3A, paper white #EDEDED, restrained signal red #D32222, rare muted gold only for money; Bebas-like display, Inter-like support, authentic paper/evidence treatment, strong negative space. Bottom 20% must be visually quiet and free of essential content. Required visible source assets: DC006_DELIVERIES_GPS_ATTEMPT.png; DC007_GPS_GARAGE_ATTEMPT.png; GENERIC_GPS_TRACKER_CC0.jpg. Exact on-image text: ""GPS TRACKER ATTEMPT"". Do not invent any other factual names, dates, figures, quotes, source metadata, seals, stamps or legal conclusions. Tracker attempted; installation not established. ROUTE: SOURCE_STYLED_GENERATION. Supply the listed assets to the image model as factual references and require them to remain recognizably present in the final frame. The output itself must be the source-based final still, not a blank plate. Preserve object/photo identity; do not fabricate substitute evidence or people. Template T03.",R4_READY
B040,S05,338.340,349.320,HYBRID_SOURCE_EDITORIAL,T01,evidence,ATTEMPTED — NOT INSTALLED,DC007_GPS_GARAGE_ATTEMPT.png;GENERIC_GPS_TRACKER_CC0.jpg,Tracker attempted; installation not established.,"Create/deliver one finished 16:9 WHAT IT COST production still for B040, synchronized to narration: ""The tracker was not established as successfully installed. But the attempt changed the nature of the story. This was no longer just anonymous online harassment or disturbing deliveries."". FINAL FRAME MUST ALREADY CONTAIN THE REQUIRED SOURCE MATERIAL — no empty evidence slots and no plan to add sources later. Locked look: premium investigative business documentary; #0B0B0B/#1F1F1F/#3A3A3A, paper white #EDEDED, restrained signal red #D32222, rare muted gold only for money; Bebas-like display, Inter-like support, authentic paper/evidence treatment, strong negative space. Bottom 20% must be visually quiet and free of essential content. Required visible source assets: DC007_GPS_GARAGE_ATTEMPT.png; GENERIC_GPS_TRACKER_CC0.jpg. Exact on-image text: ""ATTEMPTED — NOT INSTALLED"". Do not invent any other factual names, dates, figures, quotes, source metadata, seals, stamps or legal conclusions. Tracker attempted; installation not established. ROUTE: HYBRID_SOURCE_EDITORIAL. Compose the authentic source assets into the final branded frame and add only deterministic exact labels/GFX. AI may style background/material atmosphere only if it does not alter source pixels or factual text. Template T01.",R4_READY
B041,S05,350.380,355.800,SOURCE_STYLED_GENERATION,T05,map_location,PHYSICAL SURVEILLANCE,NATICK_CENTER_2020_CC_BY_SA.jpg;GENERIC_GPS_TRACKER_CC0.jpg,,"Create/deliver one finished 16:9 WHAT IT COST production still for B041, synchronized to narration: ""It had become a physical surveillance operation. And the next day, the Steiners went to the police."". FINAL FRAME MUST ALREADY CONTAIN THE REQUIRED SOURCE MATERIAL — no empty evidence slots and no plan to add sources later. Locked look: premium investigative business documentary; #0B0B0B/#1F1F1F/#3A3A3A, paper white #EDEDED, restrained signal red #D32222, rare muted gold only for money; Bebas-like display, Inter-like support, authentic paper/evidence treatment, strong negative space. Bottom 20% must be visually quiet and free of essential content. Required visible source assets: NATICK_CENTER_2020_CC_BY_SA.jpg; GENERIC_GPS_TRACKER_CC0.jpg. Exact on-image text: ""PHYSICAL SURVEILLANCE"". Do not invent any other factual names, dates, figures, quotes, source metadata, seals, stamps or legal conclusions.  ROUTE: SOURCE_STYLED_GENERATION. Supply the listed assets to the image model as factual references and require them to remain recognizably present in the final frame. The output itself must be the source-based final still, not a blank plate. Preserve object/photo identity; do not fabricate substitute evidence or people. Template T05.",R4_READY
B042,S06,356.860,366.060,SOURCE_STYLED_GENERATION,T06,timeline,"AUGUST 16, 2019 — POLICE INVESTIGATION",DC023_OBSTRUCTION_DELETION.png;EBAY_HQ_2018_CC_BY_SA.jpg;NATICK_CENTER_2020_CC_BY_SA.jpg,,"Create/deliver one finished 16:9 WHAT IT COST production still for B042, synchronized to narration: ""Natick police began investigating on August sixteenth, twenty nineteen. That should have ended the operation. Instead, it created a second problem."". FINAL FRAME MUST ALREADY CONTAIN THE REQUIRED SOURCE MATERIAL — no empty evidence slots and no plan to add sources later. Locked look: premium investigative business documentary; #0B0B0B/#1F1F1F/#3A3A3A, paper white #EDEDED, restrained signal red #D32222, rare muted gold only for money; Bebas-like display, Inter-like support, authentic paper/evidence treatment, strong negative space. Bottom 20% must be visually quiet and free of essential content. Required visible source assets: DC023_OBSTRUCTION_DELETION.png; EBAY_HQ_2018_CC_BY_SA.jpg; NATICK_CENTER_2020_CC_BY_SA.jpg. Exact on-image text: ""AUGUST 16, 2019 — POLICE INVESTIGATION"". Do not invent any other factual names, dates, figures, quotes, source metadata, seals, stamps or legal conclusions.  ROUTE: SOURCE_STYLED_GENERATION. Supply the listed assets to the image model as factual references and require them to remain recognizably present in the final frame. The output itself must be the source-based final still, not a blank plate. Preserve object/photo identity; do not fabricate substitute evidence or people. Template T06.",R4_READY
B043,S06,366.980,374.300,SOURCE_STYLED_GENERATION,T01,evidence,A SECOND PROBLEM,DC023_OBSTRUCTION_DELETION.png;EBAY_HQ_2018_CC_BY_SA.jpg;NATICK_CENTER_2020_CC_BY_SA.jpg,,"Create/deliver one finished 16:9 WHAT IT COST production still for B043, synchronized to narration: ""The first was what the security team had done. The second was what members of that team did once investigators started asking questions."". FINAL FRAME MUST ALREADY CONTAIN THE REQUIRED SOURCE MATERIAL — no empty evidence slots and no plan to add sources later. Locked look: premium investigative business documentary; #0B0B0B/#1F1F1F/#3A3A3A, paper white #EDEDED, restrained signal red #D32222, rare muted gold only for money; Bebas-like display, Inter-like support, authentic paper/evidence treatment, strong negative space. Bottom 20% must be visually quiet and free of essential content. Required visible source assets: DC023_OBSTRUCTION_DELETION.png; EBAY_HQ_2018_CC_BY_SA.jpg; NATICK_CENTER_2020_CC_BY_SA.jpg. Exact on-image text: ""A SECOND PROBLEM"". Do not invent any other factual names, dates, figures, quotes, source metadata, seals, stamps or legal conclusions.  ROUTE: SOURCE_STYLED_GENERATION. Supply the listed assets to the image model as factual references and require them to remain recognizably present in the final frame. The output itself must be the source-based final still, not a blank plate. Preserve object/photo identity; do not fabricate substitute evidence or people. Template T01.",R4_READY
B044,S06,375.480,384.240,HYBRID_SOURCE_EDITORIAL,T01,evidence,FALSE STATEMENTS • DELETED EVIDENCE • FALSIFIED RECORDS,DC023_OBSTRUCTION_DELETION.png;EBAY_HQ_2018_CC_BY_SA.jpg;NATICK_CENTER_2020_CC_BY_SA.jpg,,"Create/deliver one finished 16:9 WHAT IT COST production still for B044, synchronized to narration: ""The record admitted by eBay and described by federal prosecutors includes false statements, deletion of digital evidence, and falsified records."". FINAL FRAME MUST ALREADY CONTAIN THE REQUIRED SOURCE MATERIAL — no empty evidence slots and no plan to add sources later. Locked look: premium investigative business documentary; #0B0B0B/#1F1F1F/#3A3A3A, paper white #EDEDED, restrained signal red #D32222, rare muted gold only for money; Bebas-like display, Inter-like support, authentic paper/evidence treatment, strong negative space. Bottom 20% must be visually quiet and free of essential content. Required visible source assets: DC023_OBSTRUCTION_DELETION.png; EBAY_HQ_2018_CC_BY_SA.jpg; NATICK_CENTER_2020_CC_BY_SA.jpg. Exact on-image text: ""FALSE STATEMENTS • DELETED EVIDENCE • FALSIFIED RECORDS"". Do not invent any other factual names, dates, figures, quotes, source metadata, seals, stamps or legal conclusions.  ROUTE: HYBRID_SOURCE_EDITORIAL. Compose the authentic source assets into the final branded frame and add only deterministic exact labels/GFX. AI may style background/material atmosphere only if it does not alter source pixels or factual text. Template T01.",R4_READY
B045,S06,385.280,394.160,SOURCE_STYLED_GENERATION,T01,evidence,OPERATION + CONCEALMENT,DC023_OBSTRUCTION_DELETION.png;EBAY_HQ_2018_CC_BY_SA.jpg;NATICK_CENTER_2020_CC_BY_SA.jpg,,"Create/deliver one finished 16:9 WHAT IT COST production still for B045, synchronized to narration: ""A security organization that existed to reduce risk had now created two kinds of risk: the operation itself, and the effort to conceal it."". FINAL FRAME MUST ALREADY CONTAIN THE REQUIRED SOURCE MATERIAL — no empty evidence slots and no plan to add sources later. Locked look: premium investigative business documentary; #0B0B0B/#1F1F1F/#3A3A3A, paper white #EDEDED, restrained signal red #D32222, rare muted gold only for money; Bebas-like display, Inter-like support, authentic paper/evidence treatment, strong negative space. Bottom 20% must be visually quiet and free of essential content. Required visible source assets: DC023_OBSTRUCTION_DELETION.png; EBAY_HQ_2018_CC_BY_SA.jpg; NATICK_CENTER_2020_CC_BY_SA.jpg. Exact on-image text: ""OPERATION + CONCEALMENT"". Do not invent any other factual names, dates, figures, quotes, source metadata, seals, stamps or legal conclusions.  ROUTE: SOURCE_STYLED_GENERATION. Supply the listed assets to the image model as factual references and require them to remain recognizably present in the final frame. The output itself must be the source-based final still, not a blank plate. Preserve object/photo identity; do not fabricate substitute evidence or people. Template T01.",R4_READY
B046,S06,395.020,410.060,SOURCE_STYLED_GENERATION,T06,timeline,INTERNAL INVESTIGATION,DC023_OBSTRUCTION_DELETION.png;EBAY_HQ_2018_CC_BY_SA.jpg;NATICK_CENTER_2020_CC_BY_SA.jpg,,"Create/deliver one finished 16:9 WHAT IT COST production still for B046, synchronized to narration: ""eBay began its own internal investigation days later. By the end of August, several security employees had been placed on leave. Over time, key members of the operation were removed or terminated, and one contractor's relationship ended."". FINAL FRAME MUST ALREADY CONTAIN THE REQUIRED SOURCE MATERIAL — no empty evidence slots and no plan to add sources later. Locked look: premium investigative business documentary; #0B0B0B/#1F1F1F/#3A3A3A, paper white #EDEDED, restrained signal red #D32222, rare muted gold only for money; Bebas-like display, Inter-like support, authentic paper/evidence treatment, strong negative space. Bottom 20% must be visually quiet and free of essential content. Required visible source assets: DC023_OBSTRUCTION_DELETION.png; EBAY_HQ_2018_CC_BY_SA.jpg; NATICK_CENTER_2020_CC_BY_SA.jpg. Exact on-image text: ""INTERNAL INVESTIGATION"". Do not invent any other factual names, dates, figures, quotes, source metadata, seals, stamps or legal conclusions.  ROUTE: SOURCE_STYLED_GENERATION. Supply the listed assets to the image model as factual references and require them to remain recognizably present in the final frame. The output itself must be the source-based final still, not a blank plate. Preserve object/photo identity; do not fabricate substitute evidence or people. Template T06.",R4_READY
B047,S06,410.900,415.800,SOURCE_STYLED_GENERATION,T01,evidence,FEDERAL PROSECUTORS,DC023_OBSTRUCTION_DELETION.png;EBAY_HQ_2018_CC_BY_SA.jpg;NATICK_CENTER_2020_CC_BY_SA.jpg,,"Create/deliver one finished 16:9 WHAT IT COST production still for B047, synchronized to narration: ""But internal discipline was only the beginning. Federal prosecutors were coming next."". FINAL FRAME MUST ALREADY CONTAIN THE REQUIRED SOURCE MATERIAL — no empty evidence slots and no plan to add sources later. Locked look: premium investigative business documentary; #0B0B0B/#1F1F1F/#3A3A3A, paper white #EDEDED, restrained signal red #D32222, rare muted gold only for money; Bebas-like display, Inter-like support, authentic paper/evidence treatment, strong negative space. Bottom 20% must be visually quiet and free of essential content. Required visible source assets: DC023_OBSTRUCTION_DELETION.png; EBAY_HQ_2018_CC_BY_SA.jpg; NATICK_CENTER_2020_CC_BY_SA.jpg. Exact on-image text: ""FEDERAL PROSECUTORS"". Do not invent any other factual names, dates, figures, quotes, source metadata, seals, stamps or legal conclusions.  ROUTE: SOURCE_STYLED_GENERATION. Supply the listed assets to the image model as factual references and require them to remain recognizably present in the final frame. The output itself must be the source-based final still, not a blank plate. Preserve object/photo identity; do not fabricate substitute evidence or people. Template T01.",R4_READY
B048,S07,416.540,422.360,SOURCE_STYLED_GENERATION,T01,evidence,FEDERAL CASES BEGIN — 2020,DC011_SEVEN_GUILTY_DOJ.png;S004_DOJ_FINAL_DEFENDANT_PAGE.pdf,,"Create/deliver one finished 16:9 WHAT IT COST production still for B048, synchronized to narration: ""Beginning in twenty twenty, federal prosecutors brought criminal cases against people involved in the campaign."". FINAL FRAME MUST ALREADY CONTAIN THE REQUIRED SOURCE MATERIAL — no empty evidence slots and no plan to add sources later. Locked look: premium investigative business documentary; #0B0B0B/#1F1F1F/#3A3A3A, paper white #EDEDED, restrained signal red #D32222, rare muted gold only for money; Bebas-like display, Inter-like support, authentic paper/evidence treatment, strong negative space. Bottom 20% must be visually quiet and free of essential content. Required visible source assets: DC011_SEVEN_GUILTY_DOJ.png; S004_DOJ_FINAL_DEFENDANT_PAGE.pdf. Exact on-image text: ""FEDERAL CASES BEGIN — 2020"". Do not invent any other factual names, dates, figures, quotes, source metadata, seals, stamps or legal conclusions.  ROUTE: SOURCE_STYLED_GENERATION. Supply the listed assets to the image model as factual references and require them to remain recognizably present in the final frame. The output itself must be the source-based final still, not a blank plate. Preserve object/photo identity; do not fabricate substitute evidence or people. Template T01.",R4_READY
B049,S07,423.480,429.180,HYBRID_SOURCE_EDITORIAL,T07,accountability,SEVEN GUILTY PLEAS,DC011_SEVEN_GUILTY_DOJ.png;S004_DOJ_FINAL_DEFENDANT_PAGE.pdf,,"Create/deliver one finished 16:9 WHAT IT COST production still for B049, synchronized to narration: ""Eventually, all seven former eBay employees and contractors who were prosecuted pleaded guilty."". FINAL FRAME MUST ALREADY CONTAIN THE REQUIRED SOURCE MATERIAL — no empty evidence slots and no plan to add sources later. Locked look: premium investigative business documentary; #0B0B0B/#1F1F1F/#3A3A3A, paper white #EDEDED, restrained signal red #D32222, rare muted gold only for money; Bebas-like display, Inter-like support, authentic paper/evidence treatment, strong negative space. Bottom 20% must be visually quiet and free of essential content. Required visible source assets: DC011_SEVEN_GUILTY_DOJ.png; S004_DOJ_FINAL_DEFENDANT_PAGE.pdf. Exact on-image text: ""SEVEN GUILTY PLEAS"". Do not invent any other factual names, dates, figures, quotes, source metadata, seals, stamps or legal conclusions.  ROUTE: HYBRID_SOURCE_EDITORIAL. Compose the authentic source assets into the final branded frame and add only deterministic exact labels/GFX. AI may style background/material atmosphere only if it does not alter source pixels or factual text. Template T07.",R4_READY
B050,S07,430.420,439.600,SOURCE_NATIVE_EDITORIAL,T07,accountability,JIM BAUGH — 57 MONTHS,DC012_BAUGH_HARVILLE_SENTENCES_DOJ.png;S005_DOJ_BAUGH_HARVILLE_SENTENCING_PAGE.pdf,,"Create/deliver one finished 16:9 WHAT IT COST production still for B050, synchronized to narration: ""A guilty plea is not an allegation. It establishes criminal guilt without a trial. Jim Baugh received fifty-seven months in prison."". FINAL FRAME MUST ALREADY CONTAIN THE REQUIRED SOURCE MATERIAL — no empty evidence slots and no plan to add sources later. Locked look: premium investigative business documentary; #0B0B0B/#1F1F1F/#3A3A3A, paper white #EDEDED, restrained signal red #D32222, rare muted gold only for money; Bebas-like display, Inter-like support, authentic paper/evidence treatment, strong negative space. Bottom 20% must be visually quiet and free of essential content. Required visible source assets: DC012_BAUGH_HARVILLE_SENTENCES_DOJ.png; S005_DOJ_BAUGH_HARVILLE_SENTENCING_PAGE.pdf. Exact on-image text: ""JIM BAUGH — 57 MONTHS"". Do not invent any other factual names, dates, figures, quotes, source metadata, seals, stamps or legal conclusions.  ROUTE: SOURCE_NATIVE_EDITORIAL. Build the final image directly from the authentic source crop/photo pixels: crop, mask, highlight, frame, texture and grade them, but do not ask an image model to redraw or rewrite source text. Preserve legible source wording exactly. The source crop and exact headline must be present in the finished still. Template T07.",R4_READY
B051,S07,440.920,449.880,SOURCE_NATIVE_EDITORIAL,T07,accountability,DAVID HARVILLE — 24 MONTHS,DC012_BAUGH_HARVILLE_SENTENCES_DOJ.png;S005_DOJ_BAUGH_HARVILLE_SENTENCING_PAGE.pdf,,"Create/deliver one finished 16:9 WHAT IT COST production still for B051, synchronized to narration: ""David Harville received twenty-four months. Other participants received combinations of prison, probation, home confinement, and financial penalties."". FINAL FRAME MUST ALREADY CONTAIN THE REQUIRED SOURCE MATERIAL — no empty evidence slots and no plan to add sources later. Locked look: premium investigative business documentary; #0B0B0B/#1F1F1F/#3A3A3A, paper white #EDEDED, restrained signal red #D32222, rare muted gold only for money; Bebas-like display, Inter-like support, authentic paper/evidence treatment, strong negative space. Bottom 20% must be visually quiet and free of essential content. Required visible source assets: DC012_BAUGH_HARVILLE_SENTENCES_DOJ.png; S005_DOJ_BAUGH_HARVILLE_SENTENCING_PAGE.pdf. Exact on-image text: ""DAVID HARVILLE — 24 MONTHS"". Do not invent any other factual names, dates, figures, quotes, source metadata, seals, stamps or legal conclusions.  ROUTE: SOURCE_NATIVE_EDITORIAL. Build the final image directly from the authentic source crop/photo pixels: crop, mask, highlight, frame, texture and grade them, but do not ask an image model to redraw or rewrite source text. Preserve legible source wording exactly. The source crop and exact headline must be present in the finished still. Template T07.",R4_READY
B052,S07,451.340,460.880,SOURCE_STYLED_GENERATION,T01,evidence,PERSONAL ACCOUNTABILITY,DC011_SEVEN_GUILTY_DOJ.png;DC012_BAUGH_HARVILLE_SENTENCES_DOJ.png;EBAY_HQ_2018_CC_BY_SA.jpg,,"Create/deliver one finished 16:9 WHAT IT COST production still for B052, synchronized to narration: ""By twenty twenty-four, the individual criminal cases had produced a clear story of personal accountability. And from a distance, that can look like the ending."". FINAL FRAME MUST ALREADY CONTAIN THE REQUIRED SOURCE MATERIAL — no empty evidence slots and no plan to add sources later. Locked look: premium investigative business documentary; #0B0B0B/#1F1F1F/#3A3A3A, paper white #EDEDED, restrained signal red #D32222, rare muted gold only for money; Bebas-like display, Inter-like support, authentic paper/evidence treatment, strong negative space. Bottom 20% must be visually quiet and free of essential content. Required visible source assets: DC011_SEVEN_GUILTY_DOJ.png; DC012_BAUGH_HARVILLE_SENTENCES_DOJ.png; EBAY_HQ_2018_CC_BY_SA.jpg. Exact on-image text: ""PERSONAL ACCOUNTABILITY"". Do not invent any other factual names, dates, figures, quotes, source metadata, seals, stamps or legal conclusions.  ROUTE: SOURCE_STYLED_GENERATION. Supply the listed assets to the image model as factual references and require them to remain recognizably present in the final frame. The output itself must be the source-based final still, not a blank plate. Preserve object/photo identity; do not fabricate substitute evidence or people. Template T01.",R4_READY
B053,S07,462.060,468.780,HYBRID_SOURCE_EDITORIAL,T07,accountability,ALL SEVEN PROSECUTED PLEADED GUILTY,DC011_SEVEN_GUILTY_DOJ.png;DC012_BAUGH_HARVILLE_SENTENCES_DOJ.png;EBAY_HQ_2018_CC_BY_SA.jpg,,"Create/deliver one finished 16:9 WHAT IT COST production still for B053, synchronized to narration: ""eBay had removed key members of the security operation. The people who were federally prosecuted had pleaded guilty."". FINAL FRAME MUST ALREADY CONTAIN THE REQUIRED SOURCE MATERIAL — no empty evidence slots and no plan to add sources later. Locked look: premium investigative business documentary; #0B0B0B/#1F1F1F/#3A3A3A, paper white #EDEDED, restrained signal red #D32222, rare muted gold only for money; Bebas-like display, Inter-like support, authentic paper/evidence treatment, strong negative space. Bottom 20% must be visually quiet and free of essential content. Required visible source assets: DC011_SEVEN_GUILTY_DOJ.png; DC012_BAUGH_HARVILLE_SENTENCES_DOJ.png; EBAY_HQ_2018_CC_BY_SA.jpg. Exact on-image text: ""ALL SEVEN PROSECUTED PLEADED GUILTY"". Do not invent any other factual names, dates, figures, quotes, source metadata, seals, stamps or legal conclusions.  ROUTE: HYBRID_SOURCE_EDITORIAL. Compose the authentic source assets into the final branded frame and add only deterministic exact labels/GFX. AI may style background/material atmosphere only if it does not alter source pixels or factual text. Template T07.",R4_READY
B054,S07,469.980,476.000,SOURCE_STYLED_GENERATION,T01,evidence,FROM INDIVIDUALS TO THE COMPANY,DC011_SEVEN_GUILTY_DOJ.png;DC012_BAUGH_HARVILLE_SENTENCES_DOJ.png;EBAY_HQ_2018_CC_BY_SA.jpg,,"Create/deliver one finished 16:9 WHAT IT COST production still for B054, synchronized to narration: ""But federal prosecutors eventually turned from the individuals inside the company to the company itself."". FINAL FRAME MUST ALREADY CONTAIN THE REQUIRED SOURCE MATERIAL — no empty evidence slots and no plan to add sources later. Locked look: premium investigative business documentary; #0B0B0B/#1F1F1F/#3A3A3A, paper white #EDEDED, restrained signal red #D32222, rare muted gold only for money; Bebas-like display, Inter-like support, authentic paper/evidence treatment, strong negative space. Bottom 20% must be visually quiet and free of essential content. Required visible source assets: DC011_SEVEN_GUILTY_DOJ.png; DC012_BAUGH_HARVILLE_SENTENCES_DOJ.png; EBAY_HQ_2018_CC_BY_SA.jpg. Exact on-image text: ""FROM INDIVIDUALS TO THE COMPANY"". Do not invent any other factual names, dates, figures, quotes, source metadata, seals, stamps or legal conclusions.  ROUTE: SOURCE_STYLED_GENERATION. Supply the listed assets to the image model as factual references and require them to remain recognizably present in the final frame. The output itself must be the source-based final still, not a blank plate. Preserve object/photo identity; do not fabricate substitute evidence or people. Template T01.",R4_READY
B055,S08,477.340,483.160,SOURCE_NATIVE_EDITORIAL,T03,document,JANUARY 2024 — SIX-COUNT INFORMATION,S003_EBAY_CRIMINAL_INFORMATION.pdf;EBAY_HQ_2018_CC_BY_SA.jpg,,"Create/deliver one finished 16:9 WHAT IT COST production still for B055, synchronized to narration: ""In January twenty twenty-four, prosecutors filed a six-count criminal Information against eBay."". FINAL FRAME MUST ALREADY CONTAIN THE REQUIRED SOURCE MATERIAL — no empty evidence slots and no plan to add sources later. Locked look: premium investigative business documentary; #0B0B0B/#1F1F1F/#3A3A3A, paper white #EDEDED, restrained signal red #D32222, rare muted gold only for money; Bebas-like display, Inter-like support, authentic paper/evidence treatment, strong negative space. Bottom 20% must be visually quiet and free of essential content. Required visible source assets: S003_EBAY_CRIMINAL_INFORMATION.pdf; EBAY_HQ_2018_CC_BY_SA.jpg. Exact on-image text: ""JANUARY 2024 — SIX-COUNT INFORMATION"". Do not invent any other factual names, dates, figures, quotes, source metadata, seals, stamps or legal conclusions.  ROUTE: SOURCE_NATIVE_EDITORIAL. Build the final image directly from the authentic source crop/photo pixels: crop, mask, highlight, frame, texture and grade them, but do not ask an image model to redraw or rewrite source text. Preserve legible source wording exactly. The source crop and exact headline must be present in the finished still. Template T03.",R4_READY
B056,S08,484.200,495.500,SOURCE_NATIVE_EDITORIAL,T01,evidence,STALKING • WITNESS TAMPERING • RECORDS,S003_EBAY_CRIMINAL_INFORMATION.pdf;EBAY_HQ_2018_CC_BY_SA.jpg,,"Create/deliver one finished 16:9 WHAT IT COST production still for B056, synchronized to narration: ""The counts included interstate stalking, stalking through electronic communications, witness tampering, and destruction or falsification of records connected to a federal investigation."". FINAL FRAME MUST ALREADY CONTAIN THE REQUIRED SOURCE MATERIAL — no empty evidence slots and no plan to add sources later. Locked look: premium investigative business documentary; #0B0B0B/#1F1F1F/#3A3A3A, paper white #EDEDED, restrained signal red #D32222, rare muted gold only for money; Bebas-like display, Inter-like support, authentic paper/evidence treatment, strong negative space. Bottom 20% must be visually quiet and free of essential content. Required visible source assets: S003_EBAY_CRIMINAL_INFORMATION.pdf; EBAY_HQ_2018_CC_BY_SA.jpg. Exact on-image text: ""STALKING • WITNESS TAMPERING • RECORDS"". Do not invent any other factual names, dates, figures, quotes, source metadata, seals, stamps or legal conclusions.  ROUTE: SOURCE_NATIVE_EDITORIAL. Build the final image directly from the authentic source crop/photo pixels: crop, mask, highlight, frame, texture and grade them, but do not ask an image model to redraw or rewrite source text. Preserve legible source wording exactly. The source crop and exact headline must be present in the finished still. Template T01.",R4_READY
B057,S08,496.900,499.300,SOURCE_NATIVE_EDITORIAL,T03,document,DPA ≠ CONVICTION,DC015_DPA_CRIMINAL_PENALTY.png;DC016_DPA_COMPLIANCE_MONITOR.png;DC017_DPA_ACCEPTANCE_OF_RESPONSIBILITY.png;EBAY_HQ_2018_CC_BY_SA.jpg,DPA is not a conviction.,"Create/deliver one finished 16:9 WHAT IT COST production still for B057, synchronized to narration: ""But eBay was not convicted on those charges."". FINAL FRAME MUST ALREADY CONTAIN THE REQUIRED SOURCE MATERIAL — no empty evidence slots and no plan to add sources later. Locked look: premium investigative business documentary; #0B0B0B/#1F1F1F/#3A3A3A, paper white #EDEDED, restrained signal red #D32222, rare muted gold only for money; Bebas-like display, Inter-like support, authentic paper/evidence treatment, strong negative space. Bottom 20% must be visually quiet and free of essential content. Required visible source assets: DC015_DPA_CRIMINAL_PENALTY.png; DC016_DPA_COMPLIANCE_MONITOR.png; DC017_DPA_ACCEPTANCE_OF_RESPONSIBILITY.png; EBAY_HQ_2018_CC_BY_SA.jpg. Exact on-image text: ""DPA ≠ CONVICTION"". Do not invent any other factual names, dates, figures, quotes, source metadata, seals, stamps or legal conclusions. DPA is not a conviction. ROUTE: SOURCE_NATIVE_EDITORIAL. Build the final image directly from the authentic source crop/photo pixels: crop, mask, highlight, frame, texture and grade them, but do not ask an image model to redraw or rewrite source text. Preserve legible source wording exactly. The source crop and exact headline must be present in the finished still. Template T03.",R4_READY
B058,S08,500.300,503.880,SOURCE_NATIVE_EDITORIAL,T01,evidence,DEFERRED PROSECUTION AGREEMENT,DC015_DPA_CRIMINAL_PENALTY.png;DC016_DPA_COMPLIANCE_MONITOR.png;DC017_DPA_ACCEPTANCE_OF_RESPONSIBILITY.png;EBAY_HQ_2018_CC_BY_SA.jpg,DPA is not a conviction.,"Create/deliver one finished 16:9 WHAT IT COST production still for B058, synchronized to narration: ""Instead, the company entered a deferred prosecution agreement."". FINAL FRAME MUST ALREADY CONTAIN THE REQUIRED SOURCE MATERIAL — no empty evidence slots and no plan to add sources later. Locked look: premium investigative business documentary; #0B0B0B/#1F1F1F/#3A3A3A, paper white #EDEDED, restrained signal red #D32222, rare muted gold only for money; Bebas-like display, Inter-like support, authentic paper/evidence treatment, strong negative space. Bottom 20% must be visually quiet and free of essential content. Required visible source assets: DC015_DPA_CRIMINAL_PENALTY.png; DC016_DPA_COMPLIANCE_MONITOR.png; DC017_DPA_ACCEPTANCE_OF_RESPONSIBILITY.png; EBAY_HQ_2018_CC_BY_SA.jpg. Exact on-image text: ""DEFERRED PROSECUTION AGREEMENT"". Do not invent any other factual names, dates, figures, quotes, source metadata, seals, stamps or legal conclusions. DPA is not a conviction. ROUTE: SOURCE_NATIVE_EDITORIAL. Build the final image directly from the authentic source crop/photo pixels: crop, mask, highlight, frame, texture and grade them, but do not ask an image model to redraw or rewrite source text. Preserve legible source wording exactly. The source crop and exact headline must be present in the finished still. Template T01.",R4_READY
B059,S08,505.020,508.380,SOURCE_NATIVE_EDITORIAL,T03,document,DPA ≠ CONVICTION,DC015_DPA_CRIMINAL_PENALTY.png;DC016_DPA_COMPLIANCE_MONITOR.png;DC017_DPA_ACCEPTANCE_OF_RESPONSIBILITY.png;EBAY_HQ_2018_CC_BY_SA.jpg,DPA is not a conviction.,"Create/deliver one finished 16:9 WHAT IT COST production still for B059, synchronized to narration: ""A deferred prosecution agreement works differently from a conviction."". FINAL FRAME MUST ALREADY CONTAIN THE REQUIRED SOURCE MATERIAL — no empty evidence slots and no plan to add sources later. Locked look: premium investigative business documentary; #0B0B0B/#1F1F1F/#3A3A3A, paper white #EDEDED, restrained signal red #D32222, rare muted gold only for money; Bebas-like display, Inter-like support, authentic paper/evidence treatment, strong negative space. Bottom 20% must be visually quiet and free of essential content. Required visible source assets: DC015_DPA_CRIMINAL_PENALTY.png; DC016_DPA_COMPLIANCE_MONITOR.png; DC017_DPA_ACCEPTANCE_OF_RESPONSIBILITY.png; EBAY_HQ_2018_CC_BY_SA.jpg. Exact on-image text: ""DPA ≠ CONVICTION"". Do not invent any other factual names, dates, figures, quotes, source metadata, seals, stamps or legal conclusions. DPA is not a conviction. ROUTE: SOURCE_NATIVE_EDITORIAL. Build the final image directly from the authentic source crop/photo pixels: crop, mask, highlight, frame, texture and grade them, but do not ask an image model to redraw or rewrite source text. Preserve legible source wording exactly. The source crop and exact headline must be present in the finished still. Template T03.",R4_READY
B060,S08,509.420,524.080,SOURCE_NATIVE_EDITORIAL,T01,evidence,CHARGES FILED • PROSECUTION DEFERRED,DC015_DPA_CRIMINAL_PENALTY.png;DC016_DPA_COMPLIANCE_MONITOR.png;DC017_DPA_ACCEPTANCE_OF_RESPONSIBILITY.png;EBAY_HQ_2018_CC_BY_SA.jpg,DPA is not a conviction.,"Create/deliver one finished 16:9 WHAT IT COST production still for B060, synchronized to narration: ""The government files charges, but prosecution is held back while the company complies with negotiated conditions. If the agreement is completed successfully, the criminal case is intended to end without a trial on those corporate charges."". FINAL FRAME MUST ALREADY CONTAIN THE REQUIRED SOURCE MATERIAL — no empty evidence slots and no plan to add sources later. Locked look: premium investigative business documentary; #0B0B0B/#1F1F1F/#3A3A3A, paper white #EDEDED, restrained signal red #D32222, rare muted gold only for money; Bebas-like display, Inter-like support, authentic paper/evidence treatment, strong negative space. Bottom 20% must be visually quiet and free of essential content. Required visible source assets: DC015_DPA_CRIMINAL_PENALTY.png; DC016_DPA_COMPLIANCE_MONITOR.png; DC017_DPA_ACCEPTANCE_OF_RESPONSIBILITY.png; EBAY_HQ_2018_CC_BY_SA.jpg. Exact on-image text: ""CHARGES FILED • PROSECUTION DEFERRED"". Do not invent any other factual names, dates, figures, quotes, source metadata, seals, stamps or legal conclusions. DPA is not a conviction. ROUTE: SOURCE_NATIVE_EDITORIAL. Build the final image directly from the authentic source crop/photo pixels: crop, mask, highlight, frame, texture and grade them, but do not ask an image model to redraw or rewrite source text. Preserve legible source wording exactly. The source crop and exact headline must be present in the finished still. Template T01.",R4_READY
B061,S08,525.140,528.120,HYBRID_SOURCE_EDITORIAL,T01,evidence,CORPORATE CONSEQUENCES,DC015_DPA_CRIMINAL_PENALTY.png;DC016_DPA_COMPLIANCE_MONITOR.png;DC017_DPA_ACCEPTANCE_OF_RESPONSIBILITY.png;EBAY_HQ_2018_CC_BY_SA.jpg,DPA is not a conviction.,"Create/deliver one finished 16:9 WHAT IT COST production still for B061, synchronized to narration: ""For eBay, the agreement came with real consequences."". FINAL FRAME MUST ALREADY CONTAIN THE REQUIRED SOURCE MATERIAL — no empty evidence slots and no plan to add sources later. Locked look: premium investigative business documentary; #0B0B0B/#1F1F1F/#3A3A3A, paper white #EDEDED, restrained signal red #D32222, rare muted gold only for money; Bebas-like display, Inter-like support, authentic paper/evidence treatment, strong negative space. Bottom 20% must be visually quiet and free of essential content. Required visible source assets: DC015_DPA_CRIMINAL_PENALTY.png; DC016_DPA_COMPLIANCE_MONITOR.png; DC017_DPA_ACCEPTANCE_OF_RESPONSIBILITY.png; EBAY_HQ_2018_CC_BY_SA.jpg. Exact on-image text: ""CORPORATE CONSEQUENCES"". Do not invent any other factual names, dates, figures, quotes, source metadata, seals, stamps or legal conclusions. DPA is not a conviction. ROUTE: HYBRID_SOURCE_EDITORIAL. Compose the authentic source assets into the final branded frame and add only deterministic exact labels/GFX. AI may style background/material atmosphere only if it does not alter source pixels or factual text. Template T01.",R4_READY
B062,S08,529.300,536.780,SOURCE_NATIVE_EDITORIAL,T04,money,$3M CRIMINAL PENALTY,DC015_DPA_CRIMINAL_PENALTY.png;DC016_DPA_COMPLIANCE_MONITOR.png;DC017_DPA_ACCEPTANCE_OF_RESPONSIBILITY.png;EBAY_HQ_2018_CC_BY_SA.jpg,DPA is not a conviction. $3M criminal DPA penalty is separate from the $55.7M civil settlement package.,"Create/deliver one finished 16:9 WHAT IT COST production still for B062, synchronized to narration: ""The company admitted a detailed factual account of the conduct. It agreed to pay a three-million-dollar criminal penalty."". FINAL FRAME MUST ALREADY CONTAIN THE REQUIRED SOURCE MATERIAL — no empty evidence slots and no plan to add sources later. Locked look: premium investigative business documentary; #0B0B0B/#1F1F1F/#3A3A3A, paper white #EDEDED, restrained signal red #D32222, rare muted gold only for money; Bebas-like display, Inter-like support, authentic paper/evidence treatment, strong negative space. Bottom 20% must be visually quiet and free of essential content. Required visible source assets: DC015_DPA_CRIMINAL_PENALTY.png; DC016_DPA_COMPLIANCE_MONITOR.png; DC017_DPA_ACCEPTANCE_OF_RESPONSIBILITY.png; EBAY_HQ_2018_CC_BY_SA.jpg. Exact on-image text: ""$3M CRIMINAL PENALTY"". Do not invent any other factual names, dates, figures, quotes, source metadata, seals, stamps or legal conclusions. DPA is not a conviction. $3M criminal DPA penalty is separate from the $55.7M civil settlement package. ROUTE: SOURCE_NATIVE_EDITORIAL. Build the final image directly from the authentic source crop/photo pixels: crop, mask, highlight, frame, texture and grade them, but do not ask an image model to redraw or rewrite source text. Preserve legible source wording exactly. The source crop and exact headline must be present in the finished still. Template T04.",R4_READY
B063,S08,537.600,544.240,SOURCE_NATIVE_EDITORIAL,T01,evidence,3-YEAR INDEPENDENT MONITOR,DC015_DPA_CRIMINAL_PENALTY.png;DC016_DPA_COMPLIANCE_MONITOR.png;DC017_DPA_ACCEPTANCE_OF_RESPONSIBILITY.png;EBAY_HQ_2018_CC_BY_SA.jpg,DPA is not a conviction.,"Create/deliver one finished 16:9 WHAT IT COST production still for B063, synchronized to narration: ""And it accepted an independent compliance monitor for three years, along with cooperation and compliance obligations."". FINAL FRAME MUST ALREADY CONTAIN THE REQUIRED SOURCE MATERIAL — no empty evidence slots and no plan to add sources later. Locked look: premium investigative business documentary; #0B0B0B/#1F1F1F/#3A3A3A, paper white #EDEDED, restrained signal red #D32222, rare muted gold only for money; Bebas-like display, Inter-like support, authentic paper/evidence treatment, strong negative space. Bottom 20% must be visually quiet and free of essential content. Required visible source assets: DC015_DPA_CRIMINAL_PENALTY.png; DC016_DPA_COMPLIANCE_MONITOR.png; DC017_DPA_ACCEPTANCE_OF_RESPONSIBILITY.png; EBAY_HQ_2018_CC_BY_SA.jpg. Exact on-image text: ""3-YEAR INDEPENDENT MONITOR"". Do not invent any other factual names, dates, figures, quotes, source metadata, seals, stamps or legal conclusions. DPA is not a conviction. ROUTE: SOURCE_NATIVE_EDITORIAL. Build the final image directly from the authentic source crop/photo pixels: crop, mask, highlight, frame, texture and grade them, but do not ask an image model to redraw or rewrite source text. Preserve legible source wording exactly. The source crop and exact headline must be present in the finished still. Template T01.",R4_READY
B064,S08,545.640,555.980,HYBRID_SOURCE_EDITORIAL,T01,evidence,EBAY — FEDERAL CRIMINAL RESOLUTION,DC015_DPA_CRIMINAL_PENALTY.png;DC016_DPA_COMPLIANCE_MONITOR.png;DC017_DPA_ACCEPTANCE_OF_RESPONSIBILITY.png;EBAY_HQ_2018_CC_BY_SA.jpg,DPA is not a conviction.,"Create/deliver one finished 16:9 WHAT IT COST production still for B064, synchronized to narration: ""At that point, the legal consequences no longer belonged only to individuals. eBay itself had entered a federal criminal resolution tied to the conduct."". FINAL FRAME MUST ALREADY CONTAIN THE REQUIRED SOURCE MATERIAL — no empty evidence slots and no plan to add sources later. Locked look: premium investigative business documentary; #0B0B0B/#1F1F1F/#3A3A3A, paper white #EDEDED, restrained signal red #D32222, rare muted gold only for money; Bebas-like display, Inter-like support, authentic paper/evidence treatment, strong negative space. Bottom 20% must be visually quiet and free of essential content. Required visible source assets: DC015_DPA_CRIMINAL_PENALTY.png; DC016_DPA_COMPLIANCE_MONITOR.png; DC017_DPA_ACCEPTANCE_OF_RESPONSIBILITY.png; EBAY_HQ_2018_CC_BY_SA.jpg. Exact on-image text: ""EBAY — FEDERAL CRIMINAL RESOLUTION"". Do not invent any other factual names, dates, figures, quotes, source metadata, seals, stamps or legal conclusions. DPA is not a conviction. ROUTE: HYBRID_SOURCE_EDITORIAL. Compose the authentic source assets into the final branded frame and add only deterministic exact labels/GFX. AI may style background/material atmosphere only if it does not alter source pixels or factual text. Template T01.",R4_READY
B065,S08,556.820,565.860,HYBRID_SOURCE_EDITORIAL,T01,evidence,HOW FAR UP DID RESPONSIBILITY GO?,EBAY_HQ_2018_CC_BY_SA.jpg;LIVE_MOAKLEY_COURTHOUSE_CC0.jpg,,"Create/deliver one finished 16:9 WHAT IT COST production still for B065, synchronized to narration: ""But one major question was still unresolved. How far up the organization could civil responsibility for the campaign extend?"". FINAL FRAME MUST ALREADY CONTAIN THE REQUIRED SOURCE MATERIAL — no empty evidence slots and no plan to add sources later. Locked look: premium investigative business documentary; #0B0B0B/#1F1F1F/#3A3A3A, paper white #EDEDED, restrained signal red #D32222, rare muted gold only for money; Bebas-like display, Inter-like support, authentic paper/evidence treatment, strong negative space. Bottom 20% must be visually quiet and free of essential content. Required visible source assets: EBAY_HQ_2018_CC_BY_SA.jpg; LIVE_MOAKLEY_COURTHOUSE_CC0.jpg. Exact on-image text: ""HOW FAR UP DID RESPONSIBILITY GO?"". Do not invent any other factual names, dates, figures, quotes, source metadata, seals, stamps or legal conclusions.  ROUTE: HYBRID_SOURCE_EDITORIAL. Compose the authentic source assets into the final branded frame and add only deterministic exact labels/GFX. AI may style background/material atmosphere only if it does not alter source pixels or factual text. Template T01.",R4_READY
B066,S08,566.960,569.300,HYBRID_SOURCE_EDITORIAL,T03,document,TOWARD A JURY,LIVE_MOAKLEY_COURTHOUSE_CC0.jpg,,"Create/deliver one finished 16:9 WHAT IT COST production still for B066, synchronized to narration: ""That question was moving toward a jury."". FINAL FRAME MUST ALREADY CONTAIN THE REQUIRED SOURCE MATERIAL — no empty evidence slots and no plan to add sources later. Locked look: premium investigative business documentary; #0B0B0B/#1F1F1F/#3A3A3A, paper white #EDEDED, restrained signal red #D32222, rare muted gold only for money; Bebas-like display, Inter-like support, authentic paper/evidence treatment, strong negative space. Bottom 20% must be visually quiet and free of essential content. Required visible source assets: LIVE_MOAKLEY_COURTHOUSE_CC0.jpg. Exact on-image text: ""TOWARD A JURY"". Do not invent any other factual names, dates, figures, quotes, source metadata, seals, stamps or legal conclusions.  ROUTE: HYBRID_SOURCE_EDITORIAL. Compose the authentic source assets into the final branded frame and add only deterministic exact labels/GFX. AI may style background/material atmosphere only if it does not alter source pixels or factual text. Template T03.",R4_READY
B067,S09,570.640,574.500,SOURCE_NATIVE_EDITORIAL,T06,timeline,JULY 2021 — CIVIL CASE FILED,DC018_CIVIL_COMPLAINT_COVER.png;LIVE_MOAKLEY_COURTHOUSE_CC0.jpg,,"Create/deliver one finished 16:9 WHAT IT COST production still for B067, synchronized to narration: ""The Steiners filed their federal civil case in July twenty twenty-one."". FINAL FRAME MUST ALREADY CONTAIN THE REQUIRED SOURCE MATERIAL — no empty evidence slots and no plan to add sources later. Locked look: premium investigative business documentary; #0B0B0B/#1F1F1F/#3A3A3A, paper white #EDEDED, restrained signal red #D32222, rare muted gold only for money; Bebas-like display, Inter-like support, authentic paper/evidence treatment, strong negative space. Bottom 20% must be visually quiet and free of essential content. Required visible source assets: DC018_CIVIL_COMPLAINT_COVER.png; LIVE_MOAKLEY_COURTHOUSE_CC0.jpg. Exact on-image text: ""JULY 2021 — CIVIL CASE FILED"". Do not invent any other factual names, dates, figures, quotes, source metadata, seals, stamps or legal conclusions.  ROUTE: SOURCE_NATIVE_EDITORIAL. Build the final image directly from the authentic source crop/photo pixels: crop, mask, highlight, frame, texture and grade them, but do not ask an image model to redraw or rewrite source text. Preserve legible source wording exactly. The source crop and exact headline must be present in the finished still. Template T06.",R4_READY
B068,S09,575.640,580.400,SOURCE_NATIVE_EDITORIAL,T03,document,2025 — SUMMARY JUDGMENT,DC010_SUMMARY_JUDGMENT_ORDER.png;LIVE_MOAKLEY_COURTHOUSE_CC0.jpg,,"Create/deliver one finished 16:9 WHAT IT COST production still for B068, synchronized to narration: ""Four years later, Judge Patti Saris issued a major summary-judgment order."". FINAL FRAME MUST ALREADY CONTAIN THE REQUIRED SOURCE MATERIAL — no empty evidence slots and no plan to add sources later. Locked look: premium investigative business documentary; #0B0B0B/#1F1F1F/#3A3A3A, paper white #EDEDED, restrained signal red #D32222, rare muted gold only for money; Bebas-like display, Inter-like support, authentic paper/evidence treatment, strong negative space. Bottom 20% must be visually quiet and free of essential content. Required visible source assets: DC010_SUMMARY_JUDGMENT_ORDER.png; LIVE_MOAKLEY_COURTHOUSE_CC0.jpg. Exact on-image text: ""2025 — SUMMARY JUDGMENT"". Do not invent any other factual names, dates, figures, quotes, source metadata, seals, stamps or legal conclusions.  ROUTE: SOURCE_NATIVE_EDITORIAL. Build the final image directly from the authentic source crop/photo pixels: crop, mask, highlight, frame, texture and grade them, but do not ask an image model to redraw or rewrite source text. Preserve legible source wording exactly. The source crop and exact headline must be present in the finished still. Template T03.",R4_READY
B069,S09,581.040,593.080,SOURCE_NATIVE_EDITORIAL,T03,document,SURVIVING CLAIM ≠ LIABILITY,DC010_SUMMARY_JUDGMENT_ORDER.png;LIVE_MOAKLEY_COURTHOUSE_CC0.jpg,Surviving civil claim / jury question is not final liability.,"Create/deliver one finished 16:9 WHAT IT COST production still for B069, synchronized to narration: ""At this stage, the key distinction is simple: allowing a claim to continue does not mean a defendant has been found liable. It means the issue can still be decided by a jury."". FINAL FRAME MUST ALREADY CONTAIN THE REQUIRED SOURCE MATERIAL — no empty evidence slots and no plan to add sources later. Locked look: premium investigative business documentary; #0B0B0B/#1F1F1F/#3A3A3A, paper white #EDEDED, restrained signal red #D32222, rare muted gold only for money; Bebas-like display, Inter-like support, authentic paper/evidence treatment, strong negative space. Bottom 20% must be visually quiet and free of essential content. Required visible source assets: DC010_SUMMARY_JUDGMENT_ORDER.png; LIVE_MOAKLEY_COURTHOUSE_CC0.jpg. Exact on-image text: ""SURVIVING CLAIM ≠ LIABILITY"". Do not invent any other factual names, dates, figures, quotes, source metadata, seals, stamps or legal conclusions. Surviving civil claim / jury question is not final liability. ROUTE: SOURCE_NATIVE_EDITORIAL. Build the final image directly from the authentic source crop/photo pixels: crop, mask, highlight, frame, texture and grade them, but do not ask an image model to redraw or rewrite source text. Preserve legible source wording exactly. The source crop and exact headline must be present in the finished still. Template T03.",R4_READY
B070,S09,593.800,603.440,SOURCE_NATIVE_EDITORIAL,T01,evidence,PFC WON SUMMARY JUDGMENT,DC010_SUMMARY_JUDGMENT_ORDER.png;LIVE_MOAKLEY_COURTHOUSE_CC0.jpg,Surviving civil claim / jury question is not final liability.,"Create/deliver one finished 16:9 WHAT IT COST production still for B070, synchronized to narration: ""And the court treated different defendants differently. A security contractor named P-F-C won summary judgment on the claims against it."". FINAL FRAME MUST ALREADY CONTAIN THE REQUIRED SOURCE MATERIAL — no empty evidence slots and no plan to add sources later. Locked look: premium investigative business documentary; #0B0B0B/#1F1F1F/#3A3A3A, paper white #EDEDED, restrained signal red #D32222, rare muted gold only for money; Bebas-like display, Inter-like support, authentic paper/evidence treatment, strong negative space. Bottom 20% must be visually quiet and free of essential content. Required visible source assets: DC010_SUMMARY_JUDGMENT_ORDER.png; LIVE_MOAKLEY_COURTHOUSE_CC0.jpg. Exact on-image text: ""PFC WON SUMMARY JUDGMENT"". Do not invent any other factual names, dates, figures, quotes, source metadata, seals, stamps or legal conclusions. Surviving civil claim / jury question is not final liability. ROUTE: SOURCE_NATIVE_EDITORIAL. Build the final image directly from the authentic source crop/photo pixels: crop, mask, highlight, frame, texture and grade them, but do not ask an image model to redraw or rewrite source text. Preserve legible source wording exactly. The source crop and exact headline must be present in the finished still. Template T01.",R4_READY
B071,S09,604.100,608.760,SOURCE_NATIVE_EDITORIAL,T02,dossier,CLAIMS AGAINST EBAY / EXECUTIVES SURVIVED,DC010_SUMMARY_JUDGMENT_ORDER.png;LIVE_MOAKLEY_COURTHOUSE_CC0.jpg,Surviving civil claim / jury question is not final liability.,"Create/deliver one finished 16:9 WHAT IT COST production still for B071, synchronized to narration: ""But significant claims involving eBay and former executives survived."". FINAL FRAME MUST ALREADY CONTAIN THE REQUIRED SOURCE MATERIAL — no empty evidence slots and no plan to add sources later. Locked look: premium investigative business documentary; #0B0B0B/#1F1F1F/#3A3A3A, paper white #EDEDED, restrained signal red #D32222, rare muted gold only for money; Bebas-like display, Inter-like support, authentic paper/evidence treatment, strong negative space. Bottom 20% must be visually quiet and free of essential content. Required visible source assets: DC010_SUMMARY_JUDGMENT_ORDER.png; LIVE_MOAKLEY_COURTHOUSE_CC0.jpg. Exact on-image text: ""CLAIMS AGAINST EBAY / EXECUTIVES SURVIVED"". Do not invent any other factual names, dates, figures, quotes, source metadata, seals, stamps or legal conclusions. Surviving civil claim / jury question is not final liability. ROUTE: SOURCE_NATIVE_EDITORIAL. Build the final image directly from the authentic source crop/photo pixels: crop, mask, highlight, frame, texture and grade them, but do not ask an image model to redraw or rewrite source text. Preserve legible source wording exactly. The source crop and exact headline must be present in the finished still. Template T02.",R4_READY
B072,S09,609.660,619.440,SOURCE_NATIVE_EDITORIAL,T02,dossier,NO DIRECT BAUGH COMMUNICATION,DC008_WENIG_NO_DIRECT_BAUGH.png;LIVE_DEVIN_WENIG_COMMONS.jpg;LIVE_MOAKLEY_COURTHOUSE_CC0.jpg,Surviving civil claim / jury question is not final liability. Wenig/Wymer/Jones were not criminally charged over the campaign; preserve attributed positions.,"Create/deliver one finished 16:9 WHAT IT COST production still for B072, synchronized to narration: ""For Devin Wenig, the record included an important limitation: Baugh testified that Wenig had not communicated with him directly about the Steiners."". FINAL FRAME MUST ALREADY CONTAIN THE REQUIRED SOURCE MATERIAL — no empty evidence slots and no plan to add sources later. Locked look: premium investigative business documentary; #0B0B0B/#1F1F1F/#3A3A3A, paper white #EDEDED, restrained signal red #D32222, rare muted gold only for money; Bebas-like display, Inter-like support, authentic paper/evidence treatment, strong negative space. Bottom 20% must be visually quiet and free of essential content. Required visible source assets: DC008_WENIG_NO_DIRECT_BAUGH.png; LIVE_DEVIN_WENIG_COMMONS.jpg; LIVE_MOAKLEY_COURTHOUSE_CC0.jpg. Exact on-image text: ""NO DIRECT BAUGH COMMUNICATION"". Do not invent any other factual names, dates, figures, quotes, source metadata, seals, stamps or legal conclusions. Surviving civil claim / jury question is not final liability. Wenig/Wymer/Jones were not criminally charged over the campaign; preserve attributed positions. ROUTE: SOURCE_NATIVE_EDITORIAL. Build the final image directly from the authentic source crop/photo pixels: crop, mask, highlight, frame, texture and grade them, but do not ask an image model to redraw or rewrite source text. Preserve legible source wording exactly. The source crop and exact headline must be present in the finished still. Template T02.",R4_READY
B073,S09,620.240,633.060,SOURCE_NATIVE_EDITORIAL,T03,document,JURY QUESTION — NOT FINAL LIABILITY,DC008_WENIG_NO_DIRECT_BAUGH.png;LIVE_DEVIN_WENIG_COMMONS.jpg;LIVE_MOAKLEY_COURTHOUSE_CC0.jpg,Surviving civil claim / jury question is not final liability. Wenig/Wymer/Jones were not criminally charged over the campaign; preserve attributed positions.,"Create/deliver one finished 16:9 WHAT IT COST production still for B073, synchronized to narration: ""At the same time, the judge held that, viewing the evidence in the Steiners' favor as required at that stage, a jury could potentially find Wenig's encouragement was a substantial factor in what followed."". FINAL FRAME MUST ALREADY CONTAIN THE REQUIRED SOURCE MATERIAL — no empty evidence slots and no plan to add sources later. Locked look: premium investigative business documentary; #0B0B0B/#1F1F1F/#3A3A3A, paper white #EDEDED, restrained signal red #D32222, rare muted gold only for money; Bebas-like display, Inter-like support, authentic paper/evidence treatment, strong negative space. Bottom 20% must be visually quiet and free of essential content. Required visible source assets: DC008_WENIG_NO_DIRECT_BAUGH.png; LIVE_DEVIN_WENIG_COMMONS.jpg; LIVE_MOAKLEY_COURTHOUSE_CC0.jpg. Exact on-image text: ""JURY QUESTION — NOT FINAL LIABILITY"". Do not invent any other factual names, dates, figures, quotes, source metadata, seals, stamps or legal conclusions. Surviving civil claim / jury question is not final liability. Wenig/Wymer/Jones were not criminally charged over the campaign; preserve attributed positions. ROUTE: SOURCE_NATIVE_EDITORIAL. Build the final image directly from the authentic source crop/photo pixels: crop, mask, highlight, frame, texture and grade them, but do not ask an image model to redraw or rewrite source text. Preserve legible source wording exactly. The source crop and exact headline must be present in the finished still. Template T03.",R4_READY
B074,S09,634.080,650.940,SOURCE_NATIVE_EDITORIAL,T03,document,WENIG DISPUTED THAT INTERPRETATION,DC008_WENIG_NO_DIRECT_BAUGH.png;LIVE_DEVIN_WENIG_COMMONS.jpg;LIVE_MOAKLEY_COURTHOUSE_CC0.jpg,Surviving civil claim / jury question is not final liability. Wenig/Wymer/Jones were not criminally charged over the campaign; preserve attributed positions.,"Create/deliver one finished 16:9 WHAT IT COST production still for B074, synchronized to narration: ""Wenig disputed that interpretation. His lawyers said he had no knowledge of or involvement in the harassment campaign, did not approve or authorize it, and argued that his messages concerned a public-relations response to the Steiners' reporting."". FINAL FRAME MUST ALREADY CONTAIN THE REQUIRED SOURCE MATERIAL — no empty evidence slots and no plan to add sources later. Locked look: premium investigative business documentary; #0B0B0B/#1F1F1F/#3A3A3A, paper white #EDEDED, restrained signal red #D32222, rare muted gold only for money; Bebas-like display, Inter-like support, authentic paper/evidence treatment, strong negative space. Bottom 20% must be visually quiet and free of essential content. Required visible source assets: DC008_WENIG_NO_DIRECT_BAUGH.png; LIVE_DEVIN_WENIG_COMMONS.jpg; LIVE_MOAKLEY_COURTHOUSE_CC0.jpg. Exact on-image text: ""WENIG DISPUTED THAT INTERPRETATION"". Do not invent any other factual names, dates, figures, quotes, source metadata, seals, stamps or legal conclusions. Surviving civil claim / jury question is not final liability. Wenig/Wymer/Jones were not criminally charged over the campaign; preserve attributed positions. ROUTE: SOURCE_NATIVE_EDITORIAL. Build the final image directly from the authentic source crop/photo pixels: crop, mask, highlight, frame, texture and grade them, but do not ask an image model to redraw or rewrite source text. Preserve legible source wording exactly. The source crop and exact headline must be present in the finished still. Template T03.",R4_READY
B075,S09,652.280,663.820,SOURCE_NATIVE_EDITORIAL,T03,document,A REASONABLE JURY COULD FIND…,DC009_WYMER_REASONABLE_JUROR.png;LIVE_MOAKLEY_COURTHOUSE_CC0.jpg,Surviving civil claim / jury question is not final liability.,"Create/deliver one finished 16:9 WHAT IT COST production still for B075, synchronized to narration: ""For Steve Wymer, the court pointed to a more extensive communication record and held that a reasonable jury could find he had induced, encouraged or authorized tortious conduct."". FINAL FRAME MUST ALREADY CONTAIN THE REQUIRED SOURCE MATERIAL — no empty evidence slots and no plan to add sources later. Locked look: premium investigative business documentary; #0B0B0B/#1F1F1F/#3A3A3A, paper white #EDEDED, restrained signal red #D32222, rare muted gold only for money; Bebas-like display, Inter-like support, authentic paper/evidence treatment, strong negative space. Bottom 20% must be visually quiet and free of essential content. Required visible source assets: DC009_WYMER_REASONABLE_JUROR.png; LIVE_MOAKLEY_COURTHOUSE_CC0.jpg. Exact on-image text: ""A REASONABLE JURY COULD FIND…"". Do not invent any other factual names, dates, figures, quotes, source metadata, seals, stamps or legal conclusions. Surviving civil claim / jury question is not final liability. ROUTE: SOURCE_NATIVE_EDITORIAL. Build the final image directly from the authentic source crop/photo pixels: crop, mask, highlight, frame, texture and grade them, but do not ask an image model to redraw or rewrite source text. Preserve legible source wording exactly. The source crop and exact headline must be present in the finished still. Template T03.",R4_READY
B076,S09,664.560,667.640,SOURCE_NATIVE_EDITORIAL,T03,document,NOT A FINAL FINDING,DC009_WYMER_REASONABLE_JUROR.png;LIVE_MOAKLEY_COURTHOUSE_CC0.jpg,Surviving civil claim / jury question is not final liability.,"Create/deliver one finished 16:9 WHAT IT COST production still for B076, synchronized to narration: ""Again, that was not a final finding of liability."". FINAL FRAME MUST ALREADY CONTAIN THE REQUIRED SOURCE MATERIAL — no empty evidence slots and no plan to add sources later. Locked look: premium investigative business documentary; #0B0B0B/#1F1F1F/#3A3A3A, paper white #EDEDED, restrained signal red #D32222, rare muted gold only for money; Bebas-like display, Inter-like support, authentic paper/evidence treatment, strong negative space. Bottom 20% must be visually quiet and free of essential content. Required visible source assets: DC009_WYMER_REASONABLE_JUROR.png; LIVE_MOAKLEY_COURTHOUSE_CC0.jpg. Exact on-image text: ""NOT A FINAL FINDING"". Do not invent any other factual names, dates, figures, quotes, source metadata, seals, stamps or legal conclusions. Surviving civil claim / jury question is not final liability. ROUTE: SOURCE_NATIVE_EDITORIAL. Build the final image directly from the authentic source crop/photo pixels: crop, mask, highlight, frame, texture and grade them, but do not ask an image model to redraw or rewrite source text. Preserve legible source wording exactly. The source crop and exact headline must be present in the finished still. Template T03.",R4_READY
B077,S09,669.000,674.260,SOURCE_NATIVE_EDITORIAL,T02,dossier,NOT CRIMINALLY CHARGED,LIVE_DEVIN_WENIG_COMMONS.jpg;S024_WENDY_JONES_EBAY_BIO_REFERENCE.pdf;S025_STEVE_WYMER_EBAY_PROFILE_REFERENCE.html,Surviving civil claim / jury question is not final liability. Wenig/Wymer/Jones were not criminally charged over the campaign; preserve attributed positions.,"Create/deliver one finished 16:9 WHAT IT COST production still for B077, synchronized to narration: ""And Wenig, Wymer and Wendy Jones were not criminally charged over the campaign."". FINAL FRAME MUST ALREADY CONTAIN THE REQUIRED SOURCE MATERIAL — no empty evidence slots and no plan to add sources later. Locked look: premium investigative business documentary; #0B0B0B/#1F1F1F/#3A3A3A, paper white #EDEDED, restrained signal red #D32222, rare muted gold only for money; Bebas-like display, Inter-like support, authentic paper/evidence treatment, strong negative space. Bottom 20% must be visually quiet and free of essential content. Required visible source assets: LIVE_DEVIN_WENIG_COMMONS.jpg; S024_WENDY_JONES_EBAY_BIO_REFERENCE.pdf; S025_STEVE_WYMER_EBAY_PROFILE_REFERENCE.html. Exact on-image text: ""NOT CRIMINALLY CHARGED"". Do not invent any other factual names, dates, figures, quotes, source metadata, seals, stamps or legal conclusions. Surviving civil claim / jury question is not final liability. Wenig/Wymer/Jones were not criminally charged over the campaign; preserve attributed positions. ROUTE: SOURCE_NATIVE_EDITORIAL. Build the final image directly from the authentic source crop/photo pixels: crop, mask, highlight, frame, texture and grade them, but do not ask an image model to redraw or rewrite source text. Preserve legible source wording exactly. The source crop and exact headline must be present in the finished still. Template T02.",R4_READY
B078,S09,675.700,691.400,SOURCE_NATIVE_EDITORIAL,T02,dossier,EBAY INTERNAL-INVESTIGATION POSITION,S021_EBAY_2020_INTERNAL_INVESTIGATION_STATEMENT_REFERENCE.html;EBAY_HQ_2018_CC_BY_SA.jpg,Surviving civil claim / jury question is not final liability. Wenig/Wymer/Jones were not criminally charged over the campaign; preserve attributed positions.,"Create/deliver one finished 16:9 WHAT IT COST production still for B078, synchronized to narration: ""eBay's internal-investigation position also cut the other way: according to reporting on a company presentation, its lawyers said they had found no evidence that Wenig or Wymer directed the criminal acts or knew those acts would follow."". FINAL FRAME MUST ALREADY CONTAIN THE REQUIRED SOURCE MATERIAL — no empty evidence slots and no plan to add sources later. Locked look: premium investigative business documentary; #0B0B0B/#1F1F1F/#3A3A3A, paper white #EDEDED, restrained signal red #D32222, rare muted gold only for money; Bebas-like display, Inter-like support, authentic paper/evidence treatment, strong negative space. Bottom 20% must be visually quiet and free of essential content. Required visible source assets: S021_EBAY_2020_INTERNAL_INVESTIGATION_STATEMENT_REFERENCE.html; EBAY_HQ_2018_CC_BY_SA.jpg. Exact on-image text: ""EBAY INTERNAL-INVESTIGATION POSITION"". Do not invent any other factual names, dates, figures, quotes, source metadata, seals, stamps or legal conclusions. Surviving civil claim / jury question is not final liability. Wenig/Wymer/Jones were not criminally charged over the campaign; preserve attributed positions. ROUTE: SOURCE_NATIVE_EDITORIAL. Build the final image directly from the authentic source crop/photo pixels: crop, mask, highlight, frame, texture and grade them, but do not ask an image model to redraw or rewrite source text. Preserve legible source wording exactly. The source crop and exact headline must be present in the finished still. Template T02.",R4_READY
B079,S09,692.440,702.280,HYBRID_SOURCE_EDITORIAL,T01,evidence,RESPONSIBILITY ABOVE THE OPERATION,LIVE_MOAKLEY_COURTHOUSE_CC0.jpg;EBAY_HQ_2018_CC_BY_SA.jpg,Surviving civil claim / jury question is not final liability.,"Create/deliver one finished 16:9 WHAT IT COST production still for B079, synchronized to narration: ""So by late twenty twenty-five, the unresolved question was how far responsibility extended above the people who had carried out the security operation."". FINAL FRAME MUST ALREADY CONTAIN THE REQUIRED SOURCE MATERIAL — no empty evidence slots and no plan to add sources later. Locked look: premium investigative business documentary; #0B0B0B/#1F1F1F/#3A3A3A, paper white #EDEDED, restrained signal red #D32222, rare muted gold only for money; Bebas-like display, Inter-like support, authentic paper/evidence treatment, strong negative space. Bottom 20% must be visually quiet and free of essential content. Required visible source assets: LIVE_MOAKLEY_COURTHOUSE_CC0.jpg; EBAY_HQ_2018_CC_BY_SA.jpg. Exact on-image text: ""RESPONSIBILITY ABOVE THE OPERATION"". Do not invent any other factual names, dates, figures, quotes, source metadata, seals, stamps or legal conclusions. Surviving civil claim / jury question is not final liability. ROUTE: HYBRID_SOURCE_EDITORIAL. Compose the authentic source assets into the final branded frame and add only deterministic exact labels/GFX. AI may style background/material atmosphere only if it does not alter source pixels or factual text. Template T01.",R4_READY
B080,S09,703.640,709.000,HYBRID_SOURCE_EDITORIAL,T03,document,A JURY WAS GETTING CLOSE,LIVE_MOAKLEY_COURTHOUSE_CC0.jpg;EBAY_HQ_2018_CC_BY_SA.jpg,Surviving civil claim / jury question is not final liability.,"Create/deliver one finished 16:9 WHAT IT COST production still for B080, synchronized to narration: ""A jury was getting close to answering that. Then the case appeared to end."". FINAL FRAME MUST ALREADY CONTAIN THE REQUIRED SOURCE MATERIAL — no empty evidence slots and no plan to add sources later. Locked look: premium investigative business documentary; #0B0B0B/#1F1F1F/#3A3A3A, paper white #EDEDED, restrained signal red #D32222, rare muted gold only for money; Bebas-like display, Inter-like support, authentic paper/evidence treatment, strong negative space. Bottom 20% must be visually quiet and free of essential content. Required visible source assets: LIVE_MOAKLEY_COURTHOUSE_CC0.jpg; EBAY_HQ_2018_CC_BY_SA.jpg. Exact on-image text: ""A JURY WAS GETTING CLOSE"". Do not invent any other factual names, dates, figures, quotes, source metadata, seals, stamps or legal conclusions. Surviving civil claim / jury question is not final liability. ROUTE: HYBRID_SOURCE_EDITORIAL. Compose the authentic source assets into the final branded frame and add only deterministic exact labels/GFX. AI may style background/material atmosphere only if it does not alter source pixels or factual text. Template T03.",R4_READY
B081,S10,710.380,718.560,SOURCE_NATIVE_EDITORIAL,T03,document,"FEB. 25, 2026 — SETTLEMENT IN PRINCIPLE",LIVE_MOAKLEY_COURTHOUSE_CC0.jpg,February 2026 settlement in principle failed; do not depict it as final settlement.,"Create/deliver one finished 16:9 WHAT IT COST production still for B081, synchronized to narration: ""On February twenty-fifth, twenty twenty-six, just before trial, the parties reported a settlement in principle. The terms were not disclosed."". FINAL FRAME MUST ALREADY CONTAIN THE REQUIRED SOURCE MATERIAL — no empty evidence slots and no plan to add sources later. Locked look: premium investigative business documentary; #0B0B0B/#1F1F1F/#3A3A3A, paper white #EDEDED, restrained signal red #D32222, rare muted gold only for money; Bebas-like display, Inter-like support, authentic paper/evidence treatment, strong negative space. Bottom 20% must be visually quiet and free of essential content. Required visible source assets: LIVE_MOAKLEY_COURTHOUSE_CC0.jpg. Exact on-image text: ""FEB. 25, 2026 — SETTLEMENT IN PRINCIPLE"". Do not invent any other factual names, dates, figures, quotes, source metadata, seals, stamps or legal conclusions. February 2026 settlement in principle failed; do not depict it as final settlement. ROUTE: SOURCE_NATIVE_EDITORIAL. Build the final image directly from the authentic source crop/photo pixels: crop, mask, highlight, frame, texture and grade them, but do not ask an image model to redraw or rewrite source text. Preserve legible source wording exactly. The source crop and exact headline must be present in the finished still. Template T03.",R4_READY
B082,S10,718.560,723.480,SOURCE_NATIVE_EDITORIAL,T03,document,CONDITIONAL DISMISSAL,LIVE_MOAKLEY_COURTHOUSE_CC0.jpg,February 2026 settlement in principle failed; do not depict it as final settlement.,"Create/deliver one finished 16:9 WHAT IT COST production still for B082, synchronized to narration: ""The case was conditionally dismissed while they worked to finalize the agreement."". FINAL FRAME MUST ALREADY CONTAIN THE REQUIRED SOURCE MATERIAL — no empty evidence slots and no plan to add sources later. Locked look: premium investigative business documentary; #0B0B0B/#1F1F1F/#3A3A3A, paper white #EDEDED, restrained signal red #D32222, rare muted gold only for money; Bebas-like display, Inter-like support, authentic paper/evidence treatment, strong negative space. Bottom 20% must be visually quiet and free of essential content. Required visible source assets: LIVE_MOAKLEY_COURTHOUSE_CC0.jpg. Exact on-image text: ""CONDITIONAL DISMISSAL"". Do not invent any other factual names, dates, figures, quotes, source metadata, seals, stamps or legal conclusions. February 2026 settlement in principle failed; do not depict it as final settlement. ROUTE: SOURCE_NATIVE_EDITORIAL. Build the final image directly from the authentic source crop/photo pixels: crop, mask, highlight, frame, texture and grade them, but do not ask an image model to redraw or rewrite source text. Preserve legible source wording exactly. The source crop and exact headline must be present in the finished still. Template T03.",R4_READY
B083,S10,724.220,733.820,SOURCE_NATIVE_EDITORIAL,T06,timeline,THE DEAL FAILED,LIVE_MOAKLEY_COURTHOUSE_CC0.jpg,DPA is not a conviction. February 2026 settlement in principle failed; do not depict it as final settlement.,"Create/deliver one finished 16:9 WHAT IT COST production still for B083, synchronized to narration: ""After years of criminal cases, a corporate D-P-A, civil discovery and pretrial rulings, it looked like the final chapter. Then the deal failed."". FINAL FRAME MUST ALREADY CONTAIN THE REQUIRED SOURCE MATERIAL — no empty evidence slots and no plan to add sources later. Locked look: premium investigative business documentary; #0B0B0B/#1F1F1F/#3A3A3A, paper white #EDEDED, restrained signal red #D32222, rare muted gold only for money; Bebas-like display, Inter-like support, authentic paper/evidence treatment, strong negative space. Bottom 20% must be visually quiet and free of essential content. Required visible source assets: LIVE_MOAKLEY_COURTHOUSE_CC0.jpg. Exact on-image text: ""THE DEAL FAILED"". Do not invent any other factual names, dates, figures, quotes, source metadata, seals, stamps or legal conclusions. DPA is not a conviction. February 2026 settlement in principle failed; do not depict it as final settlement. ROUTE: SOURCE_NATIVE_EDITORIAL. Build the final image directly from the authentic source crop/photo pixels: crop, mask, highlight, frame, texture and grade them, but do not ask an image model to redraw or rewrite source text. Preserve legible source wording exactly. The source crop and exact headline must be present in the finished still. Template T06.",R4_READY
B084,S10,734.860,743.180,SOURCE_NATIVE_EDITORIAL,T06,timeline,CASE REOPENED • JAN. 2027 TRIAL SET,LIVE_MOAKLEY_COURTHOUSE_CC0.jpg,February 2026 settlement in principle failed; do not depict it as final settlement.,"Create/deliver one finished 16:9 WHAT IT COST production still for B084, synchronized to narration: ""By June, the settlement had not been finalized. The civil case was reopened. A new trial date was set for January twenty twenty-seven."". FINAL FRAME MUST ALREADY CONTAIN THE REQUIRED SOURCE MATERIAL — no empty evidence slots and no plan to add sources later. Locked look: premium investigative business documentary; #0B0B0B/#1F1F1F/#3A3A3A, paper white #EDEDED, restrained signal red #D32222, rare muted gold only for money; Bebas-like display, Inter-like support, authentic paper/evidence treatment, strong negative space. Bottom 20% must be visually quiet and free of essential content. Required visible source assets: LIVE_MOAKLEY_COURTHOUSE_CC0.jpg. Exact on-image text: ""CASE REOPENED • JAN. 2027 TRIAL SET"". Do not invent any other factual names, dates, figures, quotes, source metadata, seals, stamps or legal conclusions. February 2026 settlement in principle failed; do not depict it as final settlement. ROUTE: SOURCE_NATIVE_EDITORIAL. Build the final image directly from the authentic source crop/photo pixels: crop, mask, highlight, frame, texture and grade them, but do not ask an image model to redraw or rewrite source text. Preserve legible source wording exactly. The source crop and exact headline must be present in the finished still. Template T06.",R4_READY
B085,S10,743.960,752.340,SOURCE_NATIVE_EDITORIAL,T03,document,ANOTHER DEAL,LIVE_MOAKLEY_COURTHOUSE_CC0.jpg,February 2026 settlement in principle failed; do not depict it as final settlement.,"Create/deliver one finished 16:9 WHAT IT COST production still for B085, synchronized to narration: ""That put the unresolved civil-responsibility question back on the table. But before a jury could hear the case, the parties reached another deal."". FINAL FRAME MUST ALREADY CONTAIN THE REQUIRED SOURCE MATERIAL — no empty evidence slots and no plan to add sources later. Locked look: premium investigative business documentary; #0B0B0B/#1F1F1F/#3A3A3A, paper white #EDEDED, restrained signal red #D32222, rare muted gold only for money; Bebas-like display, Inter-like support, authentic paper/evidence treatment, strong negative space. Bottom 20% must be visually quiet and free of essential content. Required visible source assets: LIVE_MOAKLEY_COURTHOUSE_CC0.jpg. Exact on-image text: ""ANOTHER DEAL"". Do not invent any other factual names, dates, figures, quotes, source metadata, seals, stamps or legal conclusions. February 2026 settlement in principle failed; do not depict it as final settlement. ROUTE: SOURCE_NATIVE_EDITORIAL. Build the final image directly from the authentic source crop/photo pixels: crop, mask, highlight, frame, texture and grade them, but do not ask an image model to redraw or rewrite source text. Preserve legible source wording exactly. The source crop and exact headline must be present in the finished still. Template T03.",R4_READY
B086,S10,752.940,757.000,SOURCE_NATIVE_EDITORIAL,T01,evidence,FINAL SETTLEMENT • NUMBERS PUBLIC,S020_D986_STIPULATION_DISMISSAL.pdf;LIVE_MOAKLEY_COURTHOUSE_CC0.jpg;EBAY_HQ_2018_CC_BY_SA.jpg,,"Create/deliver one finished 16:9 WHAT IT COST production still for B086, synchronized to narration: ""This one became the final settlement. And this time, the numbers were public."". FINAL FRAME MUST ALREADY CONTAIN THE REQUIRED SOURCE MATERIAL — no empty evidence slots and no plan to add sources later. Locked look: premium investigative business documentary; #0B0B0B/#1F1F1F/#3A3A3A, paper white #EDEDED, restrained signal red #D32222, rare muted gold only for money; Bebas-like display, Inter-like support, authentic paper/evidence treatment, strong negative space. Bottom 20% must be visually quiet and free of essential content. Required visible source assets: S020_D986_STIPULATION_DISMISSAL.pdf; LIVE_MOAKLEY_COURTHOUSE_CC0.jpg; EBAY_HQ_2018_CC_BY_SA.jpg. Exact on-image text: ""FINAL SETTLEMENT • NUMBERS PUBLIC"". Do not invent any other factual names, dates, figures, quotes, source metadata, seals, stamps or legal conclusions.  ROUTE: SOURCE_NATIVE_EDITORIAL. Build the final image directly from the authentic source crop/photo pixels: crop, mask, highlight, frame, texture and grade them, but do not ask an image model to redraw or rewrite source text. Preserve legible source wording exactly. The source crop and exact headline must be present in the finished still. Template T01.",R4_READY
B087,S11,757.980,761.360,SOURCE_NATIVE_EDITORIAL,T06,timeline,LATE JULY 2026,S020_D986_STIPULATION_DISMISSAL.pdf;LIVE_MOAKLEY_COURTHOUSE_CC0.jpg;EBAY_HQ_2018_CC_BY_SA.jpg,,"Create/deliver one finished 16:9 WHAT IT COST production still for B087, synchronized to narration: ""The final agreement was announced in late July twenty twenty-six."". FINAL FRAME MUST ALREADY CONTAIN THE REQUIRED SOURCE MATERIAL — no empty evidence slots and no plan to add sources later. Locked look: premium investigative business documentary; #0B0B0B/#1F1F1F/#3A3A3A, paper white #EDEDED, restrained signal red #D32222, rare muted gold only for money; Bebas-like display, Inter-like support, authentic paper/evidence treatment, strong negative space. Bottom 20% must be visually quiet and free of essential content. Required visible source assets: S020_D986_STIPULATION_DISMISSAL.pdf; LIVE_MOAKLEY_COURTHOUSE_CC0.jpg; EBAY_HQ_2018_CC_BY_SA.jpg. Exact on-image text: ""LATE JULY 2026"". Do not invent any other factual names, dates, figures, quotes, source metadata, seals, stamps or legal conclusions.  ROUTE: SOURCE_NATIVE_EDITORIAL. Build the final image directly from the authentic source crop/photo pixels: crop, mask, highlight, frame, texture and grade them, but do not ask an image model to redraw or rewrite source text. Preserve legible source wording exactly. The source crop and exact headline must be present in the finished still. Template T06.",R4_READY
B088,S11,762.080,766.940,EDITOR_GFX_SOURCE_BACKED,T04,money,$55.7 MILLION,S020_D986_STIPULATION_DISMISSAL.pdf;EBAY_HQ_2018_CC_BY_SA.jpg;LIVE_MOAKLEY_COURTHOUSE_CC0.jpg,"$55.7M is the announced civil settlement package, not a judgment or eBay-only payment.","Create/deliver one finished 16:9 WHAT IT COST production still for B088, synchronized to narration: ""The total announced settlement package was fifty-five-point-seven million dollars."". FINAL FRAME MUST ALREADY CONTAIN THE REQUIRED SOURCE MATERIAL — no empty evidence slots and no plan to add sources later. Locked look: premium investigative business documentary; #0B0B0B/#1F1F1F/#3A3A3A, paper white #EDEDED, restrained signal red #D32222, rare muted gold only for money; Bebas-like display, Inter-like support, authentic paper/evidence treatment, strong negative space. Bottom 20% must be visually quiet and free of essential content. Required visible source assets: S020_D986_STIPULATION_DISMISSAL.pdf; EBAY_HQ_2018_CC_BY_SA.jpg; LIVE_MOAKLEY_COURTHOUSE_CC0.jpg. Exact on-image text: ""$55.7 MILLION"". Do not invent any other factual names, dates, figures, quotes, source metadata, seals, stamps or legal conclusions. $55.7M is the announced civil settlement package, not a judgment or eBay-only payment. ROUTE: EDITOR_GFX_SOURCE_BACKED. Render all material figures, equations, legal distinctions and labels deterministically in editor/code, with the listed authentic source/context asset visible as a restrained evidence anchor. No AI-generated numerals or legal body text. Template T04.",R4_READY
B089,S11,766.940,772.520,EDITOR_GFX_SOURCE_BACKED,T04,money,NOT A $55.7M JUDGMENT,S020_D986_STIPULATION_DISMISSAL.pdf;EBAY_HQ_2018_CC_BY_SA.jpg;LIVE_MOAKLEY_COURTHOUSE_CC0.jpg,"$55.7M is the announced civil settlement package, not a judgment or eBay-only payment.","Create/deliver one finished 16:9 WHAT IT COST production still for B089, synchronized to narration: ""But that number has to be broken apart. It was not a fifty-five-point-seven-million-dollar judgment."". FINAL FRAME MUST ALREADY CONTAIN THE REQUIRED SOURCE MATERIAL — no empty evidence slots and no plan to add sources later. Locked look: premium investigative business documentary; #0B0B0B/#1F1F1F/#3A3A3A, paper white #EDEDED, restrained signal red #D32222, rare muted gold only for money; Bebas-like display, Inter-like support, authentic paper/evidence treatment, strong negative space. Bottom 20% must be visually quiet and free of essential content. Required visible source assets: S020_D986_STIPULATION_DISMISSAL.pdf; EBAY_HQ_2018_CC_BY_SA.jpg; LIVE_MOAKLEY_COURTHOUSE_CC0.jpg. Exact on-image text: ""NOT A $55.7M JUDGMENT"". Do not invent any other factual names, dates, figures, quotes, source metadata, seals, stamps or legal conclusions. $55.7M is the announced civil settlement package, not a judgment or eBay-only payment. ROUTE: EDITOR_GFX_SOURCE_BACKED. Render all material figures, equations, legal distinctions and labels deterministically in editor/code, with the listed authentic source/context asset visible as a restrained evidence anchor. No AI-generated numerals or legal body text. Template T04.",R4_READY
B090,S11,773.220,777.680,EDITOR_GFX_SOURCE_BACKED,T04,money,NOT AN EBAY-ONLY PAYMENT,S020_D986_STIPULATION_DISMISSAL.pdf;EBAY_HQ_2018_CC_BY_SA.jpg;LIVE_MOAKLEY_COURTHOUSE_CC0.jpg,"$55.7M is the announced civil settlement package, not a judgment or eBay-only payment.","Create/deliver one finished 16:9 WHAT IT COST production still for B090, synchronized to narration: ""And it was not a fifty-five-point-seven-million-dollar payment made only by eBay."". FINAL FRAME MUST ALREADY CONTAIN THE REQUIRED SOURCE MATERIAL — no empty evidence slots and no plan to add sources later. Locked look: premium investigative business documentary; #0B0B0B/#1F1F1F/#3A3A3A, paper white #EDEDED, restrained signal red #D32222, rare muted gold only for money; Bebas-like display, Inter-like support, authentic paper/evidence treatment, strong negative space. Bottom 20% must be visually quiet and free of essential content. Required visible source assets: S020_D986_STIPULATION_DISMISSAL.pdf; EBAY_HQ_2018_CC_BY_SA.jpg; LIVE_MOAKLEY_COURTHOUSE_CC0.jpg. Exact on-image text: ""NOT AN EBAY-ONLY PAYMENT"". Do not invent any other factual names, dates, figures, quotes, source metadata, seals, stamps or legal conclusions. $55.7M is the announced civil settlement package, not a judgment or eBay-only payment. ROUTE: EDITOR_GFX_SOURCE_BACKED. Render all material figures, equations, legal distinctions and labels deterministically in editor/code, with the listed authentic source/context asset visible as a restrained evidence anchor. No AI-generated numerals or legal body text. Template T04.",R4_READY
B091,S11,778.640,784.000,EDITOR_GFX_SOURCE_BACKED,T04,money,$48.7M COMPENSATION,S020_D986_STIPULATION_DISMISSAL.pdf;EBAY_HQ_2018_CC_BY_SA.jpg;LIVE_MOAKLEY_COURTHOUSE_CC0.jpg,"$55.7M is the announced civil settlement package, not a judgment or eBay-only payment.","Create/deliver one finished 16:9 WHAT IT COST production still for B091, synchronized to narration: ""According to the announced terms, forty-eight-point-seven million dollars was compensation to the Steiners."". FINAL FRAME MUST ALREADY CONTAIN THE REQUIRED SOURCE MATERIAL — no empty evidence slots and no plan to add sources later. Locked look: premium investigative business documentary; #0B0B0B/#1F1F1F/#3A3A3A, paper white #EDEDED, restrained signal red #D32222, rare muted gold only for money; Bebas-like display, Inter-like support, authentic paper/evidence treatment, strong negative space. Bottom 20% must be visually quiet and free of essential content. Required visible source assets: S020_D986_STIPULATION_DISMISSAL.pdf; EBAY_HQ_2018_CC_BY_SA.jpg; LIVE_MOAKLEY_COURTHOUSE_CC0.jpg. Exact on-image text: ""$48.7M COMPENSATION"". Do not invent any other factual names, dates, figures, quotes, source metadata, seals, stamps or legal conclusions. $55.7M is the announced civil settlement package, not a judgment or eBay-only payment. ROUTE: EDITOR_GFX_SOURCE_BACKED. Render all material figures, equations, legal distinctions and labels deterministically in editor/code, with the listed authentic source/context asset visible as a restrained evidence anchor. No AI-generated numerals or legal body text. Template T04.",R4_READY
B092,S11,784.680,787.640,EDITOR_GFX_SOURCE_BACKED,T04,money,$7M CHARITABLE COMMITMENTS,S020_D986_STIPULATION_DISMISSAL.pdf;EBAY_HQ_2018_CC_BY_SA.jpg;LIVE_MOAKLEY_COURTHOUSE_CC0.jpg,"$55.7M is the announced civil settlement package, not a judgment or eBay-only payment.","Create/deliver one finished 16:9 WHAT IT COST production still for B092, synchronized to narration: ""Another seven million dollars consisted of charitable commitments."". FINAL FRAME MUST ALREADY CONTAIN THE REQUIRED SOURCE MATERIAL — no empty evidence slots and no plan to add sources later. Locked look: premium investigative business documentary; #0B0B0B/#1F1F1F/#3A3A3A, paper white #EDEDED, restrained signal red #D32222, rare muted gold only for money; Bebas-like display, Inter-like support, authentic paper/evidence treatment, strong negative space. Bottom 20% must be visually quiet and free of essential content. Required visible source assets: S020_D986_STIPULATION_DISMISSAL.pdf; EBAY_HQ_2018_CC_BY_SA.jpg; LIVE_MOAKLEY_COURTHOUSE_CC0.jpg. Exact on-image text: ""$7M CHARITABLE COMMITMENTS"". Do not invent any other factual names, dates, figures, quotes, source metadata, seals, stamps or legal conclusions. $55.7M is the announced civil settlement package, not a judgment or eBay-only payment. ROUTE: EDITOR_GFX_SOURCE_BACKED. Render all material figures, equations, legal distinctions and labels deterministically in editor/code, with the listed authentic source/context asset visible as a restrained evidence anchor. No AI-generated numerals or legal body text. Template T04.",R4_READY
B093,S11,788.540,794.660,EDITOR_GFX_SOURCE_BACKED,T04,money,EBAY — $46.15M,S020_D986_STIPULATION_DISMISSAL.pdf;EBAY_HQ_2018_CC_BY_SA.jpg;LIVE_MOAKLEY_COURTHOUSE_CC0.jpg,"$55.7M is the announced civil settlement package, not a judgment or eBay-only payment.","Create/deliver one finished 16:9 WHAT IT COST production still for B093, synchronized to narration: ""Of the direct compensation, eBay's announced share was forty-six-point-one-five million dollars."". FINAL FRAME MUST ALREADY CONTAIN THE REQUIRED SOURCE MATERIAL — no empty evidence slots and no plan to add sources later. Locked look: premium investigative business documentary; #0B0B0B/#1F1F1F/#3A3A3A, paper white #EDEDED, restrained signal red #D32222, rare muted gold only for money; Bebas-like display, Inter-like support, authentic paper/evidence treatment, strong negative space. Bottom 20% must be visually quiet and free of essential content. Required visible source assets: S020_D986_STIPULATION_DISMISSAL.pdf; EBAY_HQ_2018_CC_BY_SA.jpg; LIVE_MOAKLEY_COURTHOUSE_CC0.jpg. Exact on-image text: ""EBAY — $46.15M"". Do not invent any other factual names, dates, figures, quotes, source metadata, seals, stamps or legal conclusions. $55.7M is the announced civil settlement package, not a judgment or eBay-only payment. ROUTE: EDITOR_GFX_SOURCE_BACKED. Render all material figures, equations, legal distinctions and labels deterministically in editor/code, with the listed authentic source/context asset visible as a restrained evidence anchor. No AI-generated numerals or legal body text. Template T04.",R4_READY
B094,S11,794.660,796.180,EDITOR_GFX_SOURCE_BACKED,T04,money,DEVIN WENIG — $2M,S020_D986_STIPULATION_DISMISSAL.pdf;EBAY_HQ_2018_CC_BY_SA.jpg;LIVE_MOAKLEY_COURTHOUSE_CC0.jpg,"$55.7M is the announced civil settlement package, not a judgment or eBay-only payment.","Create/deliver one finished 16:9 WHAT IT COST production still for B094, synchronized to narration: ""Devin Wenig's was two million."". FINAL FRAME MUST ALREADY CONTAIN THE REQUIRED SOURCE MATERIAL — no empty evidence slots and no plan to add sources later. Locked look: premium investigative business documentary; #0B0B0B/#1F1F1F/#3A3A3A, paper white #EDEDED, restrained signal red #D32222, rare muted gold only for money; Bebas-like display, Inter-like support, authentic paper/evidence treatment, strong negative space. Bottom 20% must be visually quiet and free of essential content. Required visible source assets: S020_D986_STIPULATION_DISMISSAL.pdf; EBAY_HQ_2018_CC_BY_SA.jpg; LIVE_MOAKLEY_COURTHOUSE_CC0.jpg. Exact on-image text: ""DEVIN WENIG — $2M"". Do not invent any other factual names, dates, figures, quotes, source metadata, seals, stamps or legal conclusions. $55.7M is the announced civil settlement package, not a judgment or eBay-only payment. ROUTE: EDITOR_GFX_SOURCE_BACKED. Render all material figures, equations, legal distinctions and labels deterministically in editor/code, with the listed authentic source/context asset visible as a restrained evidence anchor. No AI-generated numerals or legal body text. Template T04.",R4_READY
B095,S11,797.040,801.260,EDITOR_GFX_SOURCE_BACKED,T04,money,WENDY JONES — $500K • STEVE WYMER — $50K,S020_D986_STIPULATION_DISMISSAL.pdf;EBAY_HQ_2018_CC_BY_SA.jpg;LIVE_MOAKLEY_COURTHOUSE_CC0.jpg,"$55.7M is the announced civil settlement package, not a judgment or eBay-only payment.","Create/deliver one finished 16:9 WHAT IT COST production still for B095, synchronized to narration: ""Wendy Jones's was five hundred thousand. Steve Wymer's was fifty thousand."". FINAL FRAME MUST ALREADY CONTAIN THE REQUIRED SOURCE MATERIAL — no empty evidence slots and no plan to add sources later. Locked look: premium investigative business documentary; #0B0B0B/#1F1F1F/#3A3A3A, paper white #EDEDED, restrained signal red #D32222, rare muted gold only for money; Bebas-like display, Inter-like support, authentic paper/evidence treatment, strong negative space. Bottom 20% must be visually quiet and free of essential content. Required visible source assets: S020_D986_STIPULATION_DISMISSAL.pdf; EBAY_HQ_2018_CC_BY_SA.jpg; LIVE_MOAKLEY_COURTHOUSE_CC0.jpg. Exact on-image text: ""WENDY JONES — $500K • STEVE WYMER — $50K"". Do not invent any other factual names, dates, figures, quotes, source metadata, seals, stamps or legal conclusions. $55.7M is the announced civil settlement package, not a judgment or eBay-only payment. ROUTE: EDITOR_GFX_SOURCE_BACKED. Render all material figures, equations, legal distinctions and labels deterministically in editor/code, with the listed authentic source/context asset visible as a restrained evidence anchor. No AI-generated numerals or legal body text. Template T04.",R4_READY
B096,S11,801.740,812.020,EDITOR_GFX_SOURCE_BACKED,T04,money,EBAY — $6M • WENIG — $1M,S020_D986_STIPULATION_DISMISSAL.pdf;EBAY_HQ_2018_CC_BY_SA.jpg;LIVE_MOAKLEY_COURTHOUSE_CC0.jpg,"$55.7M is the announced civil settlement package, not a judgment or eBay-only payment.","Create/deliver one finished 16:9 WHAT IT COST production still for B096, synchronized to narration: ""Separately, eBay committed six million dollars to nonprofit organizations, and Wenig committed one million dollars to a First Amendment-focused charity in Ina Steiner's name."". FINAL FRAME MUST ALREADY CONTAIN THE REQUIRED SOURCE MATERIAL — no empty evidence slots and no plan to add sources later. Locked look: premium investigative business documentary; #0B0B0B/#1F1F1F/#3A3A3A, paper white #EDEDED, restrained signal red #D32222, rare muted gold only for money; Bebas-like display, Inter-like support, authentic paper/evidence treatment, strong negative space. Bottom 20% must be visually quiet and free of essential content. Required visible source assets: S020_D986_STIPULATION_DISMISSAL.pdf; EBAY_HQ_2018_CC_BY_SA.jpg; LIVE_MOAKLEY_COURTHOUSE_CC0.jpg. Exact on-image text: ""EBAY — $6M • WENIG — $1M"". Do not invent any other factual names, dates, figures, quotes, source metadata, seals, stamps or legal conclusions. $55.7M is the announced civil settlement package, not a judgment or eBay-only payment. ROUTE: EDITOR_GFX_SOURCE_BACKED. Render all material figures, equations, legal distinctions and labels deterministically in editor/code, with the listed authentic source/context asset visible as a restrained evidence anchor. No AI-generated numerals or legal body text. Template T04.",R4_READY
B097,S11,812.780,815.940,EDITOR_GFX_SOURCE_BACKED,T04,money,$48.7M + $7M = $55.7M,S020_D986_STIPULATION_DISMISSAL.pdf;EBAY_HQ_2018_CC_BY_SA.jpg;LIVE_MOAKLEY_COURTHOUSE_CC0.jpg,"$55.7M is the announced civil settlement package, not a judgment or eBay-only payment.","Create/deliver one finished 16:9 WHAT IT COST production still for B097, synchronized to narration: ""That is how the total reached fifty-five-point-seven million."". FINAL FRAME MUST ALREADY CONTAIN THE REQUIRED SOURCE MATERIAL — no empty evidence slots and no plan to add sources later. Locked look: premium investigative business documentary; #0B0B0B/#1F1F1F/#3A3A3A, paper white #EDEDED, restrained signal red #D32222, rare muted gold only for money; Bebas-like display, Inter-like support, authentic paper/evidence treatment, strong negative space. Bottom 20% must be visually quiet and free of essential content. Required visible source assets: S020_D986_STIPULATION_DISMISSAL.pdf; EBAY_HQ_2018_CC_BY_SA.jpg; LIVE_MOAKLEY_COURTHOUSE_CC0.jpg. Exact on-image text: ""$48.7M + $7M = $55.7M"". Do not invent any other factual names, dates, figures, quotes, source metadata, seals, stamps or legal conclusions. $55.7M is the announced civil settlement package, not a judgment or eBay-only payment. ROUTE: EDITOR_GFX_SOURCE_BACKED. Render all material figures, equations, legal distinctions and labels deterministically in editor/code, with the listed authentic source/context asset visible as a restrained evidence anchor. No AI-generated numerals or legal body text. Template T04.",R4_READY
B098,S11,816.540,825.700,EDITOR_GFX_SOURCE_BACKED,T04,money,$3M CRIMINAL PENALTY — SEPARATE,S020_D986_STIPULATION_DISMISSAL.pdf;EBAY_HQ_2018_CC_BY_SA.jpg;LIVE_MOAKLEY_COURTHOUSE_CC0.jpg,"$55.7M is the announced civil settlement package, not a judgment or eBay-only payment. $3M criminal DPA penalty is separate from the $55.7M civil settlement package.","Create/deliver one finished 16:9 WHAT IT COST production still for B098, synchronized to narration: ""And that number should not be combined with eBay's separate three-million-dollar criminal penalty and presented as a fifty-eight-point-seven-million-dollar award."". FINAL FRAME MUST ALREADY CONTAIN THE REQUIRED SOURCE MATERIAL — no empty evidence slots and no plan to add sources later. Locked look: premium investigative business documentary; #0B0B0B/#1F1F1F/#3A3A3A, paper white #EDEDED, restrained signal red #D32222, rare muted gold only for money; Bebas-like display, Inter-like support, authentic paper/evidence treatment, strong negative space. Bottom 20% must be visually quiet and free of essential content. Required visible source assets: S020_D986_STIPULATION_DISMISSAL.pdf; EBAY_HQ_2018_CC_BY_SA.jpg; LIVE_MOAKLEY_COURTHOUSE_CC0.jpg. Exact on-image text: ""$3M CRIMINAL PENALTY — SEPARATE"". Do not invent any other factual names, dates, figures, quotes, source metadata, seals, stamps or legal conclusions. $55.7M is the announced civil settlement package, not a judgment or eBay-only payment. $3M criminal DPA penalty is separate from the $55.7M civil settlement package. ROUTE: EDITOR_GFX_SOURCE_BACKED. Render all material figures, equations, legal distinctions and labels deterministically in editor/code, with the listed authentic source/context asset visible as a restrained evidence anchor. No AI-generated numerals or legal body text. Template T04.",R4_READY
B099,S11,826.300,827.520,EDITOR_GFX_SOURCE_BACKED,T04,money,NO $58.7M AWARD,S020_D986_STIPULATION_DISMISSAL.pdf;EBAY_HQ_2018_CC_BY_SA.jpg;LIVE_MOAKLEY_COURTHOUSE_CC0.jpg,"$55.7M is the announced civil settlement package, not a judgment or eBay-only payment.","Create/deliver one finished 16:9 WHAT IT COST production still for B099, synchronized to narration: ""There was no such award."". FINAL FRAME MUST ALREADY CONTAIN THE REQUIRED SOURCE MATERIAL — no empty evidence slots and no plan to add sources later. Locked look: premium investigative business documentary; #0B0B0B/#1F1F1F/#3A3A3A, paper white #EDEDED, restrained signal red #D32222, rare muted gold only for money; Bebas-like display, Inter-like support, authentic paper/evidence treatment, strong negative space. Bottom 20% must be visually quiet and free of essential content. Required visible source assets: S020_D986_STIPULATION_DISMISSAL.pdf; EBAY_HQ_2018_CC_BY_SA.jpg; LIVE_MOAKLEY_COURTHOUSE_CC0.jpg. Exact on-image text: ""NO $58.7M AWARD"". Do not invent any other factual names, dates, figures, quotes, source metadata, seals, stamps or legal conclusions. $55.7M is the announced civil settlement package, not a judgment or eBay-only payment. ROUTE: EDITOR_GFX_SOURCE_BACKED. Render all material figures, equations, legal distinctions and labels deterministically in editor/code, with the listed authentic source/context asset visible as a restrained evidence anchor. No AI-generated numerals or legal body text. Template T04.",R4_READY
B100,S11,828.320,838.040,EDITOR_GFX_SOURCE_BACKED,T04,money,TWO SEPARATE LEGAL TRACKS,S020_D986_STIPULATION_DISMISSAL.pdf;EBAY_HQ_2018_CC_BY_SA.jpg;LIVE_MOAKLEY_COURTHOUSE_CC0.jpg,"$55.7M is the announced civil settlement package, not a judgment or eBay-only payment.","Create/deliver one finished 16:9 WHAT IT COST production still for B100, synchronized to narration: ""These were separate legal resolutions with different purposes. One was a federal criminal resolution involving the company. The other was the final civil settlement package."". FINAL FRAME MUST ALREADY CONTAIN THE REQUIRED SOURCE MATERIAL — no empty evidence slots and no plan to add sources later. Locked look: premium investigative business documentary; #0B0B0B/#1F1F1F/#3A3A3A, paper white #EDEDED, restrained signal red #D32222, rare muted gold only for money; Bebas-like display, Inter-like support, authentic paper/evidence treatment, strong negative space. Bottom 20% must be visually quiet and free of essential content. Required visible source assets: S020_D986_STIPULATION_DISMISSAL.pdf; EBAY_HQ_2018_CC_BY_SA.jpg; LIVE_MOAKLEY_COURTHOUSE_CC0.jpg. Exact on-image text: ""TWO SEPARATE LEGAL TRACKS"". Do not invent any other factual names, dates, figures, quotes, source metadata, seals, stamps or legal conclusions. $55.7M is the announced civil settlement package, not a judgment or eBay-only payment. ROUTE: EDITOR_GFX_SOURCE_BACKED. Render all material figures, equations, legal distinctions and labels deterministically in editor/code, with the listed authentic source/context asset visible as a restrained evidence anchor. No AI-generated numerals or legal body text. Template T04.",R4_READY
B101,S11,838.820,843.700,EDITOR_GFX_SOURCE_BACKED,T04,money,COST ACCUMULATED OVER YEARS,S020_D986_STIPULATION_DISMISSAL.pdf;EBAY_HQ_2018_CC_BY_SA.jpg;LIVE_MOAKLEY_COURTHOUSE_CC0.jpg,"$55.7M is the announced civil settlement package, not a judgment or eBay-only payment.","Create/deliver one finished 16:9 WHAT IT COST production still for B101, synchronized to narration: ""The cost did not arrive in one courtroom on one day. It accumulated over years."". FINAL FRAME MUST ALREADY CONTAIN THE REQUIRED SOURCE MATERIAL — no empty evidence slots and no plan to add sources later. Locked look: premium investigative business documentary; #0B0B0B/#1F1F1F/#3A3A3A, paper white #EDEDED, restrained signal red #D32222, rare muted gold only for money; Bebas-like display, Inter-like support, authentic paper/evidence treatment, strong negative space. Bottom 20% must be visually quiet and free of essential content. Required visible source assets: S020_D986_STIPULATION_DISMISSAL.pdf; EBAY_HQ_2018_CC_BY_SA.jpg; LIVE_MOAKLEY_COURTHOUSE_CC0.jpg. Exact on-image text: ""COST ACCUMULATED OVER YEARS"". Do not invent any other factual names, dates, figures, quotes, source metadata, seals, stamps or legal conclusions. $55.7M is the announced civil settlement package, not a judgment or eBay-only payment. ROUTE: EDITOR_GFX_SOURCE_BACKED. Render all material figures, equations, legal distinctions and labels deterministically in editor/code, with the listed authentic source/context asset visible as a restrained evidence anchor. No AI-generated numerals or legal body text. Template T04.",R4_READY
B102,S12,844.600,854.500,SOURCE_STYLED_GENERATION,T06,timeline,EBAY APOLOGIZED,S013_EBAY_2026_SETTLEMENT_STATEMENT_REFERENCE.html;EBAY_HQ_2018_CC_BY_SA.jpg,,"Create/deliver one finished 16:9 WHAT IT COST production still for B102, synchronized to narration: ""In its July twenty twenty-six statement, eBay apologized to Ina and David Steiner. The company called the conduct of the former employees wrong and reprehensible."". FINAL FRAME MUST ALREADY CONTAIN THE REQUIRED SOURCE MATERIAL — no empty evidence slots and no plan to add sources later. Locked look: premium investigative business documentary; #0B0B0B/#1F1F1F/#3A3A3A, paper white #EDEDED, restrained signal red #D32222, rare muted gold only for money; Bebas-like display, Inter-like support, authentic paper/evidence treatment, strong negative space. Bottom 20% must be visually quiet and free of essential content. Required visible source assets: S013_EBAY_2026_SETTLEMENT_STATEMENT_REFERENCE.html; EBAY_HQ_2018_CC_BY_SA.jpg. Exact on-image text: ""EBAY APOLOGIZED"". Do not invent any other factual names, dates, figures, quotes, source metadata, seals, stamps or legal conclusions.  ROUTE: SOURCE_STYLED_GENERATION. Supply the listed assets to the image model as factual references and require them to remain recognizably present in the final frame. The output itself must be the source-based final still, not a blank plate. Preserve object/photo identity; do not fabricate substitute evidence or people. Template T06.",R4_READY
B103,S12,855.180,861.280,SOURCE_STYLED_GENERATION,T02,dossier,UNPROFESSIONAL COMMUNICATIONS,S013_EBAY_2026_SETTLEMENT_STATEMENT_REFERENCE.html;EBAY_HQ_2018_CC_BY_SA.jpg,,"Create/deliver one finished 16:9 WHAT IT COST production still for B103, synchronized to narration: ""It also acknowledged what it described as unprofessional communications involving Wenig, Wymer and Jones."". FINAL FRAME MUST ALREADY CONTAIN THE REQUIRED SOURCE MATERIAL — no empty evidence slots and no plan to add sources later. Locked look: premium investigative business documentary; #0B0B0B/#1F1F1F/#3A3A3A, paper white #EDEDED, restrained signal red #D32222, rare muted gold only for money; Bebas-like display, Inter-like support, authentic paper/evidence treatment, strong negative space. Bottom 20% must be visually quiet and free of essential content. Required visible source assets: S013_EBAY_2026_SETTLEMENT_STATEMENT_REFERENCE.html; EBAY_HQ_2018_CC_BY_SA.jpg. Exact on-image text: ""UNPROFESSIONAL COMMUNICATIONS"". Do not invent any other factual names, dates, figures, quotes, source metadata, seals, stamps or legal conclusions.  ROUTE: SOURCE_STYLED_GENERATION. Supply the listed assets to the image model as factual references and require them to remain recognizably present in the final frame. The output itself must be the source-based final still, not a blank plate. Preserve object/photo identity; do not fabricate substitute evidence or people. Template T02.",R4_READY
B104,S12,862.240,869.060,HYBRID_SOURCE_EDITORIAL,T03,document,NO JURY VERDICT ON SURVIVING CLAIMS,DC010_SUMMARY_JUDGMENT_ORDER.png;LIVE_MOAKLEY_COURTHOUSE_CC0.jpg,,"Create/deliver one finished 16:9 WHAT IT COST production still for B104, synchronized to narration: ""But the settlement meant there would be no jury verdict deciding the surviving civil-liability questions against those former executives."". FINAL FRAME MUST ALREADY CONTAIN THE REQUIRED SOURCE MATERIAL — no empty evidence slots and no plan to add sources later. Locked look: premium investigative business documentary; #0B0B0B/#1F1F1F/#3A3A3A, paper white #EDEDED, restrained signal red #D32222, rare muted gold only for money; Bebas-like display, Inter-like support, authentic paper/evidence treatment, strong negative space. Bottom 20% must be visually quiet and free of essential content. Required visible source assets: DC010_SUMMARY_JUDGMENT_ORDER.png; LIVE_MOAKLEY_COURTHOUSE_CC0.jpg. Exact on-image text: ""NO JURY VERDICT ON SURVIVING CLAIMS"". Do not invent any other factual names, dates, figures, quotes, source metadata, seals, stamps or legal conclusions.  ROUTE: HYBRID_SOURCE_EDITORIAL. Compose the authentic source assets into the final branded frame and add only deterministic exact labels/GFX. AI may style background/material atmosphere only if it does not alter source pixels or factual text. Template T03.",R4_READY
B105,S12,870.120,880.540,SOURCE_STYLED_GENERATION,T01,evidence,PUBLIC RECORD ≠ EVERY QUESTION ANSWERED,NATICK_CENTER_2020_CC_BY_SA.jpg;EBAY_HQ_2018_CC_BY_SA.jpg,,"Create/deliver one finished 16:9 WHAT IT COST production still for B105, synchronized to narration: ""So the ending is not that a court answered every question. It did not. What the public record does show is enough. A small publication criticized a global marketplace."". FINAL FRAME MUST ALREADY CONTAIN THE REQUIRED SOURCE MATERIAL — no empty evidence slots and no plan to add sources later. Locked look: premium investigative business documentary; #0B0B0B/#1F1F1F/#3A3A3A, paper white #EDEDED, restrained signal red #D32222, rare muted gold only for money; Bebas-like display, Inter-like support, authentic paper/evidence treatment, strong negative space. Bottom 20% must be visually quiet and free of essential content. Required visible source assets: NATICK_CENTER_2020_CC_BY_SA.jpg; EBAY_HQ_2018_CC_BY_SA.jpg. Exact on-image text: ""PUBLIC RECORD ≠ EVERY QUESTION ANSWERED"". Do not invent any other factual names, dates, figures, quotes, source metadata, seals, stamps or legal conclusions.  ROUTE: SOURCE_STYLED_GENERATION. Supply the listed assets to the image model as factual references and require them to remain recognizably present in the final frame. The output itself must be the source-based final still, not a blank plate. Preserve object/photo identity; do not fabricate substitute evidence or people. Template T01.",R4_READY
B106,S12,881.420,888.700,SOURCE_STYLED_GENERATION,T01,evidence,CRITICISM → CORPORATE SECURITY,DC001_CRUSH_THIS_LADY.png;DC003_TAKE_HER_DOWN.png;EBAY_HQ_2018_CC_BY_SA.jpg,,"Create/deliver one finished 16:9 WHAT IT COST production still for B106, synchronized to narration: ""Inside eBay, that criticism generated escalating internal hostility. The issue moved into corporate security."". FINAL FRAME MUST ALREADY CONTAIN THE REQUIRED SOURCE MATERIAL — no empty evidence slots and no plan to add sources later. Locked look: premium investigative business documentary; #0B0B0B/#1F1F1F/#3A3A3A, paper white #EDEDED, restrained signal red #D32222, rare muted gold only for money; Bebas-like display, Inter-like support, authentic paper/evidence treatment, strong negative space. Bottom 20% must be visually quiet and free of essential content. Required visible source assets: DC001_CRUSH_THIS_LADY.png; DC003_TAKE_HER_DOWN.png; EBAY_HQ_2018_CC_BY_SA.jpg. Exact on-image text: ""CRITICISM → CORPORATE SECURITY"". Do not invent any other factual names, dates, figures, quotes, source metadata, seals, stamps or legal conclusions.  ROUTE: SOURCE_STYLED_GENERATION. Supply the listed assets to the image model as factual references and require them to remain recognizably present in the final frame. The output itself must be the source-based final still, not a blank plate. Preserve object/photo identity; do not fabricate substitute evidence or people. Template T01.",R4_READY
B107,S12,889.200,897.020,SOURCE_STYLED_GENERATION,T06,timeline,HARASSMENT • SURVEILLANCE • OBSTRUCTION,DOJ_FBI_PIG_MASK_AND_BOOK.jpg;GENERIC_GPS_TRACKER_CC0.jpg;DC023_OBSTRUCTION_DELETION.png,,"Create/deliver one finished 16:9 WHAT IT COST production still for B107, synchronized to narration: ""Security personnel planned and carried out harassment and surveillance. When police began investigating, the problem expanded into obstruction."". FINAL FRAME MUST ALREADY CONTAIN THE REQUIRED SOURCE MATERIAL — no empty evidence slots and no plan to add sources later. Locked look: premium investigative business documentary; #0B0B0B/#1F1F1F/#3A3A3A, paper white #EDEDED, restrained signal red #D32222, rare muted gold only for money; Bebas-like display, Inter-like support, authentic paper/evidence treatment, strong negative space. Bottom 20% must be visually quiet and free of essential content. Required visible source assets: DOJ_FBI_PIG_MASK_AND_BOOK.jpg; GENERIC_GPS_TRACKER_CC0.jpg; DC023_OBSTRUCTION_DELETION.png. Exact on-image text: ""HARASSMENT • SURVEILLANCE • OBSTRUCTION"". Do not invent any other factual names, dates, figures, quotes, source metadata, seals, stamps or legal conclusions.  ROUTE: SOURCE_STYLED_GENERATION. Supply the listed assets to the image model as factual references and require them to remain recognizably present in the final frame. The output itself must be the source-based final still, not a blank plate. Preserve object/photo identity; do not fabricate substitute evidence or people. Template T06.",R4_READY
B108,S12,897.900,900.400,HYBRID_SOURCE_EDITORIAL,T07,accountability,SEVEN GUILTY PLEAS,DC011_SEVEN_GUILTY_DOJ.png,,"Create/deliver one finished 16:9 WHAT IT COST production still for B108, synchronized to narration: ""Seven prosecuted participants pleaded guilty."". FINAL FRAME MUST ALREADY CONTAIN THE REQUIRED SOURCE MATERIAL — no empty evidence slots and no plan to add sources later. Locked look: premium investigative business documentary; #0B0B0B/#1F1F1F/#3A3A3A, paper white #EDEDED, restrained signal red #D32222, rare muted gold only for money; Bebas-like display, Inter-like support, authentic paper/evidence treatment, strong negative space. Bottom 20% must be visually quiet and free of essential content. Required visible source assets: DC011_SEVEN_GUILTY_DOJ.png. Exact on-image text: ""SEVEN GUILTY PLEAS"". Do not invent any other factual names, dates, figures, quotes, source metadata, seals, stamps or legal conclusions.  ROUTE: HYBRID_SOURCE_EDITORIAL. Compose the authentic source assets into the final branded frame and add only deterministic exact labels/GFX. AI may style background/material atmosphere only if it does not alter source pixels or factual text. Template T07.",R4_READY
B109,S12,901.260,911.140,HYBRID_SOURCE_EDITORIAL,T04,money,$3M PENALTY • INDEPENDENT MONITOR,DC015_DPA_CRIMINAL_PENALTY.png;DC016_DPA_COMPLIANCE_MONITOR.png;EBAY_HQ_2018_CC_BY_SA.jpg,DPA is not a conviction. $3M criminal DPA penalty is separate from the $55.7M civil settlement package.,"Create/deliver one finished 16:9 WHAT IT COST production still for B109, synchronized to narration: ""eBay itself later entered a federal deferred prosecution agreement, admitted detailed facts, paid a three-million-dollar criminal penalty, and accepted an independent monitor."". FINAL FRAME MUST ALREADY CONTAIN THE REQUIRED SOURCE MATERIAL — no empty evidence slots and no plan to add sources later. Locked look: premium investigative business documentary; #0B0B0B/#1F1F1F/#3A3A3A, paper white #EDEDED, restrained signal red #D32222, rare muted gold only for money; Bebas-like display, Inter-like support, authentic paper/evidence treatment, strong negative space. Bottom 20% must be visually quiet and free of essential content. Required visible source assets: DC015_DPA_CRIMINAL_PENALTY.png; DC016_DPA_COMPLIANCE_MONITOR.png; EBAY_HQ_2018_CC_BY_SA.jpg. Exact on-image text: ""$3M PENALTY • INDEPENDENT MONITOR"". Do not invent any other factual names, dates, figures, quotes, source metadata, seals, stamps or legal conclusions. DPA is not a conviction. $3M criminal DPA penalty is separate from the $55.7M civil settlement package. ROUTE: HYBRID_SOURCE_EDITORIAL. Compose the authentic source assets into the final branded frame and add only deterministic exact labels/GFX. AI may style background/material atmosphere only if it does not alter source pixels or factual text. Template T04.",R4_READY
B110,S12,911.840,921.080,HYBRID_SOURCE_EDITORIAL,T06,timeline,FIRST SETTLEMENT FAILED,LIVE_MOAKLEY_COURTHOUSE_CC0.jpg;S020_D986_STIPULATION_DISMISSAL.pdf,,"Create/deliver one finished 16:9 WHAT IT COST production still for B110, synchronized to narration: ""Years of civil litigation then pushed unresolved questions about responsibility higher into the organization. The first twenty twenty-six settlement failed."". FINAL FRAME MUST ALREADY CONTAIN THE REQUIRED SOURCE MATERIAL — no empty evidence slots and no plan to add sources later. Locked look: premium investigative business documentary; #0B0B0B/#1F1F1F/#3A3A3A, paper white #EDEDED, restrained signal red #D32222, rare muted gold only for money; Bebas-like display, Inter-like support, authentic paper/evidence treatment, strong negative space. Bottom 20% must be visually quiet and free of essential content. Required visible source assets: LIVE_MOAKLEY_COURTHOUSE_CC0.jpg; S020_D986_STIPULATION_DISMISSAL.pdf. Exact on-image text: ""FIRST SETTLEMENT FAILED"". Do not invent any other factual names, dates, figures, quotes, source metadata, seals, stamps or legal conclusions.  ROUTE: HYBRID_SOURCE_EDITORIAL. Compose the authentic source assets into the final branded frame and add only deterministic exact labels/GFX. AI may style background/material atmosphere only if it does not alter source pixels or factual text. Template T06.",R4_READY
B111,S12,921.900,926.520,HYBRID_SOURCE_EDITORIAL,T04,money,$55.7M SETTLEMENT PACKAGE,S020_D986_STIPULATION_DISMISSAL.pdf;EBAY_HQ_2018_CC_BY_SA.jpg,"$55.7M is the announced civil settlement package, not a judgment or eBay-only payment.","Create/deliver one finished 16:9 WHAT IT COST production still for B111, synchronized to narration: ""The second ended the case with a fifty-five-point-seven-million-dollar settlement package."". FINAL FRAME MUST ALREADY CONTAIN THE REQUIRED SOURCE MATERIAL — no empty evidence slots and no plan to add sources later. Locked look: premium investigative business documentary; #0B0B0B/#1F1F1F/#3A3A3A, paper white #EDEDED, restrained signal red #D32222, rare muted gold only for money; Bebas-like display, Inter-like support, authentic paper/evidence treatment, strong negative space. Bottom 20% must be visually quiet and free of essential content. Required visible source assets: S020_D986_STIPULATION_DISMISSAL.pdf; EBAY_HQ_2018_CC_BY_SA.jpg. Exact on-image text: ""$55.7M SETTLEMENT PACKAGE"". Do not invent any other factual names, dates, figures, quotes, source metadata, seals, stamps or legal conclusions. $55.7M is the announced civil settlement package, not a judgment or eBay-only payment. ROUTE: HYBRID_SOURCE_EDITORIAL. Compose the authentic source assets into the final branded frame and add only deterministic exact labels/GFX. AI may style background/material atmosphere only if it does not alter source pixels or factual text. Template T04.",R4_READY
B112,S12,927.320,937.400,HYBRID_SOURCE_EDITORIAL,T04,money,PERSONAL + CORPORATE LEGAL COSTS,DC011_SEVEN_GUILTY_DOJ.png;DC012_BAUGH_HARVILLE_SENTENCES_DOJ.png;DC015_DPA_CRIMINAL_PENALTY.png,DPA is not a conviction.,"Create/deliver one finished 16:9 WHAT IT COST production still for B112, synchronized to narration: ""There were personal costs: guilty pleas and prison sentences. There were corporate legal costs: federal charges, a D-P-A, a penalty, and monitoring."". FINAL FRAME MUST ALREADY CONTAIN THE REQUIRED SOURCE MATERIAL — no empty evidence slots and no plan to add sources later. Locked look: premium investigative business documentary; #0B0B0B/#1F1F1F/#3A3A3A, paper white #EDEDED, restrained signal red #D32222, rare muted gold only for money; Bebas-like display, Inter-like support, authentic paper/evidence treatment, strong negative space. Bottom 20% must be visually quiet and free of essential content. Required visible source assets: DC011_SEVEN_GUILTY_DOJ.png; DC012_BAUGH_HARVILLE_SENTENCES_DOJ.png; DC015_DPA_CRIMINAL_PENALTY.png. Exact on-image text: ""PERSONAL + CORPORATE LEGAL COSTS"". Do not invent any other factual names, dates, figures, quotes, source metadata, seals, stamps or legal conclusions. DPA is not a conviction. ROUTE: HYBRID_SOURCE_EDITORIAL. Compose the authentic source assets into the final branded frame and add only deterministic exact labels/GFX. AI may style background/material atmosphere only if it does not alter source pixels or factual text. Template T04.",R4_READY
B113,S12,938.280,942.180,HYBRID_SOURCE_EDITORIAL,T04,money,CIVIL COSTS — TENS OF MILLIONS,S020_D986_STIPULATION_DISMISSAL.pdf;EBAY_HQ_2018_CC_BY_SA.jpg,"$55.7M is the announced civil settlement package, not a judgment or eBay-only payment.","Create/deliver one finished 16:9 WHAT IT COST production still for B113, synchronized to narration: ""And there were civil financial costs measured i n tens of millions of dollars."". FINAL FRAME MUST ALREADY CONTAIN THE REQUIRED SOURCE MATERIAL — no empty evidence slots and no plan to add sources later. Locked look: premium investigative business documentary; #0B0B0B/#1F1F1F/#3A3A3A, paper white #EDEDED, restrained signal red #D32222, rare muted gold only for money; Bebas-like display, Inter-like support, authentic paper/evidence treatment, strong negative space. Bottom 20% must be visually quiet and free of essential content. Required visible source assets: S020_D986_STIPULATION_DISMISSAL.pdf; EBAY_HQ_2018_CC_BY_SA.jpg. Exact on-image text: ""CIVIL COSTS — TENS OF MILLIONS"". Do not invent any other factual names, dates, figures, quotes, source metadata, seals, stamps or legal conclusions. $55.7M is the announced civil settlement package, not a judgment or eBay-only payment. ROUTE: HYBRID_SOURCE_EDITORIAL. Compose the authentic source assets into the final branded frame and add only deterministic exact labels/GFX. AI may style background/material atmosphere only if it does not alter source pixels or factual text. Template T04.",R4_READY
B114,S12,942.720,951.340,HYBRID_SOURCE_EDITORIAL,T01,evidence,CRITICISM WASN’T THE EXPENSIVE PART,EBAY_HQ_2018_CC_BY_SA.jpg,,"Create/deliver one finished 16:9 WHAT IT COST production still for B114, synchronized to narration: ""All of that grew out of a problem every major company eventually faces: criticism. The expensive decision was not that the criticism existed."". FINAL FRAME MUST ALREADY CONTAIN THE REQUIRED SOURCE MATERIAL — no empty evidence slots and no plan to add sources later. Locked look: premium investigative business documentary; #0B0B0B/#1F1F1F/#3A3A3A, paper white #EDEDED, restrained signal red #D32222, rare muted gold only for money; Bebas-like display, Inter-like support, authentic paper/evidence treatment, strong negative space. Bottom 20% must be visually quiet and free of essential content. Required visible source assets: EBAY_HQ_2018_CC_BY_SA.jpg. Exact on-image text: ""CRITICISM WASN’T THE EXPENSIVE PART"". Do not invent any other factual names, dates, figures, quotes, source metadata, seals, stamps or legal conclusions.  ROUTE: HYBRID_SOURCE_EDITORIAL. Compose the authentic source assets into the final branded frame and add only deterministic exact labels/GFX. AI may style background/material atmosphere only if it does not alter source pixels or factual text. Template T01.",R4_READY
B115,S12,952.080,956.920,HYBRID_SOURCE_EDITORIAL,T04,money,AND THAT IS WHAT IT COST.,EBAY_HQ_2018_CC_BY_SA.jpg,,"Create/deliver one finished 16:9 WHAT IT COST production still for B115, synchronized to narration: ""It was what people inside the company decided to do about it. And that is what it cost."". FINAL FRAME MUST ALREADY CONTAIN THE REQUIRED SOURCE MATERIAL — no empty evidence slots and no plan to add sources later. Locked look: premium investigative business documentary; #0B0B0B/#1F1F1F/#3A3A3A, paper white #EDEDED, restrained signal red #D32222, rare muted gold only for money; Bebas-like display, Inter-like support, authentic paper/evidence treatment, strong negative space. Bottom 20% must be visually quiet and free of essential content. Required visible source assets: EBAY_HQ_2018_CC_BY_SA.jpg. Exact on-image text: ""AND THAT IS WHAT IT COST."". Do not invent any other factual names, dates, figures, quotes, source metadata, seals, stamps or legal conclusions.  ROUTE: HYBRID_SOURCE_EDITORIAL. Compose the authentic source assets into the final branded frame and add only deterministic exact labels/GFX. AI may style background/material atmosphere only if it does not alter source pixels or factual text. Template T04.",R4_READY
