beat_id,section,start,end,frame_family,route,exact_text,support_text,input_assets,legal_guardrail,final_instruction,status
B002,S01,6.340,7.000,T01,HIGGSFIELD_ONE_PASS,LIVE INSECTS,,COCKROACH_CC0.jpg; SPIDER_CC0.jpg; LARVAE_CC0.jpg,"Do not change legal status, amount, chronology, attribution, or allegation/finding posture.","FINAL VIDEO FRAME — B002 — 16:9 WHAT IT COST
SCENE PURPOSE: LIVE INSECTS
NARRATION MEANING: ""Live insects.""
ALLOWED GENERATED TEXT ONLY: ""LIVE INSECTS"". Do not generate any other readable words. Source-crop text may remain only if it is already present in the attached authentic crop.
STYLE: WHAT IT COST canonical final-frame style: premium investigative business documentary; charcoal/black textured background; warm aged-paper evidence layers; off-white distressed condensed headline; restrained deep-red underline/tab accents; tiny brass/black office hardware only when useful; realistic paper depth and film-grain; strong cinematic negative space; serious corporate/legal tone; no horror, no sensational crime-poster language, no neon, no dashboard/card-grid, no decorative clutter.
LAYOUT: Asymmetrical evidence layout: one dominant authentic source/photo panel on the right or upper-right; headline block on the left; at most one secondary paper layer; restrained red rule; large clean negative space.
INPUTS: COCKROACH_CC0.jpg; SPIDER_CC0.jpg; LARVAE_CC0.jpg.
SOURCE FIDELITY: attached factual crops/photos are evidence, not inspiration. Preserve their subject and meaning. If an attached legal/document crop is shown, display it as an unchanged photographic crop inside the design; do NOT retype, redraw, summarize, invent, extend, or fabricate legal body text, headings, counts, seals, signatures, case numbers, dates or amounts.
LEGAL/FACT LOCK: Do not change legal status, amount, chronology, attribution, or allegation/finding posture.
SUBTITLE SAFE: bottom 22% of the entire frame must be dark, visually quiet and free of headline, quote, amount, face, evidence, source label, legal caveat, timeline endpoint or important object.
ONE-PASS RULES: final usable video frame, not a style board; max 1 hero idea + 1 support idea; max 2 generated text blocks; no pseudo-text; no fake documents; no duplicated hero; no random police/courthouse/GPS/money imagery unless demanded by this beat; no subject leakage from style; no UI; no watermark; no borders; no post-generation repair should be required.",PROMPT_READY_PREP_INPUTS_REQUIRED_WHERE_LISTED
B003,S01,7.760,8.660,T03,HIGGSFIELD_ONE_PASS,THREATENING MESSAGES,,12B_SOURCE_ASSETS/R6_PREP/R6P_B003_DC022_THREATENING_MESSAGES.png,"Do not change legal status, amount, chronology, attribution, or allegation/finding posture.","FINAL VIDEO FRAME — B003 — 16:9 WHAT IT COST
SCENE PURPOSE: THREATENING MESSAGES
NARRATION MEANING: ""Threatening messages.""
ALLOWED GENERATED TEXT ONLY: ""THREATENING MESSAGES"". Do not generate any other readable words. Source-crop text may remain only if it is already present in the attached authentic crop.
STYLE: WHAT IT COST canonical final-frame style: premium investigative business documentary; charcoal/black textured background; warm aged-paper evidence layers; off-white distressed condensed headline; restrained deep-red underline/tab accents; tiny brass/black office hardware only when useful; realistic paper depth and film-grain; strong cinematic negative space; serious corporate/legal tone; no horror, no sensational crime-poster language, no neon, no dashboard/card-grid, no decorative clutter.
LAYOUT: Quote/document layout: one large headline or exact quote is the hero; attached authentic excerpt appears as a tight photographic crop, not a recreated document; surrounding papers stay blank/redacted.
INPUTS: 12B_SOURCE_ASSETS/R6_PREP/R6P_B003_DC022_THREATENING_MESSAGES.png.
SOURCE FIDELITY: attached factual crops/photos are evidence, not inspiration. Preserve their subject and meaning. If an attached legal/document crop is shown, display it as an unchanged photographic crop inside the design; do NOT retype, redraw, summarize, invent, extend, or fabricate legal body text, headings, counts, seals, signatures, case numbers, dates or amounts.
LEGAL/FACT LOCK: Do not change legal status, amount, chronology, attribution, or allegation/finding posture.
SUBTITLE SAFE: bottom 22% of the entire frame must be dark, visually quiet and free of headline, quote, amount, face, evidence, source label, legal caveat, timeline endpoint or important object.
ONE-PASS RULES: final usable video frame, not a style board; max 1 hero idea + 1 support idea; max 2 generated text blocks; no pseudo-text; no fake documents; no duplicated hero; no random police/courthouse/GPS/money imagery unless demanded by this beat; no subject leakage from style; no UI; no watermark; no borders; no post-generation repair should be required.",PROMPT_READY_PREP_INPUTS_REQUIRED_WHERE_LISTED
B005,S01,11.160,21.760,T01,HIGGSFIELD_ONE_PASS,GPS TRACKER ATTEMPT — INSTALLATION NOT ESTABLISHED,,12B_SOURCE_ASSETS/R6_PREP/R6P_B005_DC006_DELIVERIES_GPS_ATTEMPT.png; 12B_SOURCE_ASSETS/R6_PREP/R6P_B005_DC007_GPS_GARAGE_ATTEMPT.png; GENERIC_GPS_TRACKER_CC0.jpg; NATICK_CENTER_2020_CC_BY_SA.jpg,Tracker attempted; installation not established.,"FINAL VIDEO FRAME — B005 — 16:9 WHAT IT COST
SCENE PURPOSE: GPS TRACKER ATTEMPT — INSTALLATION NOT ESTABLISHED
NARRATION MEANING: ""And eventually, people connected to the campaign were watching them in person and trying to put a G-P-S tracker on their car. At first glance, this sounds like an internet stalking story.""
ALLOWED GENERATED TEXT ONLY: ""GPS TRACKER ATTEMPT — INSTALLATION NOT ESTABLISHED"". Do not generate any other readable words. Source-crop text may remain only if it is already present in the attached authentic crop.
STYLE: WHAT IT COST canonical final-frame style: premium investigative business documentary; charcoal/black textured background; warm aged-paper evidence layers; off-white distressed condensed headline; restrained deep-red underline/tab accents; tiny brass/black office hardware only when useful; realistic paper depth and film-grain; strong cinematic negative space; serious corporate/legal tone; no horror, no sensational crime-poster language, no neon, no dashboard/card-grid, no decorative clutter.
LAYOUT: Asymmetrical evidence layout: one dominant authentic source/photo panel on the right or upper-right; headline block on the left; at most one secondary paper layer; restrained red rule; large clean negative space.
INPUTS: 12B_SOURCE_ASSETS/R6_PREP/R6P_B005_DC006_DELIVERIES_GPS_ATTEMPT.png; 12B_SOURCE_ASSETS/R6_PREP/R6P_B005_DC007_GPS_GARAGE_ATTEMPT.png; GENERIC_GPS_TRACKER_CC0.jpg; NATICK_CENTER_2020_CC_BY_SA.jpg.
SOURCE FIDELITY: attached factual crops/photos are evidence, not inspiration. Preserve their subject and meaning. If an attached legal/document crop is shown, display it as an unchanged photographic crop inside the design; do NOT retype, redraw, summarize, invent, extend, or fabricate legal body text, headings, counts, seals, signatures, case numbers, dates or amounts.
LEGAL/FACT LOCK: Tracker attempted; installation not established.
SUBTITLE SAFE: bottom 22% of the entire frame must be dark, visually quiet and free of headline, quote, amount, face, evidence, source label, legal caveat, timeline endpoint or important object.
ONE-PASS RULES: final usable video frame, not a style board; max 1 hero idea + 1 support idea; max 2 generated text blocks; no pseudo-text; no fake documents; no duplicated hero; no random police/courthouse/GPS/money imagery unless demanded by this beat; no subject leakage from style; no UI; no watermark; no borders; no post-generation repair should be required.",PROMPT_READY_PREP_INPUTS_REQUIRED_WHERE_LISTED
B009,S01,53.280,61.640,T04,HIGGSFIELD_ONE_PASS,$55.7M SETTLEMENT PACKAGE,,EBAY_HQ_2018_CC_BY_SA.jpg; 12B_SOURCE_ASSETS/R6_PREP/R6P_B009_SETTLEMENT_55_7_FACT_STRIP.png,"Do not change legal status, amount, chronology, attribution, or allegation/finding posture.","FINAL VIDEO FRAME — B009 — 16:9 WHAT IT COST
SCENE PURPOSE: $55.7M SETTLEMENT PACKAGE
NARRATION MEANING: ""And in July twenty twenty-six, the civil case ended in an announced settlement package worth fifty-five-point-seven million dollars.""
ALLOWED GENERATED TEXT ONLY: ""$55.7M SETTLEMENT PACKAGE"". Do not generate any other readable words. Source-crop text may remain only if it is already present in the attached authentic crop.
STYLE: WHAT IT COST canonical final-frame style: premium investigative business documentary; charcoal/black textured background; warm aged-paper evidence layers; off-white distressed condensed headline; restrained deep-red underline/tab accents; tiny brass/black office hardware only when useful; realistic paper depth and film-grain; strong cinematic negative space; serious corporate/legal tone; no horror, no sensational crime-poster language, no neon, no dashboard/card-grid, no decorative clutter.
LAYOUT: Money/legal-number layout: one large exact amount/status is the hero on the left; one supporting factual photo or authentic source crop on the right; one secondary line only; never imply a judgment, verdict, or combined total not stated.
INPUTS: EBAY_HQ_2018_CC_BY_SA.jpg; 12B_SOURCE_ASSETS/R6_PREP/R6P_B009_SETTLEMENT_55_7_FACT_STRIP.png.
SOURCE FIDELITY: attached factual crops/photos are evidence, not inspiration. Preserve their subject and meaning. If an attached legal/document crop is shown, display it as an unchanged photographic crop inside the design; do NOT retype, redraw, summarize, invent, extend, or fabricate legal body text, headings, counts, seals, signatures, case numbers, dates or amounts.
LEGAL/FACT LOCK: Do not change legal status, amount, chronology, attribution, or allegation/finding posture.
SUBTITLE SAFE: bottom 22% of the entire frame must be dark, visually quiet and free of headline, quote, amount, face, evidence, source label, legal caveat, timeline endpoint or important object.
ONE-PASS RULES: final usable video frame, not a style board; max 1 hero idea + 1 support idea; max 2 generated text blocks; no pseudo-text; no fake documents; no duplicated hero; no random police/courthouse/GPS/money imagery unless demanded by this beat; no subject leakage from style; no UI; no watermark; no borders; no post-generation repair should be required.",PROMPT_READY_PREP_INPUTS_REQUIRED_WHERE_LISTED
B010,S01,61.640,73.980,T01,HIGGSFIELD_ONE_PASS,CRITICISM → SECURITY → CONSEQUENCE,,EBAY_HQ_2018_CC_BY_SA.jpg; NATICK_CENTER_2020_CC_BY_SA.jpg,"Do not change legal status, amount, chronology, attribution, or allegation/finding posture.","FINAL VIDEO FRAME — B010 — 16:9 WHAT IT COST
SCENE PURPOSE: CRITICISM → SECURITY → CONSEQUENCE
NARRATION MEANING: ""But the strangest part is not what arrived at the front door. It is how criticism of a company became a security problem inside that company — and how the consequences kept growing long after the harassment stopped.""
ALLOWED GENERATED TEXT ONLY: ""CRITICISM → SECURITY → CONSEQUENCE"". Do not generate any other readable words. Source-crop text may remain only if it is already present in the attached authentic crop.
STYLE: WHAT IT COST canonical final-frame style: premium investigative business documentary; charcoal/black textured background; warm aged-paper evidence layers; off-white distressed condensed headline; restrained deep-red underline/tab accents; tiny brass/black office hardware only when useful; realistic paper depth and film-grain; strong cinematic negative space; serious corporate/legal tone; no horror, no sensational crime-poster language, no neon, no dashboard/card-grid, no decorative clutter.
LAYOUT: Asymmetrical evidence layout: one dominant authentic source/photo panel on the right or upper-right; headline block on the left; at most one secondary paper layer; restrained red rule; large clean negative space.
INPUTS: EBAY_HQ_2018_CC_BY_SA.jpg; NATICK_CENTER_2020_CC_BY_SA.jpg.
SOURCE FIDELITY: attached factual crops/photos are evidence, not inspiration. Preserve their subject and meaning. If an attached legal/document crop is shown, display it as an unchanged photographic crop inside the design; do NOT retype, redraw, summarize, invent, extend, or fabricate legal body text, headings, counts, seals, signatures, case numbers, dates or amounts.
LEGAL/FACT LOCK: Do not change legal status, amount, chronology, attribution, or allegation/finding posture.
SUBTITLE SAFE: bottom 22% of the entire frame must be dark, visually quiet and free of headline, quote, amount, face, evidence, source label, legal caveat, timeline endpoint or important object.
ONE-PASS RULES: final usable video frame, not a style board; max 1 hero idea + 1 support idea; max 2 generated text blocks; no pseudo-text; no fake documents; no duplicated hero; no random police/courthouse/GPS/money imagery unless demanded by this beat; no subject leakage from style; no UI; no watermark; no borders; no post-generation repair should be required.",PROMPT_READY_PREP_INPUTS_REQUIRED_WHERE_LISTED
B011,S02,74.680,82.100,T01,HIGGSFIELD_ONE_PASS,ECOMMERCEBYTES • SINCE 1999,,12B_SOURCE_ASSETS/R6_PREP/R6P_B011_DC018_CIVIL_COMPLAINT_COVER.png; EBAY_HQ_2018_CC_BY_SA.jpg,"Do not change legal status, amount, chronology, attribution, or allegation/finding posture.","FINAL VIDEO FRAME — B011 — 16:9 WHAT IT COST
SCENE PURPOSE: ECOMMERCEBYTES • SINCE 1999
NARRATION MEANING: ""Ina and David Steiner ran EcommerceBytes, an independent publication covering online commerce since nineteen ninety-nine.""
ALLOWED GENERATED TEXT ONLY: ""ECOMMERCEBYTES • SINCE 1999"". Do not generate any other readable words. Source-crop text may remain only if it is already present in the attached authentic crop.
STYLE: WHAT IT COST canonical final-frame style: premium investigative business documentary; charcoal/black textured background; warm aged-paper evidence layers; off-white distressed condensed headline; restrained deep-red underline/tab accents; tiny brass/black office hardware only when useful; realistic paper depth and film-grain; strong cinematic negative space; serious corporate/legal tone; no horror, no sensational crime-poster language, no neon, no dashboard/card-grid, no decorative clutter.
LAYOUT: Asymmetrical evidence layout: one dominant authentic source/photo panel on the right or upper-right; headline block on the left; at most one secondary paper layer; restrained red rule; large clean negative space.
INPUTS: 12B_SOURCE_ASSETS/R6_PREP/R6P_B011_DC018_CIVIL_COMPLAINT_COVER.png; EBAY_HQ_2018_CC_BY_SA.jpg.
SOURCE FIDELITY: attached factual crops/photos are evidence, not inspiration. Preserve their subject and meaning. If an attached legal/document crop is shown, display it as an unchanged photographic crop inside the design; do NOT retype, redraw, summarize, invent, extend, or fabricate legal body text, headings, counts, seals, signatures, case numbers, dates or amounts.
LEGAL/FACT LOCK: Do not change legal status, amount, chronology, attribution, or allegation/finding posture.
SUBTITLE SAFE: bottom 22% of the entire frame must be dark, visually quiet and free of headline, quote, amount, face, evidence, source label, legal caveat, timeline endpoint or important object.
ONE-PASS RULES: final usable video frame, not a style board; max 1 hero idea + 1 support idea; max 2 generated text blocks; no pseudo-text; no fake documents; no duplicated hero; no random police/courthouse/GPS/money imagery unless demanded by this beat; no subject leakage from style; no UI; no watermark; no borders; no post-generation repair should be required.",PROMPT_READY_PREP_INPUTS_REQUIRED_WHERE_LISTED
B012,S02,82.920,89.480,T01,HIGGSFIELD_ONE_PASS,SMALL PUBLICATION / GLOBAL MARKETPLACE,,12B_SOURCE_ASSETS/R6_PREP/R6P_B012_DC018_CIVIL_COMPLAINT_COVER.png; EBAY_HQ_2018_CC_BY_SA.jpg,"Do not change legal status, amount, chronology, attribution, or allegation/finding posture.","FINAL VIDEO FRAME — B012 — 16:9 WHAT IT COST
SCENE PURPOSE: SMALL PUBLICATION / GLOBAL MARKETPLACE
NARRATION MEANING: ""The scale mismatch was obvious: an independent trade publication on one side, a global marketplace on the other.""
ALLOWED GENERATED TEXT ONLY: ""SMALL PUBLICATION / GLOBAL MARKETPLACE"". Do not generate any other readable words. Source-crop text may remain only if it is already present in the attached authentic crop.
STYLE: WHAT IT COST canonical final-frame style: premium investigative business documentary; charcoal/black textured background; warm aged-paper evidence layers; off-white distressed condensed headline; restrained deep-red underline/tab accents; tiny brass/black office hardware only when useful; realistic paper depth and film-grain; strong cinematic negative space; serious corporate/legal tone; no horror, no sensational crime-poster language, no neon, no dashboard/card-grid, no decorative clutter.
LAYOUT: Asymmetrical evidence layout: one dominant authentic source/photo panel on the right or upper-right; headline block on the left; at most one secondary paper layer; restrained red rule; large clean negative space.
INPUTS: 12B_SOURCE_ASSETS/R6_PREP/R6P_B012_DC018_CIVIL_COMPLAINT_COVER.png; EBAY_HQ_2018_CC_BY_SA.jpg.
SOURCE FIDELITY: attached factual crops/photos are evidence, not inspiration. Preserve their subject and meaning. If an attached legal/document crop is shown, display it as an unchanged photographic crop inside the design; do NOT retype, redraw, summarize, invent, extend, or fabricate legal body text, headings, counts, seals, signatures, case numbers, dates or amounts.
LEGAL/FACT LOCK: Do not change legal status, amount, chronology, attribution, or allegation/finding posture.
SUBTITLE SAFE: bottom 22% of the entire frame must be dark, visually quiet and free of headline, quote, amount, face, evidence, source label, legal caveat, timeline endpoint or important object.
ONE-PASS RULES: final usable video frame, not a style board; max 1 hero idea + 1 support idea; max 2 generated text blocks; no pseudo-text; no fake documents; no duplicated hero; no random police/courthouse/GPS/money imagery unless demanded by this beat; no subject leakage from style; no UI; no watermark; no borders; no post-generation repair should be required.",PROMPT_READY_PREP_INPUTS_REQUIRED_WHERE_LISTED
B013,S02,90.120,99.720,T02,HIGGSFIELD_ONE_PASS,SELLERS • RULES • EXECUTIVE DECISIONS,,12B_SOURCE_ASSETS/R6_PREP/R6P_B013_DC018_CIVIL_COMPLAINT_COVER.png; EBAY_HQ_2018_CC_BY_SA.jpg,"Do not change legal status, amount, chronology, attribution, or allegation/finding posture.","FINAL VIDEO FRAME — B013 — 16:9 WHAT IT COST
SCENE PURPOSE: SELLERS • RULES • EXECUTIVE DECISIONS
NARRATION MEANING: ""But the Steiners covered eBay's world closely — sellers, marketplace rules, executive decisions, and the complaints of people who depended on platforms like eBay.""
ALLOWED GENERATED TEXT ONLY: ""SELLERS • RULES • EXECUTIVE DECISIONS"". Do not generate any other readable words. Source-crop text may remain only if it is already present in the attached authentic crop.
STYLE: WHAT IT COST canonical final-frame style: premium investigative business documentary; charcoal/black textured background; warm aged-paper evidence layers; off-white distressed condensed headline; restrained deep-red underline/tab accents; tiny brass/black office hardware only when useful; realistic paper depth and film-grain; strong cinematic negative space; serious corporate/legal tone; no horror, no sensational crime-poster language, no neon, no dashboard/card-grid, no decorative clutter.
LAYOUT: Split analytical layout: two clearly separated evidence/context zones, one dominant and one subordinate; headline placed in the cleanest negative-space zone; use thin rules or one red connector, never a busy flowchart.
INPUTS: 12B_SOURCE_ASSETS/R6_PREP/R6P_B013_DC018_CIVIL_COMPLAINT_COVER.png; EBAY_HQ_2018_CC_BY_SA.jpg.
SOURCE FIDELITY: attached factual crops/photos are evidence, not inspiration. Preserve their subject and meaning. If an attached legal/document crop is shown, display it as an unchanged photographic crop inside the design; do NOT retype, redraw, summarize, invent, extend, or fabricate legal body text, headings, counts, seals, signatures, case numbers, dates or amounts.
LEGAL/FACT LOCK: Do not change legal status, amount, chronology, attribution, or allegation/finding posture.
SUBTITLE SAFE: bottom 22% of the entire frame must be dark, visually quiet and free of headline, quote, amount, face, evidence, source label, legal caveat, timeline endpoint or important object.
ONE-PASS RULES: final usable video frame, not a style board; max 1 hero idea + 1 support idea; max 2 generated text blocks; no pseudo-text; no fake documents; no duplicated hero; no random police/courthouse/GPS/money imagery unless demanded by this beat; no subject leakage from style; no UI; no watermark; no borders; no post-generation repair should be required.",PROMPT_READY_PREP_INPUTS_REQUIRED_WHERE_LISTED
B014,S02,100.540,110.020,T03,HIGGSFIELD_ONE_PASS,SPRING 2019,,12B_SOURCE_ASSETS/R6_PREP/R6P_B014_DC018_CIVIL_COMPLAINT_COVER.png; EBAY_HQ_2018_CC_BY_SA.jpg; 12B_SOURCE_ASSETS/R6_PREP/R6P_B014_S009_SPRING2019_FRUSTRATION.png,"Do not change legal status, amount, chronology, attribution, or allegation/finding posture.","FINAL VIDEO FRAME — B014 — 16:9 WHAT IT COST
SCENE PURPOSE: SPRING 2019
NARRATION MEANING: ""By spring twenty nineteen, a later federal court record shows that EcommerceBytes had become an increasing source of frustration for people inside eBay's leadership.""
ALLOWED GENERATED TEXT ONLY: ""SPRING 2019"". Do not generate any other readable words. Source-crop text may remain only if it is already present in the attached authentic crop.
STYLE: WHAT IT COST canonical final-frame style: premium investigative business documentary; charcoal/black textured background; warm aged-paper evidence layers; off-white distressed condensed headline; restrained deep-red underline/tab accents; tiny brass/black office hardware only when useful; realistic paper depth and film-grain; strong cinematic negative space; serious corporate/legal tone; no horror, no sensational crime-poster language, no neon, no dashboard/card-grid, no decorative clutter.
LAYOUT: Quote/document layout: one large headline or exact quote is the hero; attached authentic excerpt appears as a tight photographic crop, not a recreated document; surrounding papers stay blank/redacted.
INPUTS: 12B_SOURCE_ASSETS/R6_PREP/R6P_B014_DC018_CIVIL_COMPLAINT_COVER.png; EBAY_HQ_2018_CC_BY_SA.jpg; 12B_SOURCE_ASSETS/R6_PREP/R6P_B014_S009_SPRING2019_FRUSTRATION.png.
SOURCE FIDELITY: attached factual crops/photos are evidence, not inspiration. Preserve their subject and meaning. If an attached legal/document crop is shown, display it as an unchanged photographic crop inside the design; do NOT retype, redraw, summarize, invent, extend, or fabricate legal body text, headings, counts, seals, signatures, case numbers, dates or amounts.
LEGAL/FACT LOCK: Do not change legal status, amount, chronology, attribution, or allegation/finding posture.
SUBTITLE SAFE: bottom 22% of the entire frame must be dark, visually quiet and free of headline, quote, amount, face, evidence, source label, legal caveat, timeline endpoint or important object.
ONE-PASS RULES: final usable video frame, not a style board; max 1 hero idea + 1 support idea; max 2 generated text blocks; no pseudo-text; no fake documents; no duplicated hero; no random police/courthouse/GPS/money imagery unless demanded by this beat; no subject leakage from style; no UI; no watermark; no borders; no post-generation repair should be required.",PROMPT_READY_PREP_INPUTS_REQUIRED_WHERE_LISTED
B015,S02,110.440,119.260,T01,HIGGSFIELD_ONE_PASS,"CRITICISM, NOT COMPETITION",,12B_SOURCE_ASSETS/R6_PREP/R6P_B015_DC018_CIVIL_COMPLAINT_COVER.png; EBAY_HQ_2018_CC_BY_SA.jpg,"Do not change legal status, amount, chronology, attribution, or allegation/finding posture.","FINAL VIDEO FRAME — B015 — 16:9 WHAT IT COST
SCENE PURPOSE: CRITICISM, NOT COMPETITION
NARRATION MEANING: ""The Steiners were not business rivals trying to take eBay's customers. They were publishers criticizing the company and giving readers a place to criticize it too.""
ALLOWED GENERATED TEXT ONLY: ""CRITICISM, NOT COMPETITION"". Do not generate any other readable words. Source-crop text may remain only if it is already present in the attached authentic crop.
STYLE: WHAT IT COST canonical final-frame style: premium investigative business documentary; charcoal/black textured background; warm aged-paper evidence layers; off-white distressed condensed headline; restrained deep-red underline/tab accents; tiny brass/black office hardware only when useful; realistic paper depth and film-grain; strong cinematic negative space; serious corporate/legal tone; no horror, no sensational crime-poster language, no neon, no dashboard/card-grid, no decorative clutter.
LAYOUT: Asymmetrical evidence layout: one dominant authentic source/photo panel on the right or upper-right; headline block on the left; at most one secondary paper layer; restrained red rule; large clean negative space.
INPUTS: 12B_SOURCE_ASSETS/R6_PREP/R6P_B015_DC018_CIVIL_COMPLAINT_COVER.png; EBAY_HQ_2018_CC_BY_SA.jpg.
SOURCE FIDELITY: attached factual crops/photos are evidence, not inspiration. Preserve their subject and meaning. If an attached legal/document crop is shown, display it as an unchanged photographic crop inside the design; do NOT retype, redraw, summarize, invent, extend, or fabricate legal body text, headings, counts, seals, signatures, case numbers, dates or amounts.
LEGAL/FACT LOCK: Do not change legal status, amount, chronology, attribution, or allegation/finding posture.
SUBTITLE SAFE: bottom 22% of the entire frame must be dark, visually quiet and free of headline, quote, amount, face, evidence, source label, legal caveat, timeline endpoint or important object.
ONE-PASS RULES: final usable video frame, not a style board; max 1 hero idea + 1 support idea; max 2 generated text blocks; no pseudo-text; no fake documents; no duplicated hero; no random police/courthouse/GPS/money imagery unless demanded by this beat; no subject leakage from style; no UI; no watermark; no borders; no post-generation repair should be required.",PROMPT_READY_PREP_INPUTS_REQUIRED_WHERE_LISTED
B016,S02,119.920,130.260,T01,HIGGSFIELD_ONE_PASS,HOW DID CRITICISM BECOME SECURITY?,,12B_SOURCE_ASSETS/R6_PREP/R6P_B016_DC018_CIVIL_COMPLAINT_COVER.png; EBAY_HQ_2018_CC_BY_SA.jpg,"Do not change legal status, amount, chronology, attribution, or allegation/finding posture.","FINAL VIDEO FRAME — B016 — 16:9 WHAT IT COST
SCENE PURPOSE: HOW DID CRITICISM BECOME SECURITY?
NARRATION MEANING: ""Companies face criticism every day. The real question is how criticism from two publishers became something people inside eBay's security organization were expected to solve.""
ALLOWED GENERATED TEXT ONLY: ""HOW DID CRITICISM BECOME SECURITY?"". Do not generate any other readable words. Source-crop text may remain only if it is already present in the attached authentic crop.
STYLE: WHAT IT COST canonical final-frame style: premium investigative business documentary; charcoal/black textured background; warm aged-paper evidence layers; off-white distressed condensed headline; restrained deep-red underline/tab accents; tiny brass/black office hardware only when useful; realistic paper depth and film-grain; strong cinematic negative space; serious corporate/legal tone; no horror, no sensational crime-poster language, no neon, no dashboard/card-grid, no decorative clutter.
LAYOUT: Asymmetrical evidence layout: one dominant authentic source/photo panel on the right or upper-right; headline block on the left; at most one secondary paper layer; restrained red rule; large clean negative space.
INPUTS: 12B_SOURCE_ASSETS/R6_PREP/R6P_B016_DC018_CIVIL_COMPLAINT_COVER.png; EBAY_HQ_2018_CC_BY_SA.jpg.
SOURCE FIDELITY: attached factual crops/photos are evidence, not inspiration. Preserve their subject and meaning. If an attached legal/document crop is shown, display it as an unchanged photographic crop inside the design; do NOT retype, redraw, summarize, invent, extend, or fabricate legal body text, headings, counts, seals, signatures, case numbers, dates or amounts.
LEGAL/FACT LOCK: Do not change legal status, amount, chronology, attribution, or allegation/finding posture.
SUBTITLE SAFE: bottom 22% of the entire frame must be dark, visually quiet and free of headline, quote, amount, face, evidence, source label, legal caveat, timeline endpoint or important object.
ONE-PASS RULES: final usable video frame, not a style board; max 1 hero idea + 1 support idea; max 2 generated text blocks; no pseudo-text; no fake documents; no duplicated hero; no random police/courthouse/GPS/money imagery unless demanded by this beat; no subject leakage from style; no UI; no watermark; no borders; no post-generation repair should be required.",PROMPT_READY_PREP_INPUTS_REQUIRED_WHERE_LISTED
B017,S03,131.060,143.460,T03,HIGGSFIELD_ONE_PASS,THE INTERNAL MESSAGES,,12B_SOURCE_ASSETS/R6_PREP/R6P_B017_DC001_CRUSH_THIS_LADY.png; LIVE_DEVIN_WENIG_COMMONS.jpg,"Do not change legal status, amount, chronology, attribution, or allegation/finding posture.","FINAL VIDEO FRAME — B017 — 16:9 WHAT IT COST
SCENE PURPOSE: THE INTERNAL MESSAGES
NARRATION MEANING: ""The internal messages are where the story changes. In April twenty nineteen, Steve Wymer — eBay's communications chief — sent then-C-E-O Devin Wenig a message about an Ina Steiner article.""
ALLOWED GENERATED TEXT ONLY: ""THE INTERNAL MESSAGES"". Do not generate any other readable words. Source-crop text may remain only if it is already present in the attached authentic crop.
STYLE: WHAT IT COST canonical final-frame style: premium investigative business documentary; charcoal/black textured background; warm aged-paper evidence layers; off-white distressed condensed headline; restrained deep-red underline/tab accents; tiny brass/black office hardware only when useful; realistic paper depth and film-grain; strong cinematic negative space; serious corporate/legal tone; no horror, no sensational crime-poster language, no neon, no dashboard/card-grid, no decorative clutter.
LAYOUT: Quote/document layout: one large headline or exact quote is the hero; attached authentic excerpt appears as a tight photographic crop, not a recreated document; surrounding papers stay blank/redacted.
INPUTS: 12B_SOURCE_ASSETS/R6_PREP/R6P_B017_DC001_CRUSH_THIS_LADY.png; LIVE_DEVIN_WENIG_COMMONS.jpg.
SOURCE FIDELITY: attached factual crops/photos are evidence, not inspiration. Preserve their subject and meaning. If an attached legal/document crop is shown, display it as an unchanged photographic crop inside the design; do NOT retype, redraw, summarize, invent, extend, or fabricate legal body text, headings, counts, seals, signatures, case numbers, dates or amounts.
LEGAL/FACT LOCK: Do not change legal status, amount, chronology, attribution, or allegation/finding posture.
SUBTITLE SAFE: bottom 22% of the entire frame must be dark, visually quiet and free of headline, quote, amount, face, evidence, source label, legal caveat, timeline endpoint or important object.
ONE-PASS RULES: final usable video frame, not a style board; max 1 hero idea + 1 support idea; max 2 generated text blocks; no pseudo-text; no fake documents; no duplicated hero; no random police/courthouse/GPS/money imagery unless demanded by this beat; no subject leakage from style; no UI; no watermark; no borders; no post-generation repair should be required.",PROMPT_READY_PREP_INPUTS_REQUIRED_WHERE_LISTED
B019,S03,147.600,152.740,T03,HIGGSFIELD_ONE_PASS,“TAKE HER DOWN.”,,12B_SOURCE_ASSETS/R6_PREP/R6P_B019_DC003_TAKE_HER_DOWN.png,"Do not change legal status, amount, chronology, attribution, or allegation/finding posture.","FINAL VIDEO FRAME — B019 — 16:9 WHAT IT COST
SCENE PURPOSE: “TAKE HER DOWN.”
NARRATION MEANING: ""Weeks later, according to the federal court record, Wenig told Wymer to “take her down.”""
ALLOWED GENERATED TEXT ONLY: ""“TAKE HER DOWN.”"". Do not generate any other readable words. Source-crop text may remain only if it is already present in the attached authentic crop.
STYLE: WHAT IT COST canonical final-frame style: premium investigative business documentary; charcoal/black textured background; warm aged-paper evidence layers; off-white distressed condensed headline; restrained deep-red underline/tab accents; tiny brass/black office hardware only when useful; realistic paper depth and film-grain; strong cinematic negative space; serious corporate/legal tone; no horror, no sensational crime-poster language, no neon, no dashboard/card-grid, no decorative clutter.
LAYOUT: Quote/document layout: one large headline or exact quote is the hero; attached authentic excerpt appears as a tight photographic crop, not a recreated document; surrounding papers stay blank/redacted.
INPUTS: 12B_SOURCE_ASSETS/R6_PREP/R6P_B019_DC003_TAKE_HER_DOWN.png.
SOURCE FIDELITY: attached factual crops/photos are evidence, not inspiration. Preserve their subject and meaning. If an attached legal/document crop is shown, display it as an unchanged photographic crop inside the design; do NOT retype, redraw, summarize, invent, extend, or fabricate legal body text, headings, counts, seals, signatures, case numbers, dates or amounts.
LEGAL/FACT LOCK: Do not change legal status, amount, chronology, attribution, or allegation/finding posture.
SUBTITLE SAFE: bottom 22% of the entire frame must be dark, visually quiet and free of headline, quote, amount, face, evidence, source label, legal caveat, timeline endpoint or important object.
ONE-PASS RULES: final usable video frame, not a style board; max 1 hero idea + 1 support idea; max 2 generated text blocks; no pseudo-text; no fake documents; no duplicated hero; no random police/courthouse/GPS/money imagery unless demanded by this beat; no subject leakage from style; no UI; no watermark; no borders; no post-generation repair should be required.",PROMPT_READY_PREP_INPUTS_REQUIRED_WHERE_LISTED
B020,S03,153.580,159.860,T03,HIGGSFIELD_ONE_PASS,“NOW IS THE TIME.”,,12B_SOURCE_ASSETS/R6_PREP/R6P_B020_DC004_NOW_IS_THE_TIME.png,"Do not change legal status, amount, chronology, attribution, or allegation/finding posture.","FINAL VIDEO FRAME — B020 — 16:9 WHAT IT COST
SCENE PURPOSE: “NOW IS THE TIME.”
NARRATION MEANING: ""And on August first, another message from Wenig said that if they were ever going to act, “now is the time.”""
ALLOWED GENERATED TEXT ONLY: ""“NOW IS THE TIME.”"". Do not generate any other readable words. Source-crop text may remain only if it is already present in the attached authentic crop.
STYLE: WHAT IT COST canonical final-frame style: premium investigative business documentary; charcoal/black textured background; warm aged-paper evidence layers; off-white distressed condensed headline; restrained deep-red underline/tab accents; tiny brass/black office hardware only when useful; realistic paper depth and film-grain; strong cinematic negative space; serious corporate/legal tone; no horror, no sensational crime-poster language, no neon, no dashboard/card-grid, no decorative clutter.
LAYOUT: Quote/document layout: one large headline or exact quote is the hero; attached authentic excerpt appears as a tight photographic crop, not a recreated document; surrounding papers stay blank/redacted.
INPUTS: 12B_SOURCE_ASSETS/R6_PREP/R6P_B020_DC004_NOW_IS_THE_TIME.png.
SOURCE FIDELITY: attached factual crops/photos are evidence, not inspiration. Preserve their subject and meaning. If an attached legal/document crop is shown, display it as an unchanged photographic crop inside the design; do NOT retype, redraw, summarize, invent, extend, or fabricate legal body text, headings, counts, seals, signatures, case numbers, dates or amounts.
LEGAL/FACT LOCK: Do not change legal status, amount, chronology, attribution, or allegation/finding posture.
SUBTITLE SAFE: bottom 22% of the entire frame must be dark, visually quiet and free of headline, quote, amount, face, evidence, source label, legal caveat, timeline endpoint or important object.
ONE-PASS RULES: final usable video frame, not a style board; max 1 hero idea + 1 support idea; max 2 generated text blocks; no pseudo-text; no fake documents; no duplicated hero; no random police/courthouse/GPS/money imagery unless demanded by this beat; no subject leakage from style; no UI; no watermark; no borders; no post-generation repair should be required.",PROMPT_READY_PREP_INPUTS_REQUIRED_WHERE_LISTED
B021,S03,160.680,168.060,T02,HIGGSFIELD_ONE_PASS,WORDS ≠ PROOF OF AN ORDER,,OFFICE_INTERIOR_CC0.jpg,"Do not change legal status, amount, chronology, attribution, or allegation/finding posture.","FINAL VIDEO FRAME — B021 — 16:9 WHAT IT COST
SCENE PURPOSE: WORDS ≠ PROOF OF AN ORDER
NARRATION MEANING: ""Those words are dramatic. But they are not, by themselves, proof that Wenig or any other executive ordered the crimes that followed.""
ALLOWED GENERATED TEXT ONLY: ""WORDS ≠ PROOF OF AN ORDER"". Do not generate any other readable words. Source-crop text may remain only if it is already present in the attached authentic crop.
STYLE: WHAT IT COST canonical final-frame style: premium investigative business documentary; charcoal/black textured background; warm aged-paper evidence layers; off-white distressed condensed headline; restrained deep-red underline/tab accents; tiny brass/black office hardware only when useful; realistic paper depth and film-grain; strong cinematic negative space; serious corporate/legal tone; no horror, no sensational crime-poster language, no neon, no dashboard/card-grid, no decorative clutter.
LAYOUT: Split analytical layout: two clearly separated evidence/context zones, one dominant and one subordinate; headline placed in the cleanest negative-space zone; use thin rules or one red connector, never a busy flowchart.
INPUTS: OFFICE_INTERIOR_CC0.jpg.
SOURCE FIDELITY: attached factual crops/photos are evidence, not inspiration. Preserve their subject and meaning. If an attached legal/document crop is shown, display it as an unchanged photographic crop inside the design; do NOT retype, redraw, summarize, invent, extend, or fabricate legal body text, headings, counts, seals, signatures, case numbers, dates or amounts.
LEGAL/FACT LOCK: Do not change legal status, amount, chronology, attribution, or allegation/finding posture.
SUBTITLE SAFE: bottom 22% of the entire frame must be dark, visually quiet and free of headline, quote, amount, face, evidence, source label, legal caveat, timeline endpoint or important object.
ONE-PASS RULES: final usable video frame, not a style board; max 1 hero idea + 1 support idea; max 2 generated text blocks; no pseudo-text; no fake documents; no duplicated hero; no random police/courthouse/GPS/money imagery unless demanded by this beat; no subject leakage from style; no UI; no watermark; no borders; no post-generation repair should be required.",PROMPT_READY_PREP_INPUTS_REQUIRED_WHERE_LISTED
B022,S03,168.740,179.680,T03,HIGGSFIELD_ONE_PASS,NO DIRECT COMMUNICATION WITH BAUGH,,12B_SOURCE_ASSETS/R6_PREP/R6P_B022_DC008_WENIG_NO_DIRECT_BAUGH.png; LIVE_DEVIN_WENIG_COMMONS.jpg,"Do not change legal status, amount, chronology, attribution, or allegation/finding posture.","FINAL VIDEO FRAME — B022 — 16:9 WHAT IT COST
SCENE PURPOSE: NO DIRECT COMMUNICATION WITH BAUGH
NARRATION MEANING: ""The later court record says Jim Baugh — the head of eBay security — testified that Wenig never communicated directly with him about the Steiners. Wenig's relevant communications went through Wymer.""
ALLOWED GENERATED TEXT ONLY: ""NO DIRECT COMMUNICATION WITH BAUGH"". Do not generate any other readable words. Source-crop text may remain only if it is already present in the attached authentic crop.
STYLE: WHAT IT COST canonical final-frame style: premium investigative business documentary; charcoal/black textured background; warm aged-paper evidence layers; off-white distressed condensed headline; restrained deep-red underline/tab accents; tiny brass/black office hardware only when useful; realistic paper depth and film-grain; strong cinematic negative space; serious corporate/legal tone; no horror, no sensational crime-poster language, no neon, no dashboard/card-grid, no decorative clutter.
LAYOUT: Quote/document layout: one large headline or exact quote is the hero; attached authentic excerpt appears as a tight photographic crop, not a recreated document; surrounding papers stay blank/redacted.
INPUTS: 12B_SOURCE_ASSETS/R6_PREP/R6P_B022_DC008_WENIG_NO_DIRECT_BAUGH.png; LIVE_DEVIN_WENIG_COMMONS.jpg.
SOURCE FIDELITY: attached factual crops/photos are evidence, not inspiration. Preserve their subject and meaning. If an attached legal/document crop is shown, display it as an unchanged photographic crop inside the design; do NOT retype, redraw, summarize, invent, extend, or fabricate legal body text, headings, counts, seals, signatures, case numbers, dates or amounts.
LEGAL/FACT LOCK: Do not change legal status, amount, chronology, attribution, or allegation/finding posture.
SUBTITLE SAFE: bottom 22% of the entire frame must be dark, visually quiet and free of headline, quote, amount, face, evidence, source label, legal caveat, timeline endpoint or important object.
ONE-PASS RULES: final usable video frame, not a style board; max 1 hero idea + 1 support idea; max 2 generated text blocks; no pseudo-text; no fake documents; no duplicated hero; no random police/courthouse/GPS/money imagery unless demanded by this beat; no subject leakage from style; no UI; no watermark; no borders; no post-generation repair should be required.",PROMPT_READY_PREP_INPUTS_REQUIRED_WHERE_LISTED
B023,S03,180.260,189.800,T03,HIGGSFIELD_ONE_PASS,“WHATEVER IT TAKES.”,,OFFICE_INTERIOR_CC0.jpg; 12B_SOURCE_ASSETS/R6_PREP/R6P_B023_S009_WHATEVER_IT_TAKES.png,"Do not change legal status, amount, chronology, attribution, or allegation/finding posture.","FINAL VIDEO FRAME — B023 — 16:9 WHAT IT COST
SCENE PURPOSE: “WHATEVER IT TAKES.”
NARRATION MEANING: ""Still, inside the organization, the language was escalating. Wymer's messages to Baugh became increasingly ag gressive, including the phrase “Whatever it takes.”""
ALLOWED GENERATED TEXT ONLY: ""“WHATEVER IT TAKES.”"". Do not generate any other readable words. Source-crop text may remain only if it is already present in the attached authentic crop.
STYLE: WHAT IT COST canonical final-frame style: premium investigative business documentary; charcoal/black textured background; warm aged-paper evidence layers; off-white distressed condensed headline; restrained deep-red underline/tab accents; tiny brass/black office hardware only when useful; realistic paper depth and film-grain; strong cinematic negative space; serious corporate/legal tone; no horror, no sensational crime-poster language, no neon, no dashboard/card-grid, no decorative clutter.
LAYOUT: Quote/document layout: one large headline or exact quote is the hero; attached authentic excerpt appears as a tight photographic crop, not a recreated document; surrounding papers stay blank/redacted.
INPUTS: OFFICE_INTERIOR_CC0.jpg; 12B_SOURCE_ASSETS/R6_PREP/R6P_B023_S009_WHATEVER_IT_TAKES.png.
SOURCE FIDELITY: attached factual crops/photos are evidence, not inspiration. Preserve their subject and meaning. If an attached legal/document crop is shown, display it as an unchanged photographic crop inside the design; do NOT retype, redraw, summarize, invent, extend, or fabricate legal body text, headings, counts, seals, signatures, case numbers, dates or amounts.
LEGAL/FACT LOCK: Do not change legal status, amount, chronology, attribution, or allegation/finding posture.
SUBTITLE SAFE: bottom 22% of the entire frame must be dark, visually quiet and free of headline, quote, amount, face, evidence, source label, legal caveat, timeline endpoint or important object.
ONE-PASS RULES: final usable video frame, not a style board; max 1 hero idea + 1 support idea; max 2 generated text blocks; no pseudo-text; no fake documents; no duplicated hero; no random police/courthouse/GPS/money imagery unless demanded by this beat; no subject leakage from style; no UI; no watermark; no borders; no post-generation repair should be required.",PROMPT_READY_PREP_INPUTS_REQUIRED_WHERE_LISTED
B024,S03,190.560,194.220,T02,HIGGSFIELD_ONE_PASS,THE ISSUE MOVED TOWARD SECURITY,INTO THE SECURITY CHAIN,OFFICE_INTERIOR_CC0.jpg; EBAY_HQ_2018_CC_BY_SA.jpg,"Do not change legal status, amount, chronology, attribution, or allegation/finding posture.","FINAL VIDEO FRAME — B024 — 16:9 WHAT IT COST
SCENE PURPOSE: THE ISSUE MOVED TOWARD SECURITY
NARRATION MEANING: ""Another executive relationship was pulling the issue toward security too.""
ALLOWED GENERATED TEXT ONLY: ""THE ISSUE MOVED TOWARD SECURITY"" and secondary line ""INTO THE SECURITY CHAIN"". Do not generate any other readable words. Source-crop text may remain only if it is already present in the attached authentic crop.
STYLE: WHAT IT COST canonical final-frame style: premium investigative business documentary; charcoal/black textured background; warm aged-paper evidence layers; off-white distressed condensed headline; restrained deep-red underline/tab accents; tiny brass/black office hardware only when useful; realistic paper depth and film-grain; strong cinematic negative space; serious corporate/legal tone; no horror, no sensational crime-poster language, no neon, no dashboard/card-grid, no decorative clutter.
LAYOUT: Split analytical layout: two clearly separated evidence/context zones, one dominant and one subordinate; headline placed in the cleanest negative-space zone; use thin rules or one red connector, never a busy flowchart.
INPUTS: OFFICE_INTERIOR_CC0.jpg; EBAY_HQ_2018_CC_BY_SA.jpg.
SOURCE FIDELITY: attached factual crops/photos are evidence, not inspiration. Preserve their subject and meaning. If an attached legal/document crop is shown, display it as an unchanged photographic crop inside the design; do NOT retype, redraw, summarize, invent, extend, or fabricate legal body text, headings, counts, seals, signatures, case numbers, dates or amounts.
LEGAL/FACT LOCK: Do not change legal status, amount, chronology, attribution, or allegation/finding posture.
SUBTITLE SAFE: bottom 22% of the entire frame must be dark, visually quiet and free of headline, quote, amount, face, evidence, source label, legal caveat, timeline endpoint or important object.
ONE-PASS RULES: final usable video frame, not a style board; max 1 hero idea + 1 support idea; max 2 generated text blocks; no pseudo-text; no fake documents; no duplicated hero; no random police/courthouse/GPS/money imagery unless demanded by this beat; no subject leakage from style; no UI; no watermark; no borders; no post-generation repair should be required.",PROMPT_READY_PREP_INPUTS_REQUIRED_WHERE_LISTED
B025,S03,194.950,204.200,T03,HIGGSFIELD_ONE_PASS,“OFF THE RADAR.”,,12B_SOURCE_ASSETS/R6_PREP/R6P_B025_DC002_OFF_THE_RADAR.png,"Do not change legal status, amount, chronology, attribution, or allegation/finding posture.","FINAL VIDEO FRAME — B025 — 16:9 WHAT IT COST
SCENE PURPOSE: “OFF THE RADAR.”
NARRATION MEANING: ""Wendy Jones — Baugh's direct supervisor — told him, according to the court record, to handle the issue “off the radar” and said she did not want details.""
ALLOWED GENERATED TEXT ONLY: ""“OFF THE RADAR.”"". Do not generate any other readable words. Source-crop text may remain only if it is already present in the attached authentic crop.
STYLE: WHAT IT COST canonical final-frame style: premium investigative business documentary; charcoal/black textured background; warm aged-paper evidence layers; off-white distressed condensed headline; restrained deep-red underline/tab accents; tiny brass/black office hardware only when useful; realistic paper depth and film-grain; strong cinematic negative space; serious corporate/legal tone; no horror, no sensational crime-poster language, no neon, no dashboard/card-grid, no decorative clutter.
LAYOUT: Quote/document layout: one large headline or exact quote is the hero; attached authentic excerpt appears as a tight photographic crop, not a recreated document; surrounding papers stay blank/redacted.
INPUTS: 12B_SOURCE_ASSETS/R6_PREP/R6P_B025_DC002_OFF_THE_RADAR.png.
SOURCE FIDELITY: attached factual crops/photos are evidence, not inspiration. Preserve their subject and meaning. If an attached legal/document crop is shown, display it as an unchanged photographic crop inside the design; do NOT retype, redraw, summarize, invent, extend, or fabricate legal body text, headings, counts, seals, signatures, case numbers, dates or amounts.
LEGAL/FACT LOCK: Do not change legal status, amount, chronology, attribution, or allegation/finding posture.
SUBTITLE SAFE: bottom 22% of the entire frame must be dark, visually quiet and free of headline, quote, amount, face, evidence, source label, legal caveat, timeline endpoint or important object.
ONE-PASS RULES: final usable video frame, not a style board; max 1 hero idea + 1 support idea; max 2 generated text blocks; no pseudo-text; no fake documents; no duplicated hero; no random police/courthouse/GPS/money imagery unless demanded by this beat; no subject leakage from style; no UI; no watermark; no borders; no post-generation repair should be required.",PROMPT_READY_PREP_INPUTS_REQUIRED_WHERE_LISTED
B026,S03,205.240,216.120,T02,HIGGSFIELD_ONE_PASS,LEGAL LIMITATION,,OFFICE_INTERIOR_CC0.jpg; 12B_SOURCE_ASSETS/R6_PREP/R6P_B026_JONES_LIMITATION.png,"Do not change legal status, amount, chronology, attribution, or allegation/finding posture.","FINAL VIDEO FRAME — B026 — 16:9 WHAT IT COST
SCENE PURPOSE: LEGAL LIMITATION
NARRATION MEANING: ""That is not the same as a finding that Jones knew what the security team would later do. But by this point, criticism from two publishers was no longer being discussed only as a communications problem.""
ALLOWED GENERATED TEXT ONLY: ""LEGAL LIMITATION"". Do not generate any other readable words. Source-crop text may remain only if it is already present in the attached authentic crop.
STYLE: WHAT IT COST canonical final-frame style: premium investigative business documentary; charcoal/black textured background; warm aged-paper evidence layers; off-white distressed condensed headline; restrained deep-red underline/tab accents; tiny brass/black office hardware only when useful; realistic paper depth and film-grain; strong cinematic negative space; serious corporate/legal tone; no horror, no sensational crime-poster language, no neon, no dashboard/card-grid, no decorative clutter.
LAYOUT: Split analytical layout: two clearly separated evidence/context zones, one dominant and one subordinate; headline placed in the cleanest negative-space zone; use thin rules or one red connector, never a busy flowchart.
INPUTS: OFFICE_INTERIOR_CC0.jpg; 12B_SOURCE_ASSETS/R6_PREP/R6P_B026_JONES_LIMITATION.png.
SOURCE FIDELITY: attached factual crops/photos are evidence, not inspiration. Preserve their subject and meaning. If an attached legal/document crop is shown, display it as an unchanged photographic crop inside the design; do NOT retype, redraw, summarize, invent, extend, or fabricate legal body text, headings, counts, seals, signatures, case numbers, dates or amounts.
LEGAL/FACT LOCK: Do not change legal status, amount, chronology, attribution, or allegation/finding posture.
SUBTITLE SAFE: bottom 22% of the entire frame must be dark, visually quiet and free of headline, quote, amount, face, evidence, source label, legal caveat, timeline endpoint or important object.
ONE-PASS RULES: final usable video frame, not a style board; max 1 hero idea + 1 support idea; max 2 generated text blocks; no pseudo-text; no fake documents; no duplicated hero; no random police/courthouse/GPS/money imagery unless demanded by this beat; no subject leakage from style; no UI; no watermark; no borders; no post-generation repair should be required.",PROMPT_READY_PREP_INPUTS_REQUIRED_WHERE_LISTED
B027,S03,216.740,218.300,T01,HIGGSFIELD_ONE_PASS,INTO THE SECURITY CHAIN,,OFFICE_INTERIOR_CC0.jpg; EBAY_HQ_2018_CC_BY_SA.jpg,"Do not change legal status, amount, chronology, attribution, or allegation/finding posture.","FINAL VIDEO FRAME — B027 — 16:9 WHAT IT COST
SCENE PURPOSE: INTO THE SECURITY CHAIN
NARRATION MEANING: ""It had entered the security chain.""
ALLOWED GENERATED TEXT ONLY: ""INTO THE SECURITY CHAIN"". Do not generate any other readable words. Source-crop text may remain only if it is already present in the attached authentic crop.
STYLE: WHAT IT COST canonical final-frame style: premium investigative business documentary; charcoal/black textured background; warm aged-paper evidence layers; off-white distressed condensed headline; restrained deep-red underline/tab accents; tiny brass/black office hardware only when useful; realistic paper depth and film-grain; strong cinematic negative space; serious corporate/legal tone; no horror, no sensational crime-poster language, no neon, no dashboard/card-grid, no decorative clutter.
LAYOUT: Asymmetrical evidence layout: one dominant authentic source/photo panel on the right or upper-right; headline block on the left; at most one secondary paper layer; restrained red rule; large clean negative space.
INPUTS: OFFICE_INTERIOR_CC0.jpg; EBAY_HQ_2018_CC_BY_SA.jpg.
SOURCE FIDELITY: attached factual crops/photos are evidence, not inspiration. Preserve their subject and meaning. If an attached legal/document crop is shown, display it as an unchanged photographic crop inside the design; do NOT retype, redraw, summarize, invent, extend, or fabricate legal body text, headings, counts, seals, signatures, case numbers, dates or amounts.
LEGAL/FACT LOCK: Do not change legal status, amount, chronology, attribution, or allegation/finding posture.
SUBTITLE SAFE: bottom 22% of the entire frame must be dark, visually quiet and free of headline, quote, amount, face, evidence, source label, legal caveat, timeline endpoint or important object.
ONE-PASS RULES: final usable video frame, not a style board; max 1 hero idea + 1 support idea; max 2 generated text blocks; no pseudo-text; no fake documents; no duplicated hero; no random police/courthouse/GPS/money imagery unless demanded by this beat; no subject leakage from style; no UI; no watermark; no borders; no post-generation repair should be required.",PROMPT_READY_PREP_INPUTS_REQUIRED_WHERE_LISTED
B028,S04,219.200,226.140,T02,HIGGSFIELD_ONE_PASS,MASSACHUSETTS — BEFORE AUGUST 2019,,NATICK_CENTER_2020_CC_BY_SA.jpg; MASSACHUSETTS_FENCE_CC0.jpg; 12B_SOURCE_ASSETS/R6_PREP/R6P_B028_DC005_FIDOMASTER_JUNE8.png,"Do not change legal status, amount, chronology, attribution, or allegation/finding posture.","FINAL VIDEO FRAME — B028 — 16:9 WHAT IT COST
SCENE PURPOSE: MASSACHUSETTS — BEFORE AUGUST 2019
NARRATION MEANING: ""Before the most notorious phase of the campaign, members of Baugh's security operation had already traveled to Massachusetts.""
ALLOWED GENERATED TEXT ONLY: ""MASSACHUSETTS — BEFORE AUGUST 2019"". Do not generate any other readable words. Source-crop text may remain only if it is already present in the attached authentic crop.
STYLE: WHAT IT COST canonical final-frame style: premium investigative business documentary; charcoal/black textured background; warm aged-paper evidence layers; off-white distressed condensed headline; restrained deep-red underline/tab accents; tiny brass/black office hardware only when useful; realistic paper depth and film-grain; strong cinematic negative space; serious corporate/legal tone; no horror, no sensational crime-poster language, no neon, no dashboard/card-grid, no decorative clutter.
LAYOUT: Split analytical layout: two clearly separated evidence/context zones, one dominant and one subordinate; headline placed in the cleanest negative-space zone; use thin rules or one red connector, never a busy flowchart.
INPUTS: NATICK_CENTER_2020_CC_BY_SA.jpg; MASSACHUSETTS_FENCE_CC0.jpg; 12B_SOURCE_ASSETS/R6_PREP/R6P_B028_DC005_FIDOMASTER_JUNE8.png.
SOURCE FIDELITY: attached factual crops/photos are evidence, not inspiration. Preserve their subject and meaning. If an attached legal/document crop is shown, display it as an unchanged photographic crop inside the design; do NOT retype, redraw, summarize, invent, extend, or fabricate legal body text, headings, counts, seals, signatures, case numbers, dates or amounts.
LEGAL/FACT LOCK: Do not change legal status, amount, chronology, attribution, or allegation/finding posture.
SUBTITLE SAFE: bottom 22% of the entire frame must be dark, visually quiet and free of headline, quote, amount, face, evidence, source label, legal caveat, timeline endpoint or important object.
ONE-PASS RULES: final usable video frame, not a style board; max 1 hero idea + 1 support idea; max 2 generated text blocks; no pseudo-text; no fake documents; no duplicated hero; no random police/courthouse/GPS/money imagery unless demanded by this beat; no subject leakage from style; no UI; no watermark; no borders; no post-generation repair should be required.",PROMPT_READY_PREP_INPUTS_REQUIRED_WHERE_LISTED
B029,S04,227.160,241.820,T01,HIGGSFIELD_ONE_PASS,FIDOMASTER,,12B_SOURCE_ASSETS/R6_PREP/R6P_B029_DC005_FIDOMASTER_JUNE8.png; MASSACHUSETTS_FENCE_CC0.jpg,"Do not change legal status, amount, chronology, attribution, or allegation/finding posture.","FINAL VIDEO FRAME — B029 — 16:9 WHAT IT COST
SCENE PURPOSE: FIDOMASTER
NARRATION MEANING: ""During an early trip, security employee Brian Gilbert surveilled the Steiners and spray-painted “FidoMaster” on their fence — a username used by a commenter on EcommerceBytes whom the security team believed was connected to the Steiners.""
ALLOWED GENERATED TEXT ONLY: ""FIDOMASTER"". Do not generate any other readable words. Source-crop text may remain only if it is already present in the attached authentic crop.
STYLE: WHAT IT COST canonical final-frame style: premium investigative business documentary; charcoal/black textured background; warm aged-paper evidence layers; off-white distressed condensed headline; restrained deep-red underline/tab accents; tiny brass/black office hardware only when useful; realistic paper depth and film-grain; strong cinematic negative space; serious corporate/legal tone; no horror, no sensational crime-poster language, no neon, no dashboard/card-grid, no decorative clutter.
LAYOUT: Asymmetrical evidence layout: one dominant authentic source/photo panel on the right or upper-right; headline block on the left; at most one secondary paper layer; restrained red rule; large clean negative space.
INPUTS: 12B_SOURCE_ASSETS/R6_PREP/R6P_B029_DC005_FIDOMASTER_JUNE8.png; MASSACHUSETTS_FENCE_CC0.jpg.
SOURCE FIDELITY: attached factual crops/photos are evidence, not inspiration. Preserve their subject and meaning. If an attached legal/document crop is shown, display it as an unchanged photographic crop inside the design; do NOT retype, redraw, summarize, invent, extend, or fabricate legal body text, headings, counts, seals, signatures, case numbers, dates or amounts.
LEGAL/FACT LOCK: Do not change legal status, amount, chronology, attribution, or allegation/finding posture.
SUBTITLE SAFE: bottom 22% of the entire frame must be dark, visually quiet and free of headline, quote, amount, face, evidence, source label, legal caveat, timeline endpoint or important object.
ONE-PASS RULES: final usable video frame, not a style board; max 1 hero idea + 1 support idea; max 2 generated text blocks; no pseudo-text; no fake documents; no duplicated hero; no random police/courthouse/GPS/money imagery unless demanded by this beat; no subject leakage from style; no UI; no watermark; no borders; no post-generation repair should be required.",PROMPT_READY_PREP_INPUTS_REQUIRED_WHERE_LISTED
B030,S04,242.560,252.480,T02,HIGGSFIELD_ONE_PASS,“A TAP ON THE SHOULDER.”,,12B_SOURCE_ASSETS/R6_PREP/R6P_B030_DC005_FIDOMASTER_JUNE8.png; MASSACHUSETTS_FENCE_CC0.jpg; OFFICE_INTERIOR_CC0.jpg,"Do not change legal status, amount, chronology, attribution, or allegation/finding posture.","FINAL VIDEO FRAME — B030 — 16:9 WHAT IT COST
SCENE PURPOSE: “A TAP ON THE SHOULDER.”
NARRATION MEANING: ""Baugh later described the trip to Wymer as a “tap on the shoulder.” That moment matters because it shows how the problem was being translated inside the company.""
ALLOWED GENERATED TEXT ONLY: ""“A TAP ON THE SHOULDER.”"". Do not generate any other readable words. Source-crop text may remain only if it is already present in the attached authentic crop.
STYLE: WHAT IT COST canonical final-frame style: premium investigative business documentary; charcoal/black textured background; warm aged-paper evidence layers; off-white distressed condensed headline; restrained deep-red underline/tab accents; tiny brass/black office hardware only when useful; realistic paper depth and film-grain; strong cinematic negative space; serious corporate/legal tone; no horror, no sensational crime-poster language, no neon, no dashboard/card-grid, no decorative clutter.
LAYOUT: Split analytical layout: two clearly separated evidence/context zones, one dominant and one subordinate; headline placed in the cleanest negative-space zone; use thin rules or one red connector, never a busy flowchart.
INPUTS: 12B_SOURCE_ASSETS/R6_PREP/R6P_B030_DC005_FIDOMASTER_JUNE8.png; MASSACHUSETTS_FENCE_CC0.jpg; OFFICE_INTERIOR_CC0.jpg.
SOURCE FIDELITY: attached factual crops/photos are evidence, not inspiration. Preserve their subject and meaning. If an attached legal/document crop is shown, display it as an unchanged photographic crop inside the design; do NOT retype, redraw, summarize, invent, extend, or fabricate legal body text, headings, counts, seals, signatures, case numbers, dates or amounts.
LEGAL/FACT LOCK: Do not change legal status, amount, chronology, attribution, or allegation/finding posture.
SUBTITLE SAFE: bottom 22% of the entire frame must be dark, visually quiet and free of headline, quote, amount, face, evidence, source label, legal caveat, timeline endpoint or important object.
ONE-PASS RULES: final usable video frame, not a style board; max 1 hero idea + 1 support idea; max 2 generated text blocks; no pseudo-text; no fake documents; no duplicated hero; no random police/courthouse/GPS/money imagery unless demanded by this beat; no subject leakage from style; no UI; no watermark; no borders; no post-generation repair should be required.",PROMPT_READY_PREP_INPUTS_REQUIRED_WHERE_LISTED
B031,S04,253.440,262.820,T03,HIGGSFIELD_ONE_PASS,ANGER → MESSAGES → ACTION,,12B_SOURCE_ASSETS/R6_PREP/R6P_B031_DC001_CRUSH_THIS_LADY.png; 12B_SOURCE_ASSETS/R6_PREP/R6P_B031_DC003_TAKE_HER_DOWN.png; 12B_SOURCE_ASSETS/R6_PREP/R6P_B031_DC005_FIDOMASTER_JUNE8.png,"Do not change legal status, amount, chronology, attribution, or allegation/finding posture.","FINAL VIDEO FRAME — B031 — 16:9 WHAT IT COST
SCENE PURPOSE: ANGER → MESSAGES → ACTION
NARRATION MEANING: ""At the top, there was anger about criticism. In the middle, increasingly forceful messages. At the security level, those messages were becoming action.""
ALLOWED GENERATED TEXT ONLY: ""ANGER → MESSAGES → ACTION"". Do not generate any other readable words. Source-crop text may remain only if it is already present in the attached authentic crop.
STYLE: WHAT IT COST canonical final-frame style: premium investigative business documentary; charcoal/black textured background; warm aged-paper evidence layers; off-white distressed condensed headline; restrained deep-red underline/tab accents; tiny brass/black office hardware only when useful; realistic paper depth and film-grain; strong cinematic negative space; serious corporate/legal tone; no horror, no sensational crime-poster language, no neon, no dashboard/card-grid, no decorative clutter.
LAYOUT: Quote/document layout: one large headline or exact quote is the hero; attached authentic excerpt appears as a tight photographic crop, not a recreated document; surrounding papers stay blank/redacted.
INPUTS: 12B_SOURCE_ASSETS/R6_PREP/R6P_B031_DC001_CRUSH_THIS_LADY.png; 12B_SOURCE_ASSETS/R6_PREP/R6P_B031_DC003_TAKE_HER_DOWN.png; 12B_SOURCE_ASSETS/R6_PREP/R6P_B031_DC005_FIDOMASTER_JUNE8.png.
SOURCE FIDELITY: attached factual crops/photos are evidence, not inspiration. Preserve their subject and meaning. If an attached legal/document crop is shown, display it as an unchanged photographic crop inside the design; do NOT retype, redraw, summarize, invent, extend, or fabricate legal body text, headings, counts, seals, signatures, case numbers, dates or amounts.
LEGAL/FACT LOCK: Do not change legal status, amount, chronology, attribution, or allegation/finding posture.
SUBTITLE SAFE: bottom 22% of the entire frame must be dark, visually quiet and free of headline, quote, amount, face, evidence, source label, legal caveat, timeline endpoint or important object.
ONE-PASS RULES: final usable video frame, not a style board; max 1 hero idea + 1 support idea; max 2 generated text blocks; no pseudo-text; no fake documents; no duplicated hero; no random police/courthouse/GPS/money imagery unless demanded by this beat; no subject leakage from style; no UI; no watermark; no borders; no post-generation repair should be required.",PROMPT_READY_PREP_INPUTS_REQUIRED_WHERE_LISTED
B032,S04,263.740,273.040,T02,HIGGSFIELD_ONE_PASS,"AUGUST 6, 2019 — OPERATION PLANNING",,OFFICE_INTERIOR_CC0.jpg; 12B_SOURCE_ASSETS/R6_PREP/R6P_B032_AUG6_OPERATION_PLANNING.png,"Do not change legal status, amount, chronology, attribution, or allegation/finding posture.","FINAL VIDEO FRAME — B032 — 16:9 WHAT IT COST
SCENE PURPOSE: AUGUST 6, 2019 — OPERATION PLANNING
NARRATION MEANING: ""Then the process became more organized. On August sixth, Baugh held meetings with security-team members to plan an operation against the Steiners.""
ALLOWED GENERATED TEXT ONLY: ""AUGUST 6, 2019 — OPERATION PLANNING"". Do not generate any other readable words. Source-crop text may remain only if it is already present in the attached authentic crop.
STYLE: WHAT IT COST canonical final-frame style: premium investigative business documentary; charcoal/black textured background; warm aged-paper evidence layers; off-white distressed condensed headline; restrained deep-red underline/tab accents; tiny brass/black office hardware only when useful; realistic paper depth and film-grain; strong cinematic negative space; serious corporate/legal tone; no horror, no sensational crime-poster language, no neon, no dashboard/card-grid, no decorative clutter.
LAYOUT: Split analytical layout: two clearly separated evidence/context zones, one dominant and one subordinate; headline placed in the cleanest negative-space zone; use thin rules or one red connector, never a busy flowchart.
INPUTS: OFFICE_INTERIOR_CC0.jpg; 12B_SOURCE_ASSETS/R6_PREP/R6P_B032_AUG6_OPERATION_PLANNING.png.
SOURCE FIDELITY: attached factual crops/photos are evidence, not inspiration. Preserve their subject and meaning. If an attached legal/document crop is shown, display it as an unchanged photographic crop inside the design; do NOT retype, redraw, summarize, invent, extend, or fabricate legal body text, headings, counts, seals, signatures, case numbers, dates or amounts.
LEGAL/FACT LOCK: Do not change legal status, amount, chronology, attribution, or allegation/finding posture.
SUBTITLE SAFE: bottom 22% of the entire frame must be dark, visually quiet and free of headline, quote, amount, face, evidence, source label, legal caveat, timeline endpoint or important object.
ONE-PASS RULES: final usable video frame, not a style board; max 1 hero idea + 1 support idea; max 2 generated text blocks; no pseudo-text; no fake documents; no duplicated hero; no random police/courthouse/GPS/money imagery unless demanded by this beat; no subject leakage from style; no UI; no watermark; no borders; no post-generation repair should be required.",PROMPT_READY_PREP_INPUTS_REQUIRED_WHERE_LISTED
B033,S04,273.860,283.080,T02,HIGGSFIELD_ONE_PASS,THE OPERATION ACCELERATED,,PARCEL_CC0.webp; 12B_SOURCE_ASSETS/R6_PREP/R6P_B033_DC022_THREATENING_MESSAGES.png; OFFICE_INTERIOR_CC0.jpg,"Do not change legal status, amount, chronology, attribution, or allegation/finding posture.","FINAL VIDEO FRAME — B033 — 16:9 WHAT IT COST
SCENE PURPOSE: THE OPERATION ACCELERATED
NARRATION MEANING: ""The plan included unwanted deliveries and online harassment. The next day, Baugh met with Wymer. And then the operation accelerated.""
ALLOWED GENERATED TEXT ONLY: ""THE OPERATION ACCELERATED"". Do not generate any other readable words. Source-crop text may remain only if it is already present in the attached authentic crop.
STYLE: WHAT IT COST canonical final-frame style: premium investigative business documentary; charcoal/black textured background; warm aged-paper evidence layers; off-white distressed condensed headline; restrained deep-red underline/tab accents; tiny brass/black office hardware only when useful; realistic paper depth and film-grain; strong cinematic negative space; serious corporate/legal tone; no horror, no sensational crime-poster language, no neon, no dashboard/card-grid, no decorative clutter.
LAYOUT: Split analytical layout: two clearly separated evidence/context zones, one dominant and one subordinate; headline placed in the cleanest negative-space zone; use thin rules or one red connector, never a busy flowchart.
INPUTS: PARCEL_CC0.webp; 12B_SOURCE_ASSETS/R6_PREP/R6P_B033_DC022_THREATENING_MESSAGES.png; OFFICE_INTERIOR_CC0.jpg.
SOURCE FIDELITY: attached factual crops/photos are evidence, not inspiration. Preserve their subject and meaning. If an attached legal/document crop is shown, display it as an unchanged photographic crop inside the design; do NOT retype, redraw, summarize, invent, extend, or fabricate legal body text, headings, counts, seals, signatures, case numbers, dates or amounts.
LEGAL/FACT LOCK: Do not change legal status, amount, chronology, attribution, or allegation/finding posture.
SUBTITLE SAFE: bottom 22% of the entire frame must be dark, visually quiet and free of headline, quote, amount, face, evidence, source label, legal caveat, timeline endpoint or important object.
ONE-PASS RULES: final usable video frame, not a style board; max 1 hero idea + 1 support idea; max 2 generated text blocks; no pseudo-text; no fake documents; no duplicated hero; no random police/courthouse/GPS/money imagery unless demanded by this beat; no subject leakage from style; no UI; no watermark; no borders; no post-generation repair should be required.",PROMPT_READY_PREP_INPUTS_REQUIRED_WHERE_LISTED
B035,S05,294.220,300.920,T03,HIGGSFIELD_ONE_PASS,CRAIGSLIST POSTS,,12B_SOURCE_ASSETS/R6_PREP/R6P_B035_DC021_CRAIGSLIST_HARASSMENT.png,"Do not change legal status, amount, chronology, attribution, or allegation/finding posture.","FINAL VIDEO FRAME — B035 — 16:9 WHAT IT COST
SCENE PURPOSE: CRAIGSLIST POSTS
NARRATION MEANING: ""There were also Craigslist posts designed to send strangers toward the Steiners and other messages intended to frighten them.""
ALLOWED GENERATED TEXT ONLY: ""CRAIGSLIST POSTS"". Do not generate any other readable words. Source-crop text may remain only if it is already present in the attached authentic crop.
STYLE: WHAT IT COST canonical final-frame style: premium investigative business documentary; charcoal/black textured background; warm aged-paper evidence layers; off-white distressed condensed headline; restrained deep-red underline/tab accents; tiny brass/black office hardware only when useful; realistic paper depth and film-grain; strong cinematic negative space; serious corporate/legal tone; no horror, no sensational crime-poster language, no neon, no dashboard/card-grid, no decorative clutter.
LAYOUT: Quote/document layout: one large headline or exact quote is the hero; attached authentic excerpt appears as a tight photographic crop, not a recreated document; surrounding papers stay blank/redacted.
INPUTS: 12B_SOURCE_ASSETS/R6_PREP/R6P_B035_DC021_CRAIGSLIST_HARASSMENT.png.
SOURCE FIDELITY: attached factual crops/photos are evidence, not inspiration. Preserve their subject and meaning. If an attached legal/document crop is shown, display it as an unchanged photographic crop inside the design; do NOT retype, redraw, summarize, invent, extend, or fabricate legal body text, headings, counts, seals, signatures, case numbers, dates or amounts.
LEGAL/FACT LOCK: Do not change legal status, amount, chronology, attribution, or allegation/finding posture.
SUBTITLE SAFE: bottom 22% of the entire frame must be dark, visually quiet and free of headline, quote, amount, face, evidence, source label, legal caveat, timeline endpoint or important object.
ONE-PASS RULES: final usable video frame, not a style board; max 1 hero idea + 1 support idea; max 2 generated text blocks; no pseudo-text; no fake documents; no duplicated hero; no random police/courthouse/GPS/money imagery unless demanded by this beat; no subject leakage from style; no UI; no watermark; no borders; no post-generation repair should be required.",PROMPT_READY_PREP_INPUTS_REQUIRED_WHERE_LISTED
B036,S05,301.780,308.420,T01,HIGGSFIELD_ONE_PASS,"ORGANIZED, NOT RANDOM",,DOJ_FBI_PIG_MASK_AND_BOOK.jpg; PARCEL_CC0.webp; 12B_SOURCE_ASSETS/R6_PREP/R6P_B036_DC022_THREATENING_MESSAGES.png,"Do not change legal status, amount, chronology, attribution, or allegation/finding posture.","FINAL VIDEO FRAME — B036 — 16:9 WHAT IT COST
SCENE PURPOSE: ORGANIZED, NOT RANDOM
NARRATION MEANING: ""The details are bizarre enough to make the story feel almost unreal. But the key point is that this was organized.""
ALLOWED GENERATED TEXT ONLY: ""ORGANIZED, NOT RANDOM"". Do not generate any other readable words. Source-crop text may remain only if it is already present in the attached authentic crop.
STYLE: WHAT IT COST canonical final-frame style: premium investigative business documentary; charcoal/black textured background; warm aged-paper evidence layers; off-white distressed condensed headline; restrained deep-red underline/tab accents; tiny brass/black office hardware only when useful; realistic paper depth and film-grain; strong cinematic negative space; serious corporate/legal tone; no horror, no sensational crime-poster language, no neon, no dashboard/card-grid, no decorative clutter.
LAYOUT: Asymmetrical evidence layout: one dominant authentic source/photo panel on the right or upper-right; headline block on the left; at most one secondary paper layer; restrained red rule; large clean negative space.
INPUTS: DOJ_FBI_PIG_MASK_AND_BOOK.jpg; PARCEL_CC0.webp; 12B_SOURCE_ASSETS/R6_PREP/R6P_B036_DC022_THREATENING_MESSAGES.png.
SOURCE FIDELITY: attached factual crops/photos are evidence, not inspiration. Preserve their subject and meaning. If an attached legal/document crop is shown, display it as an unchanged photographic crop inside the design; do NOT retype, redraw, summarize, invent, extend, or fabricate legal body text, headings, counts, seals, signatures, case numbers, dates or amounts.
LEGAL/FACT LOCK: Do not change legal status, amount, chronology, attribution, or allegation/finding posture.
SUBTITLE SAFE: bottom 22% of the entire frame must be dark, visually quiet and free of headline, quote, amount, face, evidence, source label, legal caveat, timeline endpoint or important object.
ONE-PASS RULES: final usable video frame, not a style board; max 1 hero idea + 1 support idea; max 2 generated text blocks; no pseudo-text; no fake documents; no duplicated hero; no random police/courthouse/GPS/money imagery unless demanded by this beat; no subject leakage from style; no UI; no watermark; no borders; no post-generation repair should be required.",PROMPT_READY_PREP_INPUTS_REQUIRED_WHERE_LISTED
B037,S05,309.400,318.820,T06,HIGGSFIELD_ONE_PASS,PLANNING • TRAVEL • CORPORATE SECURITY,,OFFICE_INTERIOR_CC0.jpg; EBAY_HQ_2018_CC_BY_SA.jpg; PARCEL_CC0.webp,"Do not change legal status, amount, chronology, attribution, or allegation/finding posture.","FINAL VIDEO FRAME — B037 — 16:9 WHAT IT COST
SCENE PURPOSE: PLANNING • TRAVEL • CORPORATE SECURITY
NARRATION MEANING: ""People were planning activities, traveling, communicating, and using corporate-security personnel and resources around a campaign directed at two private citizens.""
ALLOWED GENERATED TEXT ONLY: ""PLANNING • TRAVEL • CORPORATE SECURITY"". Do not generate any other readable words. Source-crop text may remain only if it is already present in the attached authentic crop.
STYLE: WHAT IT COST canonical final-frame style: premium investigative business documentary; charcoal/black textured background; warm aged-paper evidence layers; off-white distressed condensed headline; restrained deep-red underline/tab accents; tiny brass/black office hardware only when useful; realistic paper depth and film-grain; strong cinematic negative space; serious corporate/legal tone; no horror, no sensational crime-poster language, no neon, no dashboard/card-grid, no decorative clutter.
LAYOUT: Chronology/location layout: one date/location headline plus a simple horizontal or vertical timeline with 2–4 nodes maximum; authentic location/source photo as the visual anchor; no decorative map clutter.
INPUTS: OFFICE_INTERIOR_CC0.jpg; EBAY_HQ_2018_CC_BY_SA.jpg; PARCEL_CC0.webp.
SOURCE FIDELITY: attached factual crops/photos are evidence, not inspiration. Preserve their subject and meaning. If an attached legal/document crop is shown, display it as an unchanged photographic crop inside the design; do NOT retype, redraw, summarize, invent, extend, or fabricate legal body text, headings, counts, seals, signatures, case numbers, dates or amounts.
LEGAL/FACT LOCK: Do not change legal status, amount, chronology, attribution, or allegation/finding posture.
SUBTITLE SAFE: bottom 22% of the entire frame must be dark, visually quiet and free of headline, quote, amount, face, evidence, source label, legal caveat, timeline endpoint or important object.
ONE-PASS RULES: final usable video frame, not a style board; max 1 hero idea + 1 support idea; max 2 generated text blocks; no pseudo-text; no fake documents; no duplicated hero; no random police/courthouse/GPS/money imagery unless demanded by this beat; no subject leakage from style; no UI; no watermark; no borders; no post-generation repair should be required.",PROMPT_READY_PREP_INPUTS_REQUIRED_WHERE_LISTED
B038,S05,319.880,328.140,T02,HIGGSFIELD_ONE_PASS,"AUGUST 15, 2019",,NATICK_CENTER_2020_CC_BY_SA.jpg,"Do not change legal status, amount, chronology, attribution, or allegation/finding posture.","FINAL VIDEO FRAME — B038 — 16:9 WHAT IT COST
SCENE PURPOSE: AUGUST 15, 2019
NARRATION MEANING: ""Then the line moved again. On August fifteenth, Baugh, David Harville and Veronica Zea traveled to the Steiners' area.""
ALLOWED GENERATED TEXT ONLY: ""AUGUST 15, 2019"". Do not generate any other readable words. Source-crop text may remain only if it is already present in the attached authentic crop.
STYLE: WHAT IT COST canonical final-frame style: premium investigative business documentary; charcoal/black textured background; warm aged-paper evidence layers; off-white distressed condensed headline; restrained deep-red underline/tab accents; tiny brass/black office hardware only when useful; realistic paper depth and film-grain; strong cinematic negative space; serious corporate/legal tone; no horror, no sensational crime-poster language, no neon, no dashboard/card-grid, no decorative clutter.
LAYOUT: Split analytical layout: two clearly separated evidence/context zones, one dominant and one subordinate; headline placed in the cleanest negative-space zone; use thin rules or one red connector, never a busy flowchart.
INPUTS: NATICK_CENTER_2020_CC_BY_SA.jpg.
SOURCE FIDELITY: attached factual crops/photos are evidence, not inspiration. Preserve their subject and meaning. If an attached legal/document crop is shown, display it as an unchanged photographic crop inside the design; do NOT retype, redraw, summarize, invent, extend, or fabricate legal body text, headings, counts, seals, signatures, case numbers, dates or amounts.
LEGAL/FACT LOCK: Do not change legal status, amount, chronology, attribution, or allegation/finding posture.
SUBTITLE SAFE: bottom 22% of the entire frame must be dark, visually quiet and free of headline, quote, amount, face, evidence, source label, legal caveat, timeline endpoint or important object.
ONE-PASS RULES: final usable video frame, not a style board; max 1 hero idea + 1 support idea; max 2 generated text blocks; no pseudo-text; no fake documents; no duplicated hero; no random police/courthouse/GPS/money imagery unless demanded by this beat; no subject leakage from style; no UI; no watermark; no borders; no post-generation repair should be required.",PROMPT_READY_PREP_INPUTS_REQUIRED_WHERE_LISTED
B039,S05,328.940,337.480,T03,HIGGSFIELD_ONE_PASS,GPS TRACKER ATTEMPT,,12B_SOURCE_ASSETS/R6_PREP/R6P_B039_DC006_DELIVERIES_GPS_ATTEMPT.png; 12B_SOURCE_ASSETS/R6_PREP/R6P_B039_DC007_GPS_GARAGE_ATTEMPT.png; GENERIC_GPS_TRACKER_CC0.jpg,Tracker attempted; installation not established.,"FINAL VIDEO FRAME — B039 — 16:9 WHAT IT COST
SCENE PURPOSE: GPS TRACKER ATTEMPT
NARRATION MEANING: ""According to the federal court record, they attempted to install a G-P-S tracker on the Steiners' vehicle. They also surveilled and followed the couple.""
ALLOWED GENERATED TEXT ONLY: ""GPS TRACKER ATTEMPT"". Do not generate any other readable words. Source-crop text may remain only if it is already present in the attached authentic crop.
STYLE: WHAT IT COST canonical final-frame style: premium investigative business documentary; charcoal/black textured background; warm aged-paper evidence layers; off-white distressed condensed headline; restrained deep-red underline/tab accents; tiny brass/black office hardware only when useful; realistic paper depth and film-grain; strong cinematic negative space; serious corporate/legal tone; no horror, no sensational crime-poster language, no neon, no dashboard/card-grid, no decorative clutter.
LAYOUT: Quote/document layout: one large headline or exact quote is the hero; attached authentic excerpt appears as a tight photographic crop, not a recreated document; surrounding papers stay blank/redacted.
INPUTS: 12B_SOURCE_ASSETS/R6_PREP/R6P_B039_DC006_DELIVERIES_GPS_ATTEMPT.png; 12B_SOURCE_ASSETS/R6_PREP/R6P_B039_DC007_GPS_GARAGE_ATTEMPT.png; GENERIC_GPS_TRACKER_CC0.jpg.
SOURCE FIDELITY: attached factual crops/photos are evidence, not inspiration. Preserve their subject and meaning. If an attached legal/document crop is shown, display it as an unchanged photographic crop inside the design; do NOT retype, redraw, summarize, invent, extend, or fabricate legal body text, headings, counts, seals, signatures, case numbers, dates or amounts.
LEGAL/FACT LOCK: Tracker attempted; installation not established.
SUBTITLE SAFE: bottom 22% of the entire frame must be dark, visually quiet and free of headline, quote, amount, face, evidence, source label, legal caveat, timeline endpoint or important object.
ONE-PASS RULES: final usable video frame, not a style board; max 1 hero idea + 1 support idea; max 2 generated text blocks; no pseudo-text; no fake documents; no duplicated hero; no random police/courthouse/GPS/money imagery unless demanded by this beat; no subject leakage from style; no UI; no watermark; no borders; no post-generation repair should be required.",PROMPT_READY_PREP_INPUTS_REQUIRED_WHERE_LISTED
B040,S05,338.340,349.320,T01,HIGGSFIELD_ONE_PASS,ATTEMPTED — NOT INSTALLED,,12B_SOURCE_ASSETS/R6_PREP/R6P_B040_DC007_GPS_GARAGE_ATTEMPT.png; GENERIC_GPS_TRACKER_CC0.jpg,Tracker attempted; installation not established.,"FINAL VIDEO FRAME — B040 — 16:9 WHAT IT COST
SCENE PURPOSE: ATTEMPTED — NOT INSTALLED
NARRATION MEANING: ""The tracker was not established as successfully installed. But the attempt changed the nature of the story. This was no longer just anonymous online harassment or disturbing deliveries.""
ALLOWED GENERATED TEXT ONLY: ""ATTEMPTED — NOT INSTALLED"". Do not generate any other readable words. Source-crop text may remain only if it is already present in the attached authentic crop.
STYLE: WHAT IT COST canonical final-frame style: premium investigative business documentary; charcoal/black textured background; warm aged-paper evidence layers; off-white distressed condensed headline; restrained deep-red underline/tab accents; tiny brass/black office hardware only when useful; realistic paper depth and film-grain; strong cinematic negative space; serious corporate/legal tone; no horror, no sensational crime-poster language, no neon, no dashboard/card-grid, no decorative clutter.
LAYOUT: Asymmetrical evidence layout: one dominant authentic source/photo panel on the right or upper-right; headline block on the left; at most one secondary paper layer; restrained red rule; large clean negative space.
INPUTS: 12B_SOURCE_ASSETS/R6_PREP/R6P_B040_DC007_GPS_GARAGE_ATTEMPT.png; GENERIC_GPS_TRACKER_CC0.jpg.
SOURCE FIDELITY: attached factual crops/photos are evidence, not inspiration. Preserve their subject and meaning. If an attached legal/document crop is shown, display it as an unchanged photographic crop inside the design; do NOT retype, redraw, summarize, invent, extend, or fabricate legal body text, headings, counts, seals, signatures, case numbers, dates or amounts.
LEGAL/FACT LOCK: Tracker attempted; installation not established.
SUBTITLE SAFE: bottom 22% of the entire frame must be dark, visually quiet and free of headline, quote, amount, face, evidence, source label, legal caveat, timeline endpoint or important object.
ONE-PASS RULES: final usable video frame, not a style board; max 1 hero idea + 1 support idea; max 2 generated text blocks; no pseudo-text; no fake documents; no duplicated hero; no random police/courthouse/GPS/money imagery unless demanded by this beat; no subject leakage from style; no UI; no watermark; no borders; no post-generation repair should be required.",PROMPT_READY_PREP_INPUTS_REQUIRED_WHERE_LISTED
B042,S06,356.860,366.060,T06,HIGGSFIELD_ONE_PASS,"AUGUST 16, 2019 — POLICE INVESTIGATION",,NATICK_CENTER_2020_CC_BY_SA.jpg; 12B_SOURCE_ASSETS/R6_PREP/R6P_B042_AUG16_POLICE_INVESTIGATION.png,"Do not change legal status, amount, chronology, attribution, or allegation/finding posture.","FINAL VIDEO FRAME — B042 — 16:9 WHAT IT COST
SCENE PURPOSE: AUGUST 16, 2019 — POLICE INVESTIGATION
NARRATION MEANING: ""Natick police began investigating on August sixteenth, twenty nineteen. That should have ended the operation. Instead, it created a second problem.""
ALLOWED GENERATED TEXT ONLY: ""AUGUST 16, 2019 — POLICE INVESTIGATION"". Do not generate any other readable words. Source-crop text may remain only if it is already present in the attached authentic crop.
STYLE: WHAT IT COST canonical final-frame style: premium investigative business documentary; charcoal/black textured background; warm aged-paper evidence layers; off-white distressed condensed headline; restrained deep-red underline/tab accents; tiny brass/black office hardware only when useful; realistic paper depth and film-grain; strong cinematic negative space; serious corporate/legal tone; no horror, no sensational crime-poster language, no neon, no dashboard/card-grid, no decorative clutter.
LAYOUT: Chronology/location layout: one date/location headline plus a simple horizontal or vertical timeline with 2–4 nodes maximum; authentic location/source photo as the visual anchor; no decorative map clutter.
INPUTS: NATICK_CENTER_2020_CC_BY_SA.jpg; 12B_SOURCE_ASSETS/R6_PREP/R6P_B042_AUG16_POLICE_INVESTIGATION.png.
SOURCE FIDELITY: attached factual crops/photos are evidence, not inspiration. Preserve their subject and meaning. If an attached legal/document crop is shown, display it as an unchanged photographic crop inside the design; do NOT retype, redraw, summarize, invent, extend, or fabricate legal body text, headings, counts, seals, signatures, case numbers, dates or amounts.
LEGAL/FACT LOCK: Do not change legal status, amount, chronology, attribution, or allegation/finding posture.
SUBTITLE SAFE: bottom 22% of the entire frame must be dark, visually quiet and free of headline, quote, amount, face, evidence, source label, legal caveat, timeline endpoint or important object.
ONE-PASS RULES: final usable video frame, not a style board; max 1 hero idea + 1 support idea; max 2 generated text blocks; no pseudo-text; no fake documents; no duplicated hero; no random police/courthouse/GPS/money imagery unless demanded by this beat; no subject leakage from style; no UI; no watermark; no borders; no post-generation repair should be required.",PROMPT_READY_PREP_INPUTS_REQUIRED_WHERE_LISTED
B043,S06,366.980,374.300,T01,HIGGSFIELD_ONE_PASS,A SECOND PROBLEM,,12B_SOURCE_ASSETS/R6_PREP/R6P_B043_DC023_OBSTRUCTION_DELETION.png; EBAY_HQ_2018_CC_BY_SA.jpg; NATICK_CENTER_2020_CC_BY_SA.jpg,"Do not change legal status, amount, chronology, attribution, or allegation/finding posture.","FINAL VIDEO FRAME — B043 — 16:9 WHAT IT COST
SCENE PURPOSE: A SECOND PROBLEM
NARRATION MEANING: ""The first was what the security team had done. The second was what members of that team did once investigators started asking questions.""
ALLOWED GENERATED TEXT ONLY: ""A SECOND PROBLEM"". Do not generate any other readable words. Source-crop text may remain only if it is already present in the attached authentic crop.
STYLE: WHAT IT COST canonical final-frame style: premium investigative business documentary; charcoal/black textured background; warm aged-paper evidence layers; off-white distressed condensed headline; restrained deep-red underline/tab accents; tiny brass/black office hardware only when useful; realistic paper depth and film-grain; strong cinematic negative space; serious corporate/legal tone; no horror, no sensational crime-poster language, no neon, no dashboard/card-grid, no decorative clutter.
LAYOUT: Asymmetrical evidence layout: one dominant authentic source/photo panel on the right or upper-right; headline block on the left; at most one secondary paper layer; restrained red rule; large clean negative space.
INPUTS: 12B_SOURCE_ASSETS/R6_PREP/R6P_B043_DC023_OBSTRUCTION_DELETION.png; EBAY_HQ_2018_CC_BY_SA.jpg; NATICK_CENTER_2020_CC_BY_SA.jpg.
SOURCE FIDELITY: attached factual crops/photos are evidence, not inspiration. Preserve their subject and meaning. If an attached legal/document crop is shown, display it as an unchanged photographic crop inside the design; do NOT retype, redraw, summarize, invent, extend, or fabricate legal body text, headings, counts, seals, signatures, case numbers, dates or amounts.
LEGAL/FACT LOCK: Do not change legal status, amount, chronology, attribution, or allegation/finding posture.
SUBTITLE SAFE: bottom 22% of the entire frame must be dark, visually quiet and free of headline, quote, amount, face, evidence, source label, legal caveat, timeline endpoint or important object.
ONE-PASS RULES: final usable video frame, not a style board; max 1 hero idea + 1 support idea; max 2 generated text blocks; no pseudo-text; no fake documents; no duplicated hero; no random police/courthouse/GPS/money imagery unless demanded by this beat; no subject leakage from style; no UI; no watermark; no borders; no post-generation repair should be required.",PROMPT_READY_PREP_INPUTS_REQUIRED_WHERE_LISTED
B044,S06,375.480,384.240,T01,HIGGSFIELD_ONE_PASS,FALSE STATEMENTS • DELETED EVIDENCE • FALSIFIED RECORDS,,12B_SOURCE_ASSETS/R6_PREP/R6P_B044_DC023_OBSTRUCTION_DELETION.png; EBAY_HQ_2018_CC_BY_SA.jpg; NATICK_CENTER_2020_CC_BY_SA.jpg,"Do not change legal status, amount, chronology, attribution, or allegation/finding posture.","FINAL VIDEO FRAME — B044 — 16:9 WHAT IT COST
SCENE PURPOSE: FALSE STATEMENTS • DELETED EVIDENCE • FALSIFIED RECORDS
NARRATION MEANING: ""The record admitted by eBay and described by federal prosecutors includes false statements, deletion of digital evidence, and falsified records.""
ALLOWED GENERATED TEXT ONLY: ""FALSE STATEMENTS • DELETED EVIDENCE • FALSIFIED RECORDS"". Do not generate any other readable words. Source-crop text may remain only if it is already present in the attached authentic crop.
STYLE: WHAT IT COST canonical final-frame style: premium investigative business documentary; charcoal/black textured background; warm aged-paper evidence layers; off-white distressed condensed headline; restrained deep-red underline/tab accents; tiny brass/black office hardware only when useful; realistic paper depth and film-grain; strong cinematic negative space; serious corporate/legal tone; no horror, no sensational crime-poster language, no neon, no dashboard/card-grid, no decorative clutter.
LAYOUT: Asymmetrical evidence layout: one dominant authentic source/photo panel on the right or upper-right; headline block on the left; at most one secondary paper layer; restrained red rule; large clean negative space.
INPUTS: 12B_SOURCE_ASSETS/R6_PREP/R6P_B044_DC023_OBSTRUCTION_DELETION.png; EBAY_HQ_2018_CC_BY_SA.jpg; NATICK_CENTER_2020_CC_BY_SA.jpg.
SOURCE FIDELITY: attached factual crops/photos are evidence, not inspiration. Preserve their subject and meaning. If an attached legal/document crop is shown, display it as an unchanged photographic crop inside the design; do NOT retype, redraw, summarize, invent, extend, or fabricate legal body text, headings, counts, seals, signatures, case numbers, dates or amounts.
LEGAL/FACT LOCK: Do not change legal status, amount, chronology, attribution, or allegation/finding posture.
SUBTITLE SAFE: bottom 22% of the entire frame must be dark, visually quiet and free of headline, quote, amount, face, evidence, source label, legal caveat, timeline endpoint or important object.
ONE-PASS RULES: final usable video frame, not a style board; max 1 hero idea + 1 support idea; max 2 generated text blocks; no pseudo-text; no fake documents; no duplicated hero; no random police/courthouse/GPS/money imagery unless demanded by this beat; no subject leakage from style; no UI; no watermark; no borders; no post-generation repair should be required.",PROMPT_READY_PREP_INPUTS_REQUIRED_WHERE_LISTED
B045,S06,385.280,394.160,T01,HIGGSFIELD_ONE_PASS,OPERATION + CONCEALMENT,,12B_SOURCE_ASSETS/R6_PREP/R6P_B045_DC023_OBSTRUCTION_DELETION.png; EBAY_HQ_2018_CC_BY_SA.jpg; NATICK_CENTER_2020_CC_BY_SA.jpg,"Do not change legal status, amount, chronology, attribution, or allegation/finding posture.","FINAL VIDEO FRAME — B045 — 16:9 WHAT IT COST
SCENE PURPOSE: OPERATION + CONCEALMENT
NARRATION MEANING: ""A security organization that existed to reduce risk had now created two kinds of risk: the operation itself, and the effort to conceal it.""
ALLOWED GENERATED TEXT ONLY: ""OPERATION + CONCEALMENT"". Do not generate any other readable words. Source-crop text may remain only if it is already present in the attached authentic crop.
STYLE: WHAT IT COST canonical final-frame style: premium investigative business documentary; charcoal/black textured background; warm aged-paper evidence layers; off-white distressed condensed headline; restrained deep-red underline/tab accents; tiny brass/black office hardware only when useful; realistic paper depth and film-grain; strong cinematic negative space; serious corporate/legal tone; no horror, no sensational crime-poster language, no neon, no dashboard/card-grid, no decorative clutter.
LAYOUT: Asymmetrical evidence layout: one dominant authentic source/photo panel on the right or upper-right; headline block on the left; at most one secondary paper layer; restrained red rule; large clean negative space.
INPUTS: 12B_SOURCE_ASSETS/R6_PREP/R6P_B045_DC023_OBSTRUCTION_DELETION.png; EBAY_HQ_2018_CC_BY_SA.jpg; NATICK_CENTER_2020_CC_BY_SA.jpg.
SOURCE FIDELITY: attached factual crops/photos are evidence, not inspiration. Preserve their subject and meaning. If an attached legal/document crop is shown, display it as an unchanged photographic crop inside the design; do NOT retype, redraw, summarize, invent, extend, or fabricate legal body text, headings, counts, seals, signatures, case numbers, dates or amounts.
LEGAL/FACT LOCK: Do not change legal status, amount, chronology, attribution, or allegation/finding posture.
SUBTITLE SAFE: bottom 22% of the entire frame must be dark, visually quiet and free of headline, quote, amount, face, evidence, source label, legal caveat, timeline endpoint or important object.
ONE-PASS RULES: final usable video frame, not a style board; max 1 hero idea + 1 support idea; max 2 generated text blocks; no pseudo-text; no fake documents; no duplicated hero; no random police/courthouse/GPS/money imagery unless demanded by this beat; no subject leakage from style; no UI; no watermark; no borders; no post-generation repair should be required.",PROMPT_READY_PREP_INPUTS_REQUIRED_WHERE_LISTED
B046,S06,395.020,410.060,T06,HIGGSFIELD_ONE_PASS,INTERNAL INVESTIGATION,,12B_SOURCE_ASSETS/R6_PREP/R6P_B046_DC023_OBSTRUCTION_DELETION.png; EBAY_HQ_2018_CC_BY_SA.jpg; NATICK_CENTER_2020_CC_BY_SA.jpg; 12B_SOURCE_ASSETS/R6_PREP/R6P_B046_INTERNAL_INVESTIGATION.png,"Do not change legal status, amount, chronology, attribution, or allegation/finding posture.","FINAL VIDEO FRAME — B046 — 16:9 WHAT IT COST
SCENE PURPOSE: INTERNAL INVESTIGATION
NARRATION MEANING: ""eBay began its own internal investigation days later. By the end of August, several security employees had been placed on leave. Over time, key members of the operation were removed or terminated, and one contractor's relationship ended.""
ALLOWED GENERATED TEXT ONLY: ""INTERNAL INVESTIGATION"". Do not generate any other readable words. Source-crop text may remain only if it is already present in the attached authentic crop.
STYLE: WHAT IT COST canonical final-frame style: premium investigative business documentary; charcoal/black textured background; warm aged-paper evidence layers; off-white distressed condensed headline; restrained deep-red underline/tab accents; tiny brass/black office hardware only when useful; realistic paper depth and film-grain; strong cinematic negative space; serious corporate/legal tone; no horror, no sensational crime-poster language, no neon, no dashboard/card-grid, no decorative clutter.
LAYOUT: Chronology/location layout: one date/location headline plus a simple horizontal or vertical timeline with 2–4 nodes maximum; authentic location/source photo as the visual anchor; no decorative map clutter.
INPUTS: 12B_SOURCE_ASSETS/R6_PREP/R6P_B046_DC023_OBSTRUCTION_DELETION.png; EBAY_HQ_2018_CC_BY_SA.jpg; NATICK_CENTER_2020_CC_BY_SA.jpg; 12B_SOURCE_ASSETS/R6_PREP/R6P_B046_INTERNAL_INVESTIGATION.png.
SOURCE FIDELITY: attached factual crops/photos are evidence, not inspiration. Preserve their subject and meaning. If an attached legal/document crop is shown, display it as an unchanged photographic crop inside the design; do NOT retype, redraw, summarize, invent, extend, or fabricate legal body text, headings, counts, seals, signatures, case numbers, dates or amounts.
LEGAL/FACT LOCK: Do not change legal status, amount, chronology, attribution, or allegation/finding posture.
SUBTITLE SAFE: bottom 22% of the entire frame must be dark, visually quiet and free of headline, quote, amount, face, evidence, source label, legal caveat, timeline endpoint or important object.
ONE-PASS RULES: final usable video frame, not a style board; max 1 hero idea + 1 support idea; max 2 generated text blocks; no pseudo-text; no fake documents; no duplicated hero; no random police/courthouse/GPS/money imagery unless demanded by this beat; no subject leakage from style; no UI; no watermark; no borders; no post-generation repair should be required.",PROMPT_READY_PREP_INPUTS_REQUIRED_WHERE_LISTED
B047,S06,410.900,415.800,T01,HIGGSFIELD_ONE_PASS,FEDERAL PROSECUTORS,,EBAY_HQ_2018_CC_BY_SA.jpg; 12B_SOURCE_ASSETS/R6_PREP/R6P_B047_DOJ_PROSECUTION_TRANSITION.png,"Do not change legal status, amount, chronology, attribution, or allegation/finding posture.","FINAL VIDEO FRAME — B047 — 16:9 WHAT IT COST
SCENE PURPOSE: FEDERAL PROSECUTORS
NARRATION MEANING: ""But internal discipline was only the beginning. Federal prosecutors were coming next.""
ALLOWED GENERATED TEXT ONLY: ""FEDERAL PROSECUTORS"". Do not generate any other readable words. Source-crop text may remain only if it is already present in the attached authentic crop.
STYLE: WHAT IT COST canonical final-frame style: premium investigative business documentary; charcoal/black textured background; warm aged-paper evidence layers; off-white distressed condensed headline; restrained deep-red underline/tab accents; tiny brass/black office hardware only when useful; realistic paper depth and film-grain; strong cinematic negative space; serious corporate/legal tone; no horror, no sensational crime-poster language, no neon, no dashboard/card-grid, no decorative clutter.
LAYOUT: Asymmetrical evidence layout: one dominant authentic source/photo panel on the right or upper-right; headline block on the left; at most one secondary paper layer; restrained red rule; large clean negative space.
INPUTS: EBAY_HQ_2018_CC_BY_SA.jpg; 12B_SOURCE_ASSETS/R6_PREP/R6P_B047_DOJ_PROSECUTION_TRANSITION.png.
SOURCE FIDELITY: attached factual crops/photos are evidence, not inspiration. Preserve their subject and meaning. If an attached legal/document crop is shown, display it as an unchanged photographic crop inside the design; do NOT retype, redraw, summarize, invent, extend, or fabricate legal body text, headings, counts, seals, signatures, case numbers, dates or amounts.
LEGAL/FACT LOCK: Do not change legal status, amount, chronology, attribution, or allegation/finding posture.
SUBTITLE SAFE: bottom 22% of the entire frame must be dark, visually quiet and free of headline, quote, amount, face, evidence, source label, legal caveat, timeline endpoint or important object.
ONE-PASS RULES: final usable video frame, not a style board; max 1 hero idea + 1 support idea; max 2 generated text blocks; no pseudo-text; no fake documents; no duplicated hero; no random police/courthouse/GPS/money imagery unless demanded by this beat; no subject leakage from style; no UI; no watermark; no borders; no post-generation repair should be required.",PROMPT_READY_PREP_INPUTS_REQUIRED_WHERE_LISTED
B049,S07,423.480,429.180,T07,HIGGSFIELD_ONE_PASS,SEVEN GUILTY PLEAS,,12B_SOURCE_ASSETS/R6_PREP/R6P_B049_DC011_SEVEN_GUILTY_DOJ.png,"Do not change legal status, amount, chronology, attribution, or allegation/finding posture.","FINAL VIDEO FRAME — B049 — 16:9 WHAT IT COST
SCENE PURPOSE: SEVEN GUILTY PLEAS
NARRATION MEANING: ""Eventually, all seven former eBay employees and contractors who were prosecuted pleaded guilty.""
ALLOWED GENERATED TEXT ONLY: ""SEVEN GUILTY PLEAS"". Do not generate any other readable words. Source-crop text may remain only if it is already present in the attached authentic crop.
STYLE: WHAT IT COST canonical final-frame style: premium investigative business documentary; charcoal/black textured background; warm aged-paper evidence layers; off-white distressed condensed headline; restrained deep-red underline/tab accents; tiny brass/black office hardware only when useful; realistic paper depth and film-grain; strong cinematic negative space; serious corporate/legal tone; no horror, no sensational crime-poster language, no neon, no dashboard/card-grid, no decorative clutter.
LAYOUT: Accountability/status layout: large legal-status headline left; one authentic DOJ/court/source crop or courthouse/context image right; minimal dossier treatment; never fabricate case paperwork.
INPUTS: 12B_SOURCE_ASSETS/R6_PREP/R6P_B049_DC011_SEVEN_GUILTY_DOJ.png.
SOURCE FIDELITY: attached factual crops/photos are evidence, not inspiration. Preserve their subject and meaning. If an attached legal/document crop is shown, display it as an unchanged photographic crop inside the design; do NOT retype, redraw, summarize, invent, extend, or fabricate legal body text, headings, counts, seals, signatures, case numbers, dates or amounts.
LEGAL/FACT LOCK: Do not change legal status, amount, chronology, attribution, or allegation/finding posture.
SUBTITLE SAFE: bottom 22% of the entire frame must be dark, visually quiet and free of headline, quote, amount, face, evidence, source label, legal caveat, timeline endpoint or important object.
ONE-PASS RULES: final usable video frame, not a style board; max 1 hero idea + 1 support idea; max 2 generated text blocks; no pseudo-text; no fake documents; no duplicated hero; no random police/courthouse/GPS/money imagery unless demanded by this beat; no subject leakage from style; no UI; no watermark; no borders; no post-generation repair should be required.",PROMPT_READY_PREP_INPUTS_REQUIRED_WHERE_LISTED
B050,S07,430.420,439.600,T07,HIGGSFIELD_ONE_PASS,JIM BAUGH — 57 MONTHS,,12B_SOURCE_ASSETS/R6_PREP/R6P_B050_DC012_BAUGH_HARVILLE_SENTENCES_DOJ.png,"Do not change legal status, amount, chronology, attribution, or allegation/finding posture.","FINAL VIDEO FRAME — B050 — 16:9 WHAT IT COST
SCENE PURPOSE: JIM BAUGH — 57 MONTHS
NARRATION MEANING: ""A guilty plea is not an allegation. It establishes criminal guilt without a trial. Jim Baugh received fifty-seven months in prison.""
ALLOWED GENERATED TEXT ONLY: ""JIM BAUGH — 57 MONTHS"". Do not generate any other readable words. Source-crop text may remain only if it is already present in the attached authentic crop.
STYLE: WHAT IT COST canonical final-frame style: premium investigative business documentary; charcoal/black textured background; warm aged-paper evidence layers; off-white distressed condensed headline; restrained deep-red underline/tab accents; tiny brass/black office hardware only when useful; realistic paper depth and film-grain; strong cinematic negative space; serious corporate/legal tone; no horror, no sensational crime-poster language, no neon, no dashboard/card-grid, no decorative clutter.
LAYOUT: Accountability/status layout: large legal-status headline left; one authentic DOJ/court/source crop or courthouse/context image right; minimal dossier treatment; never fabricate case paperwork.
INPUTS: 12B_SOURCE_ASSETS/R6_PREP/R6P_B050_DC012_BAUGH_HARVILLE_SENTENCES_DOJ.png.
SOURCE FIDELITY: attached factual crops/photos are evidence, not inspiration. Preserve their subject and meaning. If an attached legal/document crop is shown, display it as an unchanged photographic crop inside the design; do NOT retype, redraw, summarize, invent, extend, or fabricate legal body text, headings, counts, seals, signatures, case numbers, dates or amounts.
LEGAL/FACT LOCK: Do not change legal status, amount, chronology, attribution, or allegation/finding posture.
SUBTITLE SAFE: bottom 22% of the entire frame must be dark, visually quiet and free of headline, quote, amount, face, evidence, source label, legal caveat, timeline endpoint or important object.
ONE-PASS RULES: final usable video frame, not a style board; max 1 hero idea + 1 support idea; max 2 generated text blocks; no pseudo-text; no fake documents; no duplicated hero; no random police/courthouse/GPS/money imagery unless demanded by this beat; no subject leakage from style; no UI; no watermark; no borders; no post-generation repair should be required.",PROMPT_READY_PREP_INPUTS_REQUIRED_WHERE_LISTED
B051,S07,440.920,449.880,T07,HIGGSFIELD_ONE_PASS,DAVID HARVILLE — 24 MONTHS,,12B_SOURCE_ASSETS/R6_PREP/R6P_B051_DC012_BAUGH_HARVILLE_SENTENCES_DOJ.png,"Do not change legal status, amount, chronology, attribution, or allegation/finding posture.","FINAL VIDEO FRAME — B051 — 16:9 WHAT IT COST
SCENE PURPOSE: DAVID HARVILLE — 24 MONTHS
NARRATION MEANING: ""David Harville received twenty-four months. Other participants received combinations of prison, probation, home confinement, and financial penalties.""
ALLOWED GENERATED TEXT ONLY: ""DAVID HARVILLE — 24 MONTHS"". Do not generate any other readable words. Source-crop text may remain only if it is already present in the attached authentic crop.
STYLE: WHAT IT COST canonical final-frame style: premium investigative business documentary; charcoal/black textured background; warm aged-paper evidence layers; off-white distressed condensed headline; restrained deep-red underline/tab accents; tiny brass/black office hardware only when useful; realistic paper depth and film-grain; strong cinematic negative space; serious corporate/legal tone; no horror, no sensational crime-poster language, no neon, no dashboard/card-grid, no decorative clutter.
LAYOUT: Accountability/status layout: large legal-status headline left; one authentic DOJ/court/source crop or courthouse/context image right; minimal dossier treatment; never fabricate case paperwork.
INPUTS: 12B_SOURCE_ASSETS/R6_PREP/R6P_B051_DC012_BAUGH_HARVILLE_SENTENCES_DOJ.png.
SOURCE FIDELITY: attached factual crops/photos are evidence, not inspiration. Preserve their subject and meaning. If an attached legal/document crop is shown, display it as an unchanged photographic crop inside the design; do NOT retype, redraw, summarize, invent, extend, or fabricate legal body text, headings, counts, seals, signatures, case numbers, dates or amounts.
LEGAL/FACT LOCK: Do not change legal status, amount, chronology, attribution, or allegation/finding posture.
SUBTITLE SAFE: bottom 22% of the entire frame must be dark, visually quiet and free of headline, quote, amount, face, evidence, source label, legal caveat, timeline endpoint or important object.
ONE-PASS RULES: final usable video frame, not a style board; max 1 hero idea + 1 support idea; max 2 generated text blocks; no pseudo-text; no fake documents; no duplicated hero; no random police/courthouse/GPS/money imagery unless demanded by this beat; no subject leakage from style; no UI; no watermark; no borders; no post-generation repair should be required.",PROMPT_READY_PREP_INPUTS_REQUIRED_WHERE_LISTED
B052,S07,451.340,460.880,T01,HIGGSFIELD_ONE_PASS,PERSONAL ACCOUNTABILITY,,12B_SOURCE_ASSETS/R6_PREP/R6P_B052_DC011_SEVEN_GUILTY_DOJ.png; 12B_SOURCE_ASSETS/R6_PREP/R6P_B052_DC012_BAUGH_HARVILLE_SENTENCES_DOJ.png; EBAY_HQ_2018_CC_BY_SA.jpg,"Do not change legal status, amount, chronology, attribution, or allegation/finding posture.","FINAL VIDEO FRAME — B052 — 16:9 WHAT IT COST
SCENE PURPOSE: PERSONAL ACCOUNTABILITY
NARRATION MEANING: ""By twenty twenty-four, the individual criminal cases had produced a clear story of personal accountability. And from a distance, that can look like the ending.""
ALLOWED GENERATED TEXT ONLY: ""PERSONAL ACCOUNTABILITY"". Do not generate any other readable words. Source-crop text may remain only if it is already present in the attached authentic crop.
STYLE: WHAT IT COST canonical final-frame style: premium investigative business documentary; charcoal/black textured background; warm aged-paper evidence layers; off-white distressed condensed headline; restrained deep-red underline/tab accents; tiny brass/black office hardware only when useful; realistic paper depth and film-grain; strong cinematic negative space; serious corporate/legal tone; no horror, no sensational crime-poster language, no neon, no dashboard/card-grid, no decorative clutter.
LAYOUT: Asymmetrical evidence layout: one dominant authentic source/photo panel on the right or upper-right; headline block on the left; at most one secondary paper layer; restrained red rule; large clean negative space.
INPUTS: 12B_SOURCE_ASSETS/R6_PREP/R6P_B052_DC011_SEVEN_GUILTY_DOJ.png; 12B_SOURCE_ASSETS/R6_PREP/R6P_B052_DC012_BAUGH_HARVILLE_SENTENCES_DOJ.png; EBAY_HQ_2018_CC_BY_SA.jpg.
SOURCE FIDELITY: attached factual crops/photos are evidence, not inspiration. Preserve their subject and meaning. If an attached legal/document crop is shown, display it as an unchanged photographic crop inside the design; do NOT retype, redraw, summarize, invent, extend, or fabricate legal body text, headings, counts, seals, signatures, case numbers, dates or amounts.
LEGAL/FACT LOCK: Do not change legal status, amount, chronology, attribution, or allegation/finding posture.
SUBTITLE SAFE: bottom 22% of the entire frame must be dark, visually quiet and free of headline, quote, amount, face, evidence, source label, legal caveat, timeline endpoint or important object.
ONE-PASS RULES: final usable video frame, not a style board; max 1 hero idea + 1 support idea; max 2 generated text blocks; no pseudo-text; no fake documents; no duplicated hero; no random police/courthouse/GPS/money imagery unless demanded by this beat; no subject leakage from style; no UI; no watermark; no borders; no post-generation repair should be required.",PROMPT_READY_PREP_INPUTS_REQUIRED_WHERE_LISTED
B053,S07,462.060,468.780,T07,HIGGSFIELD_ONE_PASS,ALL SEVEN PROSECUTED PLEADED GUILTY,,12B_SOURCE_ASSETS/R6_PREP/R6P_B053_DC011_SEVEN_GUILTY_DOJ.png; 12B_SOURCE_ASSETS/R6_PREP/R6P_B053_DC012_BAUGH_HARVILLE_SENTENCES_DOJ.png; EBAY_HQ_2018_CC_BY_SA.jpg,"Do not change legal status, amount, chronology, attribution, or allegation/finding posture.","FINAL VIDEO FRAME — B053 — 16:9 WHAT IT COST
SCENE PURPOSE: ALL SEVEN PROSECUTED PLEADED GUILTY
NARRATION MEANING: ""eBay had removed key members of the security operation. The people who were federally prosecuted had pleaded guilty.""
ALLOWED GENERATED TEXT ONLY: ""ALL SEVEN PROSECUTED PLEADED GUILTY"". Do not generate any other readable words. Source-crop text may remain only if it is already present in the attached authentic crop.
STYLE: WHAT IT COST canonical final-frame style: premium investigative business documentary; charcoal/black textured background; warm aged-paper evidence layers; off-white distressed condensed headline; restrained deep-red underline/tab accents; tiny brass/black office hardware only when useful; realistic paper depth and film-grain; strong cinematic negative space; serious corporate/legal tone; no horror, no sensational crime-poster language, no neon, no dashboard/card-grid, no decorative clutter.
LAYOUT: Accountability/status layout: large legal-status headline left; one authentic DOJ/court/source crop or courthouse/context image right; minimal dossier treatment; never fabricate case paperwork.
INPUTS: 12B_SOURCE_ASSETS/R6_PREP/R6P_B053_DC011_SEVEN_GUILTY_DOJ.png; 12B_SOURCE_ASSETS/R6_PREP/R6P_B053_DC012_BAUGH_HARVILLE_SENTENCES_DOJ.png; EBAY_HQ_2018_CC_BY_SA.jpg.
SOURCE FIDELITY: attached factual crops/photos are evidence, not inspiration. Preserve their subject and meaning. If an attached legal/document crop is shown, display it as an unchanged photographic crop inside the design; do NOT retype, redraw, summarize, invent, extend, or fabricate legal body text, headings, counts, seals, signatures, case numbers, dates or amounts.
LEGAL/FACT LOCK: Do not change legal status, amount, chronology, attribution, or allegation/finding posture.
SUBTITLE SAFE: bottom 22% of the entire frame must be dark, visually quiet and free of headline, quote, amount, face, evidence, source label, legal caveat, timeline endpoint or important object.
ONE-PASS RULES: final usable video frame, not a style board; max 1 hero idea + 1 support idea; max 2 generated text blocks; no pseudo-text; no fake documents; no duplicated hero; no random police/courthouse/GPS/money imagery unless demanded by this beat; no subject leakage from style; no UI; no watermark; no borders; no post-generation repair should be required.",PROMPT_READY_PREP_INPUTS_REQUIRED_WHERE_LISTED
B054,S07,469.980,476.000,T01,HIGGSFIELD_ONE_PASS,FROM INDIVIDUALS TO THE COMPANY,,12B_SOURCE_ASSETS/R6_PREP/R6P_B054_DC011_SEVEN_GUILTY_DOJ.png; 12B_SOURCE_ASSETS/R6_PREP/R6P_B054_DC012_BAUGH_HARVILLE_SENTENCES_DOJ.png; EBAY_HQ_2018_CC_BY_SA.jpg,"Do not change legal status, amount, chronology, attribution, or allegation/finding posture.","FINAL VIDEO FRAME — B054 — 16:9 WHAT IT COST
SCENE PURPOSE: FROM INDIVIDUALS TO THE COMPANY
NARRATION MEANING: ""But federal prosecutors eventually turned from the individuals inside the company to the company itself.""
ALLOWED GENERATED TEXT ONLY: ""FROM INDIVIDUALS TO THE COMPANY"". Do not generate any other readable words. Source-crop text may remain only if it is already present in the attached authentic crop.
STYLE: WHAT IT COST canonical final-frame style: premium investigative business documentary; charcoal/black textured background; warm aged-paper evidence layers; off-white distressed condensed headline; restrained deep-red underline/tab accents; tiny brass/black office hardware only when useful; realistic paper depth and film-grain; strong cinematic negative space; serious corporate/legal tone; no horror, no sensational crime-poster language, no neon, no dashboard/card-grid, no decorative clutter.
LAYOUT: Asymmetrical evidence layout: one dominant authentic source/photo panel on the right or upper-right; headline block on the left; at most one secondary paper layer; restrained red rule; large clean negative space.
INPUTS: 12B_SOURCE_ASSETS/R6_PREP/R6P_B054_DC011_SEVEN_GUILTY_DOJ.png; 12B_SOURCE_ASSETS/R6_PREP/R6P_B054_DC012_BAUGH_HARVILLE_SENTENCES_DOJ.png; EBAY_HQ_2018_CC_BY_SA.jpg.
SOURCE FIDELITY: attached factual crops/photos are evidence, not inspiration. Preserve their subject and meaning. If an attached legal/document crop is shown, display it as an unchanged photographic crop inside the design; do NOT retype, redraw, summarize, invent, extend, or fabricate legal body text, headings, counts, seals, signatures, case numbers, dates or amounts.
LEGAL/FACT LOCK: Do not change legal status, amount, chronology, attribution, or allegation/finding posture.
SUBTITLE SAFE: bottom 22% of the entire frame must be dark, visually quiet and free of headline, quote, amount, face, evidence, source label, legal caveat, timeline endpoint or important object.
ONE-PASS RULES: final usable video frame, not a style board; max 1 hero idea + 1 support idea; max 2 generated text blocks; no pseudo-text; no fake documents; no duplicated hero; no random police/courthouse/GPS/money imagery unless demanded by this beat; no subject leakage from style; no UI; no watermark; no borders; no post-generation repair should be required.",PROMPT_READY_PREP_INPUTS_REQUIRED_WHERE_LISTED
B055,S08,477.340,483.160,T03,HIGGSFIELD_ONE_PASS,JANUARY 2024 — SIX-COUNT INFORMATION,,EBAY_HQ_2018_CC_BY_SA.jpg; 12B_SOURCE_ASSETS/R6_PREP/R6P_B055_SIX_COUNT_INFORMATION.png,"Do not change legal status, amount, chronology, attribution, or allegation/finding posture.","FINAL VIDEO FRAME — B055 — 16:9 WHAT IT COST
SCENE PURPOSE: JANUARY 2024 — SIX-COUNT INFORMATION
NARRATION MEANING: ""In January twenty twenty-four, prosecutors filed a six-count criminal Information against eBay.""
ALLOWED GENERATED TEXT ONLY: ""JANUARY 2024 — SIX-COUNT INFORMATION"". Do not generate any other readable words. Source-crop text may remain only if it is already present in the attached authentic crop.
STYLE: WHAT IT COST canonical final-frame style: premium investigative business documentary; charcoal/black textured background; warm aged-paper evidence layers; off-white distressed condensed headline; restrained deep-red underline/tab accents; tiny brass/black office hardware only when useful; realistic paper depth and film-grain; strong cinematic negative space; serious corporate/legal tone; no horror, no sensational crime-poster language, no neon, no dashboard/card-grid, no decorative clutter.
LAYOUT: Quote/document layout: one large headline or exact quote is the hero; attached authentic excerpt appears as a tight photographic crop, not a recreated document; surrounding papers stay blank/redacted.
INPUTS: EBAY_HQ_2018_CC_BY_SA.jpg; 12B_SOURCE_ASSETS/R6_PREP/R6P_B055_SIX_COUNT_INFORMATION.png.
SOURCE FIDELITY: attached factual crops/photos are evidence, not inspiration. Preserve their subject and meaning. If an attached legal/document crop is shown, display it as an unchanged photographic crop inside the design; do NOT retype, redraw, summarize, invent, extend, or fabricate legal body text, headings, counts, seals, signatures, case numbers, dates or amounts.
B055 HARD LOCK: the six-count Information must come only from the attached prepared authentic crop. DO NOT GENERATE OR RETYPE A LEGAL DOCUMENT. The generator may design the frame around the crop, but the legal-paper content itself must remain the supplied source image. No invented “United States v.” caption, count wording, docket number, seal, signature or page text.
LEGAL/FACT LOCK: Do not change legal status, amount, chronology, attribution, or allegation/finding posture.
SUBTITLE SAFE: bottom 22% of the entire frame must be dark, visually quiet and free of headline, quote, amount, face, evidence, source label, legal caveat, timeline endpoint or important object.
ONE-PASS RULES: final usable video frame, not a style board; max 1 hero idea + 1 support idea; max 2 generated text blocks; no pseudo-text; no fake documents; no duplicated hero; no random police/courthouse/GPS/money imagery unless demanded by this beat; no subject leakage from style; no UI; no watermark; no borders; no post-generation repair should be required.",PROMPT_READY_PREP_INPUTS_REQUIRED_WHERE_LISTED
B056,S08,484.200,495.500,T01,HIGGSFIELD_ONE_PASS,STALKING • WITNESS TAMPERING • RECORDS,,EBAY_HQ_2018_CC_BY_SA.jpg; 12B_SOURCE_ASSETS/R6_PREP/R6P_B056_INFORMATION_COUNTS.png,"Do not change legal status, amount, chronology, attribution, or allegation/finding posture.","FINAL VIDEO FRAME — B056 — 16:9 WHAT IT COST
SCENE PURPOSE: STALKING • WITNESS TAMPERING • RECORDS
NARRATION MEANING: ""The counts included interstate stalking, stalking through electronic communications, witness tampering, and destruction or falsification of records connected to a federal investigation.""
ALLOWED GENERATED TEXT ONLY: ""STALKING • WITNESS TAMPERING • RECORDS"". Do not generate any other readable words. Source-crop text may remain only if it is already present in the attached authentic crop.
STYLE: WHAT IT COST canonical final-frame style: premium investigative business documentary; charcoal/black textured background; warm aged-paper evidence layers; off-white distressed condensed headline; restrained deep-red underline/tab accents; tiny brass/black office hardware only when useful; realistic paper depth and film-grain; strong cinematic negative space; serious corporate/legal tone; no horror, no sensational crime-poster language, no neon, no dashboard/card-grid, no decorative clutter.
LAYOUT: Asymmetrical evidence layout: one dominant authentic source/photo panel on the right or upper-right; headline block on the left; at most one secondary paper layer; restrained red rule; large clean negative space.
INPUTS: EBAY_HQ_2018_CC_BY_SA.jpg; 12B_SOURCE_ASSETS/R6_PREP/R6P_B056_INFORMATION_COUNTS.png.
SOURCE FIDELITY: attached factual crops/photos are evidence, not inspiration. Preserve their subject and meaning. If an attached legal/document crop is shown, display it as an unchanged photographic crop inside the design; do NOT retype, redraw, summarize, invent, extend, or fabricate legal body text, headings, counts, seals, signatures, case numbers, dates or amounts.
LEGAL/FACT LOCK: Do not change legal status, amount, chronology, attribution, or allegation/finding posture.
SUBTITLE SAFE: bottom 22% of the entire frame must be dark, visually quiet and free of headline, quote, amount, face, evidence, source label, legal caveat, timeline endpoint or important object.
ONE-PASS RULES: final usable video frame, not a style board; max 1 hero idea + 1 support idea; max 2 generated text blocks; no pseudo-text; no fake documents; no duplicated hero; no random police/courthouse/GPS/money imagery unless demanded by this beat; no subject leakage from style; no UI; no watermark; no borders; no post-generation repair should be required.",PROMPT_READY_PREP_INPUTS_REQUIRED_WHERE_LISTED
B057,S08,496.900,499.300,T03,HIGGSFIELD_ONE_PASS,DPA ≠ CONVICTION,,12B_SOURCE_ASSETS/R6_PREP/R6P_B057_DC015_DPA_CRIMINAL_PENALTY.png; 12B_SOURCE_ASSETS/R6_PREP/R6P_B057_DC016_DPA_COMPLIANCE_MONITOR.png; 12B_SOURCE_ASSETS/R6_PREP/R6P_B057_DC017_DPA_ACCEPTANCE_OF_RESPONSIBILITY.png; EBAY_HQ_2018_CC_BY_SA.jpg,DPA is not a conviction.,"FINAL VIDEO FRAME — B057 — 16:9 WHAT IT COST
SCENE PURPOSE: DPA ≠ CONVICTION
NARRATION MEANING: ""But eBay was not convicted on those charges.""
ALLOWED GENERATED TEXT ONLY: ""DPA ≠ CONVICTION"". Do not generate any other readable words. Source-crop text may remain only if it is already present in the attached authentic crop.
STYLE: WHAT IT COST canonical final-frame style: premium investigative business documentary; charcoal/black textured background; warm aged-paper evidence layers; off-white distressed condensed headline; restrained deep-red underline/tab accents; tiny brass/black office hardware only when useful; realistic paper depth and film-grain; strong cinematic negative space; serious corporate/legal tone; no horror, no sensational crime-poster language, no neon, no dashboard/card-grid, no decorative clutter.
LAYOUT: Quote/document layout: one large headline or exact quote is the hero; attached authentic excerpt appears as a tight photographic crop, not a recreated document; surrounding papers stay blank/redacted.
INPUTS: 12B_SOURCE_ASSETS/R6_PREP/R6P_B057_DC015_DPA_CRIMINAL_PENALTY.png; 12B_SOURCE_ASSETS/R6_PREP/R6P_B057_DC016_DPA_COMPLIANCE_MONITOR.png; 12B_SOURCE_ASSETS/R6_PREP/R6P_B057_DC017_DPA_ACCEPTANCE_OF_RESPONSIBILITY.png; EBAY_HQ_2018_CC_BY_SA.jpg.
SOURCE FIDELITY: attached factual crops/photos are evidence, not inspiration. Preserve their subject and meaning. If an attached legal/document crop is shown, display it as an unchanged photographic crop inside the design; do NOT retype, redraw, summarize, invent, extend, or fabricate legal body text, headings, counts, seals, signatures, case numbers, dates or amounts.
LEGAL/FACT LOCK: DPA is not a conviction.
SUBTITLE SAFE: bottom 22% of the entire frame must be dark, visually quiet and free of headline, quote, amount, face, evidence, source label, legal caveat, timeline endpoint or important object.
ONE-PASS RULES: final usable video frame, not a style board; max 1 hero idea + 1 support idea; max 2 generated text blocks; no pseudo-text; no fake documents; no duplicated hero; no random police/courthouse/GPS/money imagery unless demanded by this beat; no subject leakage from style; no UI; no watermark; no borders; no post-generation repair should be required.",PROMPT_READY_PREP_INPUTS_REQUIRED_WHERE_LISTED
B058,S08,500.300,503.880,T01,HIGGSFIELD_ONE_PASS,DEFERRED PROSECUTION AGREEMENT,,12B_SOURCE_ASSETS/R6_PREP/R6P_B058_DC015_DPA_CRIMINAL_PENALTY.png; 12B_SOURCE_ASSETS/R6_PREP/R6P_B058_DC016_DPA_COMPLIANCE_MONITOR.png; 12B_SOURCE_ASSETS/R6_PREP/R6P_B058_DC017_DPA_ACCEPTANCE_OF_RESPONSIBILITY.png; EBAY_HQ_2018_CC_BY_SA.jpg,DPA is not a conviction.,"FINAL VIDEO FRAME — B058 — 16:9 WHAT IT COST
SCENE PURPOSE: DEFERRED PROSECUTION AGREEMENT
NARRATION MEANING: ""Instead, the company entered a deferred prosecution agreement.""
ALLOWED GENERATED TEXT ONLY: ""DEFERRED PROSECUTION AGREEMENT"". Do not generate any other readable words. Source-crop text may remain only if it is already present in the attached authentic crop.
STYLE: WHAT IT COST canonical final-frame style: premium investigative business documentary; charcoal/black textured background; warm aged-paper evidence layers; off-white distressed condensed headline; restrained deep-red underline/tab accents; tiny brass/black office hardware only when useful; realistic paper depth and film-grain; strong cinematic negative space; serious corporate/legal tone; no horror, no sensational crime-poster language, no neon, no dashboard/card-grid, no decorative clutter.
LAYOUT: Asymmetrical evidence layout: one dominant authentic source/photo panel on the right or upper-right; headline block on the left; at most one secondary paper layer; restrained red rule; large clean negative space.
INPUTS: 12B_SOURCE_ASSETS/R6_PREP/R6P_B058_DC015_DPA_CRIMINAL_PENALTY.png; 12B_SOURCE_ASSETS/R6_PREP/R6P_B058_DC016_DPA_COMPLIANCE_MONITOR.png; 12B_SOURCE_ASSETS/R6_PREP/R6P_B058_DC017_DPA_ACCEPTANCE_OF_RESPONSIBILITY.png; EBAY_HQ_2018_CC_BY_SA.jpg.
SOURCE FIDELITY: attached factual crops/photos are evidence, not inspiration. Preserve their subject and meaning. If an attached legal/document crop is shown, display it as an unchanged photographic crop inside the design; do NOT retype, redraw, summarize, invent, extend, or fabricate legal body text, headings, counts, seals, signatures, case numbers, dates or amounts.
LEGAL/FACT LOCK: DPA is not a conviction.
SUBTITLE SAFE: bottom 22% of the entire frame must be dark, visually quiet and free of headline, quote, amount, face, evidence, source label, legal caveat, timeline endpoint or important object.
ONE-PASS RULES: final usable video frame, not a style board; max 1 hero idea + 1 support idea; max 2 generated text blocks; no pseudo-text; no fake documents; no duplicated hero; no random police/courthouse/GPS/money imagery unless demanded by this beat; no subject leakage from style; no UI; no watermark; no borders; no post-generation repair should be required.",PROMPT_READY_PREP_INPUTS_REQUIRED_WHERE_LISTED
B059,S08,505.020,508.380,T03,HIGGSFIELD_ONE_PASS,DPA ≠ CONVICTION,,12B_SOURCE_ASSETS/R6_PREP/R6P_B059_DC015_DPA_CRIMINAL_PENALTY.png; 12B_SOURCE_ASSETS/R6_PREP/R6P_B059_DC016_DPA_COMPLIANCE_MONITOR.png; 12B_SOURCE_ASSETS/R6_PREP/R6P_B059_DC017_DPA_ACCEPTANCE_OF_RESPONSIBILITY.png; EBAY_HQ_2018_CC_BY_SA.jpg,DPA is not a conviction.,"FINAL VIDEO FRAME — B059 — 16:9 WHAT IT COST
SCENE PURPOSE: DPA ≠ CONVICTION
NARRATION MEANING: ""A deferred prosecution agreement works differently from a conviction.""
ALLOWED GENERATED TEXT ONLY: ""DPA ≠ CONVICTION"". Do not generate any other readable words. Source-crop text may remain only if it is already present in the attached authentic crop.
STYLE: WHAT IT COST canonical final-frame style: premium investigative business documentary; charcoal/black textured background; warm aged-paper evidence layers; off-white distressed condensed headline; restrained deep-red underline/tab accents; tiny brass/black office hardware only when useful; realistic paper depth and film-grain; strong cinematic negative space; serious corporate/legal tone; no horror, no sensational crime-poster language, no neon, no dashboard/card-grid, no decorative clutter.
LAYOUT: Quote/document layout: one large headline or exact quote is the hero; attached authentic excerpt appears as a tight photographic crop, not a recreated document; surrounding papers stay blank/redacted.
INPUTS: 12B_SOURCE_ASSETS/R6_PREP/R6P_B059_DC015_DPA_CRIMINAL_PENALTY.png; 12B_SOURCE_ASSETS/R6_PREP/R6P_B059_DC016_DPA_COMPLIANCE_MONITOR.png; 12B_SOURCE_ASSETS/R6_PREP/R6P_B059_DC017_DPA_ACCEPTANCE_OF_RESPONSIBILITY.png; EBAY_HQ_2018_CC_BY_SA.jpg.
SOURCE FIDELITY: attached factual crops/photos are evidence, not inspiration. Preserve their subject and meaning. If an attached legal/document crop is shown, display it as an unchanged photographic crop inside the design; do NOT retype, redraw, summarize, invent, extend, or fabricate legal body text, headings, counts, seals, signatures, case numbers, dates or amounts.
LEGAL/FACT LOCK: DPA is not a conviction.
SUBTITLE SAFE: bottom 22% of the entire frame must be dark, visually quiet and free of headline, quote, amount, face, evidence, source label, legal caveat, timeline endpoint or important object.
ONE-PASS RULES: final usable video frame, not a style board; max 1 hero idea + 1 support idea; max 2 generated text blocks; no pseudo-text; no fake documents; no duplicated hero; no random police/courthouse/GPS/money imagery unless demanded by this beat; no subject leakage from style; no UI; no watermark; no borders; no post-generation repair should be required.",PROMPT_READY_PREP_INPUTS_REQUIRED_WHERE_LISTED
B060,S08,509.420,524.080,T01,HIGGSFIELD_ONE_PASS,CHARGES FILED • PROSECUTION DEFERRED,,12B_SOURCE_ASSETS/R6_PREP/R6P_B060_DC015_DPA_CRIMINAL_PENALTY.png; 12B_SOURCE_ASSETS/R6_PREP/R6P_B060_DC016_DPA_COMPLIANCE_MONITOR.png; 12B_SOURCE_ASSETS/R6_PREP/R6P_B060_DC017_DPA_ACCEPTANCE_OF_RESPONSIBILITY.png; EBAY_HQ_2018_CC_BY_SA.jpg,DPA is not a conviction.,"FINAL VIDEO FRAME — B060 — 16:9 WHAT IT COST
SCENE PURPOSE: CHARGES FILED • PROSECUTION DEFERRED
NARRATION MEANING: ""The government files charges, but prosecution is held back while the company complies with negotiated conditions. If the agreement is completed successfully, the criminal case is intended to end without a trial on those corporate charges.""
ALLOWED GENERATED TEXT ONLY: ""CHARGES FILED • PROSECUTION DEFERRED"". Do not generate any other readable words. Source-crop text may remain only if it is already present in the attached authentic crop.
STYLE: WHAT IT COST canonical final-frame style: premium investigative business documentary; charcoal/black textured background; warm aged-paper evidence layers; off-white distressed condensed headline; restrained deep-red underline/tab accents; tiny brass/black office hardware only when useful; realistic paper depth and film-grain; strong cinematic negative space; serious corporate/legal tone; no horror, no sensational crime-poster language, no neon, no dashboard/card-grid, no decorative clutter.
LAYOUT: Asymmetrical evidence layout: one dominant authentic source/photo panel on the right or upper-right; headline block on the left; at most one secondary paper layer; restrained red rule; large clean negative space.
INPUTS: 12B_SOURCE_ASSETS/R6_PREP/R6P_B060_DC015_DPA_CRIMINAL_PENALTY.png; 12B_SOURCE_ASSETS/R6_PREP/R6P_B060_DC016_DPA_COMPLIANCE_MONITOR.png; 12B_SOURCE_ASSETS/R6_PREP/R6P_B060_DC017_DPA_ACCEPTANCE_OF_RESPONSIBILITY.png; EBAY_HQ_2018_CC_BY_SA.jpg.
SOURCE FIDELITY: attached factual crops/photos are evidence, not inspiration. Preserve their subject and meaning. If an attached legal/document crop is shown, display it as an unchanged photographic crop inside the design; do NOT retype, redraw, summarize, invent, extend, or fabricate legal body text, headings, counts, seals, signatures, case numbers, dates or amounts.
LEGAL/FACT LOCK: DPA is not a conviction.
SUBTITLE SAFE: bottom 22% of the entire frame must be dark, visually quiet and free of headline, quote, amount, face, evidence, source label, legal caveat, timeline endpoint or important object.
ONE-PASS RULES: final usable video frame, not a style board; max 1 hero idea + 1 support idea; max 2 generated text blocks; no pseudo-text; no fake documents; no duplicated hero; no random police/courthouse/GPS/money imagery unless demanded by this beat; no subject leakage from style; no UI; no watermark; no borders; no post-generation repair should be required.",PROMPT_READY_PREP_INPUTS_REQUIRED_WHERE_LISTED
B061,S08,525.140,528.120,T01,HIGGSFIELD_ONE_PASS,CORPORATE CONSEQUENCES,,12B_SOURCE_ASSETS/R6_PREP/R6P_B061_DC015_DPA_CRIMINAL_PENALTY.png; 12B_SOURCE_ASSETS/R6_PREP/R6P_B061_DC016_DPA_COMPLIANCE_MONITOR.png; 12B_SOURCE_ASSETS/R6_PREP/R6P_B061_DC017_DPA_ACCEPTANCE_OF_RESPONSIBILITY.png; EBAY_HQ_2018_CC_BY_SA.jpg,DPA is not a conviction.,"FINAL VIDEO FRAME — B061 — 16:9 WHAT IT COST
SCENE PURPOSE: CORPORATE CONSEQUENCES
NARRATION MEANING: ""For eBay, the agreement came with real consequences.""
ALLOWED GENERATED TEXT ONLY: ""CORPORATE CONSEQUENCES"". Do not generate any other readable words. Source-crop text may remain only if it is already present in the attached authentic crop.
STYLE: WHAT IT COST canonical final-frame style: premium investigative business documentary; charcoal/black textured background; warm aged-paper evidence layers; off-white distressed condensed headline; restrained deep-red underline/tab accents; tiny brass/black office hardware only when useful; realistic paper depth and film-grain; strong cinematic negative space; serious corporate/legal tone; no horror, no sensational crime-poster language, no neon, no dashboard/card-grid, no decorative clutter.
LAYOUT: Asymmetrical evidence layout: one dominant authentic source/photo panel on the right or upper-right; headline block on the left; at most one secondary paper layer; restrained red rule; large clean negative space.
INPUTS: 12B_SOURCE_ASSETS/R6_PREP/R6P_B061_DC015_DPA_CRIMINAL_PENALTY.png; 12B_SOURCE_ASSETS/R6_PREP/R6P_B061_DC016_DPA_COMPLIANCE_MONITOR.png; 12B_SOURCE_ASSETS/R6_PREP/R6P_B061_DC017_DPA_ACCEPTANCE_OF_RESPONSIBILITY.png; EBAY_HQ_2018_CC_BY_SA.jpg.
SOURCE FIDELITY: attached factual crops/photos are evidence, not inspiration. Preserve their subject and meaning. If an attached legal/document crop is shown, display it as an unchanged photographic crop inside the design; do NOT retype, redraw, summarize, invent, extend, or fabricate legal body text, headings, counts, seals, signatures, case numbers, dates or amounts.
LEGAL/FACT LOCK: DPA is not a conviction.
SUBTITLE SAFE: bottom 22% of the entire frame must be dark, visually quiet and free of headline, quote, amount, face, evidence, source label, legal caveat, timeline endpoint or important object.
ONE-PASS RULES: final usable video frame, not a style board; max 1 hero idea + 1 support idea; max 2 generated text blocks; no pseudo-text; no fake documents; no duplicated hero; no random police/courthouse/GPS/money imagery unless demanded by this beat; no subject leakage from style; no UI; no watermark; no borders; no post-generation repair should be required.",PROMPT_READY_PREP_INPUTS_REQUIRED_WHERE_LISTED
B063,S08,537.600,544.240,T01,HIGGSFIELD_ONE_PASS,3-YEAR INDEPENDENT MONITOR,,12B_SOURCE_ASSETS/R6_PREP/R6P_B063_DC015_DPA_CRIMINAL_PENALTY.png; 12B_SOURCE_ASSETS/R6_PREP/R6P_B063_DC016_DPA_COMPLIANCE_MONITOR.png; 12B_SOURCE_ASSETS/R6_PREP/R6P_B063_DC017_DPA_ACCEPTANCE_OF_RESPONSIBILITY.png; EBAY_HQ_2018_CC_BY_SA.jpg,DPA is not a conviction.,"FINAL VIDEO FRAME — B063 — 16:9 WHAT IT COST
SCENE PURPOSE: 3-YEAR INDEPENDENT MONITOR
NARRATION MEANING: ""And it accepted an independent compliance monitor for three years, along with cooperation and compliance obligations.""
ALLOWED GENERATED TEXT ONLY: ""3-YEAR INDEPENDENT MONITOR"". Do not generate any other readable words. Source-crop text may remain only if it is already present in the attached authentic crop.
STYLE: WHAT IT COST canonical final-frame style: premium investigative business documentary; charcoal/black textured background; warm aged-paper evidence layers; off-white distressed condensed headline; restrained deep-red underline/tab accents; tiny brass/black office hardware only when useful; realistic paper depth and film-grain; strong cinematic negative space; serious corporate/legal tone; no horror, no sensational crime-poster language, no neon, no dashboard/card-grid, no decorative clutter.
LAYOUT: Asymmetrical evidence layout: one dominant authentic source/photo panel on the right or upper-right; headline block on the left; at most one secondary paper layer; restrained red rule; large clean negative space.
INPUTS: 12B_SOURCE_ASSETS/R6_PREP/R6P_B063_DC015_DPA_CRIMINAL_PENALTY.png; 12B_SOURCE_ASSETS/R6_PREP/R6P_B063_DC016_DPA_COMPLIANCE_MONITOR.png; 12B_SOURCE_ASSETS/R6_PREP/R6P_B063_DC017_DPA_ACCEPTANCE_OF_RESPONSIBILITY.png; EBAY_HQ_2018_CC_BY_SA.jpg.
SOURCE FIDELITY: attached factual crops/photos are evidence, not inspiration. Preserve their subject and meaning. If an attached legal/document crop is shown, display it as an unchanged photographic crop inside the design; do NOT retype, redraw, summarize, invent, extend, or fabricate legal body text, headings, counts, seals, signatures, case numbers, dates or amounts.
LEGAL/FACT LOCK: DPA is not a conviction.
SUBTITLE SAFE: bottom 22% of the entire frame must be dark, visually quiet and free of headline, quote, amount, face, evidence, source label, legal caveat, timeline endpoint or important object.
ONE-PASS RULES: final usable video frame, not a style board; max 1 hero idea + 1 support idea; max 2 generated text blocks; no pseudo-text; no fake documents; no duplicated hero; no random police/courthouse/GPS/money imagery unless demanded by this beat; no subject leakage from style; no UI; no watermark; no borders; no post-generation repair should be required.",PROMPT_READY_PREP_INPUTS_REQUIRED_WHERE_LISTED
B064,S08,545.640,555.980,T01,HIGGSFIELD_ONE_PASS,EBAY — FEDERAL CRIMINAL RESOLUTION,,12B_SOURCE_ASSETS/R6_PREP/R6P_B064_DC015_DPA_CRIMINAL_PENALTY.png; 12B_SOURCE_ASSETS/R6_PREP/R6P_B064_DC016_DPA_COMPLIANCE_MONITOR.png; 12B_SOURCE_ASSETS/R6_PREP/R6P_B064_DC017_DPA_ACCEPTANCE_OF_RESPONSIBILITY.png; EBAY_HQ_2018_CC_BY_SA.jpg,DPA is not a conviction.,"FINAL VIDEO FRAME — B064 — 16:9 WHAT IT COST
SCENE PURPOSE: EBAY — FEDERAL CRIMINAL RESOLUTION
NARRATION MEANING: ""At that point, the legal consequences no longer belonged only to individuals. eBay itself had entered a federal criminal resolution tied to the conduct.""
ALLOWED GENERATED TEXT ONLY: ""EBAY — FEDERAL CRIMINAL RESOLUTION"". Do not generate any other readable words. Source-crop text may remain only if it is already present in the attached authentic crop.
STYLE: WHAT IT COST canonical final-frame style: premium investigative business documentary; charcoal/black textured background; warm aged-paper evidence layers; off-white distressed condensed headline; restrained deep-red underline/tab accents; tiny brass/black office hardware only when useful; realistic paper depth and film-grain; strong cinematic negative space; serious corporate/legal tone; no horror, no sensational crime-poster language, no neon, no dashboard/card-grid, no decorative clutter.
LAYOUT: Asymmetrical evidence layout: one dominant authentic source/photo panel on the right or upper-right; headline block on the left; at most one secondary paper layer; restrained red rule; large clean negative space.
INPUTS: 12B_SOURCE_ASSETS/R6_PREP/R6P_B064_DC015_DPA_CRIMINAL_PENALTY.png; 12B_SOURCE_ASSETS/R6_PREP/R6P_B064_DC016_DPA_COMPLIANCE_MONITOR.png; 12B_SOURCE_ASSETS/R6_PREP/R6P_B064_DC017_DPA_ACCEPTANCE_OF_RESPONSIBILITY.png; EBAY_HQ_2018_CC_BY_SA.jpg.
SOURCE FIDELITY: attached factual crops/photos are evidence, not inspiration. Preserve their subject and meaning. If an attached legal/document crop is shown, display it as an unchanged photographic crop inside the design; do NOT retype, redraw, summarize, invent, extend, or fabricate legal body text, headings, counts, seals, signatures, case numbers, dates or amounts.
LEGAL/FACT LOCK: DPA is not a conviction.
SUBTITLE SAFE: bottom 22% of the entire frame must be dark, visually quiet and free of headline, quote, amount, face, evidence, source label, legal caveat, timeline endpoint or important object.
ONE-PASS RULES: final usable video frame, not a style board; max 1 hero idea + 1 support idea; max 2 generated text blocks; no pseudo-text; no fake documents; no duplicated hero; no random police/courthouse/GPS/money imagery unless demanded by this beat; no subject leakage from style; no UI; no watermark; no borders; no post-generation repair should be required.",PROMPT_READY_PREP_INPUTS_REQUIRED_WHERE_LISTED
B065,S08,556.820,565.860,T01,HIGGSFIELD_ONE_PASS,HOW FAR UP DID RESPONSIBILITY GO?,,EBAY_HQ_2018_CC_BY_SA.jpg; LIVE_MOAKLEY_COURTHOUSE_CC0.jpg,"Do not change legal status, amount, chronology, attribution, or allegation/finding posture.","FINAL VIDEO FRAME — B065 — 16:9 WHAT IT COST
SCENE PURPOSE: HOW FAR UP DID RESPONSIBILITY GO?
NARRATION MEANING: ""But one major question was still unresolved. How far up the organization could civil responsibility for the campaign extend?""
ALLOWED GENERATED TEXT ONLY: ""HOW FAR UP DID RESPONSIBILITY GO?"". Do not generate any other readable words. Source-crop text may remain only if it is already present in the attached authentic crop.
STYLE: WHAT IT COST canonical final-frame style: premium investigative business documentary; charcoal/black textured background; warm aged-paper evidence layers; off-white distressed condensed headline; restrained deep-red underline/tab accents; tiny brass/black office hardware only when useful; realistic paper depth and film-grain; strong cinematic negative space; serious corporate/legal tone; no horror, no sensational crime-poster language, no neon, no dashboard/card-grid, no decorative clutter.
LAYOUT: Asymmetrical evidence layout: one dominant authentic source/photo panel on the right or upper-right; headline block on the left; at most one secondary paper layer; restrained red rule; large clean negative space.
INPUTS: EBAY_HQ_2018_CC_BY_SA.jpg; LIVE_MOAKLEY_COURTHOUSE_CC0.jpg.
SOURCE FIDELITY: attached factual crops/photos are evidence, not inspiration. Preserve their subject and meaning. If an attached legal/document crop is shown, display it as an unchanged photographic crop inside the design; do NOT retype, redraw, summarize, invent, extend, or fabricate legal body text, headings, counts, seals, signatures, case numbers, dates or amounts.
LEGAL/FACT LOCK: Do not change legal status, amount, chronology, attribution, or allegation/finding posture.
SUBTITLE SAFE: bottom 22% of the entire frame must be dark, visually quiet and free of headline, quote, amount, face, evidence, source label, legal caveat, timeline endpoint or important object.
ONE-PASS RULES: final usable video frame, not a style board; max 1 hero idea + 1 support idea; max 2 generated text blocks; no pseudo-text; no fake documents; no duplicated hero; no random police/courthouse/GPS/money imagery unless demanded by this beat; no subject leakage from style; no UI; no watermark; no borders; no post-generation repair should be required.",PROMPT_READY_PREP_INPUTS_REQUIRED_WHERE_LISTED
B066,S08,566.960,569.300,T03,HIGGSFIELD_ONE_PASS,TOWARD A JURY,,LIVE_MOAKLEY_COURTHOUSE_CC0.jpg,"Do not change legal status, amount, chronology, attribution, or allegation/finding posture.","FINAL VIDEO FRAME — B066 — 16:9 WHAT IT COST
SCENE PURPOSE: TOWARD A JURY
NARRATION MEANING: ""That question was moving toward a jury.""
ALLOWED GENERATED TEXT ONLY: ""TOWARD A JURY"". Do not generate any other readable words. Source-crop text may remain only if it is already present in the attached authentic crop.
STYLE: WHAT IT COST canonical final-frame style: premium investigative business documentary; charcoal/black textured background; warm aged-paper evidence layers; off-white distressed condensed headline; restrained deep-red underline/tab accents; tiny brass/black office hardware only when useful; realistic paper depth and film-grain; strong cinematic negative space; serious corporate/legal tone; no horror, no sensational crime-poster language, no neon, no dashboard/card-grid, no decorative clutter.
LAYOUT: Quote/document layout: one large headline or exact quote is the hero; attached authentic excerpt appears as a tight photographic crop, not a recreated document; surrounding papers stay blank/redacted.
INPUTS: LIVE_MOAKLEY_COURTHOUSE_CC0.jpg.
SOURCE FIDELITY: attached factual crops/photos are evidence, not inspiration. Preserve their subject and meaning. If an attached legal/document crop is shown, display it as an unchanged photographic crop inside the design; do NOT retype, redraw, summarize, invent, extend, or fabricate legal body text, headings, counts, seals, signatures, case numbers, dates or amounts.
LEGAL/FACT LOCK: Do not change legal status, amount, chronology, attribution, or allegation/finding posture.
SUBTITLE SAFE: bottom 22% of the entire frame must be dark, visually quiet and free of headline, quote, amount, face, evidence, source label, legal caveat, timeline endpoint or important object.
ONE-PASS RULES: final usable video frame, not a style board; max 1 hero idea + 1 support idea; max 2 generated text blocks; no pseudo-text; no fake documents; no duplicated hero; no random police/courthouse/GPS/money imagery unless demanded by this beat; no subject leakage from style; no UI; no watermark; no borders; no post-generation repair should be required.",PROMPT_READY_PREP_INPUTS_REQUIRED_WHERE_LISTED
B067,S09,570.640,574.500,T06,HIGGSFIELD_ONE_PASS,JULY 2021 — CIVIL CASE FILED,,12B_SOURCE_ASSETS/R6_PREP/R6P_B067_DC018_CIVIL_COMPLAINT_COVER.png; LIVE_MOAKLEY_COURTHOUSE_CC0.jpg,"Do not change legal status, amount, chronology, attribution, or allegation/finding posture.","FINAL VIDEO FRAME — B067 — 16:9 WHAT IT COST
SCENE PURPOSE: JULY 2021 — CIVIL CASE FILED
NARRATION MEANING: ""The Steiners filed their federal civil case in July twenty twenty-one.""
ALLOWED GENERATED TEXT ONLY: ""JULY 2021 — CIVIL CASE FILED"". Do not generate any other readable words. Source-crop text may remain only if it is already present in the attached authentic crop.
STYLE: WHAT IT COST canonical final-frame style: premium investigative business documentary; charcoal/black textured background; warm aged-paper evidence layers; off-white distressed condensed headline; restrained deep-red underline/tab accents; tiny brass/black office hardware only when useful; realistic paper depth and film-grain; strong cinematic negative space; serious corporate/legal tone; no horror, no sensational crime-poster language, no neon, no dashboard/card-grid, no decorative clutter.
LAYOUT: Chronology/location layout: one date/location headline plus a simple horizontal or vertical timeline with 2–4 nodes maximum; authentic location/source photo as the visual anchor; no decorative map clutter.
INPUTS: 12B_SOURCE_ASSETS/R6_PREP/R6P_B067_DC018_CIVIL_COMPLAINT_COVER.png; LIVE_MOAKLEY_COURTHOUSE_CC0.jpg.
SOURCE FIDELITY: attached factual crops/photos are evidence, not inspiration. Preserve their subject and meaning. If an attached legal/document crop is shown, display it as an unchanged photographic crop inside the design; do NOT retype, redraw, summarize, invent, extend, or fabricate legal body text, headings, counts, seals, signatures, case numbers, dates or amounts.
LEGAL/FACT LOCK: Do not change legal status, amount, chronology, attribution, or allegation/finding posture.
SUBTITLE SAFE: bottom 22% of the entire frame must be dark, visually quiet and free of headline, quote, amount, face, evidence, source label, legal caveat, timeline endpoint or important object.
ONE-PASS RULES: final usable video frame, not a style board; max 1 hero idea + 1 support idea; max 2 generated text blocks; no pseudo-text; no fake documents; no duplicated hero; no random police/courthouse/GPS/money imagery unless demanded by this beat; no subject leakage from style; no UI; no watermark; no borders; no post-generation repair should be required.",PROMPT_READY_PREP_INPUTS_REQUIRED_WHERE_LISTED
B068,S09,575.640,580.400,T03,HIGGSFIELD_ONE_PASS,2025 — SUMMARY JUDGMENT,,12B_SOURCE_ASSETS/R6_PREP/R6P_B068_DC010_SUMMARY_JUDGMENT_ORDER.png; LIVE_MOAKLEY_COURTHOUSE_CC0.jpg,"Do not change legal status, amount, chronology, attribution, or allegation/finding posture.","FINAL VIDEO FRAME — B068 — 16:9 WHAT IT COST
SCENE PURPOSE: 2025 — SUMMARY JUDGMENT
NARRATION MEANING: ""Four years later, Judge Patti Saris issued a major summary-judgment order.""
ALLOWED GENERATED TEXT ONLY: ""2025 — SUMMARY JUDGMENT"". Do not generate any other readable words. Source-crop text may remain only if it is already present in the attached authentic crop.
STYLE: WHAT IT COST canonical final-frame style: premium investigative business documentary; charcoal/black textured background; warm aged-paper evidence layers; off-white distressed condensed headline; restrained deep-red underline/tab accents; tiny brass/black office hardware only when useful; realistic paper depth and film-grain; strong cinematic negative space; serious corporate/legal tone; no horror, no sensational crime-poster language, no neon, no dashboard/card-grid, no decorative clutter.
LAYOUT: Quote/document layout: one large headline or exact quote is the hero; attached authentic excerpt appears as a tight photographic crop, not a recreated document; surrounding papers stay blank/redacted.
INPUTS: 12B_SOURCE_ASSETS/R6_PREP/R6P_B068_DC010_SUMMARY_JUDGMENT_ORDER.png; LIVE_MOAKLEY_COURTHOUSE_CC0.jpg.
SOURCE FIDELITY: attached factual crops/photos are evidence, not inspiration. Preserve their subject and meaning. If an attached legal/document crop is shown, display it as an unchanged photographic crop inside the design; do NOT retype, redraw, summarize, invent, extend, or fabricate legal body text, headings, counts, seals, signatures, case numbers, dates or amounts.
LEGAL/FACT LOCK: Do not change legal status, amount, chronology, attribution, or allegation/finding posture.
SUBTITLE SAFE: bottom 22% of the entire frame must be dark, visually quiet and free of headline, quote, amount, face, evidence, source label, legal caveat, timeline endpoint or important object.
ONE-PASS RULES: final usable video frame, not a style board; max 1 hero idea + 1 support idea; max 2 generated text blocks; no pseudo-text; no fake documents; no duplicated hero; no random police/courthouse/GPS/money imagery unless demanded by this beat; no subject leakage from style; no UI; no watermark; no borders; no post-generation repair should be required.",PROMPT_READY_PREP_INPUTS_REQUIRED_WHERE_LISTED
B069,S09,581.040,593.080,T03,HIGGSFIELD_ONE_PASS,SURVIVING CLAIM ≠ LIABILITY,,12B_SOURCE_ASSETS/R6_PREP/R6P_B069_DC010_SUMMARY_JUDGMENT_ORDER.png; LIVE_MOAKLEY_COURTHOUSE_CC0.jpg,Surviving civil claim / jury question is not final liability.,"FINAL VIDEO FRAME — B069 — 16:9 WHAT IT COST
SCENE PURPOSE: SURVIVING CLAIM ≠ LIABILITY
NARRATION MEANING: ""At this stage, the key distinction is simple: allowing a claim to continue does not mean a defendant has been found liable. It means the issue can still be decided by a jury.""
ALLOWED GENERATED TEXT ONLY: ""SURVIVING CLAIM ≠ LIABILITY"". Do not generate any other readable words. Source-crop text may remain only if it is already present in the attached authentic crop.
STYLE: WHAT IT COST canonical final-frame style: premium investigative business documentary; charcoal/black textured background; warm aged-paper evidence layers; off-white distressed condensed headline; restrained deep-red underline/tab accents; tiny brass/black office hardware only when useful; realistic paper depth and film-grain; strong cinematic negative space; serious corporate/legal tone; no horror, no sensational crime-poster language, no neon, no dashboard/card-grid, no decorative clutter.
LAYOUT: Quote/document layout: one large headline or exact quote is the hero; attached authentic excerpt appears as a tight photographic crop, not a recreated document; surrounding papers stay blank/redacted.
INPUTS: 12B_SOURCE_ASSETS/R6_PREP/R6P_B069_DC010_SUMMARY_JUDGMENT_ORDER.png; LIVE_MOAKLEY_COURTHOUSE_CC0.jpg.
SOURCE FIDELITY: attached factual crops/photos are evidence, not inspiration. Preserve their subject and meaning. If an attached legal/document crop is shown, display it as an unchanged photographic crop inside the design; do NOT retype, redraw, summarize, invent, extend, or fabricate legal body text, headings, counts, seals, signatures, case numbers, dates or amounts.
LEGAL/FACT LOCK: Surviving civil claim / jury question is not final liability.
SUBTITLE SAFE: bottom 22% of the entire frame must be dark, visually quiet and free of headline, quote, amount, face, evidence, source label, legal caveat, timeline endpoint or important object.
ONE-PASS RULES: final usable video frame, not a style board; max 1 hero idea + 1 support idea; max 2 generated text blocks; no pseudo-text; no fake documents; no duplicated hero; no random police/courthouse/GPS/money imagery unless demanded by this beat; no subject leakage from style; no UI; no watermark; no borders; no post-generation repair should be required.",PROMPT_READY_PREP_INPUTS_REQUIRED_WHERE_LISTED
B070,S09,593.800,603.440,T01,HIGGSFIELD_ONE_PASS,PFC WON SUMMARY JUDGMENT,,12B_SOURCE_ASSETS/R6_PREP/R6P_B070_DC010_SUMMARY_JUDGMENT_ORDER.png; LIVE_MOAKLEY_COURTHOUSE_CC0.jpg,Surviving civil claim / jury question is not final liability.,"FINAL VIDEO FRAME — B070 — 16:9 WHAT IT COST
SCENE PURPOSE: PFC WON SUMMARY JUDGMENT
NARRATION MEANING: ""And the court treated different defendants differently. A security contractor named P-F-C won summary judgment on the claims against it.""
ALLOWED GENERATED TEXT ONLY: ""PFC WON SUMMARY JUDGMENT"". Do not generate any other readable words. Source-crop text may remain only if it is already present in the attached authentic crop.
STYLE: WHAT IT COST canonical final-frame style: premium investigative business documentary; charcoal/black textured background; warm aged-paper evidence layers; off-white distressed condensed headline; restrained deep-red underline/tab accents; tiny brass/black office hardware only when useful; realistic paper depth and film-grain; strong cinematic negative space; serious corporate/legal tone; no horror, no sensational crime-poster language, no neon, no dashboard/card-grid, no decorative clutter.
LAYOUT: Asymmetrical evidence layout: one dominant authentic source/photo panel on the right or upper-right; headline block on the left; at most one secondary paper layer; restrained red rule; large clean negative space.
INPUTS: 12B_SOURCE_ASSETS/R6_PREP/R6P_B070_DC010_SUMMARY_JUDGMENT_ORDER.png; LIVE_MOAKLEY_COURTHOUSE_CC0.jpg.
SOURCE FIDELITY: attached factual crops/photos are evidence, not inspiration. Preserve their subject and meaning. If an attached legal/document crop is shown, display it as an unchanged photographic crop inside the design; do NOT retype, redraw, summarize, invent, extend, or fabricate legal body text, headings, counts, seals, signatures, case numbers, dates or amounts.
LEGAL/FACT LOCK: Surviving civil claim / jury question is not final liability.
SUBTITLE SAFE: bottom 22% of the entire frame must be dark, visually quiet and free of headline, quote, amount, face, evidence, source label, legal caveat, timeline endpoint or important object.
ONE-PASS RULES: final usable video frame, not a style board; max 1 hero idea + 1 support idea; max 2 generated text blocks; no pseudo-text; no fake documents; no duplicated hero; no random police/courthouse/GPS/money imagery unless demanded by this beat; no subject leakage from style; no UI; no watermark; no borders; no post-generation repair should be required.",PROMPT_READY_PREP_INPUTS_REQUIRED_WHERE_LISTED
B071,S09,604.100,608.760,T02,HIGGSFIELD_ONE_PASS,CLAIMS AGAINST EBAY / EXECUTIVES SURVIVED,,12B_SOURCE_ASSETS/R6_PREP/R6P_B071_DC010_SUMMARY_JUDGMENT_ORDER.png; LIVE_MOAKLEY_COURTHOUSE_CC0.jpg,Surviving civil claim / jury question is not final liability.,"FINAL VIDEO FRAME — B071 — 16:9 WHAT IT COST
SCENE PURPOSE: CLAIMS AGAINST EBAY / EXECUTIVES SURVIVED
NARRATION MEANING: ""But significant claims involving eBay and former executives survived.""
ALLOWED GENERATED TEXT ONLY: ""CLAIMS AGAINST EBAY / EXECUTIVES SURVIVED"". Do not generate any other readable words. Source-crop text may remain only if it is already present in the attached authentic crop.
STYLE: WHAT IT COST canonical final-frame style: premium investigative business documentary; charcoal/black textured background; warm aged-paper evidence layers; off-white distressed condensed headline; restrained deep-red underline/tab accents; tiny brass/black office hardware only when useful; realistic paper depth and film-grain; strong cinematic negative space; serious corporate/legal tone; no horror, no sensational crime-poster language, no neon, no dashboard/card-grid, no decorative clutter.
LAYOUT: Split analytical layout: two clearly separated evidence/context zones, one dominant and one subordinate; headline placed in the cleanest negative-space zone; use thin rules or one red connector, never a busy flowchart.
INPUTS: 12B_SOURCE_ASSETS/R6_PREP/R6P_B071_DC010_SUMMARY_JUDGMENT_ORDER.png; LIVE_MOAKLEY_COURTHOUSE_CC0.jpg.
SOURCE FIDELITY: attached factual crops/photos are evidence, not inspiration. Preserve their subject and meaning. If an attached legal/document crop is shown, display it as an unchanged photographic crop inside the design; do NOT retype, redraw, summarize, invent, extend, or fabricate legal body text, headings, counts, seals, signatures, case numbers, dates or amounts.
LEGAL/FACT LOCK: Surviving civil claim / jury question is not final liability.
SUBTITLE SAFE: bottom 22% of the entire frame must be dark, visually quiet and free of headline, quote, amount, face, evidence, source label, legal caveat, timeline endpoint or important object.
ONE-PASS RULES: final usable video frame, not a style board; max 1 hero idea + 1 support idea; max 2 generated text blocks; no pseudo-text; no fake documents; no duplicated hero; no random police/courthouse/GPS/money imagery unless demanded by this beat; no subject leakage from style; no UI; no watermark; no borders; no post-generation repair should be required.",PROMPT_READY_PREP_INPUTS_REQUIRED_WHERE_LISTED
B072,S09,609.660,619.440,T02,HIGGSFIELD_ONE_PASS,NO DIRECT BAUGH COMMUNICATION,,12B_SOURCE_ASSETS/R6_PREP/R6P_B072_DC008_WENIG_NO_DIRECT_BAUGH.png; LIVE_DEVIN_WENIG_COMMONS.jpg; LIVE_MOAKLEY_COURTHOUSE_CC0.jpg,Surviving civil claim / jury question is not final liability. Wenig/Wymer/Jones were not criminally charged over the campaign; preserve attributed positions.,"FINAL VIDEO FRAME — B072 — 16:9 WHAT IT COST
SCENE PURPOSE: NO DIRECT BAUGH COMMUNICATION
NARRATION MEANING: ""For Devin Wenig, the record included an important limitation: Baugh testified that Wenig had not communicated with him directly about the Steiners.""
ALLOWED GENERATED TEXT ONLY: ""NO DIRECT BAUGH COMMUNICATION"". Do not generate any other readable words. Source-crop text may remain only if it is already present in the attached authentic crop.
STYLE: WHAT IT COST canonical final-frame style: premium investigative business documentary; charcoal/black textured background; warm aged-paper evidence layers; off-white distressed condensed headline; restrained deep-red underline/tab accents; tiny brass/black office hardware only when useful; realistic paper depth and film-grain; strong cinematic negative space; serious corporate/legal tone; no horror, no sensational crime-poster language, no neon, no dashboard/card-grid, no decorative clutter.
LAYOUT: Split analytical layout: two clearly separated evidence/context zones, one dominant and one subordinate; headline placed in the cleanest negative-space zone; use thin rules or one red connector, never a busy flowchart.
INPUTS: 12B_SOURCE_ASSETS/R6_PREP/R6P_B072_DC008_WENIG_NO_DIRECT_BAUGH.png; LIVE_DEVIN_WENIG_COMMONS.jpg; LIVE_MOAKLEY_COURTHOUSE_CC0.jpg.
SOURCE FIDELITY: attached factual crops/photos are evidence, not inspiration. Preserve their subject and meaning. If an attached legal/document crop is shown, display it as an unchanged photographic crop inside the design; do NOT retype, redraw, summarize, invent, extend, or fabricate legal body text, headings, counts, seals, signatures, case numbers, dates or amounts.
LEGAL/FACT LOCK: Surviving civil claim / jury question is not final liability. Wenig/Wymer/Jones were not criminally charged over the campaign; preserve attributed positions.
SUBTITLE SAFE: bottom 22% of the entire frame must be dark, visually quiet and free of headline, quote, amount, face, evidence, source label, legal caveat, timeline endpoint or important object.
ONE-PASS RULES: final usable video frame, not a style board; max 1 hero idea + 1 support idea; max 2 generated text blocks; no pseudo-text; no fake documents; no duplicated hero; no random police/courthouse/GPS/money imagery unless demanded by this beat; no subject leakage from style; no UI; no watermark; no borders; no post-generation repair should be required.",PROMPT_READY_PREP_INPUTS_REQUIRED_WHERE_LISTED
B073,S09,620.240,633.060,T03,HIGGSFIELD_ONE_PASS,JURY QUESTION — NOT FINAL LIABILITY,,12B_SOURCE_ASSETS/R6_PREP/R6P_B073_DC008_WENIG_NO_DIRECT_BAUGH.png; LIVE_DEVIN_WENIG_COMMONS.jpg; LIVE_MOAKLEY_COURTHOUSE_CC0.jpg,Surviving civil claim / jury question is not final liability. Wenig/Wymer/Jones were not criminally charged over the campaign; preserve attributed positions.,"FINAL VIDEO FRAME — B073 — 16:9 WHAT IT COST
SCENE PURPOSE: JURY QUESTION — NOT FINAL LIABILITY
NARRATION MEANING: ""At the same time, the judge held that, viewing the evidence in the Steiners' favor as required at that stage, a jury could potentially find Wenig's encouragement was a substantial factor in what followed.""
ALLOWED GENERATED TEXT ONLY: ""JURY QUESTION — NOT FINAL LIABILITY"". Do not generate any other readable words. Source-crop text may remain only if it is already present in the attached authentic crop.
STYLE: WHAT IT COST canonical final-frame style: premium investigative business documentary; charcoal/black textured background; warm aged-paper evidence layers; off-white distressed condensed headline; restrained deep-red underline/tab accents; tiny brass/black office hardware only when useful; realistic paper depth and film-grain; strong cinematic negative space; serious corporate/legal tone; no horror, no sensational crime-poster language, no neon, no dashboard/card-grid, no decorative clutter.
LAYOUT: Quote/document layout: one large headline or exact quote is the hero; attached authentic excerpt appears as a tight photographic crop, not a recreated document; surrounding papers stay blank/redacted.
INPUTS: 12B_SOURCE_ASSETS/R6_PREP/R6P_B073_DC008_WENIG_NO_DIRECT_BAUGH.png; LIVE_DEVIN_WENIG_COMMONS.jpg; LIVE_MOAKLEY_COURTHOUSE_CC0.jpg.
SOURCE FIDELITY: attached factual crops/photos are evidence, not inspiration. Preserve their subject and meaning. If an attached legal/document crop is shown, display it as an unchanged photographic crop inside the design; do NOT retype, redraw, summarize, invent, extend, or fabricate legal body text, headings, counts, seals, signatures, case numbers, dates or amounts.
LEGAL/FACT LOCK: Surviving civil claim / jury question is not final liability. Wenig/Wymer/Jones were not criminally charged over the campaign; preserve attributed positions.
SUBTITLE SAFE: bottom 22% of the entire frame must be dark, visually quiet and free of headline, quote, amount, face, evidence, source label, legal caveat, timeline endpoint or important object.
ONE-PASS RULES: final usable video frame, not a style board; max 1 hero idea + 1 support idea; max 2 generated text blocks; no pseudo-text; no fake documents; no duplicated hero; no random police/courthouse/GPS/money imagery unless demanded by this beat; no subject leakage from style; no UI; no watermark; no borders; no post-generation repair should be required.",PROMPT_READY_PREP_INPUTS_REQUIRED_WHERE_LISTED
B074,S09,634.080,650.940,T03,HIGGSFIELD_ONE_PASS,WENIG DISPUTED THAT INTERPRETATION,,12B_SOURCE_ASSETS/R6_PREP/R6P_B074_DC008_WENIG_NO_DIRECT_BAUGH.png; LIVE_DEVIN_WENIG_COMMONS.jpg; LIVE_MOAKLEY_COURTHOUSE_CC0.jpg,Surviving civil claim / jury question is not final liability. Wenig/Wymer/Jones were not criminally charged over the campaign; preserve attributed positions.,"FINAL VIDEO FRAME — B074 — 16:9 WHAT IT COST
SCENE PURPOSE: WENIG DISPUTED THAT INTERPRETATION
NARRATION MEANING: ""Wenig disputed that interpretation. His lawyers said he had no knowledge of or involvement in the harassment campaign, did not approve or authorize it, and argued that his messages concerned a public-relations response to the Steiners' reporting.""
ALLOWED GENERATED TEXT ONLY: ""WENIG DISPUTED THAT INTERPRETATION"". Do not generate any other readable words. Source-crop text may remain only if it is already present in the attached authentic crop.
STYLE: WHAT IT COST canonical final-frame style: premium investigative business documentary; charcoal/black textured background; warm aged-paper evidence layers; off-white distressed condensed headline; restrained deep-red underline/tab accents; tiny brass/black office hardware only when useful; realistic paper depth and film-grain; strong cinematic negative space; serious corporate/legal tone; no horror, no sensational crime-poster language, no neon, no dashboard/card-grid, no decorative clutter.
LAYOUT: Quote/document layout: one large headline or exact quote is the hero; attached authentic excerpt appears as a tight photographic crop, not a recreated document; surrounding papers stay blank/redacted.
INPUTS: 12B_SOURCE_ASSETS/R6_PREP/R6P_B074_DC008_WENIG_NO_DIRECT_BAUGH.png; LIVE_DEVIN_WENIG_COMMONS.jpg; LIVE_MOAKLEY_COURTHOUSE_CC0.jpg.
SOURCE FIDELITY: attached factual crops/photos are evidence, not inspiration. Preserve their subject and meaning. If an attached legal/document crop is shown, display it as an unchanged photographic crop inside the design; do NOT retype, redraw, summarize, invent, extend, or fabricate legal body text, headings, counts, seals, signatures, case numbers, dates or amounts.
LEGAL/FACT LOCK: Surviving civil claim / jury question is not final liability. Wenig/Wymer/Jones were not criminally charged over the campaign; preserve attributed positions.
SUBTITLE SAFE: bottom 22% of the entire frame must be dark, visually quiet and free of headline, quote, amount, face, evidence, source label, legal caveat, timeline endpoint or important object.
ONE-PASS RULES: final usable video frame, not a style board; max 1 hero idea + 1 support idea; max 2 generated text blocks; no pseudo-text; no fake documents; no duplicated hero; no random police/courthouse/GPS/money imagery unless demanded by this beat; no subject leakage from style; no UI; no watermark; no borders; no post-generation repair should be required.",PROMPT_READY_PREP_INPUTS_REQUIRED_WHERE_LISTED
B075,S09,652.280,663.820,T03,HIGGSFIELD_ONE_PASS,A REASONABLE JURY COULD FIND…,,12B_SOURCE_ASSETS/R6_PREP/R6P_B075_DC009_WYMER_REASONABLE_JUROR.png; LIVE_MOAKLEY_COURTHOUSE_CC0.jpg,Surviving civil claim / jury question is not final liability.,"FINAL VIDEO FRAME — B075 — 16:9 WHAT IT COST
SCENE PURPOSE: A REASONABLE JURY COULD FIND…
NARRATION MEANING: ""For Steve Wymer, the court pointed to a more extensive communication record and held that a reasonable jury could find he had induced, encouraged or authorized tortious conduct.""
ALLOWED GENERATED TEXT ONLY: ""A REASONABLE JURY COULD FIND…"". Do not generate any other readable words. Source-crop text may remain only if it is already present in the attached authentic crop.
STYLE: WHAT IT COST canonical final-frame style: premium investigative business documentary; charcoal/black textured background; warm aged-paper evidence layers; off-white distressed condensed headline; restrained deep-red underline/tab accents; tiny brass/black office hardware only when useful; realistic paper depth and film-grain; strong cinematic negative space; serious corporate/legal tone; no horror, no sensational crime-poster language, no neon, no dashboard/card-grid, no decorative clutter.
LAYOUT: Quote/document layout: one large headline or exact quote is the hero; attached authentic excerpt appears as a tight photographic crop, not a recreated document; surrounding papers stay blank/redacted.
INPUTS: 12B_SOURCE_ASSETS/R6_PREP/R6P_B075_DC009_WYMER_REASONABLE_JUROR.png; LIVE_MOAKLEY_COURTHOUSE_CC0.jpg.
SOURCE FIDELITY: attached factual crops/photos are evidence, not inspiration. Preserve their subject and meaning. If an attached legal/document crop is shown, display it as an unchanged photographic crop inside the design; do NOT retype, redraw, summarize, invent, extend, or fabricate legal body text, headings, counts, seals, signatures, case numbers, dates or amounts.
LEGAL/FACT LOCK: Surviving civil claim / jury question is not final liability.
SUBTITLE SAFE: bottom 22% of the entire frame must be dark, visually quiet and free of headline, quote, amount, face, evidence, source label, legal caveat, timeline endpoint or important object.
ONE-PASS RULES: final usable video frame, not a style board; max 1 hero idea + 1 support idea; max 2 generated text blocks; no pseudo-text; no fake documents; no duplicated hero; no random police/courthouse/GPS/money imagery unless demanded by this beat; no subject leakage from style; no UI; no watermark; no borders; no post-generation repair should be required.",PROMPT_READY_PREP_INPUTS_REQUIRED_WHERE_LISTED
B076,S09,664.560,667.640,T03,HIGGSFIELD_ONE_PASS,NOT A FINAL FINDING,,12B_SOURCE_ASSETS/R6_PREP/R6P_B076_DC009_WYMER_REASONABLE_JUROR.png; LIVE_MOAKLEY_COURTHOUSE_CC0.jpg,Surviving civil claim / jury question is not final liability.,"FINAL VIDEO FRAME — B076 — 16:9 WHAT IT COST
SCENE PURPOSE: NOT A FINAL FINDING
NARRATION MEANING: ""Again, that was not a final finding of liability.""
ALLOWED GENERATED TEXT ONLY: ""NOT A FINAL FINDING"". Do not generate any other readable words. Source-crop text may remain only if it is already present in the attached authentic crop.
STYLE: WHAT IT COST canonical final-frame style: premium investigative business documentary; charcoal/black textured background; warm aged-paper evidence layers; off-white distressed condensed headline; restrained deep-red underline/tab accents; tiny brass/black office hardware only when useful; realistic paper depth and film-grain; strong cinematic negative space; serious corporate/legal tone; no horror, no sensational crime-poster language, no neon, no dashboard/card-grid, no decorative clutter.
LAYOUT: Quote/document layout: one large headline or exact quote is the hero; attached authentic excerpt appears as a tight photographic crop, not a recreated document; surrounding papers stay blank/redacted.
INPUTS: 12B_SOURCE_ASSETS/R6_PREP/R6P_B076_DC009_WYMER_REASONABLE_JUROR.png; LIVE_MOAKLEY_COURTHOUSE_CC0.jpg.
SOURCE FIDELITY: attached factual crops/photos are evidence, not inspiration. Preserve their subject and meaning. If an attached legal/document crop is shown, display it as an unchanged photographic crop inside the design; do NOT retype, redraw, summarize, invent, extend, or fabricate legal body text, headings, counts, seals, signatures, case numbers, dates or amounts.
LEGAL/FACT LOCK: Surviving civil claim / jury question is not final liability.
SUBTITLE SAFE: bottom 22% of the entire frame must be dark, visually quiet and free of headline, quote, amount, face, evidence, source label, legal caveat, timeline endpoint or important object.
ONE-PASS RULES: final usable video frame, not a style board; max 1 hero idea + 1 support idea; max 2 generated text blocks; no pseudo-text; no fake documents; no duplicated hero; no random police/courthouse/GPS/money imagery unless demanded by this beat; no subject leakage from style; no UI; no watermark; no borders; no post-generation repair should be required.",PROMPT_READY_PREP_INPUTS_REQUIRED_WHERE_LISTED
B078,S09,675.700,691.400,T02,EDITOR_FINAL_BUILD,EBAY INTERNAL-INVESTIGATION POSITION,,EBAY_HQ_2018_CC_BY_SA.jpg,Surviving civil claim / jury question is not final liability. Wenig/Wymer/Jones were not criminally charged over the campaign; preserve attributed positions.,"FINAL EDITOR FRAME — B078 — 16:9 WHAT IT COST
SCENE PURPOSE: EBAY INTERNAL-INVESTIGATION POSITION
NARRATION MEANING: ""eBay's internal-investigation position also cut the other way: according to reporting on a company presentation, its lawyers said they had found no evidence that Wenig or Wymer directed the criminal acts or knew those acts would follow.""
ON-SCREEN TEXT: ""EBAY INTERNAL-INVESTIGATION POSITION""
STYLE: WHAT IT COST canonical final-frame style: premium investigative business documentary; charcoal/black textured background; warm aged-paper evidence layers; off-white distressed condensed headline; restrained deep-red underline/tab accents; tiny brass/black office hardware only when useful; realistic paper depth and film-grain; strong cinematic negative space; serious corporate/legal tone; no horror, no sensational crime-poster language, no neon, no dashboard/card-grid, no decorative clutter.
BUILD: Split analytical layout: two clearly separated evidence/context zones, one dominant and one subordinate; headline placed in the cleanest negative-space zone; use thin rules or one red connector, never a busy flowchart.
SOURCE INPUTS: EBAY_HQ_2018_CC_BY_SA.jpg.
Use only authentic source imagery/crops plus deterministic typography, paper textures, rules and shapes. Do not use AI-generated legal text, amounts, signatures, seals, portraits, court filings or settlement wording. Preserve exact amounts/status/chronology.
LEGAL/FACT LOCK: Surviving civil claim / jury question is not final liability. Wenig/Wymer/Jones were not criminally charged over the campaign; preserve attributed positions.
SUBTITLE SAFE: bottom 22% completely clear of important content.
FINALITY: this is a deterministic final build, not a Higgsfield generation job and not a placeholder for later semantic correction.",EDITOR_FINAL_READY
B079,S09,692.440,702.280,T01,HIGGSFIELD_ONE_PASS,RESPONSIBILITY ABOVE THE OPERATION,,LIVE_MOAKLEY_COURTHOUSE_CC0.jpg; EBAY_HQ_2018_CC_BY_SA.jpg,Surviving civil claim / jury question is not final liability.,"FINAL VIDEO FRAME — B079 — 16:9 WHAT IT COST
SCENE PURPOSE: RESPONSIBILITY ABOVE THE OPERATION
NARRATION MEANING: ""So by late twenty twenty-five, the unresolved question was how far responsibility extended above the people who had carried out the security operation.""
ALLOWED GENERATED TEXT ONLY: ""RESPONSIBILITY ABOVE THE OPERATION"". Do not generate any other readable words. Source-crop text may remain only if it is already present in the attached authentic crop.
STYLE: WHAT IT COST canonical final-frame style: premium investigative business documentary; charcoal/black textured background; warm aged-paper evidence layers; off-white distressed condensed headline; restrained deep-red underline/tab accents; tiny brass/black office hardware only when useful; realistic paper depth and film-grain; strong cinematic negative space; serious corporate/legal tone; no horror, no sensational crime-poster language, no neon, no dashboard/card-grid, no decorative clutter.
LAYOUT: Asymmetrical evidence layout: one dominant authentic source/photo panel on the right or upper-right; headline block on the left; at most one secondary paper layer; restrained red rule; large clean negative space.
INPUTS: LIVE_MOAKLEY_COURTHOUSE_CC0.jpg; EBAY_HQ_2018_CC_BY_SA.jpg.
SOURCE FIDELITY: attached factual crops/photos are evidence, not inspiration. Preserve their subject and meaning. If an attached legal/document crop is shown, display it as an unchanged photographic crop inside the design; do NOT retype, redraw, summarize, invent, extend, or fabricate legal body text, headings, counts, seals, signatures, case numbers, dates or amounts.
LEGAL/FACT LOCK: Surviving civil claim / jury question is not final liability.
SUBTITLE SAFE: bottom 22% of the entire frame must be dark, visually quiet and free of headline, quote, amount, face, evidence, source label, legal caveat, timeline endpoint or important object.
ONE-PASS RULES: final usable video frame, not a style board; max 1 hero idea + 1 support idea; max 2 generated text blocks; no pseudo-text; no fake documents; no duplicated hero; no random police/courthouse/GPS/money imagery unless demanded by this beat; no subject leakage from style; no UI; no watermark; no borders; no post-generation repair should be required.",PROMPT_READY_PREP_INPUTS_REQUIRED_WHERE_LISTED
B080,S09,703.640,709.000,T03,HIGGSFIELD_ONE_PASS,A JURY WAS GETTING CLOSE,,LIVE_MOAKLEY_COURTHOUSE_CC0.jpg; EBAY_HQ_2018_CC_BY_SA.jpg,Surviving civil claim / jury question is not final liability.,"FINAL VIDEO FRAME — B080 — 16:9 WHAT IT COST
SCENE PURPOSE: A JURY WAS GETTING CLOSE
NARRATION MEANING: ""A jury was getting close to answering that. Then the case appeared to end.""
ALLOWED GENERATED TEXT ONLY: ""A JURY WAS GETTING CLOSE"". Do not generate any other readable words. Source-crop text may remain only if it is already present in the attached authentic crop.
STYLE: WHAT IT COST canonical final-frame style: premium investigative business documentary; charcoal/black textured background; warm aged-paper evidence layers; off-white distressed condensed headline; restrained deep-red underline/tab accents; tiny brass/black office hardware only when useful; realistic paper depth and film-grain; strong cinematic negative space; serious corporate/legal tone; no horror, no sensational crime-poster language, no neon, no dashboard/card-grid, no decorative clutter.
LAYOUT: Quote/document layout: one large headline or exact quote is the hero; attached authentic excerpt appears as a tight photographic crop, not a recreated document; surrounding papers stay blank/redacted.
INPUTS: LIVE_MOAKLEY_COURTHOUSE_CC0.jpg; EBAY_HQ_2018_CC_BY_SA.jpg.
SOURCE FIDELITY: attached factual crops/photos are evidence, not inspiration. Preserve their subject and meaning. If an attached legal/document crop is shown, display it as an unchanged photographic crop inside the design; do NOT retype, redraw, summarize, invent, extend, or fabricate legal body text, headings, counts, seals, signatures, case numbers, dates or amounts.
LEGAL/FACT LOCK: Surviving civil claim / jury question is not final liability.
SUBTITLE SAFE: bottom 22% of the entire frame must be dark, visually quiet and free of headline, quote, amount, face, evidence, source label, legal caveat, timeline endpoint or important object.
ONE-PASS RULES: final usable video frame, not a style board; max 1 hero idea + 1 support idea; max 2 generated text blocks; no pseudo-text; no fake documents; no duplicated hero; no random police/courthouse/GPS/money imagery unless demanded by this beat; no subject leakage from style; no UI; no watermark; no borders; no post-generation repair should be required.",PROMPT_READY_PREP_INPUTS_REQUIRED_WHERE_LISTED
B081,S10,710.380,718.560,T03,EDITOR_FINAL_BUILD,"FEB. 25, 2026 — SETTLEMENT IN PRINCIPLE",,LIVE_MOAKLEY_COURTHOUSE_CC0.jpg,February 2026 settlement in principle failed; do not depict it as final settlement.,"FINAL EDITOR FRAME — B081 — 16:9 WHAT IT COST
SCENE PURPOSE: FEB. 25, 2026 — SETTLEMENT IN PRINCIPLE
NARRATION MEANING: ""On February twenty-fifth, twenty twenty-six, just before trial, the parties reported a settlement in principle. The terms were not disclosed.""
ON-SCREEN TEXT: ""FEB. 25, 2026 — SETTLEMENT IN PRINCIPLE""
STYLE: WHAT IT COST canonical final-frame style: premium investigative business documentary; charcoal/black textured background; warm aged-paper evidence layers; off-white distressed condensed headline; restrained deep-red underline/tab accents; tiny brass/black office hardware only when useful; realistic paper depth and film-grain; strong cinematic negative space; serious corporate/legal tone; no horror, no sensational crime-poster language, no neon, no dashboard/card-grid, no decorative clutter.
BUILD: Quote/document layout: one large headline or exact quote is the hero; attached authentic excerpt appears as a tight photographic crop, not a recreated document; surrounding papers stay blank/redacted.
SOURCE INPUTS: LIVE_MOAKLEY_COURTHOUSE_CC0.jpg.
Use only authentic source imagery/crops plus deterministic typography, paper textures, rules and shapes. Do not use AI-generated legal text, amounts, signatures, seals, portraits, court filings or settlement wording. Preserve exact amounts/status/chronology.
LEGAL/FACT LOCK: February 2026 settlement in principle failed; do not depict it as final settlement.
SUBTITLE SAFE: bottom 22% completely clear of important content.
FINALITY: this is a deterministic final build, not a Higgsfield generation job and not a placeholder for later semantic correction.",EDITOR_FINAL_READY
B082,S10,718.560,723.480,T03,EDITOR_FINAL_BUILD,CONDITIONAL DISMISSAL,,LIVE_MOAKLEY_COURTHOUSE_CC0.jpg,February 2026 settlement in principle failed; do not depict it as final settlement.,"FINAL EDITOR FRAME — B082 — 16:9 WHAT IT COST
SCENE PURPOSE: CONDITIONAL DISMISSAL
NARRATION MEANING: ""The case was conditionally dismissed while they worked to finalize the agreement.""
ON-SCREEN TEXT: ""CONDITIONAL DISMISSAL""
STYLE: WHAT IT COST canonical final-frame style: premium investigative business documentary; charcoal/black textured background; warm aged-paper evidence layers; off-white distressed condensed headline; restrained deep-red underline/tab accents; tiny brass/black office hardware only when useful; realistic paper depth and film-grain; strong cinematic negative space; serious corporate/legal tone; no horror, no sensational crime-poster language, no neon, no dashboard/card-grid, no decorative clutter.
BUILD: Quote/document layout: one large headline or exact quote is the hero; attached authentic excerpt appears as a tight photographic crop, not a recreated document; surrounding papers stay blank/redacted.
SOURCE INPUTS: LIVE_MOAKLEY_COURTHOUSE_CC0.jpg.
Use only authentic source imagery/crops plus deterministic typography, paper textures, rules and shapes. Do not use AI-generated legal text, amounts, signatures, seals, portraits, court filings or settlement wording. Preserve exact amounts/status/chronology.
LEGAL/FACT LOCK: February 2026 settlement in principle failed; do not depict it as final settlement.
SUBTITLE SAFE: bottom 22% completely clear of important content.
FINALITY: this is a deterministic final build, not a Higgsfield generation job and not a placeholder for later semantic correction.",EDITOR_FINAL_READY
B083,S10,724.220,733.820,T06,EDITOR_FINAL_BUILD,THE DEAL FAILED,,LIVE_MOAKLEY_COURTHOUSE_CC0.jpg,DPA is not a conviction. February 2026 settlement in principle failed; do not depict it as final settlement.,"FINAL EDITOR FRAME — B083 — 16:9 WHAT IT COST
SCENE PURPOSE: THE DEAL FAILED
NARRATION MEANING: ""After years of criminal cases, a corporate D-P-A, civil discovery and pretrial rulings, it looked like the final chapter. Then the deal failed.""
ON-SCREEN TEXT: ""THE DEAL FAILED""
STYLE: WHAT IT COST canonical final-frame style: premium investigative business documentary; charcoal/black textured background; warm aged-paper evidence layers; off-white distressed condensed headline; restrained deep-red underline/tab accents; tiny brass/black office hardware only when useful; realistic paper depth and film-grain; strong cinematic negative space; serious corporate/legal tone; no horror, no sensational crime-poster language, no neon, no dashboard/card-grid, no decorative clutter.
BUILD: Chronology/location layout: one date/location headline plus a simple horizontal or vertical timeline with 2–4 nodes maximum; authentic location/source photo as the visual anchor; no decorative map clutter.
SOURCE INPUTS: LIVE_MOAKLEY_COURTHOUSE_CC0.jpg.
Use only authentic source imagery/crops plus deterministic typography, paper textures, rules and shapes. Do not use AI-generated legal text, amounts, signatures, seals, portraits, court filings or settlement wording. Preserve exact amounts/status/chronology.
LEGAL/FACT LOCK: DPA is not a conviction. February 2026 settlement in principle failed; do not depict it as final settlement.
SUBTITLE SAFE: bottom 22% completely clear of important content.
FINALITY: this is a deterministic final build, not a Higgsfield generation job and not a placeholder for later semantic correction.",EDITOR_FINAL_READY
B084,S10,734.860,743.180,T06,EDITOR_FINAL_BUILD,CASE REOPENED • JAN. 2027 TRIAL SET,,LIVE_MOAKLEY_COURTHOUSE_CC0.jpg,February 2026 settlement in principle failed; do not depict it as final settlement.,"FINAL EDITOR FRAME — B084 — 16:9 WHAT IT COST
SCENE PURPOSE: CASE REOPENED • JAN. 2027 TRIAL SET
NARRATION MEANING: ""By June, the settlement had not been finalized. The civil case was reopened. A new trial date was set for January twenty twenty-seven.""
ON-SCREEN TEXT: ""CASE REOPENED • JAN. 2027 TRIAL SET""
STYLE: WHAT IT COST canonical final-frame style: premium investigative business documentary; charcoal/black textured background; warm aged-paper evidence layers; off-white distressed condensed headline; restrained deep-red underline/tab accents; tiny brass/black office hardware only when useful; realistic paper depth and film-grain; strong cinematic negative space; serious corporate/legal tone; no horror, no sensational crime-poster language, no neon, no dashboard/card-grid, no decorative clutter.
BUILD: Chronology/location layout: one date/location headline plus a simple horizontal or vertical timeline with 2–4 nodes maximum; authentic location/source photo as the visual anchor; no decorative map clutter.
SOURCE INPUTS: LIVE_MOAKLEY_COURTHOUSE_CC0.jpg.
Use only authentic source imagery/crops plus deterministic typography, paper textures, rules and shapes. Do not use AI-generated legal text, amounts, signatures, seals, portraits, court filings or settlement wording. Preserve exact amounts/status/chronology.
LEGAL/FACT LOCK: February 2026 settlement in principle failed; do not depict it as final settlement.
SUBTITLE SAFE: bottom 22% completely clear of important content.
FINALITY: this is a deterministic final build, not a Higgsfield generation job and not a placeholder for later semantic correction.",EDITOR_FINAL_READY
B085,S10,743.960,752.340,T03,EDITOR_FINAL_BUILD,ANOTHER DEAL,,LIVE_MOAKLEY_COURTHOUSE_CC0.jpg,February 2026 settlement in principle failed; do not depict it as final settlement.,"FINAL EDITOR FRAME — B085 — 16:9 WHAT IT COST
SCENE PURPOSE: ANOTHER DEAL
NARRATION MEANING: ""That put the unresolved civil-responsibility question back on the table. But before a jury could hear the case, the parties reached another deal.""
ON-SCREEN TEXT: ""ANOTHER DEAL""
STYLE: WHAT IT COST canonical final-frame style: premium investigative business documentary; charcoal/black textured background; warm aged-paper evidence layers; off-white distressed condensed headline; restrained deep-red underline/tab accents; tiny brass/black office hardware only when useful; realistic paper depth and film-grain; strong cinematic negative space; serious corporate/legal tone; no horror, no sensational crime-poster language, no neon, no dashboard/card-grid, no decorative clutter.
BUILD: Quote/document layout: one large headline or exact quote is the hero; attached authentic excerpt appears as a tight photographic crop, not a recreated document; surrounding papers stay blank/redacted.
SOURCE INPUTS: LIVE_MOAKLEY_COURTHOUSE_CC0.jpg.
Use only authentic source imagery/crops plus deterministic typography, paper textures, rules and shapes. Do not use AI-generated legal text, amounts, signatures, seals, portraits, court filings or settlement wording. Preserve exact amounts/status/chronology.
LEGAL/FACT LOCK: February 2026 settlement in principle failed; do not depict it as final settlement.
SUBTITLE SAFE: bottom 22% completely clear of important content.
FINALITY: this is a deterministic final build, not a Higgsfield generation job and not a placeholder for later semantic correction.",EDITOR_FINAL_READY
B086,S10,752.940,757.000,T01,EDITOR_FINAL_BUILD,FINAL SETTLEMENT • NUMBERS PUBLIC,,LIVE_MOAKLEY_COURTHOUSE_CC0.jpg; EBAY_HQ_2018_CC_BY_SA.jpg,"Do not change legal status, amount, chronology, attribution, or allegation/finding posture.","FINAL EDITOR FRAME — B086 — 16:9 WHAT IT COST
SCENE PURPOSE: FINAL SETTLEMENT • NUMBERS PUBLIC
NARRATION MEANING: ""This one became the final settlement. And this time, the numbers were public.""
ON-SCREEN TEXT: ""FINAL SETTLEMENT • NUMBERS PUBLIC""
STYLE: WHAT IT COST canonical final-frame style: premium investigative business documentary; charcoal/black textured background; warm aged-paper evidence layers; off-white distressed condensed headline; restrained deep-red underline/tab accents; tiny brass/black office hardware only when useful; realistic paper depth and film-grain; strong cinematic negative space; serious corporate/legal tone; no horror, no sensational crime-poster language, no neon, no dashboard/card-grid, no decorative clutter.
BUILD: Asymmetrical evidence layout: one dominant authentic source/photo panel on the right or upper-right; headline block on the left; at most one secondary paper layer; restrained red rule; large clean negative space.
SOURCE INPUTS: LIVE_MOAKLEY_COURTHOUSE_CC0.jpg; EBAY_HQ_2018_CC_BY_SA.jpg.
Use only authentic source imagery/crops plus deterministic typography, paper textures, rules and shapes. Do not use AI-generated legal text, amounts, signatures, seals, portraits, court filings or settlement wording. Preserve exact amounts/status/chronology.
LEGAL/FACT LOCK: Do not change legal status, amount, chronology, attribution, or allegation/finding posture.
SUBTITLE SAFE: bottom 22% completely clear of important content.
FINALITY: this is a deterministic final build, not a Higgsfield generation job and not a placeholder for later semantic correction.",EDITOR_FINAL_READY
B087,S11,757.980,761.360,T06,EDITOR_FINAL_BUILD,LATE JULY 2026,,LIVE_MOAKLEY_COURTHOUSE_CC0.jpg; EBAY_HQ_2018_CC_BY_SA.jpg,"Do not change legal status, amount, chronology, attribution, or allegation/finding posture.","FINAL EDITOR FRAME — B087 — 16:9 WHAT IT COST
SCENE PURPOSE: LATE JULY 2026
NARRATION MEANING: ""The final agreement was announced in late July twenty twenty-six.""
ON-SCREEN TEXT: ""LATE JULY 2026""
STYLE: WHAT IT COST canonical final-frame style: premium investigative business documentary; charcoal/black textured background; warm aged-paper evidence layers; off-white distressed condensed headline; restrained deep-red underline/tab accents; tiny brass/black office hardware only when useful; realistic paper depth and film-grain; strong cinematic negative space; serious corporate/legal tone; no horror, no sensational crime-poster language, no neon, no dashboard/card-grid, no decorative clutter.
BUILD: Chronology/location layout: one date/location headline plus a simple horizontal or vertical timeline with 2–4 nodes maximum; authentic location/source photo as the visual anchor; no decorative map clutter.
SOURCE INPUTS: LIVE_MOAKLEY_COURTHOUSE_CC0.jpg; EBAY_HQ_2018_CC_BY_SA.jpg.
Use only authentic source imagery/crops plus deterministic typography, paper textures, rules and shapes. Do not use AI-generated legal text, amounts, signatures, seals, portraits, court filings or settlement wording. Preserve exact amounts/status/chronology.
LEGAL/FACT LOCK: Do not change legal status, amount, chronology, attribution, or allegation/finding posture.
SUBTITLE SAFE: bottom 22% completely clear of important content.
FINALITY: this is a deterministic final build, not a Higgsfield generation job and not a placeholder for later semantic correction.",EDITOR_FINAL_READY
B088,S11,762.080,766.940,T04,EDITOR_FINAL_BUILD,$55.7 MILLION,,EBAY_HQ_2018_CC_BY_SA.jpg; LIVE_MOAKLEY_COURTHOUSE_CC0.jpg,"$55.7M is the announced civil settlement package, not a judgment or eBay-only payment.","FINAL EDITOR FRAME — B088 — 16:9 WHAT IT COST
SCENE PURPOSE: $55.7 MILLION
NARRATION MEANING: ""The total announced settlement package was fifty-five-point-seven million dollars.""
ON-SCREEN TEXT: ""$55.7 MILLION""
STYLE: WHAT IT COST canonical final-frame style: premium investigative business documentary; charcoal/black textured background; warm aged-paper evidence layers; off-white distressed condensed headline; restrained deep-red underline/tab accents; tiny brass/black office hardware only when useful; realistic paper depth and film-grain; strong cinematic negative space; serious corporate/legal tone; no horror, no sensational crime-poster language, no neon, no dashboard/card-grid, no decorative clutter.
BUILD: Money/legal-number layout: one large exact amount/status is the hero on the left; one supporting factual photo or authentic source crop on the right; one secondary line only; never imply a judgment, verdict, or combined total not stated.
SOURCE INPUTS: EBAY_HQ_2018_CC_BY_SA.jpg; LIVE_MOAKLEY_COURTHOUSE_CC0.jpg.
Use only authentic source imagery/crops plus deterministic typography, paper textures, rules and shapes. Do not use AI-generated legal text, amounts, signatures, seals, portraits, court filings or settlement wording. Preserve exact amounts/status/chronology.
LEGAL/FACT LOCK: $55.7M is the announced civil settlement package, not a judgment or eBay-only payment.
SUBTITLE SAFE: bottom 22% completely clear of important content.
FINALITY: this is a deterministic final build, not a Higgsfield generation job and not a placeholder for later semantic correction.",EDITOR_FINAL_READY
B089,S11,766.940,772.520,T04,EDITOR_FINAL_BUILD,NOT A $55.7M JUDGMENT,,EBAY_HQ_2018_CC_BY_SA.jpg; LIVE_MOAKLEY_COURTHOUSE_CC0.jpg,"$55.7M is the announced civil settlement package, not a judgment or eBay-only payment.","FINAL EDITOR FRAME — B089 — 16:9 WHAT IT COST
SCENE PURPOSE: NOT A $55.7M JUDGMENT
NARRATION MEANING: ""But that number has to be broken apart. It was not a fifty-five-point-seven-million-dollar judgment.""
ON-SCREEN TEXT: ""NOT A $55.7M JUDGMENT""
STYLE: WHAT IT COST canonical final-frame style: premium investigative business documentary; charcoal/black textured background; warm aged-paper evidence layers; off-white distressed condensed headline; restrained deep-red underline/tab accents; tiny brass/black office hardware only when useful; realistic paper depth and film-grain; strong cinematic negative space; serious corporate/legal tone; no horror, no sensational crime-poster language, no neon, no dashboard/card-grid, no decorative clutter.
BUILD: Money/legal-number layout: one large exact amount/status is the hero on the left; one supporting factual photo or authentic source crop on the right; one secondary line only; never imply a judgment, verdict, or combined total not stated.
SOURCE INPUTS: EBAY_HQ_2018_CC_BY_SA.jpg; LIVE_MOAKLEY_COURTHOUSE_CC0.jpg.
Use only authentic source imagery/crops plus deterministic typography, paper textures, rules and shapes. Do not use AI-generated legal text, amounts, signatures, seals, portraits, court filings or settlement wording. Preserve exact amounts/status/chronology.
LEGAL/FACT LOCK: $55.7M is the announced civil settlement package, not a judgment or eBay-only payment.
SUBTITLE SAFE: bottom 22% completely clear of important content.
FINALITY: this is a deterministic final build, not a Higgsfield generation job and not a placeholder for later semantic correction.",EDITOR_FINAL_READY
B090,S11,773.220,777.680,T04,EDITOR_FINAL_BUILD,NOT AN EBAY-ONLY PAYMENT,,EBAY_HQ_2018_CC_BY_SA.jpg; LIVE_MOAKLEY_COURTHOUSE_CC0.jpg,"$55.7M is the announced civil settlement package, not a judgment or eBay-only payment.","FINAL EDITOR FRAME — B090 — 16:9 WHAT IT COST
SCENE PURPOSE: NOT AN EBAY-ONLY PAYMENT
NARRATION MEANING: ""And it was not a fifty-five-point-seven-million-dollar payment made only by eBay.""
ON-SCREEN TEXT: ""NOT AN EBAY-ONLY PAYMENT""
STYLE: WHAT IT COST canonical final-frame style: premium investigative business documentary; charcoal/black textured background; warm aged-paper evidence layers; off-white distressed condensed headline; restrained deep-red underline/tab accents; tiny brass/black office hardware only when useful; realistic paper depth and film-grain; strong cinematic negative space; serious corporate/legal tone; no horror, no sensational crime-poster language, no neon, no dashboard/card-grid, no decorative clutter.
BUILD: Money/legal-number layout: one large exact amount/status is the hero on the left; one supporting factual photo or authentic source crop on the right; one secondary line only; never imply a judgment, verdict, or combined total not stated.
SOURCE INPUTS: EBAY_HQ_2018_CC_BY_SA.jpg; LIVE_MOAKLEY_COURTHOUSE_CC0.jpg.
Use only authentic source imagery/crops plus deterministic typography, paper textures, rules and shapes. Do not use AI-generated legal text, amounts, signatures, seals, portraits, court filings or settlement wording. Preserve exact amounts/status/chronology.
LEGAL/FACT LOCK: $55.7M is the announced civil settlement package, not a judgment or eBay-only payment.
SUBTITLE SAFE: bottom 22% completely clear of important content.
FINALITY: this is a deterministic final build, not a Higgsfield generation job and not a placeholder for later semantic correction.",EDITOR_FINAL_READY
B091,S11,778.640,784.000,T04,EDITOR_FINAL_BUILD,$48.7M COMPENSATION,,EBAY_HQ_2018_CC_BY_SA.jpg; LIVE_MOAKLEY_COURTHOUSE_CC0.jpg,"$55.7M is the announced civil settlement package, not a judgment or eBay-only payment.","FINAL EDITOR FRAME — B091 — 16:9 WHAT IT COST
SCENE PURPOSE: $48.7M COMPENSATION
NARRATION MEANING: ""According to the announced terms, forty-eight-point-seven million dollars was compensation to the Steiners.""
ON-SCREEN TEXT: ""$48.7M COMPENSATION""
STYLE: WHAT IT COST canonical final-frame style: premium investigative business documentary; charcoal/black textured background; warm aged-paper evidence layers; off-white distressed condensed headline; restrained deep-red underline/tab accents; tiny brass/black office hardware only when useful; realistic paper depth and film-grain; strong cinematic negative space; serious corporate/legal tone; no horror, no sensational crime-poster language, no neon, no dashboard/card-grid, no decorative clutter.
BUILD: Money/legal-number layout: one large exact amount/status is the hero on the left; one supporting factual photo or authentic source crop on the right; one secondary line only; never imply a judgment, verdict, or combined total not stated.
SOURCE INPUTS: EBAY_HQ_2018_CC_BY_SA.jpg; LIVE_MOAKLEY_COURTHOUSE_CC0.jpg.
Use only authentic source imagery/crops plus deterministic typography, paper textures, rules and shapes. Do not use AI-generated legal text, amounts, signatures, seals, portraits, court filings or settlement wording. Preserve exact amounts/status/chronology.
LEGAL/FACT LOCK: $55.7M is the announced civil settlement package, not a judgment or eBay-only payment.
SUBTITLE SAFE: bottom 22% completely clear of important content.
FINALITY: this is a deterministic final build, not a Higgsfield generation job and not a placeholder for later semantic correction.",EDITOR_FINAL_READY
B092,S11,784.680,787.640,T04,EDITOR_FINAL_BUILD,$7M CHARITABLE COMMITMENTS,,EBAY_HQ_2018_CC_BY_SA.jpg; LIVE_MOAKLEY_COURTHOUSE_CC0.jpg,"$55.7M is the announced civil settlement package, not a judgment or eBay-only payment.","FINAL EDITOR FRAME — B092 — 16:9 WHAT IT COST
SCENE PURPOSE: $7M CHARITABLE COMMITMENTS
NARRATION MEANING: ""Another seven million dollars consisted of charitable commitments.""
ON-SCREEN TEXT: ""$7M CHARITABLE COMMITMENTS""
STYLE: WHAT IT COST canonical final-frame style: premium investigative business documentary; charcoal/black textured background; warm aged-paper evidence layers; off-white distressed condensed headline; restrained deep-red underline/tab accents; tiny brass/black office hardware only when useful; realistic paper depth and film-grain; strong cinematic negative space; serious corporate/legal tone; no horror, no sensational crime-poster language, no neon, no dashboard/card-grid, no decorative clutter.
BUILD: Money/legal-number layout: one large exact amount/status is the hero on the left; one supporting factual photo or authentic source crop on the right; one secondary line only; never imply a judgment, verdict, or combined total not stated.
SOURCE INPUTS: EBAY_HQ_2018_CC_BY_SA.jpg; LIVE_MOAKLEY_COURTHOUSE_CC0.jpg.
Use only authentic source imagery/crops plus deterministic typography, paper textures, rules and shapes. Do not use AI-generated legal text, amounts, signatures, seals, portraits, court filings or settlement wording. Preserve exact amounts/status/chronology.
LEGAL/FACT LOCK: $55.7M is the announced civil settlement package, not a judgment or eBay-only payment.
SUBTITLE SAFE: bottom 22% completely clear of important content.
FINALITY: this is a deterministic final build, not a Higgsfield generation job and not a placeholder for later semantic correction.",EDITOR_FINAL_READY
B093,S11,788.540,794.660,T04,EDITOR_FINAL_BUILD,EBAY — $46.15M,,EBAY_HQ_2018_CC_BY_SA.jpg; LIVE_MOAKLEY_COURTHOUSE_CC0.jpg,"$55.7M is the announced civil settlement package, not a judgment or eBay-only payment.","FINAL EDITOR FRAME — B093 — 16:9 WHAT IT COST
SCENE PURPOSE: EBAY — $46.15M
NARRATION MEANING: ""Of the direct compensation, eBay's announced share was forty-six-point-one-five million dollars.""
ON-SCREEN TEXT: ""EBAY — $46.15M""
STYLE: WHAT IT COST canonical final-frame style: premium investigative business documentary; charcoal/black textured background; warm aged-paper evidence layers; off-white distressed condensed headline; restrained deep-red underline/tab accents; tiny brass/black office hardware only when useful; realistic paper depth and film-grain; strong cinematic negative space; serious corporate/legal tone; no horror, no sensational crime-poster language, no neon, no dashboard/card-grid, no decorative clutter.
BUILD: Money/legal-number layout: one large exact amount/status is the hero on the left; one supporting factual photo or authentic source crop on the right; one secondary line only; never imply a judgment, verdict, or combined total not stated.
SOURCE INPUTS: EBAY_HQ_2018_CC_BY_SA.jpg; LIVE_MOAKLEY_COURTHOUSE_CC0.jpg.
Use only authentic source imagery/crops plus deterministic typography, paper textures, rules and shapes. Do not use AI-generated legal text, amounts, signatures, seals, portraits, court filings or settlement wording. Preserve exact amounts/status/chronology.
LEGAL/FACT LOCK: $55.7M is the announced civil settlement package, not a judgment or eBay-only payment.
SUBTITLE SAFE: bottom 22% completely clear of important content.
FINALITY: this is a deterministic final build, not a Higgsfield generation job and not a placeholder for later semantic correction.",EDITOR_FINAL_READY
B094,S11,794.660,796.180,T04,EDITOR_FINAL_BUILD,DEVIN WENIG — $2M,,EBAY_HQ_2018_CC_BY_SA.jpg; LIVE_MOAKLEY_COURTHOUSE_CC0.jpg,"$55.7M is the announced civil settlement package, not a judgment or eBay-only payment.","FINAL EDITOR FRAME — B094 — 16:9 WHAT IT COST
SCENE PURPOSE: DEVIN WENIG — $2M
NARRATION MEANING: ""Devin Wenig's was two million.""
ON-SCREEN TEXT: ""DEVIN WENIG — $2M""
STYLE: WHAT IT COST canonical final-frame style: premium investigative business documentary; charcoal/black textured background; warm aged-paper evidence layers; off-white distressed condensed headline; restrained deep-red underline/tab accents; tiny brass/black office hardware only when useful; realistic paper depth and film-grain; strong cinematic negative space; serious corporate/legal tone; no horror, no sensational crime-poster language, no neon, no dashboard/card-grid, no decorative clutter.
BUILD: Money/legal-number layout: one large exact amount/status is the hero on the left; one supporting factual photo or authentic source crop on the right; one secondary line only; never imply a judgment, verdict, or combined total not stated.
SOURCE INPUTS: EBAY_HQ_2018_CC_BY_SA.jpg; LIVE_MOAKLEY_COURTHOUSE_CC0.jpg.
Use only authentic source imagery/crops plus deterministic typography, paper textures, rules and shapes. Do not use AI-generated legal text, amounts, signatures, seals, portraits, court filings or settlement wording. Preserve exact amounts/status/chronology.
LEGAL/FACT LOCK: $55.7M is the announced civil settlement package, not a judgment or eBay-only payment.
SUBTITLE SAFE: bottom 22% completely clear of important content.
FINALITY: this is a deterministic final build, not a Higgsfield generation job and not a placeholder for later semantic correction.",EDITOR_FINAL_READY
B095,S11,797.040,801.260,T04,EDITOR_FINAL_BUILD,WENDY JONES — $500K • STEVE WYMER — $50K,,EBAY_HQ_2018_CC_BY_SA.jpg; LIVE_MOAKLEY_COURTHOUSE_CC0.jpg,"$55.7M is the announced civil settlement package, not a judgment or eBay-only payment.","FINAL EDITOR FRAME — B095 — 16:9 WHAT IT COST
SCENE PURPOSE: WENDY JONES — $500K • STEVE WYMER — $50K
NARRATION MEANING: ""Wendy Jones's was five hundred thousand. Steve Wymer's was fifty thousand.""
ON-SCREEN TEXT: ""WENDY JONES — $500K • STEVE WYMER — $50K""
STYLE: WHAT IT COST canonical final-frame style: premium investigative business documentary; charcoal/black textured background; warm aged-paper evidence layers; off-white distressed condensed headline; restrained deep-red underline/tab accents; tiny brass/black office hardware only when useful; realistic paper depth and film-grain; strong cinematic negative space; serious corporate/legal tone; no horror, no sensational crime-poster language, no neon, no dashboard/card-grid, no decorative clutter.
BUILD: Money/legal-number layout: one large exact amount/status is the hero on the left; one supporting factual photo or authentic source crop on the right; one secondary line only; never imply a judgment, verdict, or combined total not stated.
SOURCE INPUTS: EBAY_HQ_2018_CC_BY_SA.jpg; LIVE_MOAKLEY_COURTHOUSE_CC0.jpg.
Use only authentic source imagery/crops plus deterministic typography, paper textures, rules and shapes. Do not use AI-generated legal text, amounts, signatures, seals, portraits, court filings or settlement wording. Preserve exact amounts/status/chronology.
LEGAL/FACT LOCK: $55.7M is the announced civil settlement package, not a judgment or eBay-only payment.
SUBTITLE SAFE: bottom 22% completely clear of important content.
FINALITY: this is a deterministic final build, not a Higgsfield generation job and not a placeholder for later semantic correction.",EDITOR_FINAL_READY
B096,S11,801.740,812.020,T04,EDITOR_FINAL_BUILD,EBAY — $6M • WENIG — $1M,,EBAY_HQ_2018_CC_BY_SA.jpg; LIVE_MOAKLEY_COURTHOUSE_CC0.jpg,"$55.7M is the announced civil settlement package, not a judgment or eBay-only payment.","FINAL EDITOR FRAME — B096 — 16:9 WHAT IT COST
SCENE PURPOSE: EBAY — $6M • WENIG — $1M
NARRATION MEANING: ""Separately, eBay committed six million dollars to nonprofit organizations, and Wenig committed one million dollars to a First Amendment-focused charity in Ina Steiner's name.""
ON-SCREEN TEXT: ""EBAY — $6M • WENIG — $1M""
STYLE: WHAT IT COST canonical final-frame style: premium investigative business documentary; charcoal/black textured background; warm aged-paper evidence layers; off-white distressed condensed headline; restrained deep-red underline/tab accents; tiny brass/black office hardware only when useful; realistic paper depth and film-grain; strong cinematic negative space; serious corporate/legal tone; no horror, no sensational crime-poster language, no neon, no dashboard/card-grid, no decorative clutter.
BUILD: Money/legal-number layout: one large exact amount/status is the hero on the left; one supporting factual photo or authentic source crop on the right; one secondary line only; never imply a judgment, verdict, or combined total not stated.
SOURCE INPUTS: EBAY_HQ_2018_CC_BY_SA.jpg; LIVE_MOAKLEY_COURTHOUSE_CC0.jpg.
Use only authentic source imagery/crops plus deterministic typography, paper textures, rules and shapes. Do not use AI-generated legal text, amounts, signatures, seals, portraits, court filings or settlement wording. Preserve exact amounts/status/chronology.
LEGAL/FACT LOCK: $55.7M is the announced civil settlement package, not a judgment or eBay-only payment.
SUBTITLE SAFE: bottom 22% completely clear of important content.
FINALITY: this is a deterministic final build, not a Higgsfield generation job and not a placeholder for later semantic correction.",EDITOR_FINAL_READY
B097,S11,812.780,815.940,T04,EDITOR_FINAL_BUILD,$48.7M + $7M = $55.7M,,EBAY_HQ_2018_CC_BY_SA.jpg; LIVE_MOAKLEY_COURTHOUSE_CC0.jpg,"$55.7M is the announced civil settlement package, not a judgment or eBay-only payment.","FINAL EDITOR FRAME — B097 — 16:9 WHAT IT COST
SCENE PURPOSE: $48.7M + $7M = $55.7M
NARRATION MEANING: ""That is how the total reached fifty-five-point-seven million.""
ON-SCREEN TEXT: ""$48.7M + $7M = $55.7M""
STYLE: WHAT IT COST canonical final-frame style: premium investigative business documentary; charcoal/black textured background; warm aged-paper evidence layers; off-white distressed condensed headline; restrained deep-red underline/tab accents; tiny brass/black office hardware only when useful; realistic paper depth and film-grain; strong cinematic negative space; serious corporate/legal tone; no horror, no sensational crime-poster language, no neon, no dashboard/card-grid, no decorative clutter.
BUILD: Money/legal-number layout: one large exact amount/status is the hero on the left; one supporting factual photo or authentic source crop on the right; one secondary line only; never imply a judgment, verdict, or combined total not stated.
SOURCE INPUTS: EBAY_HQ_2018_CC_BY_SA.jpg; LIVE_MOAKLEY_COURTHOUSE_CC0.jpg.
Use only authentic source imagery/crops plus deterministic typography, paper textures, rules and shapes. Do not use AI-generated legal text, amounts, signatures, seals, portraits, court filings or settlement wording. Preserve exact amounts/status/chronology.
LEGAL/FACT LOCK: $55.7M is the announced civil settlement package, not a judgment or eBay-only payment.
SUBTITLE SAFE: bottom 22% completely clear of important content.
FINALITY: this is a deterministic final build, not a Higgsfield generation job and not a placeholder for later semantic correction.",EDITOR_FINAL_READY
B098,S11,816.540,825.700,T04,EDITOR_FINAL_BUILD,$3M CRIMINAL PENALTY — SEPARATE,,EBAY_HQ_2018_CC_BY_SA.jpg; LIVE_MOAKLEY_COURTHOUSE_CC0.jpg,"$55.7M is the announced civil settlement package, not a judgment or eBay-only payment. $3M criminal DPA penalty is separate from the $55.7M civil settlement package.","FINAL EDITOR FRAME — B098 — 16:9 WHAT IT COST
SCENE PURPOSE: $3M CRIMINAL PENALTY — SEPARATE
NARRATION MEANING: ""And that number should not be combined with eBay's separate three-million-dollar criminal penalty and presented as a fifty-eight-point-seven-million-dollar award.""
ON-SCREEN TEXT: ""$3M CRIMINAL PENALTY — SEPARATE""
STYLE: WHAT IT COST canonical final-frame style: premium investigative business documentary; charcoal/black textured background; warm aged-paper evidence layers; off-white distressed condensed headline; restrained deep-red underline/tab accents; tiny brass/black office hardware only when useful; realistic paper depth and film-grain; strong cinematic negative space; serious corporate/legal tone; no horror, no sensational crime-poster language, no neon, no dashboard/card-grid, no decorative clutter.
BUILD: Money/legal-number layout: one large exact amount/status is the hero on the left; one supporting factual photo or authentic source crop on the right; one secondary line only; never imply a judgment, verdict, or combined total not stated.
SOURCE INPUTS: EBAY_HQ_2018_CC_BY_SA.jpg; LIVE_MOAKLEY_COURTHOUSE_CC0.jpg.
Use only authentic source imagery/crops plus deterministic typography, paper textures, rules and shapes. Do not use AI-generated legal text, amounts, signatures, seals, portraits, court filings or settlement wording. Preserve exact amounts/status/chronology.
LEGAL/FACT LOCK: $55.7M is the announced civil settlement package, not a judgment or eBay-only payment. $3M criminal DPA penalty is separate from the $55.7M civil settlement package.
SUBTITLE SAFE: bottom 22% completely clear of important content.
FINALITY: this is a deterministic final build, not a Higgsfield generation job and not a placeholder for later semantic correction.",EDITOR_FINAL_READY
B099,S11,826.300,827.520,T04,EDITOR_FINAL_BUILD,NO $58.7M AWARD,,EBAY_HQ_2018_CC_BY_SA.jpg; LIVE_MOAKLEY_COURTHOUSE_CC0.jpg,"$55.7M is the announced civil settlement package, not a judgment or eBay-only payment.","FINAL EDITOR FRAME — B099 — 16:9 WHAT IT COST
SCENE PURPOSE: NO $58.7M AWARD
NARRATION MEANING: ""There was no such award.""
ON-SCREEN TEXT: ""NO $58.7M AWARD""
STYLE: WHAT IT COST canonical final-frame style: premium investigative business documentary; charcoal/black textured background; warm aged-paper evidence layers; off-white distressed condensed headline; restrained deep-red underline/tab accents; tiny brass/black office hardware only when useful; realistic paper depth and film-grain; strong cinematic negative space; serious corporate/legal tone; no horror, no sensational crime-poster language, no neon, no dashboard/card-grid, no decorative clutter.
BUILD: Money/legal-number layout: one large exact amount/status is the hero on the left; one supporting factual photo or authentic source crop on the right; one secondary line only; never imply a judgment, verdict, or combined total not stated.
SOURCE INPUTS: EBAY_HQ_2018_CC_BY_SA.jpg; LIVE_MOAKLEY_COURTHOUSE_CC0.jpg.
Use only authentic source imagery/crops plus deterministic typography, paper textures, rules and shapes. Do not use AI-generated legal text, amounts, signatures, seals, portraits, court filings or settlement wording. Preserve exact amounts/status/chronology.
LEGAL/FACT LOCK: $55.7M is the announced civil settlement package, not a judgment or eBay-only payment.
SUBTITLE SAFE: bottom 22% completely clear of important content.
FINALITY: this is a deterministic final build, not a Higgsfield generation job and not a placeholder for later semantic correction.",EDITOR_FINAL_READY
B100,S11,828.320,838.040,T04,EDITOR_FINAL_BUILD,TWO SEPARATE LEGAL TRACKS,,EBAY_HQ_2018_CC_BY_SA.jpg; LIVE_MOAKLEY_COURTHOUSE_CC0.jpg,"$55.7M is the announced civil settlement package, not a judgment or eBay-only payment.","FINAL EDITOR FRAME — B100 — 16:9 WHAT IT COST
SCENE PURPOSE: TWO SEPARATE LEGAL TRACKS
NARRATION MEANING: ""These were separate legal resolutions with different purposes. One was a federal criminal resolution involving the company. The other was the final civil settlement package.""
ON-SCREEN TEXT: ""TWO SEPARATE LEGAL TRACKS""
STYLE: WHAT IT COST canonical final-frame style: premium investigative business documentary; charcoal/black textured background; warm aged-paper evidence layers; off-white distressed condensed headline; restrained deep-red underline/tab accents; tiny brass/black office hardware only when useful; realistic paper depth and film-grain; strong cinematic negative space; serious corporate/legal tone; no horror, no sensational crime-poster language, no neon, no dashboard/card-grid, no decorative clutter.
BUILD: Money/legal-number layout: one large exact amount/status is the hero on the left; one supporting factual photo or authentic source crop on the right; one secondary line only; never imply a judgment, verdict, or combined total not stated.
SOURCE INPUTS: EBAY_HQ_2018_CC_BY_SA.jpg; LIVE_MOAKLEY_COURTHOUSE_CC0.jpg.
Use only authentic source imagery/crops plus deterministic typography, paper textures, rules and shapes. Do not use AI-generated legal text, amounts, signatures, seals, portraits, court filings or settlement wording. Preserve exact amounts/status/chronology.
LEGAL/FACT LOCK: $55.7M is the announced civil settlement package, not a judgment or eBay-only payment.
SUBTITLE SAFE: bottom 22% completely clear of important content.
FINALITY: this is a deterministic final build, not a Higgsfield generation job and not a placeholder for later semantic correction.",EDITOR_FINAL_READY
B101,S11,838.820,843.700,T04,EDITOR_FINAL_BUILD,COST ACCUMULATED OVER YEARS,,EBAY_HQ_2018_CC_BY_SA.jpg; LIVE_MOAKLEY_COURTHOUSE_CC0.jpg,"$55.7M is the announced civil settlement package, not a judgment or eBay-only payment.","FINAL EDITOR FRAME — B101 — 16:9 WHAT IT COST
SCENE PURPOSE: COST ACCUMULATED OVER YEARS
NARRATION MEANING: ""The cost did not arrive in one courtroom on one day. It accumulated over years.""
ON-SCREEN TEXT: ""COST ACCUMULATED OVER YEARS""
STYLE: WHAT IT COST canonical final-frame style: premium investigative business documentary; charcoal/black textured background; warm aged-paper evidence layers; off-white distressed condensed headline; restrained deep-red underline/tab accents; tiny brass/black office hardware only when useful; realistic paper depth and film-grain; strong cinematic negative space; serious corporate/legal tone; no horror, no sensational crime-poster language, no neon, no dashboard/card-grid, no decorative clutter.
BUILD: Money/legal-number layout: one large exact amount/status is the hero on the left; one supporting factual photo or authentic source crop on the right; one secondary line only; never imply a judgment, verdict, or combined total not stated.
SOURCE INPUTS: EBAY_HQ_2018_CC_BY_SA.jpg; LIVE_MOAKLEY_COURTHOUSE_CC0.jpg.
Use only authentic source imagery/crops plus deterministic typography, paper textures, rules and shapes. Do not use AI-generated legal text, amounts, signatures, seals, portraits, court filings or settlement wording. Preserve exact amounts/status/chronology.
LEGAL/FACT LOCK: $55.7M is the announced civil settlement package, not a judgment or eBay-only payment.
SUBTITLE SAFE: bottom 22% completely clear of important content.
FINALITY: this is a deterministic final build, not a Higgsfield generation job and not a placeholder for later semantic correction.",EDITOR_FINAL_READY
B102,S12,844.600,854.500,T06,EDITOR_FINAL_BUILD,EBAY APOLOGIZED,,EBAY_HQ_2018_CC_BY_SA.jpg,"Do not change legal status, amount, chronology, attribution, or allegation/finding posture.","FINAL EDITOR FRAME — B102 — 16:9 WHAT IT COST
SCENE PURPOSE: EBAY APOLOGIZED
NARRATION MEANING: ""In its July twenty twenty-six statement, eBay apologized to Ina and David Steiner. The company called the conduct of the former employees wrong and reprehensible.""
ON-SCREEN TEXT: ""EBAY APOLOGIZED""
STYLE: WHAT IT COST canonical final-frame style: premium investigative business documentary; charcoal/black textured background; warm aged-paper evidence layers; off-white distressed condensed headline; restrained deep-red underline/tab accents; tiny brass/black office hardware only when useful; realistic paper depth and film-grain; strong cinematic negative space; serious corporate/legal tone; no horror, no sensational crime-poster language, no neon, no dashboard/card-grid, no decorative clutter.
BUILD: Chronology/location layout: one date/location headline plus a simple horizontal or vertical timeline with 2–4 nodes maximum; authentic location/source photo as the visual anchor; no decorative map clutter.
SOURCE INPUTS: EBAY_HQ_2018_CC_BY_SA.jpg.
Use only authentic source imagery/crops plus deterministic typography, paper textures, rules and shapes. Do not use AI-generated legal text, amounts, signatures, seals, portraits, court filings or settlement wording. Preserve exact amounts/status/chronology.
LEGAL/FACT LOCK: Do not change legal status, amount, chronology, attribution, or allegation/finding posture.
SUBTITLE SAFE: bottom 22% completely clear of important content.
FINALITY: this is a deterministic final build, not a Higgsfield generation job and not a placeholder for later semantic correction.",EDITOR_FINAL_READY
B103,S12,855.180,861.280,T02,EDITOR_FINAL_BUILD,UNPROFESSIONAL COMMUNICATIONS,,EBAY_HQ_2018_CC_BY_SA.jpg,"Do not change legal status, amount, chronology, attribution, or allegation/finding posture.","FINAL EDITOR FRAME — B103 — 16:9 WHAT IT COST
SCENE PURPOSE: UNPROFESSIONAL COMMUNICATIONS
NARRATION MEANING: ""It also acknowledged what it described as unprofessional communications involving Wenig, Wymer and Jones.""
ON-SCREEN TEXT: ""UNPROFESSIONAL COMMUNICATIONS""
STYLE: WHAT IT COST canonical final-frame style: premium investigative business documentary; charcoal/black textured background; warm aged-paper evidence layers; off-white distressed condensed headline; restrained deep-red underline/tab accents; tiny brass/black office hardware only when useful; realistic paper depth and film-grain; strong cinematic negative space; serious corporate/legal tone; no horror, no sensational crime-poster language, no neon, no dashboard/card-grid, no decorative clutter.
BUILD: Split analytical layout: two clearly separated evidence/context zones, one dominant and one subordinate; headline placed in the cleanest negative-space zone; use thin rules or one red connector, never a busy flowchart.
SOURCE INPUTS: EBAY_HQ_2018_CC_BY_SA.jpg.
Use only authentic source imagery/crops plus deterministic typography, paper textures, rules and shapes. Do not use AI-generated legal text, amounts, signatures, seals, portraits, court filings or settlement wording. Preserve exact amounts/status/chronology.
LEGAL/FACT LOCK: Do not change legal status, amount, chronology, attribution, or allegation/finding posture.
SUBTITLE SAFE: bottom 22% completely clear of important content.
FINALITY: this is a deterministic final build, not a Higgsfield generation job and not a placeholder for later semantic correction.",EDITOR_FINAL_READY
B105,S12,870.120,880.540,T01,HIGGSFIELD_ONE_PASS,PUBLIC RECORD ≠ EVERY QUESTION ANSWERED,,NATICK_CENTER_2020_CC_BY_SA.jpg; EBAY_HQ_2018_CC_BY_SA.jpg,"Do not change legal status, amount, chronology, attribution, or allegation/finding posture.","FINAL VIDEO FRAME — B105 — 16:9 WHAT IT COST
SCENE PURPOSE: PUBLIC RECORD ≠ EVERY QUESTION ANSWERED
NARRATION MEANING: ""So the ending is not that a court answered every question. It did not. What the public record does show is enough. A small publication criticized a global marketplace.""
ALLOWED GENERATED TEXT ONLY: ""PUBLIC RECORD ≠ EVERY QUESTION ANSWERED"". Do not generate any other readable words. Source-crop text may remain only if it is already present in the attached authentic crop.
STYLE: WHAT IT COST canonical final-frame style: premium investigative business documentary; charcoal/black textured background; warm aged-paper evidence layers; off-white distressed condensed headline; restrained deep-red underline/tab accents; tiny brass/black office hardware only when useful; realistic paper depth and film-grain; strong cinematic negative space; serious corporate/legal tone; no horror, no sensational crime-poster language, no neon, no dashboard/card-grid, no decorative clutter.
LAYOUT: Asymmetrical evidence layout: one dominant authentic source/photo panel on the right or upper-right; headline block on the left; at most one secondary paper layer; restrained red rule; large clean negative space.
INPUTS: NATICK_CENTER_2020_CC_BY_SA.jpg; EBAY_HQ_2018_CC_BY_SA.jpg.
SOURCE FIDELITY: attached factual crops/photos are evidence, not inspiration. Preserve their subject and meaning. If an attached legal/document crop is shown, display it as an unchanged photographic crop inside the design; do NOT retype, redraw, summarize, invent, extend, or fabricate legal body text, headings, counts, seals, signatures, case numbers, dates or amounts.
LEGAL/FACT LOCK: Do not change legal status, amount, chronology, attribution, or allegation/finding posture.
SUBTITLE SAFE: bottom 22% of the entire frame must be dark, visually quiet and free of headline, quote, amount, face, evidence, source label, legal caveat, timeline endpoint or important object.
ONE-PASS RULES: final usable video frame, not a style board; max 1 hero idea + 1 support idea; max 2 generated text blocks; no pseudo-text; no fake documents; no duplicated hero; no random police/courthouse/GPS/money imagery unless demanded by this beat; no subject leakage from style; no UI; no watermark; no borders; no post-generation repair should be required.",PROMPT_READY_PREP_INPUTS_REQUIRED_WHERE_LISTED
B106,S12,881.420,888.700,T01,HIGGSFIELD_ONE_PASS,CRITICISM → CORPORATE SECURITY,,12B_SOURCE_ASSETS/R6_PREP/R6P_B106_DC001_CRUSH_THIS_LADY.png; 12B_SOURCE_ASSETS/R6_PREP/R6P_B106_DC003_TAKE_HER_DOWN.png; EBAY_HQ_2018_CC_BY_SA.jpg,"Do not change legal status, amount, chronology, attribution, or allegation/finding posture.","FINAL VIDEO FRAME — B106 — 16:9 WHAT IT COST
SCENE PURPOSE: CRITICISM → CORPORATE SECURITY
NARRATION MEANING: ""Inside eBay, that criticism generated escalating internal hostility. The issue moved into corporate security.""
ALLOWED GENERATED TEXT ONLY: ""CRITICISM → CORPORATE SECURITY"". Do not generate any other readable words. Source-crop text may remain only if it is already present in the attached authentic crop.
STYLE: WHAT IT COST canonical final-frame style: premium investigative business documentary; charcoal/black textured background; warm aged-paper evidence layers; off-white distressed condensed headline; restrained deep-red underline/tab accents; tiny brass/black office hardware only when useful; realistic paper depth and film-grain; strong cinematic negative space; serious corporate/legal tone; no horror, no sensational crime-poster language, no neon, no dashboard/card-grid, no decorative clutter.
LAYOUT: Asymmetrical evidence layout: one dominant authentic source/photo panel on the right or upper-right; headline block on the left; at most one secondary paper layer; restrained red rule; large clean negative space.
INPUTS: 12B_SOURCE_ASSETS/R6_PREP/R6P_B106_DC001_CRUSH_THIS_LADY.png; 12B_SOURCE_ASSETS/R6_PREP/R6P_B106_DC003_TAKE_HER_DOWN.png; EBAY_HQ_2018_CC_BY_SA.jpg.
SOURCE FIDELITY: attached factual crops/photos are evidence, not inspiration. Preserve their subject and meaning. If an attached legal/document crop is shown, display it as an unchanged photographic crop inside the design; do NOT retype, redraw, summarize, invent, extend, or fabricate legal body text, headings, counts, seals, signatures, case numbers, dates or amounts.
LEGAL/FACT LOCK: Do not change legal status, amount, chronology, attribution, or allegation/finding posture.
SUBTITLE SAFE: bottom 22% of the entire frame must be dark, visually quiet and free of headline, quote, amount, face, evidence, source label, legal caveat, timeline endpoint or important object.
ONE-PASS RULES: final usable video frame, not a style board; max 1 hero idea + 1 support idea; max 2 generated text blocks; no pseudo-text; no fake documents; no duplicated hero; no random police/courthouse/GPS/money imagery unless demanded by this beat; no subject leakage from style; no UI; no watermark; no borders; no post-generation repair should be required.",PROMPT_READY_PREP_INPUTS_REQUIRED_WHERE_LISTED
B107,S12,889.200,897.020,T06,HIGGSFIELD_ONE_PASS,HARASSMENT • SURVEILLANCE • OBSTRUCTION,,DOJ_FBI_PIG_MASK_AND_BOOK.jpg; GENERIC_GPS_TRACKER_CC0.jpg; 12B_SOURCE_ASSETS/R6_PREP/R6P_B107_DC023_OBSTRUCTION_DELETION.png,"Do not change legal status, amount, chronology, attribution, or allegation/finding posture.","FINAL VIDEO FRAME — B107 — 16:9 WHAT IT COST
SCENE PURPOSE: HARASSMENT • SURVEILLANCE • OBSTRUCTION
NARRATION MEANING: ""Security personnel planned and carried out harassment and surveillance. When police began investigating, the problem expanded into obstruction.""
ALLOWED GENERATED TEXT ONLY: ""HARASSMENT • SURVEILLANCE • OBSTRUCTION"". Do not generate any other readable words. Source-crop text may remain only if it is already present in the attached authentic crop.
STYLE: WHAT IT COST canonical final-frame style: premium investigative business documentary; charcoal/black textured background; warm aged-paper evidence layers; off-white distressed condensed headline; restrained deep-red underline/tab accents; tiny brass/black office hardware only when useful; realistic paper depth and film-grain; strong cinematic negative space; serious corporate/legal tone; no horror, no sensational crime-poster language, no neon, no dashboard/card-grid, no decorative clutter.
LAYOUT: Chronology/location layout: one date/location headline plus a simple horizontal or vertical timeline with 2–4 nodes maximum; authentic location/source photo as the visual anchor; no decorative map clutter.
INPUTS: DOJ_FBI_PIG_MASK_AND_BOOK.jpg; GENERIC_GPS_TRACKER_CC0.jpg; 12B_SOURCE_ASSETS/R6_PREP/R6P_B107_DC023_OBSTRUCTION_DELETION.png.
SOURCE FIDELITY: attached factual crops/photos are evidence, not inspiration. Preserve their subject and meaning. If an attached legal/document crop is shown, display it as an unchanged photographic crop inside the design; do NOT retype, redraw, summarize, invent, extend, or fabricate legal body text, headings, counts, seals, signatures, case numbers, dates or amounts.
LEGAL/FACT LOCK: Do not change legal status, amount, chronology, attribution, or allegation/finding posture.
SUBTITLE SAFE: bottom 22% of the entire frame must be dark, visually quiet and free of headline, quote, amount, face, evidence, source label, legal caveat, timeline endpoint or important object.
ONE-PASS RULES: final usable video frame, not a style board; max 1 hero idea + 1 support idea; max 2 generated text blocks; no pseudo-text; no fake documents; no duplicated hero; no random police/courthouse/GPS/money imagery unless demanded by this beat; no subject leakage from style; no UI; no watermark; no borders; no post-generation repair should be required.",PROMPT_READY_PREP_INPUTS_REQUIRED_WHERE_LISTED
B108,S12,897.900,900.400,T07,HIGGSFIELD_ONE_PASS,SEVEN GUILTY PLEAS,,12B_SOURCE_ASSETS/R6_PREP/R6P_B108_DC011_SEVEN_GUILTY_DOJ.png,"Do not change legal status, amount, chronology, attribution, or allegation/finding posture.","FINAL VIDEO FRAME — B108 — 16:9 WHAT IT COST
SCENE PURPOSE: SEVEN GUILTY PLEAS
NARRATION MEANING: ""Seven prosecuted participants pleaded guilty.""
ALLOWED GENERATED TEXT ONLY: ""SEVEN GUILTY PLEAS"". Do not generate any other readable words. Source-crop text may remain only if it is already present in the attached authentic crop.
STYLE: WHAT IT COST canonical final-frame style: premium investigative business documentary; charcoal/black textured background; warm aged-paper evidence layers; off-white distressed condensed headline; restrained deep-red underline/tab accents; tiny brass/black office hardware only when useful; realistic paper depth and film-grain; strong cinematic negative space; serious corporate/legal tone; no horror, no sensational crime-poster language, no neon, no dashboard/card-grid, no decorative clutter.
LAYOUT: Accountability/status layout: large legal-status headline left; one authentic DOJ/court/source crop or courthouse/context image right; minimal dossier treatment; never fabricate case paperwork.
INPUTS: 12B_SOURCE_ASSETS/R6_PREP/R6P_B108_DC011_SEVEN_GUILTY_DOJ.png.
SOURCE FIDELITY: attached factual crops/photos are evidence, not inspiration. Preserve their subject and meaning. If an attached legal/document crop is shown, display it as an unchanged photographic crop inside the design; do NOT retype, redraw, summarize, invent, extend, or fabricate legal body text, headings, counts, seals, signatures, case numbers, dates or amounts.
LEGAL/FACT LOCK: Do not change legal status, amount, chronology, attribution, or allegation/finding posture.
SUBTITLE SAFE: bottom 22% of the entire frame must be dark, visually quiet and free of headline, quote, amount, face, evidence, source label, legal caveat, timeline endpoint or important object.
ONE-PASS RULES: final usable video frame, not a style board; max 1 hero idea + 1 support idea; max 2 generated text blocks; no pseudo-text; no fake documents; no duplicated hero; no random police/courthouse/GPS/money imagery unless demanded by this beat; no subject leakage from style; no UI; no watermark; no borders; no post-generation repair should be required.",PROMPT_READY_PREP_INPUTS_REQUIRED_WHERE_LISTED
B109,S12,901.260,911.140,T04,HIGGSFIELD_ONE_PASS,$3M PENALTY • INDEPENDENT MONITOR,,12B_SOURCE_ASSETS/R6_PREP/R6P_B109_DC015_DPA_CRIMINAL_PENALTY.png; 12B_SOURCE_ASSETS/R6_PREP/R6P_B109_DC016_DPA_COMPLIANCE_MONITOR.png; EBAY_HQ_2018_CC_BY_SA.jpg,DPA is not a conviction. $3M criminal DPA penalty is separate from the $55.7M civil settlement package.,"FINAL VIDEO FRAME — B109 — 16:9 WHAT IT COST
SCENE PURPOSE: $3M PENALTY • INDEPENDENT MONITOR
NARRATION MEANING: ""eBay itself later entered a federal deferred prosecution agreement, admitted detailed facts, paid a three-million-dollar criminal penalty, and accepted an independent monitor.""
ALLOWED GENERATED TEXT ONLY: ""$3M PENALTY • INDEPENDENT MONITOR"". Do not generate any other readable words. Source-crop text may remain only if it is already present in the attached authentic crop.
STYLE: WHAT IT COST canonical final-frame style: premium investigative business documentary; charcoal/black textured background; warm aged-paper evidence layers; off-white distressed condensed headline; restrained deep-red underline/tab accents; tiny brass/black office hardware only when useful; realistic paper depth and film-grain; strong cinematic negative space; serious corporate/legal tone; no horror, no sensational crime-poster language, no neon, no dashboard/card-grid, no decorative clutter.
LAYOUT: Money/legal-number layout: one large exact amount/status is the hero on the left; one supporting factual photo or authentic source crop on the right; one secondary line only; never imply a judgment, verdict, or combined total not stated.
INPUTS: 12B_SOURCE_ASSETS/R6_PREP/R6P_B109_DC015_DPA_CRIMINAL_PENALTY.png; 12B_SOURCE_ASSETS/R6_PREP/R6P_B109_DC016_DPA_COMPLIANCE_MONITOR.png; EBAY_HQ_2018_CC_BY_SA.jpg.
SOURCE FIDELITY: attached factual crops/photos are evidence, not inspiration. Preserve their subject and meaning. If an attached legal/document crop is shown, display it as an unchanged photographic crop inside the design; do NOT retype, redraw, summarize, invent, extend, or fabricate legal body text, headings, counts, seals, signatures, case numbers, dates or amounts.
LEGAL/FACT LOCK: DPA is not a conviction. $3M criminal DPA penalty is separate from the $55.7M civil settlement package.
SUBTITLE SAFE: bottom 22% of the entire frame must be dark, visually quiet and free of headline, quote, amount, face, evidence, source label, legal caveat, timeline endpoint or important object.
ONE-PASS RULES: final usable video frame, not a style board; max 1 hero idea + 1 support idea; max 2 generated text blocks; no pseudo-text; no fake documents; no duplicated hero; no random police/courthouse/GPS/money imagery unless demanded by this beat; no subject leakage from style; no UI; no watermark; no borders; no post-generation repair should be required.",PROMPT_READY_PREP_INPUTS_REQUIRED_WHERE_LISTED
B110,S12,911.840,921.080,T06,HIGGSFIELD_ONE_PASS,FIRST SETTLEMENT FAILED,,LIVE_MOAKLEY_COURTHOUSE_CC0.jpg,"Do not change legal status, amount, chronology, attribution, or allegation/finding posture.","FINAL VIDEO FRAME — B110 — 16:9 WHAT IT COST
SCENE PURPOSE: FIRST SETTLEMENT FAILED
NARRATION MEANING: ""Years of civil litigation then pushed unresolved questions about responsibility higher into the organization. The first twenty twenty-six settlement failed.""
ALLOWED GENERATED TEXT ONLY: ""FIRST SETTLEMENT FAILED"". Do not generate any other readable words. Source-crop text may remain only if it is already present in the attached authentic crop.
STYLE: WHAT IT COST canonical final-frame style: premium investigative business documentary; charcoal/black textured background; warm aged-paper evidence layers; off-white distressed condensed headline; restrained deep-red underline/tab accents; tiny brass/black office hardware only when useful; realistic paper depth and film-grain; strong cinematic negative space; serious corporate/legal tone; no horror, no sensational crime-poster language, no neon, no dashboard/card-grid, no decorative clutter.
LAYOUT: Chronology/location layout: one date/location headline plus a simple horizontal or vertical timeline with 2–4 nodes maximum; authentic location/source photo as the visual anchor; no decorative map clutter.
INPUTS: LIVE_MOAKLEY_COURTHOUSE_CC0.jpg.
SOURCE FIDELITY: attached factual crops/photos are evidence, not inspiration. Preserve their subject and meaning. If an attached legal/document crop is shown, display it as an unchanged photographic crop inside the design; do NOT retype, redraw, summarize, invent, extend, or fabricate legal body text, headings, counts, seals, signatures, case numbers, dates or amounts.
LEGAL/FACT LOCK: Do not change legal status, amount, chronology, attribution, or allegation/finding posture.
SUBTITLE SAFE: bottom 22% of the entire frame must be dark, visually quiet and free of headline, quote, amount, face, evidence, source label, legal caveat, timeline endpoint or important object.
ONE-PASS RULES: final usable video frame, not a style board; max 1 hero idea + 1 support idea; max 2 generated text blocks; no pseudo-text; no fake documents; no duplicated hero; no random police/courthouse/GPS/money imagery unless demanded by this beat; no subject leakage from style; no UI; no watermark; no borders; no post-generation repair should be required.",PROMPT_READY_PREP_INPUTS_REQUIRED_WHERE_LISTED
B112,S12,927.320,937.400,T04,HIGGSFIELD_ONE_PASS,PERSONAL + CORPORATE LEGAL COSTS,,12B_SOURCE_ASSETS/R6_PREP/R6P_B112_DC011_SEVEN_GUILTY_DOJ.png; 12B_SOURCE_ASSETS/R6_PREP/R6P_B112_DC012_BAUGH_HARVILLE_SENTENCES_DOJ.png; 12B_SOURCE_ASSETS/R6_PREP/R6P_B112_DC015_DPA_CRIMINAL_PENALTY.png,DPA is not a conviction.,"FINAL VIDEO FRAME — B112 — 16:9 WHAT IT COST
SCENE PURPOSE: PERSONAL + CORPORATE LEGAL COSTS
NARRATION MEANING: ""There were personal costs: guilty pleas and prison sentences. There were corporate legal costs: federal charges, a D-P-A, a penalty, and monitoring.""
ALLOWED GENERATED TEXT ONLY: ""PERSONAL + CORPORATE LEGAL COSTS"". Do not generate any other readable words. Source-crop text may remain only if it is already present in the attached authentic crop.
STYLE: WHAT IT COST canonical final-frame style: premium investigative business documentary; charcoal/black textured background; warm aged-paper evidence layers; off-white distressed condensed headline; restrained deep-red underline/tab accents; tiny brass/black office hardware only when useful; realistic paper depth and film-grain; strong cinematic negative space; serious corporate/legal tone; no horror, no sensational crime-poster language, no neon, no dashboard/card-grid, no decorative clutter.
LAYOUT: Money/legal-number layout: one large exact amount/status is the hero on the left; one supporting factual photo or authentic source crop on the right; one secondary line only; never imply a judgment, verdict, or combined total not stated.
INPUTS: 12B_SOURCE_ASSETS/R6_PREP/R6P_B112_DC011_SEVEN_GUILTY_DOJ.png; 12B_SOURCE_ASSETS/R6_PREP/R6P_B112_DC012_BAUGH_HARVILLE_SENTENCES_DOJ.png; 12B_SOURCE_ASSETS/R6_PREP/R6P_B112_DC015_DPA_CRIMINAL_PENALTY.png.
SOURCE FIDELITY: attached factual crops/photos are evidence, not inspiration. Preserve their subject and meaning. If an attached legal/document crop is shown, display it as an unchanged photographic crop inside the design; do NOT retype, redraw, summarize, invent, extend, or fabricate legal body text, headings, counts, seals, signatures, case numbers, dates or amounts.
LEGAL/FACT LOCK: DPA is not a conviction.
SUBTITLE SAFE: bottom 22% of the entire frame must be dark, visually quiet and free of headline, quote, amount, face, evidence, source label, legal caveat, timeline endpoint or important object.
ONE-PASS RULES: final usable video frame, not a style board; max 1 hero idea + 1 support idea; max 2 generated text blocks; no pseudo-text; no fake documents; no duplicated hero; no random police/courthouse/GPS/money imagery unless demanded by this beat; no subject leakage from style; no UI; no watermark; no borders; no post-generation repair should be required.",PROMPT_READY_PREP_INPUTS_REQUIRED_WHERE_LISTED
B113,S12,938.280,942.180,T04,HIGGSFIELD_ONE_PASS,CIVIL COSTS — TENS OF MILLIONS,,EBAY_HQ_2018_CC_BY_SA.jpg,"$55.7M is the announced civil settlement package, not a judgment or eBay-only payment.","FINAL VIDEO FRAME — B113 — 16:9 WHAT IT COST
SCENE PURPOSE: CIVIL COSTS — TENS OF MILLIONS
NARRATION MEANING: ""And there were civil financial costs measured i n tens of millions of dollars.""
ALLOWED GENERATED TEXT ONLY: ""CIVIL COSTS — TENS OF MILLIONS"". Do not generate any other readable words. Source-crop text may remain only if it is already present in the attached authentic crop.
STYLE: WHAT IT COST canonical final-frame style: premium investigative business documentary; charcoal/black textured background; warm aged-paper evidence layers; off-white distressed condensed headline; restrained deep-red underline/tab accents; tiny brass/black office hardware only when useful; realistic paper depth and film-grain; strong cinematic negative space; serious corporate/legal tone; no horror, no sensational crime-poster language, no neon, no dashboard/card-grid, no decorative clutter.
LAYOUT: Money/legal-number layout: one large exact amount/status is the hero on the left; one supporting factual photo or authentic source crop on the right; one secondary line only; never imply a judgment, verdict, or combined total not stated.
INPUTS: EBAY_HQ_2018_CC_BY_SA.jpg.
SOURCE FIDELITY: attached factual crops/photos are evidence, not inspiration. Preserve their subject and meaning. If an attached legal/document crop is shown, display it as an unchanged photographic crop inside the design; do NOT retype, redraw, summarize, invent, extend, or fabricate legal body text, headings, counts, seals, signatures, case numbers, dates or amounts.
LEGAL/FACT LOCK: $55.7M is the announced civil settlement package, not a judgment or eBay-only payment.
SUBTITLE SAFE: bottom 22% of the entire frame must be dark, visually quiet and free of headline, quote, amount, face, evidence, source label, legal caveat, timeline endpoint or important object.
ONE-PASS RULES: final usable video frame, not a style board; max 1 hero idea + 1 support idea; max 2 generated text blocks; no pseudo-text; no fake documents; no duplicated hero; no random police/courthouse/GPS/money imagery unless demanded by this beat; no subject leakage from style; no UI; no watermark; no borders; no post-generation repair should be required.",PROMPT_READY_PREP_INPUTS_REQUIRED_WHERE_LISTED
B114,S12,942.720,951.340,T01,HIGGSFIELD_ONE_PASS,CRITICISM WASN’T THE EXPENSIVE PART,,EBAY_HQ_2018_CC_BY_SA.jpg,"Do not change legal status, amount, chronology, attribution, or allegation/finding posture.","FINAL VIDEO FRAME — B114 — 16:9 WHAT IT COST
SCENE PURPOSE: CRITICISM WASN’T THE EXPENSIVE PART
NARRATION MEANING: ""All of that grew out of a problem every major company eventually faces: criticism. The expensive decision was not that the criticism existed.""
ALLOWED GENERATED TEXT ONLY: ""CRITICISM WASN’T THE EXPENSIVE PART"". Do not generate any other readable words. Source-crop text may remain only if it is already present in the attached authentic crop.
STYLE: WHAT IT COST canonical final-frame style: premium investigative business documentary; charcoal/black textured background; warm aged-paper evidence layers; off-white distressed condensed headline; restrained deep-red underline/tab accents; tiny brass/black office hardware only when useful; realistic paper depth and film-grain; strong cinematic negative space; serious corporate/legal tone; no horror, no sensational crime-poster language, no neon, no dashboard/card-grid, no decorative clutter.
LAYOUT: Asymmetrical evidence layout: one dominant authentic source/photo panel on the right or upper-right; headline block on the left; at most one secondary paper layer; restrained red rule; large clean negative space.
INPUTS: EBAY_HQ_2018_CC_BY_SA.jpg.
SOURCE FIDELITY: attached factual crops/photos are evidence, not inspiration. Preserve their subject and meaning. If an attached legal/document crop is shown, display it as an unchanged photographic crop inside the design; do NOT retype, redraw, summarize, invent, extend, or fabricate legal body text, headings, counts, seals, signatures, case numbers, dates or amounts.
LEGAL/FACT LOCK: Do not change legal status, amount, chronology, attribution, or allegation/finding posture.
SUBTITLE SAFE: bottom 22% of the entire frame must be dark, visually quiet and free of headline, quote, amount, face, evidence, source label, legal caveat, timeline endpoint or important object.
ONE-PASS RULES: final usable video frame, not a style board; max 1 hero idea + 1 support idea; max 2 generated text blocks; no pseudo-text; no fake documents; no duplicated hero; no random police/courthouse/GPS/money imagery unless demanded by this beat; no subject leakage from style; no UI; no watermark; no borders; no post-generation repair should be required.",PROMPT_READY_PREP_INPUTS_REQUIRED_WHERE_LISTED
