generation_slot,beat_id,section,start,end,frame_family,route,exact_text,support_text,input_prep_ids,input_files,factual_reference_ids,person_photo_lock,legal_guardrail,subtitle_safe,model,resolution,quality,aspect_ratio,credits,final_instruction,status
G001,B002,S01,9.080,16.880,T03,HIGGSFIELD_ONE_PASS,NOT A FINE,,D_RV049A,12_SOURCE_PREP/RV049_S8_2_TERMINATION_FEE_CROP.png,RV049,NO,"$1B is contractual termination fee/liquidated damages, not government fine, court award or regulator invoice.",BOTTOM_22_PERCENT_CLEAR,gpt_image_2,1k,low,16:9,0.5,"FINAL VIDEO FRAME — G001 / B002 — 16:9 WHAT IT COST
SCENE PURPOSE: NOT A FINE
NARRATION MEANING: ""dollars. That billion dollars was not a government fine. It was not a court judgment. And it was not part of the twenty-billion-dollar purchase price.""
ALLOWED GENERATED TEXT ONLY: ""NOT A FINE"". Do not generate any other readable words. Source-crop text may remain only if it is already present in the attached authentic crop.
STYLE: WHAT IT COST canonical final-frame style: premium investigative business documentary; charcoal/black textured background; warm aged-paper evidence layers; off-white distressed condensed headline; restrained deep-red underline/tab accents; tiny brass/black office hardware only when useful; realistic paper depth and film-grain; strong cinematic negative space; serious corporate/legal tone; no horror, no sensational crime-poster language, no neon, no dashboard/card-grid, no decorative clutter.
LAYOUT: Quote/document layout: one large headline is the hero; attached authentic excerpt appears as a tight photographic crop, not a recreated document; surrounding papers stay blank.
SCENE: Headline block left. Right: the attached Section 8.2 termination-fee excerpt as a photographed paper crop on warm aged paper, one restrained red underline beneath the fee passage. The frame reads as contract language, not punishment: no court, regulator, gavel, cash or invoice imagery.
INPUTS: RV049_S8_2_TERMINATION_FEE_CROP.png.
SOURCE FIDELITY: attached factual crops/photos are evidence, not inspiration. Preserve their subject and meaning. If an attached legal/document crop is shown, display it as an unchanged photographic crop inside the design; do NOT retype, redraw, summarize, invent, extend, or fabricate legal body text, headings, counts, seals, signatures, case numbers, dates or amounts.
LEGAL/FACT LOCK: $1B is contractual termination fee/liquidated damages, not government fine, court award or regulator invoice.
SUBTITLE SAFE: bottom 22% of the entire frame must be dark, visually quiet and free of headline, quote, amount, face, evidence, source label, legal caveat, timeline endpoint or important object.
ONE-PASS RULES: final usable video frame, not a style board; max 1 hero idea + 1 support idea; max 2 generated text blocks; no pseudo-text; no fake documents; no duplicated hero; no random courthouse, gavel, scales, cash-stack, vault or regulator imagery unless demanded by this beat; logos only as attached unchanged identifiers; no subject leakage from style; no invented UI; no watermark; no borders; no post-generation repair should be required.",PROMPT_READY_PREP_INPUTS_REQUIRED_WHERE_LISTED
G002,B003,S01,17.580,26.700,T01,HIGGSFIELD_ONE_PASS,CONTRACTUAL EXIT COST,,P_RV025,12_SOURCE_PREP/RV025_ADOBE_FIGMA_DEAL_GRAPHIC.png,RV025;RV049,NO,"Preserve exact chronology, attribution and legal status.",BOTTOM_22_PERCENT_CLEAR,gpt_image_2,1k,low,16:9,0.5,"FINAL VIDEO FRAME — G002 / B003 — 16:9 WHAT IT COST
SCENE PURPOSE: CONTRACTUAL EXIT COST
NARRATION MEANING: ""It was a contractual termination payment money Adobe had agreed could become due if the deal failed under specified closing and regulatory circumstances.""
ALLOWED GENERATED TEXT ONLY: ""CONTRACTUAL EXIT COST"". Do not generate any other readable words. Source-crop text may remain only if it is already present in the attached authentic crop.
STYLE: WHAT IT COST canonical final-frame style: premium investigative business documentary; charcoal/black textured background; warm aged-paper evidence layers; off-white distressed condensed headline; restrained deep-red underline/tab accents; tiny brass/black office hardware only when useful; realistic paper depth and film-grain; strong cinematic negative space; serious corporate/legal tone; no horror, no sensational crime-poster language, no neon, no dashboard/card-grid, no decorative clutter.
LAYOUT: Asymmetrical evidence layout: one dominant authentic source/photo panel on the right or upper-right; headline block on the left; at most one secondary paper layer; restrained red rule; large clean negative space.
SCENE: Dominant right panel: the attached official Adobe + Figma deal graphic as an unchanged framed print on the charcoal field. From under its lower edge, a corner of warm blank contract paper with one deep-red tab protrudes: the exit term behind the public deal.
INPUTS: RV025_ADOBE_FIGMA_DEAL_GRAPHIC.png.
SOURCE FIDELITY: attached factual crops/photos are evidence, not inspiration. Preserve their subject and meaning. If an attached legal/document crop is shown, display it as an unchanged photographic crop inside the design; do NOT retype, redraw, summarize, invent, extend, or fabricate legal body text, headings, counts, seals, signatures, case numbers, dates or amounts.
LEGAL/FACT LOCK: Preserve exact chronology, attribution and legal status.
SUBTITLE SAFE: bottom 22% of the entire frame must be dark, visually quiet and free of headline, quote, amount, face, evidence, source label, legal caveat, timeline endpoint or important object.
ONE-PASS RULES: final usable video frame, not a style board; max 1 hero idea + 1 support idea; max 2 generated text blocks; no pseudo-text; no fake documents; no duplicated hero; no random courthouse, gavel, scales, cash-stack, vault or regulator imagery unless demanded by this beat; logos only as attached unchanged identifiers; no subject leakage from style; no invented UI; no watermark; no borders; no post-generation repair should be required.",PROMPT_READY_PREP_INPUTS_REQUIRED_WHERE_LISTED
G003,B004,S01,27.700,36.100,T06,HIGGSFIELD_ONE_PASS,NEGOTIATED BEFORE FAILURE,,D_RV052,12_SOURCE_PREP/RV052_JULY20_FEE_AGREED_CROP.png,RV050;RV051;RV052,NO,"$1B is contractual termination fee/liquidated damages, not government fine, court award or regulator invoice.",BOTTOM_22_PERCENT_CLEAR,gpt_image_2,1k,low,16:9,0.5,"FINAL VIDEO FRAME — G003 / B004 — 16:9 WHAT IT COST
SCENE PURPOSE: NEGOTIATED BEFORE FAILURE
NARRATION MEANING: ""The billion-dollar consequence was not invented after the acquisition collapsed. It had been negotiated before the merger agreement was even signed.""
ALLOWED GENERATED TEXT ONLY: ""NEGOTIATED BEFORE FAILURE"". Do not generate any other readable words. Source-crop text may remain only if it is already present in the attached authentic crop.
STYLE: WHAT IT COST canonical final-frame style: premium investigative business documentary; charcoal/black textured background; warm aged-paper evidence layers; off-white distressed condensed headline; restrained deep-red underline/tab accents; tiny brass/black office hardware only when useful; realistic paper depth and film-grain; strong cinematic negative space; serious corporate/legal tone; no horror, no sensational crime-poster language, no neon, no dashboard/card-grid, no decorative clutter.
LAYOUT: Chronology layout: one headline plus a simple horizontal or vertical timeline with 2-4 unlabeled nodes maximum; authentic source photo or crop as the visual anchor; no decorative map clutter.
SCENE: Horizontal timeline, three unlabeled nodes: first node red and sharp (negotiation), second paper-white (signing), third faint grey and distant (collapse). The attached July 20 negotiation excerpt sits above the first node as the anchor, making clear the cost existed before failure.
INPUTS: RV052_JULY20_FEE_AGREED_CROP.png.
SOURCE FIDELITY: attached factual crops/photos are evidence, not inspiration. Preserve their subject and meaning. If an attached legal/document crop is shown, display it as an unchanged photographic crop inside the design; do NOT retype, redraw, summarize, invent, extend, or fabricate legal body text, headings, counts, seals, signatures, case numbers, dates or amounts.
LEGAL/FACT LOCK: $1B is contractual termination fee/liquidated damages, not government fine, court award or regulator invoice.
SUBTITLE SAFE: bottom 22% of the entire frame must be dark, visually quiet and free of headline, quote, amount, face, evidence, source label, legal caveat, timeline endpoint or important object.
ONE-PASS RULES: final usable video frame, not a style board; max 1 hero idea + 1 support idea; max 2 generated text blocks; no pseudo-text; no fake documents; no duplicated hero; no random courthouse, gavel, scales, cash-stack, vault or regulator imagery unless demanded by this beat; logos only as attached unchanged identifiers; no subject leakage from style; no invented UI; no watermark; no borders; no post-generation repair should be required.",PROMPT_READY_PREP_INPUTS_REQUIRED_WHERE_LISTED
G004,B005,S01,37.040,47.160,T02,HIGGSFIELD_ONE_PASS,PRICING THE RISK,,P_RV004;P_RV015,12_SOURCE_PREP/RV004_ADOBE_HQ_SAN_JOSE.jpg;12_SOURCE_PREP/RV015_CONFIG_2023_KEYNOTE.jpg,RV001;RV012;RV049,YES,"Preserve exact chronology, attribution and legal status.",BOTTOM_22_PERCENT_CLEAR,gpt_image_2,1k,low,16:9,0.5,"FINAL VIDEO FRAME — G004 / B005 — 16:9 WHAT IT COST
SCENE PURPOSE: PRICING THE RISK
NARRATION MEANING: ""So the real story is not simply why regulators had concerns about Adobe buying Figma. It is how two companies priced the risk that the deal might never close""
ALLOWED GENERATED TEXT ONLY: ""PRICING THE RISK"". Do not generate any other readable words. Source-crop text may remain only if it is already present in the attached authentic crop.
STYLE: WHAT IT COST canonical final-frame style: premium investigative business documentary; charcoal/black textured background; warm aged-paper evidence layers; off-white distressed condensed headline; restrained deep-red underline/tab accents; tiny brass/black office hardware only when useful; realistic paper depth and film-grain; strong cinematic negative space; serious corporate/legal tone; no horror, no sensational crime-poster language, no neon, no dashboard/card-grid, no decorative clutter.
LAYOUT: Split analytical layout: two clearly separated evidence/context zones, one dominant and one subordinate; headline placed in the cleanest negative-space zone; use thin rules or one red connector, never a busy flowchart.
SCENE: Dominant left zone: Adobe headquarters photo. Subordinate right zone: Figma Config stage photo. One thin red connector runs between them and bends toward a small blank paper tag at the center: the risk both companies priced. No handshake, no money.
INPUTS: RV004_ADOBE_HQ_SAN_JOSE.jpg; RV015_CONFIG_2023_KEYNOTE.jpg.
SOURCE FIDELITY: attached factual crops/photos are evidence, not inspiration. Preserve their subject and meaning. If an attached legal/document crop is shown, display it as an unchanged photographic crop inside the design; do NOT retype, redraw, summarize, invent, extend, or fabricate legal body text, headings, counts, seals, signatures, case numbers, dates or amounts.
PERSON PHOTO LOCK: attached portraits/event photos are unchanged photographic prints; do not alter face, expression, age, clothing, pose or crowd; do not add, duplicate or invent any person.
LEGAL/FACT LOCK: Preserve exact chronology, attribution and legal status.
SUBTITLE SAFE: bottom 22% of the entire frame must be dark, visually quiet and free of headline, quote, amount, face, evidence, source label, legal caveat, timeline endpoint or important object.
ONE-PASS RULES: final usable video frame, not a style board; max 1 hero idea + 1 support idea; max 2 generated text blocks; no pseudo-text; no fake documents; no duplicated hero; no random courthouse, gavel, scales, cash-stack, vault or regulator imagery unless demanded by this beat; logos only as attached unchanged identifiers; no subject leakage from style; no invented UI; no watermark; no borders; no post-generation repair should be required.",PROMPT_READY_PREP_INPUTS_REQUIRED_WHERE_LISTED
G005,B006,S01,47.760,52.320,T04,HIGGSFIELD_ONE_PASS,THE RISK BECAME CASH,,D_RV063,12_SOURCE_PREP/RV063_10K_PAYMENT_CROP.png,RV063;RV064,NO,"$1B is contractual termination fee/liquidated damages, not government fine, court award or regulator invoice.",BOTTOM_22_PERCENT_CLEAR,gpt_image_2,1k,low,16:9,0.5,"FINAL VIDEO FRAME — G005 / B006 — 16:9 WHAT IT COST
SCENE PURPOSE: THE RISK BECAME CASH
NARRATION MEANING: ""and how that risk eventually became a real one-billion-dollar cash payment.""
ALLOWED GENERATED TEXT ONLY: ""THE RISK BECAME CASH"". Do not generate any other readable words. Source-crop text may remain only if it is already present in the attached authentic crop.
STYLE: WHAT IT COST canonical final-frame style: premium investigative business documentary; charcoal/black textured background; warm aged-paper evidence layers; off-white distressed condensed headline; restrained deep-red underline/tab accents; tiny brass/black office hardware only when useful; realistic paper depth and film-grain; strong cinematic negative space; serious corporate/legal tone; no horror, no sensational crime-poster language, no neon, no dashboard/card-grid, no decorative clutter.
LAYOUT: Money/legal-number layout: one large exact status headline is the hero on the left; one supporting factual photo or authentic source crop on the right; one secondary element only; never imply a judgment, fine, verdict, or combined total not stated.
SCENE: Headline is the hero on the left. Right: the attached Adobe 10-K payment excerpt as a photographed crop on warm paper. One restrained red rule links headline to crop. No cash stacks, no vault, no currency.
INPUTS: RV063_10K_PAYMENT_CROP.png.
SOURCE FIDELITY: attached factual crops/photos are evidence, not inspiration. Preserve their subject and meaning. If an attached legal/document crop is shown, display it as an unchanged photographic crop inside the design; do NOT retype, redraw, summarize, invent, extend, or fabricate legal body text, headings, counts, seals, signatures, case numbers, dates or amounts.
LEGAL/FACT LOCK: $1B is contractual termination fee/liquidated damages, not government fine, court award or regulator invoice.
SUBTITLE SAFE: bottom 22% of the entire frame must be dark, visually quiet and free of headline, quote, amount, face, evidence, source label, legal caveat, timeline endpoint or important object.
ONE-PASS RULES: final usable video frame, not a style board; max 1 hero idea + 1 support idea; max 2 generated text blocks; no pseudo-text; no fake documents; no duplicated hero; no random courthouse, gavel, scales, cash-stack, vault or regulator imagery unless demanded by this beat; logos only as attached unchanged identifiers; no subject leakage from style; no invented UI; no watermark; no borders; no post-generation repair should be required.",PROMPT_READY_PREP_INPUTS_REQUIRED_WHERE_LISTED
G006,B011,S02,89.960,94.540,T02,HIGGSFIELD_ONE_PASS,HOW DIRECTLY DID THEY COMPETE?,,P_RV037;P_RV044,12_SOURCE_PREP/RV037_FIGMA_DEV_MODE_UI.png;12_SOURCE_PREP/RV044_ADOBE_XD_WORKFLOW_UI.png,RV037;RV044,NO,"Preserve exact chronology, attribution and legal status.",BOTTOM_22_PERCENT_CLEAR,gpt_image_2,1k,low,16:9,0.5,"FINAL VIDEO FRAME — G006 / B011 — 16:9 WHAT IT COST
SCENE PURPOSE: HOW DIRECTLY DID THEY COMPETE?
NARRATION MEANING: ""even though Adobe and Figma later disputed how directly their products competed.""
ALLOWED GENERATED TEXT ONLY: ""HOW DIRECTLY DID THEY COMPETE?"". Do not generate any other readable words. Source-crop text may remain only if it is already present in the attached authentic crop.
STYLE: WHAT IT COST canonical final-frame style: premium investigative business documentary; charcoal/black textured background; warm aged-paper evidence layers; off-white distressed condensed headline; restrained deep-red underline/tab accents; tiny brass/black office hardware only when useful; realistic paper depth and film-grain; strong cinematic negative space; serious corporate/legal tone; no horror, no sensational crime-poster language, no neon, no dashboard/card-grid, no decorative clutter.
LAYOUT: Split analytical layout: two clearly separated evidence/context zones, one dominant and one subordinate; headline placed in the cleanest negative-space zone; use thin rules or one red connector, never a busy flowchart.
SCENE: Two unchanged product screenshots mounted on separate matte paper boards: Figma product left, Adobe XD documentation visual right, separated by a wide dark gap with a thin neutral bracket. Neither board overlaps or points at the other; the frame asks, it does not answer.
INPUTS: RV037_FIGMA_DEV_MODE_UI.png; RV044_ADOBE_XD_WORKFLOW_UI.png.
SOURCE FIDELITY: attached factual crops/photos are evidence, not inspiration. Preserve their subject and meaning. If an attached legal/document crop is shown, display it as an unchanged photographic crop inside the design; do NOT retype, redraw, summarize, invent, extend, or fabricate legal body text, headings, counts, seals, signatures, case numbers, dates or amounts.
LEGAL/FACT LOCK: Preserve exact chronology, attribution and legal status.
SUBTITLE SAFE: bottom 22% of the entire frame must be dark, visually quiet and free of headline, quote, amount, face, evidence, source label, legal caveat, timeline endpoint or important object.
ONE-PASS RULES: final usable video frame, not a style board; max 1 hero idea + 1 support idea; max 2 generated text blocks; no pseudo-text; no fake documents; no duplicated hero; no random courthouse, gavel, scales, cash-stack, vault or regulator imagery unless demanded by this beat; logos only as attached unchanged identifiers; no subject leakage from style; no invented UI; no watermark; no borders; no post-generation repair should be required.",PROMPT_READY_PREP_INPUTS_REQUIRED_WHERE_LISTED
G007,B013,S02,105.940,114.760,T04,HIGGSFIELD_ONE_PASS,HALF CASH / HALF STOCK,,D_RV048,12_SOURCE_PREP/RV048_8K_MERGER_AGREEMENT_CROP.png,RV047;RV048,NO,"Preserve exact chronology, attribution and legal status.",BOTTOM_22_PERCENT_CLEAR,gpt_image_2,1k,low,16:9,0.5,"FINAL VIDEO FRAME — G007 / B013 — 16:9 WHAT IT COST
SCENE PURPOSE: HALF CASH / HALF STOCK
NARRATION MEANING: ""The consideration was expected to be roughly half cash and half Adobe stock. But the agreement did not guarantee that the transaction would close.""
ALLOWED GENERATED TEXT ONLY: ""HALF CASH / HALF STOCK"". Do not generate any other readable words. Source-crop text may remain only if it is already present in the attached authentic crop.
STYLE: WHAT IT COST canonical final-frame style: premium investigative business documentary; charcoal/black textured background; warm aged-paper evidence layers; off-white distressed condensed headline; restrained deep-red underline/tab accents; tiny brass/black office hardware only when useful; realistic paper depth and film-grain; strong cinematic negative space; serious corporate/legal tone; no horror, no sensational crime-poster language, no neon, no dashboard/card-grid, no decorative clutter.
LAYOUT: Money/legal-number layout: one large exact status headline is the hero on the left; one supporting factual photo or authentic source crop on the right; one secondary element only; never imply a judgment, fine, verdict, or combined total not stated.
SCENE: Headline hero left. Below it, two equal blank paper blocks side by side, one warm ivory and one cool grey, split by a thin red rule (cash / stock without symbols or numbers). Right: the attached 8-K merger-agreement excerpt as a small photographed crop.
INPUTS: RV048_8K_MERGER_AGREEMENT_CROP.png.
SOURCE FIDELITY: attached factual crops/photos are evidence, not inspiration. Preserve their subject and meaning. If an attached legal/document crop is shown, display it as an unchanged photographic crop inside the design; do NOT retype, redraw, summarize, invent, extend, or fabricate legal body text, headings, counts, seals, signatures, case numbers, dates or amounts.
LEGAL/FACT LOCK: Preserve exact chronology, attribution and legal status.
SUBTITLE SAFE: bottom 22% of the entire frame must be dark, visually quiet and free of headline, quote, amount, face, evidence, source label, legal caveat, timeline endpoint or important object.
ONE-PASS RULES: final usable video frame, not a style board; max 1 hero idea + 1 support idea; max 2 generated text blocks; no pseudo-text; no fake documents; no duplicated hero; no random courthouse, gavel, scales, cash-stack, vault or regulator imagery unless demanded by this beat; logos only as attached unchanged identifiers; no subject leakage from style; no invented UI; no watermark; no borders; no post-generation repair should be required.",PROMPT_READY_PREP_INPUTS_REQUIRED_WHERE_LISTED
G008,B014,S02,115.820,123.680,T06,HIGGSFIELD_ONE_PASS,CLOSING CONDITIONS,,P_RV004,12_SOURCE_PREP/RV004_ADOBE_HQ_SAN_JOSE.jpg,RV048;RV049,NO,"$1B is contractual termination fee/liquidated damages, not government fine, court award or regulator invoice.",BOTTOM_22_PERCENT_CLEAR,gpt_image_2,1k,low,16:9,0.5,"FINAL VIDEO FRAME — G008 / B014 — 16:9 WHAT IT COST
SCENE PURPOSE: CLOSING CONDITIONS
NARRATION MEANING: ""It still depended on regulatory approvals and other closing conditions. And by the time the public heard the twenty-billion-dollar headline,""
ALLOWED GENERATED TEXT ONLY: ""CLOSING CONDITIONS"". Do not generate any other readable words. Source-crop text may remain only if it is already present in the attached authentic crop.
STYLE: WHAT IT COST canonical final-frame style: premium investigative business documentary; charcoal/black textured background; warm aged-paper evidence layers; off-white distressed condensed headline; restrained deep-red underline/tab accents; tiny brass/black office hardware only when useful; realistic paper depth and film-grain; strong cinematic negative space; serious corporate/legal tone; no horror, no sensational crime-poster language, no neon, no dashboard/card-grid, no decorative clutter.
LAYOUT: Chronology layout: one headline plus a simple horizontal or vertical timeline with 2-4 unlabeled nodes maximum; authentic source photo or crop as the visual anchor; no decorative map clutter.
SCENE: Horizontal path of three nodes: signed agreement (sharp paper-white), two open blank gate frames (approvals), and a distant outlined closing node that is not reached. Adobe headquarters photo as anchor upper-right. Conditional, not doomed.
INPUTS: RV004_ADOBE_HQ_SAN_JOSE.jpg.
SOURCE FIDELITY: attached factual crops/photos are evidence, not inspiration. Preserve their subject and meaning. If an attached legal/document crop is shown, display it as an unchanged photographic crop inside the design; do NOT retype, redraw, summarize, invent, extend, or fabricate legal body text, headings, counts, seals, signatures, case numbers, dates or amounts.
LEGAL/FACT LOCK: $1B is contractual termination fee/liquidated damages, not government fine, court award or regulator invoice.
SUBTITLE SAFE: bottom 22% of the entire frame must be dark, visually quiet and free of headline, quote, amount, face, evidence, source label, legal caveat, timeline endpoint or important object.
ONE-PASS RULES: final usable video frame, not a style board; max 1 hero idea + 1 support idea; max 2 generated text blocks; no pseudo-text; no fake documents; no duplicated hero; no random courthouse, gavel, scales, cash-stack, vault or regulator imagery unless demanded by this beat; logos only as attached unchanged identifiers; no subject leakage from style; no invented UI; no watermark; no borders; no post-generation repair should be required.",PROMPT_READY_PREP_INPUTS_REQUIRED_WHERE_LISTED
G009,B015,S02,124.300,130.120,T03,HIGGSFIELD_ONE_PASS,THE OTHER NUMBER,,D_RV047;D_RV049A,12_SOURCE_PREP/RV047_ANNOUNCEMENT_HEADLINE_CROP.png;12_SOURCE_PREP/RV049_S8_2_TERMINATION_FEE_CROP.png,RV049,NO,"$1B is contractual termination fee/liquidated damages, not government fine, court award or regulator invoice.",BOTTOM_22_PERCENT_CLEAR,gpt_image_2,1k,low,16:9,0.5,"FINAL VIDEO FRAME — G009 / B015 — 16:9 WHAT IT COST
SCENE PURPOSE: THE OTHER NUMBER
NARRATION MEANING: ""the contract already contained another number that would later become just as important. One billion dollars.""
ALLOWED GENERATED TEXT ONLY: ""THE OTHER NUMBER"". Do not generate any other readable words. Source-crop text may remain only if it is already present in the attached authentic crop.
STYLE: WHAT IT COST canonical final-frame style: premium investigative business documentary; charcoal/black textured background; warm aged-paper evidence layers; off-white distressed condensed headline; restrained deep-red underline/tab accents; tiny brass/black office hardware only when useful; realistic paper depth and film-grain; strong cinematic negative space; serious corporate/legal tone; no horror, no sensational crime-poster language, no neon, no dashboard/card-grid, no decorative clutter.
LAYOUT: Quote/document layout: one large headline is the hero; attached authentic excerpt appears as a tight photographic crop, not a recreated document; surrounding papers stay blank.
SCENE: The attached announcement headline crop sits large and slightly out of focus behind. In the foreground, smaller but tack-sharp, the attached Section 8.2 fee excerpt with one red underline. Public headline vs. the other number inside the contract.
INPUTS: RV047_ANNOUNCEMENT_HEADLINE_CROP.png; RV049_S8_2_TERMINATION_FEE_CROP.png.
SOURCE FIDELITY: attached factual crops/photos are evidence, not inspiration. Preserve their subject and meaning. If an attached legal/document crop is shown, display it as an unchanged photographic crop inside the design; do NOT retype, redraw, summarize, invent, extend, or fabricate legal body text, headings, counts, seals, signatures, case numbers, dates or amounts.
LEGAL/FACT LOCK: $1B is contractual termination fee/liquidated damages, not government fine, court award or regulator invoice.
SUBTITLE SAFE: bottom 22% of the entire frame must be dark, visually quiet and free of headline, quote, amount, face, evidence, source label, legal caveat, timeline endpoint or important object.
ONE-PASS RULES: final usable video frame, not a style board; max 1 hero idea + 1 support idea; max 2 generated text blocks; no pseudo-text; no fake documents; no duplicated hero; no random courthouse, gavel, scales, cash-stack, vault or regulator imagery unless demanded by this beat; logos only as attached unchanged identifiers; no subject leakage from style; no invented UI; no watermark; no borders; no post-generation repair should be required.",PROMPT_READY_PREP_INPUTS_REQUIRED_WHERE_LISTED
G010,B017,S03,138.300,146.580,T01,HIGGSFIELD_ONE_PASS,BEFORE 2022,,P_RV013,12_SOURCE_PREP/RV013_FIGMA_FOUNDERS_ARCHIVAL.jpg,RV050,YES,"Preserve exact chronology, attribution and legal status.",BOTTOM_22_PERCENT_CLEAR,gpt_image_2,1k,low,16:9,0.5,"FINAL VIDEO FRAME — G010 / B017 — 16:9 WHAT IT COST
SCENE PURPOSE: BEFORE 2022
NARRATION MEANING: ""Adobe and Figma had discussed possible combinations before twenty twenty-two, but those earlier conversations did not produce a transaction.""
ALLOWED GENERATED TEXT ONLY: ""BEFORE 2022"". Do not generate any other readable words. Source-crop text may remain only if it is already present in the attached authentic crop.
STYLE: WHAT IT COST canonical final-frame style: premium investigative business documentary; charcoal/black textured background; warm aged-paper evidence layers; off-white distressed condensed headline; restrained deep-red underline/tab accents; tiny brass/black office hardware only when useful; realistic paper depth and film-grain; strong cinematic negative space; serious corporate/legal tone; no horror, no sensational crime-poster language, no neon, no dashboard/card-grid, no decorative clutter.
LAYOUT: Asymmetrical evidence layout: one dominant authentic source/photo panel on the right or upper-right; headline block on the left; at most one secondary paper layer; restrained red rule; large clean negative space.
SCENE: Dominant right: the attached archival Figma founders office photo as a slightly faded print pinned to charcoal. Left of it one blank paper card with a faint grey connector line that stops short of the print: earlier talks that produced no deal.
INPUTS: RV013_FIGMA_FOUNDERS_ARCHIVAL.jpg.
SOURCE FIDELITY: attached factual crops/photos are evidence, not inspiration. Preserve their subject and meaning. If an attached legal/document crop is shown, display it as an unchanged photographic crop inside the design; do NOT retype, redraw, summarize, invent, extend, or fabricate legal body text, headings, counts, seals, signatures, case numbers, dates or amounts.
PERSON PHOTO LOCK: attached portraits/event photos are unchanged photographic prints; do not alter face, expression, age, clothing, pose or crowd; do not add, duplicate or invent any person.
LEGAL/FACT LOCK: Preserve exact chronology, attribution and legal status.
SUBTITLE SAFE: bottom 22% of the entire frame must be dark, visually quiet and free of headline, quote, amount, face, evidence, source label, legal caveat, timeline endpoint or important object.
ONE-PASS RULES: final usable video frame, not a style board; max 1 hero idea + 1 support idea; max 2 generated text blocks; no pseudo-text; no fake documents; no duplicated hero; no random courthouse, gavel, scales, cash-stack, vault or regulator imagery unless demanded by this beat; logos only as attached unchanged identifiers; no subject leakage from style; no invented UI; no watermark; no borders; no post-generation repair should be required.",PROMPT_READY_PREP_INPUTS_REQUIRED_WHERE_LISTED
G011,B018,S03,147.460,155.480,T06,HIGGSFIELD_ONE_PASS,TALKS RESTART,,P_RV065;P_RV066,12_SOURCE_PREP/RV065_ADOBE_IDENTIFIER.png;12_SOURCE_PREP/RV066_FIGMA_IDENTIFIER.png,RV050,NO,"Preserve exact chronology, attribution and legal status.",BOTTOM_22_PERCENT_CLEAR,gpt_image_2,1k,low,16:9,0.5,"FINAL VIDEO FRAME — G011 / B018 — 16:9 WHAT IT COST
SCENE PURPOSE: TALKS RESTART
NARRATION MEANING: ""Serious acquisition talks restarted in April twenty twenty-two. In May, the companies entered a confidentiality agreement""
ALLOWED GENERATED TEXT ONLY: ""TALKS RESTART"". Do not generate any other readable words. Source-crop text may remain only if it is already present in the attached authentic crop.
STYLE: WHAT IT COST canonical final-frame style: premium investigative business documentary; charcoal/black textured background; warm aged-paper evidence layers; off-white distressed condensed headline; restrained deep-red underline/tab accents; tiny brass/black office hardware only when useful; realistic paper depth and film-grain; strong cinematic negative space; serious corporate/legal tone; no horror, no sensational crime-poster language, no neon, no dashboard/card-grid, no decorative clutter.
LAYOUT: Chronology layout: one headline plus a simple horizontal or vertical timeline with 2-4 unlabeled nodes maximum; authentic source photo or crop as the visual anchor; no decorative map clutter.
SCENE: Two small unchanged company identifiers on separate paper cards connected by a restored thin red line with two unlabeled timeline ticks (spring, then later spring). Beside the line, a closed plain manila folder tied with red string (confidentiality). No readable folder labels.
INPUTS: RV065_ADOBE_IDENTIFIER.png; RV066_FIGMA_IDENTIFIER.png.
SOURCE FIDELITY: attached factual crops/photos are evidence, not inspiration. Preserve their subject and meaning. If an attached legal/document crop is shown, display it as an unchanged photographic crop inside the design; do NOT retype, redraw, summarize, invent, extend, or fabricate legal body text, headings, counts, seals, signatures, case numbers, dates or amounts.
LEGAL/FACT LOCK: Preserve exact chronology, attribution and legal status.
SUBTITLE SAFE: bottom 22% of the entire frame must be dark, visually quiet and free of headline, quote, amount, face, evidence, source label, legal caveat, timeline endpoint or important object.
ONE-PASS RULES: final usable video frame, not a style board; max 1 hero idea + 1 support idea; max 2 generated text blocks; no pseudo-text; no fake documents; no duplicated hero; no random courthouse, gavel, scales, cash-stack, vault or regulator imagery unless demanded by this beat; logos only as attached unchanged identifiers; no subject leakage from style; no invented UI; no watermark; no borders; no post-generation repair should be required.",PROMPT_READY_PREP_INPUTS_REQUIRED_WHERE_LISTED
G012,B019,S03,155.480,161.160,T04,HIGGSFIELD_ONE_PASS,THEN CAME THE PRICE,,P_RV001,12_SOURCE_PREP/RV001_NARAYEN_PORTRAIT.jpg,RV050,YES,"Preserve exact chronology, attribution and legal status.",BOTTOM_22_PERCENT_CLEAR,gpt_image_2,1k,low,16:9,0.5,"FINAL VIDEO FRAME — G012 / B019 — 16:9 WHAT IT COST
SCENE PURPOSE: THEN CAME THE PRICE
NARRATION MEANING: ""and Figma began providing confidential information to Adobe. Then came the price.""
ALLOWED GENERATED TEXT ONLY: ""THEN CAME THE PRICE"". Do not generate any other readable words. Source-crop text may remain only if it is already present in the attached authentic crop.
STYLE: WHAT IT COST canonical final-frame style: premium investigative business documentary; charcoal/black textured background; warm aged-paper evidence layers; off-white distressed condensed headline; restrained deep-red underline/tab accents; tiny brass/black office hardware only when useful; realistic paper depth and film-grain; strong cinematic negative space; serious corporate/legal tone; no horror, no sensational crime-poster language, no neon, no dashboard/card-grid, no decorative clutter.
LAYOUT: Money/legal-number layout: one large exact status headline is the hero on the left; one supporting factual photo or authentic source crop on the right; one secondary element only; never imply a judgment, fine, verdict, or combined total not stated.
SCENE: Headline hero left, large. Right: the attached Adobe CEO portrait as an unchanged photographic print on warm paper, identity context only. One blank ivory offer card sits below the headline with a thin red rule. No numerals generated.
INPUTS: RV001_NARAYEN_PORTRAIT.jpg.
SOURCE FIDELITY: attached factual crops/photos are evidence, not inspiration. Preserve their subject and meaning. If an attached legal/document crop is shown, display it as an unchanged photographic crop inside the design; do NOT retype, redraw, summarize, invent, extend, or fabricate legal body text, headings, counts, seals, signatures, case numbers, dates or amounts.
PERSON PHOTO LOCK: attached portraits/event photos are unchanged photographic prints; do not alter face, expression, age, clothing, pose or crowd; do not add, duplicate or invent any person.
LEGAL/FACT LOCK: Preserve exact chronology, attribution and legal status.
SUBTITLE SAFE: bottom 22% of the entire frame must be dark, visually quiet and free of headline, quote, amount, face, evidence, source label, legal caveat, timeline endpoint or important object.
ONE-PASS RULES: final usable video frame, not a style board; max 1 hero idea + 1 support idea; max 2 generated text blocks; no pseudo-text; no fake documents; no duplicated hero; no random courthouse, gavel, scales, cash-stack, vault or regulator imagery unless demanded by this beat; logos only as attached unchanged identifiers; no subject leakage from style; no invented UI; no watermark; no borders; no post-generation repair should be required.",PROMPT_READY_PREP_INPUTS_REQUIRED_WHERE_LISTED
G013,B021,S03,170.080,179.580,T02,HIGGSFIELD_ONE_PASS,NO FEE YET,,,,RV050,NO,"Preserve exact chronology, attribution and legal status.",BOTTOM_22_PERCENT_CLEAR,gpt_image_2,1k,low,16:9,0.5,"FINAL VIDEO FRAME — G013 / B021 — 16:9 WHAT IT COST
SCENE PURPOSE: NO FEE YET
NARRATION MEANING: ""roughly half cash and half stock. That proposal did not yet include a termination fee. Figma did not negotiate only the headline price.""
ALLOWED GENERATED TEXT ONLY: ""NO FEE YET"". Do not generate any other readable words. Source-crop text may remain only if it is already present in the attached authentic crop.
STYLE: WHAT IT COST canonical final-frame style: premium investigative business documentary; charcoal/black textured background; warm aged-paper evidence layers; off-white distressed condensed headline; restrained deep-red underline/tab accents; tiny brass/black office hardware only when useful; realistic paper depth and film-grain; strong cinematic negative space; serious corporate/legal tone; no horror, no sensational crime-poster language, no neon, no dashboard/card-grid, no decorative clutter.
LAYOUT: Split analytical layout: two clearly separated evidence/context zones, one dominant and one subordinate; headline placed in the cleanest negative-space zone; use thin rules or one red connector, never a busy flowchart.
SCENE: Split tactile layout: dominant left zone a solid warm paper block (the price, blank). Subordinate right zone an empty outlined slot on grey paper framed by a deep-red bracket around nothing: the fee that was not yet there. Minimal, precise.
INPUTS: NONE - compose only from blank paper objects, linework and the headline; no invented documents, logos, people or UI.
SOURCE FIDELITY: attached factual crops/photos are evidence, not inspiration. Preserve their subject and meaning. If an attached legal/document crop is shown, display it as an unchanged photographic crop inside the design; do NOT retype, redraw, summarize, invent, extend, or fabricate legal body text, headings, counts, seals, signatures, case numbers, dates or amounts.
LEGAL/FACT LOCK: Preserve exact chronology, attribution and legal status.
SUBTITLE SAFE: bottom 22% of the entire frame must be dark, visually quiet and free of headline, quote, amount, face, evidence, source label, legal caveat, timeline endpoint or important object.
ONE-PASS RULES: final usable video frame, not a style board; max 1 hero idea + 1 support idea; max 2 generated text blocks; no pseudo-text; no fake documents; no duplicated hero; no random courthouse, gavel, scales, cash-stack, vault or regulator imagery unless demanded by this beat; logos only as attached unchanged identifiers; no subject leakage from style; no invented UI; no watermark; no borders; no post-generation repair should be required.",PROMPT_READY_NO_INPUTS
G014,B024,S03,198.400,207.520,T01,HIGGSFIELD_ONE_PASS,THE FEE ENTERS THE DEAL,,P_RV012;P_RV065,12_SOURCE_PREP/RV012_FIELD_PORTRAIT.jpg;12_SOURCE_PREP/RV065_ADOBE_IDENTIFIER.png,RV052;RV049,YES,"$1B is contractual termination fee/liquidated damages, not government fine, court award or regulator invoice.",BOTTOM_22_PERCENT_CLEAR,gpt_image_2,1k,low,16:9,0.5,"FINAL VIDEO FRAME — G014 / B024 — 16:9 WHAT IT COST
SCENE PURPOSE: THE FEE ENTERS THE DEAL
NARRATION MEANING: ""The twenty-billion-dollar price remained. And now the proposal included a one-billion-dollar reverse termination fee. That sequence matters.""
ALLOWED GENERATED TEXT ONLY: ""THE FEE ENTERS THE DEAL"". Do not generate any other readable words. Source-crop text may remain only if it is already present in the attached authentic crop.
STYLE: WHAT IT COST canonical final-frame style: premium investigative business documentary; charcoal/black textured background; warm aged-paper evidence layers; off-white distressed condensed headline; restrained deep-red underline/tab accents; tiny brass/black office hardware only when useful; realistic paper depth and film-grain; strong cinematic negative space; serious corporate/legal tone; no horror, no sensational crime-poster language, no neon, no dashboard/card-grid, no decorative clutter.
LAYOUT: Asymmetrical evidence layout: one dominant authentic source/photo panel on the right or upper-right; headline block on the left; at most one secondary paper layer; restrained red rule; large clean negative space.
SCENE: Dominant right: the attached Figma CEO portrait as an unchanged print, with one deep-red tab clipped to the print edge (Figma asked for protection). Small secondary card at left-center with the unchanged Adobe identifier. The tab bridges them.
INPUTS: RV012_FIELD_PORTRAIT.jpg; RV065_ADOBE_IDENTIFIER.png.
SOURCE FIDELITY: attached factual crops/photos are evidence, not inspiration. Preserve their subject and meaning. If an attached legal/document crop is shown, display it as an unchanged photographic crop inside the design; do NOT retype, redraw, summarize, invent, extend, or fabricate legal body text, headings, counts, seals, signatures, case numbers, dates or amounts.
PERSON PHOTO LOCK: attached portraits/event photos are unchanged photographic prints; do not alter face, expression, age, clothing, pose or crowd; do not add, duplicate or invent any person.
LEGAL/FACT LOCK: $1B is contractual termination fee/liquidated damages, not government fine, court award or regulator invoice.
SUBTITLE SAFE: bottom 22% of the entire frame must be dark, visually quiet and free of headline, quote, amount, face, evidence, source label, legal caveat, timeline endpoint or important object.
ONE-PASS RULES: final usable video frame, not a style board; max 1 hero idea + 1 support idea; max 2 generated text blocks; no pseudo-text; no fake documents; no duplicated hero; no random courthouse, gavel, scales, cash-stack, vault or regulator imagery unless demanded by this beat; logos only as attached unchanged identifiers; no subject leakage from style; no invented UI; no watermark; no borders; no post-generation repair should be required.",PROMPT_READY_PREP_INPUTS_REQUIRED_WHERE_LISTED
G015,B026,S03,217.820,222.920,T07,HIGGSFIELD_ONE_PASS,ADOBE AGREES,,P_RV004,12_SOURCE_PREP/RV004_ADOBE_HQ_SAN_JOSE.jpg,RV052,NO,"$1B is contractual termination fee/liquidated damages, not government fine, court award or regulator invoice.",BOTTOM_22_PERCENT_CLEAR,gpt_image_2,1k,low,16:9,0.5,"FINAL VIDEO FRAME — G015 / B026 — 16:9 WHAT IT COST
SCENE PURPOSE: ADOBE AGREES
NARRATION MEANING: ""July twentieth: Adobe agrees to a one-billion-dollar reverse termination fee.""
ALLOWED GENERATED TEXT ONLY: ""ADOBE AGREES"". Do not generate any other readable words. Source-crop text may remain only if it is already present in the attached authentic crop.
STYLE: WHAT IT COST canonical final-frame style: premium investigative business documentary; charcoal/black textured background; warm aged-paper evidence layers; off-white distressed condensed headline; restrained deep-red underline/tab accents; tiny brass/black office hardware only when useful; realistic paper depth and film-grain; strong cinematic negative space; serious corporate/legal tone; no horror, no sensational crime-poster language, no neon, no dashboard/card-grid, no decorative clutter.
LAYOUT: Accountability/status layout: large legal-status headline left; one authentic regulator/SEC/DOJ source crop or institutional context image right; minimal dossier treatment; never fabricate case paperwork, seals, orders or stamps.
SCENE: Large status headline left. Right: Adobe headquarters photo as institutional context under muted dusk light. A single red tab locks into a blank contract edge at the base of the photo. Agreement, not concession drama.
INPUTS: RV004_ADOBE_HQ_SAN_JOSE.jpg.
SOURCE FIDELITY: attached factual crops/photos are evidence, not inspiration. Preserve their subject and meaning. If an attached legal/document crop is shown, display it as an unchanged photographic crop inside the design; do NOT retype, redraw, summarize, invent, extend, or fabricate legal body text, headings, counts, seals, signatures, case numbers, dates or amounts.
LEGAL/FACT LOCK: $1B is contractual termination fee/liquidated damages, not government fine, court award or regulator invoice.
SUBTITLE SAFE: bottom 22% of the entire frame must be dark, visually quiet and free of headline, quote, amount, face, evidence, source label, legal caveat, timeline endpoint or important object.
ONE-PASS RULES: final usable video frame, not a style board; max 1 hero idea + 1 support idea; max 2 generated text blocks; no pseudo-text; no fake documents; no duplicated hero; no random courthouse, gavel, scales, cash-stack, vault or regulator imagery unless demanded by this beat; logos only as attached unchanged identifiers; no subject leakage from style; no invented UI; no watermark; no borders; no post-generation repair should be required.",PROMPT_READY_PREP_INPUTS_REQUIRED_WHERE_LISTED
G016,B027,S03,223.680,229.520,T03,HIGGSFIELD_ONE_PASS,THE COST WAS ALREADY THERE,,D_RV053,12_SOURCE_PREP/RV053_10Q_CLOSING_RISK_CROP.png,RV049,NO,"$1B is contractual termination fee/liquidated damages, not government fine, court award or regulator invoice.",BOTTOM_22_PERCENT_CLEAR,gpt_image_2,1k,low,16:9,0.5,"FINAL VIDEO FRAME — G016 / B027 — 16:9 WHAT IT COST
SCENE PURPOSE: THE COST WAS ALREADY THERE
NARRATION MEANING: ""More than a year before the acquisition ended, the billion-dollar cost was already inside the deal architecture.""
ALLOWED GENERATED TEXT ONLY: ""THE COST WAS ALREADY THERE"". Do not generate any other readable words. Source-crop text may remain only if it is already present in the attached authentic crop.
STYLE: WHAT IT COST canonical final-frame style: premium investigative business documentary; charcoal/black textured background; warm aged-paper evidence layers; off-white distressed condensed headline; restrained deep-red underline/tab accents; tiny brass/black office hardware only when useful; realistic paper depth and film-grain; strong cinematic negative space; serious corporate/legal tone; no horror, no sensational crime-poster language, no neon, no dashboard/card-grid, no decorative clutter.
LAYOUT: Quote/document layout: one large headline is the hero; attached authentic excerpt appears as a tight photographic crop, not a recreated document; surrounding papers stay blank.
SCENE: Headline hero. The attached Adobe 10-Q closing-risk excerpt as a tight photographed crop, centered-right, one red underline. Surrounding papers blank. The cost is already written down more than a year before the end.
INPUTS: RV053_10Q_CLOSING_RISK_CROP.png.
SOURCE FIDELITY: attached factual crops/photos are evidence, not inspiration. Preserve their subject and meaning. If an attached legal/document crop is shown, display it as an unchanged photographic crop inside the design; do NOT retype, redraw, summarize, invent, extend, or fabricate legal body text, headings, counts, seals, signatures, case numbers, dates or amounts.
LEGAL/FACT LOCK: $1B is contractual termination fee/liquidated damages, not government fine, court award or regulator invoice.
SUBTITLE SAFE: bottom 22% of the entire frame must be dark, visually quiet and free of headline, quote, amount, face, evidence, source label, legal caveat, timeline endpoint or important object.
ONE-PASS RULES: final usable video frame, not a style board; max 1 hero idea + 1 support idea; max 2 generated text blocks; no pseudo-text; no fake documents; no duplicated hero; no random courthouse, gavel, scales, cash-stack, vault or regulator imagery unless demanded by this beat; logos only as attached unchanged identifiers; no subject leakage from style; no invented UI; no watermark; no borders; no post-generation repair should be required.",PROMPT_READY_PREP_INPUTS_REQUIRED_WHERE_LISTED
G017,B028,S04,230.660,238.600,T02,HIGGSFIELD_ONE_PASS,RISK ALLOCATION,,P_RV065;P_RV066,12_SOURCE_PREP/RV065_ADOBE_IDENTIFIER.png;12_SOURCE_PREP/RV066_FIGMA_IDENTIFIER.png,RV049,NO,"$1B is contractual termination fee/liquidated damages, not government fine, court award or regulator invoice.",BOTTOM_22_PERCENT_CLEAR,gpt_image_2,1k,low,16:9,0.5,"FINAL VIDEO FRAME — G017 / B028 — 16:9 WHAT IT COST
SCENE PURPOSE: RISK ALLOCATION
NARRATION MEANING: ""A reverse termination fee is not a punishment imposed by the government. It is a risk-allocation term negotiated by the parties to a transaction.""
ALLOWED GENERATED TEXT ONLY: ""RISK ALLOCATION"". Do not generate any other readable words. Source-crop text may remain only if it is already present in the attached authentic crop.
STYLE: WHAT IT COST canonical final-frame style: premium investigative business documentary; charcoal/black textured background; warm aged-paper evidence layers; off-white distressed condensed headline; restrained deep-red underline/tab accents; tiny brass/black office hardware only when useful; realistic paper depth and film-grain; strong cinematic negative space; serious corporate/legal tone; no horror, no sensational crime-poster language, no neon, no dashboard/card-grid, no decorative clutter.
LAYOUT: Split analytical layout: two clearly separated evidence/context zones, one dominant and one subordinate; headline placed in the cleanest negative-space zone; use thin rules or one red connector, never a busy flowchart.
SCENE: Split analytical layout: buyer zone left (unchanged Adobe identifier on paper), seller zone right (unchanged Figma identifier on paper). One red connector carries a small blank weighted paper tag from left to right. No government or enforcement imagery.
INPUTS: RV065_ADOBE_IDENTIFIER.png; RV066_FIGMA_IDENTIFIER.png.
SOURCE FIDELITY: attached factual crops/photos are evidence, not inspiration. Preserve their subject and meaning. If an attached legal/document crop is shown, display it as an unchanged photographic crop inside the design; do NOT retype, redraw, summarize, invent, extend, or fabricate legal body text, headings, counts, seals, signatures, case numbers, dates or amounts.
LEGAL/FACT LOCK: $1B is contractual termination fee/liquidated damages, not government fine, court award or regulator invoice.
SUBTITLE SAFE: bottom 22% of the entire frame must be dark, visually quiet and free of headline, quote, amount, face, evidence, source label, legal caveat, timeline endpoint or important object.
ONE-PASS RULES: final usable video frame, not a style board; max 1 hero idea + 1 support idea; max 2 generated text blocks; no pseudo-text; no fake documents; no duplicated hero; no random courthouse, gavel, scales, cash-stack, vault or regulator imagery unless demanded by this beat; logos only as attached unchanged identifiers; no subject leakage from style; no invented UI; no watermark; no borders; no post-generation repair should be required.",PROMPT_READY_PREP_INPUTS_REQUIRED_WHERE_LISTED
G018,B029,S04,238.600,246.320,T06,HIGGSFIELD_ONE_PASS,IF CLOSING FAILS,,,,RV049;RV062,NO,"$1B is contractual termination fee/liquidated damages, not government fine, court award or regulator invoice.",BOTTOM_22_PERCENT_CLEAR,gpt_image_2,1k,low,16:9,0.5,"FINAL VIDEO FRAME — G018 / B029 — 16:9 WHAT IT COST
SCENE PURPOSE: IF CLOSING FAILS
NARRATION MEANING: ""In simple terms, the buyer agrees that if specified closing failures occur, the seller can receive a defined payment.""
ALLOWED GENERATED TEXT ONLY: ""IF CLOSING FAILS"". Do not generate any other readable words. Source-crop text may remain only if it is already present in the attached authentic crop.
STYLE: WHAT IT COST canonical final-frame style: premium investigative business documentary; charcoal/black textured background; warm aged-paper evidence layers; off-white distressed condensed headline; restrained deep-red underline/tab accents; tiny brass/black office hardware only when useful; realistic paper depth and film-grain; strong cinematic negative space; serious corporate/legal tone; no horror, no sensational crime-poster language, no neon, no dashboard/card-grid, no decorative clutter.
LAYOUT: Chronology layout: one headline plus a simple horizontal or vertical timeline with 2-4 unlabeled nodes maximum; authentic source photo or crop as the visual anchor; no decorative map clutter.
SCENE: Tactile paper path diagram: one start node splits into two branches. Upper branch toward an outlined closing node (grey, open). Lower branch toward a solid defined-payment node (deep red). Nodes unlabeled; the fork, not the outcome, is the subject.
INPUTS: NONE - compose only from blank paper objects, linework and the headline; no invented documents, logos, people or UI.
SOURCE FIDELITY: attached factual crops/photos are evidence, not inspiration. Preserve their subject and meaning. If an attached legal/document crop is shown, display it as an unchanged photographic crop inside the design; do NOT retype, redraw, summarize, invent, extend, or fabricate legal body text, headings, counts, seals, signatures, case numbers, dates or amounts.
LEGAL/FACT LOCK: $1B is contractual termination fee/liquidated damages, not government fine, court award or regulator invoice.
SUBTITLE SAFE: bottom 22% of the entire frame must be dark, visually quiet and free of headline, quote, amount, face, evidence, source label, legal caveat, timeline endpoint or important object.
ONE-PASS RULES: final usable video frame, not a style board; max 1 hero idea + 1 support idea; max 2 generated text blocks; no pseudo-text; no fake documents; no duplicated hero; no random courthouse, gavel, scales, cash-stack, vault or regulator imagery unless demanded by this beat; logos only as attached unchanged identifiers; no subject leakage from style; no invented UI; no watermark; no borders; no post-generation repair should be required.",PROMPT_READY_NO_INPUTS
G019,B031,S04,258.500,265.220,T03,HIGGSFIELD_ONE_PASS,NOT A PENALTY,,D_RV049B,12_SOURCE_PREP/RV049_NOT_A_PENALTY_CROP.png,RV049,NO,"$1B is contractual termination fee/liquidated damages, not government fine, court award or regulator invoice.",BOTTOM_22_PERCENT_CLEAR,gpt_image_2,1k,low,16:9,0.5,"FINAL VIDEO FRAME — G019 / B031 — 16:9 WHAT IT COST
SCENE PURPOSE: NOT A PENALTY
NARRATION MEANING: ""And the contract makes an unusually useful distinction for this story. It says the termination fee is not a penalty.""
ALLOWED GENERATED TEXT ONLY: ""NOT A PENALTY"". Do not generate any other readable words. Source-crop text may remain only if it is already present in the attached authentic crop.
STYLE: WHAT IT COST canonical final-frame style: premium investigative business documentary; charcoal/black textured background; warm aged-paper evidence layers; off-white distressed condensed headline; restrained deep-red underline/tab accents; tiny brass/black office hardware only when useful; realistic paper depth and film-grain; strong cinematic negative space; serious corporate/legal tone; no horror, no sensational crime-poster language, no neon, no dashboard/card-grid, no decorative clutter.
LAYOUT: Quote/document layout: one large headline is the hero; attached authentic excerpt appears as a tight photographic crop, not a recreated document; surrounding papers stay blank.
SCENE: Quote/document layout: headline hero left. Right: the attached not-a-penalty excerpt as a tight photographed crop with a single red underline under the relevant phrase. Commercial contract tone; no gavel, no court.
INPUTS: RV049_NOT_A_PENALTY_CROP.png.
SOURCE FIDELITY: attached factual crops/photos are evidence, not inspiration. Preserve their subject and meaning. If an attached legal/document crop is shown, display it as an unchanged photographic crop inside the design; do NOT retype, redraw, summarize, invent, extend, or fabricate legal body text, headings, counts, seals, signatures, case numbers, dates or amounts.
LEGAL/FACT LOCK: $1B is contractual termination fee/liquidated damages, not government fine, court award or regulator invoice.
SUBTITLE SAFE: bottom 22% of the entire frame must be dark, visually quiet and free of headline, quote, amount, face, evidence, source label, legal caveat, timeline endpoint or important object.
ONE-PASS RULES: final usable video frame, not a style board; max 1 hero idea + 1 support idea; max 2 generated text blocks; no pseudo-text; no fake documents; no duplicated hero; no random courthouse, gavel, scales, cash-stack, vault or regulator imagery unless demanded by this beat; logos only as attached unchanged identifiers; no subject leakage from style; no invented UI; no watermark; no borders; no post-generation repair should be required.",PROMPT_READY_PREP_INPUTS_REQUIRED_WHERE_LISTED
G020,B032,S04,265.220,273.100,T04,HIGGSFIELD_ONE_PASS,LIQUIDATED DAMAGES,,,,RV049;RV062,NO,"$1B is contractual termination fee/liquidated damages, not government fine, court award or regulator invoice.",BOTTOM_22_PERCENT_CLEAR,gpt_image_2,1k,low,16:9,0.5,"FINAL VIDEO FRAME — G020 / B032 — 16:9 WHAT IT COST
SCENE PURPOSE: LIQUIDATED DAMAGES
NARRATION MEANING: ""It describes the payment as liquidated damages. So the agreement did more than describe the deal the companies wanted to close.""
ALLOWED GENERATED TEXT ONLY: ""LIQUIDATED DAMAGES"". Do not generate any other readable words. Source-crop text may remain only if it is already present in the attached authentic crop.
STYLE: WHAT IT COST canonical final-frame style: premium investigative business documentary; charcoal/black textured background; warm aged-paper evidence layers; off-white distressed condensed headline; restrained deep-red underline/tab accents; tiny brass/black office hardware only when useful; realistic paper depth and film-grain; strong cinematic negative space; serious corporate/legal tone; no horror, no sensational crime-poster language, no neon, no dashboard/card-grid, no decorative clutter.
LAYOUT: Money/legal-number layout: one large exact status headline is the hero on the left; one supporting factual photo or authentic source crop on the right; one secondary element only; never imply a judgment, fine, verdict, or combined total not stated.
SCENE: Headline hero left. Right: a single measured horizontal red bar resting on a blank warm-paper ledger sheet with thin grey rules: a defined, pre-agreed amount, commercial not punitive. No numerals, no cash.
INPUTS: NONE - compose only from blank paper objects, linework and the headline; no invented documents, logos, people or UI.
SOURCE FIDELITY: attached factual crops/photos are evidence, not inspiration. Preserve their subject and meaning. If an attached legal/document crop is shown, display it as an unchanged photographic crop inside the design; do NOT retype, redraw, summarize, invent, extend, or fabricate legal body text, headings, counts, seals, signatures, case numbers, dates or amounts.
LEGAL/FACT LOCK: $1B is contractual termination fee/liquidated damages, not government fine, court award or regulator invoice.
SUBTITLE SAFE: bottom 22% of the entire frame must be dark, visually quiet and free of headline, quote, amount, face, evidence, source label, legal caveat, timeline endpoint or important object.
ONE-PASS RULES: final usable video frame, not a style board; max 1 hero idea + 1 support idea; max 2 generated text blocks; no pseudo-text; no fake documents; no duplicated hero; no random courthouse, gavel, scales, cash-stack, vault or regulator imagery unless demanded by this beat; logos only as attached unchanged identifiers; no subject leakage from style; no invented UI; no watermark; no borders; no post-generation repair should be required.",PROMPT_READY_NO_INPUTS
G021,B033,S04,273.980,278.820,T07,HIGGSFIELD_ONE_PASS,FAILURE HAD A PRICE,,D_RV048,12_SOURCE_PREP/RV048_8K_MERGER_AGREEMENT_CROP.png,RV049,NO,"$1B is contractual termination fee/liquidated damages, not government fine, court award or regulator invoice.",BOTTOM_22_PERCENT_CLEAR,gpt_image_2,1k,low,16:9,0.5,"FINAL VIDEO FRAME — G021 / B033 — 16:9 WHAT IT COST
SCENE PURPOSE: FAILURE HAD A PRICE
NARRATION MEANING: ""It also described a financial consequence if that deal failed under the specified conditions.""
ALLOWED GENERATED TEXT ONLY: ""FAILURE HAD A PRICE"". Do not generate any other readable words. Source-crop text may remain only if it is already present in the attached authentic crop.
STYLE: WHAT IT COST canonical final-frame style: premium investigative business documentary; charcoal/black textured background; warm aged-paper evidence layers; off-white distressed condensed headline; restrained deep-red underline/tab accents; tiny brass/black office hardware only when useful; realistic paper depth and film-grain; strong cinematic negative space; serious corporate/legal tone; no horror, no sensational crime-poster language, no neon, no dashboard/card-grid, no decorative clutter.
LAYOUT: Accountability/status layout: large legal-status headline left; one authentic regulator/SEC/DOJ source crop or institutional context image right; minimal dossier treatment; never fabricate case paperwork, seals, orders or stamps.
SCENE: Status headline left. Right: the attached 8-K merger-agreement excerpt as a photographed crop; beneath it a thin grey path ends at a small red-edged blank card: a defined consequence if the deal fails.
INPUTS: RV048_8K_MERGER_AGREEMENT_CROP.png.
SOURCE FIDELITY: attached factual crops/photos are evidence, not inspiration. Preserve their subject and meaning. If an attached legal/document crop is shown, display it as an unchanged photographic crop inside the design; do NOT retype, redraw, summarize, invent, extend, or fabricate legal body text, headings, counts, seals, signatures, case numbers, dates or amounts.
LEGAL/FACT LOCK: $1B is contractual termination fee/liquidated damages, not government fine, court award or regulator invoice.
SUBTITLE SAFE: bottom 22% of the entire frame must be dark, visually quiet and free of headline, quote, amount, face, evidence, source label, legal caveat, timeline endpoint or important object.
ONE-PASS RULES: final usable video frame, not a style board; max 1 hero idea + 1 support idea; max 2 generated text blocks; no pseudo-text; no fake documents; no duplicated hero; no random courthouse, gavel, scales, cash-stack, vault or regulator imagery unless demanded by this beat; logos only as attached unchanged identifiers; no subject leakage from style; no invented UI; no watermark; no borders; no post-generation repair should be required.",PROMPT_READY_PREP_INPUTS_REQUIRED_WHERE_LISTED
G022,B035,S05,286.680,292.860,T06,HIGGSFIELD_ONE_PASS,"SEPTEMBER 15, 2022",,P_RV025,12_SOURCE_PREP/RV025_ADOBE_FIGMA_DEAL_GRAPHIC.png,RV047;RV025,NO,"Preserve exact chronology, attribution and legal status.",BOTTOM_22_PERCENT_CLEAR,gpt_image_2,1k,low,16:9,0.5,"FINAL VIDEO FRAME — G022 / B035 — 16:9 WHAT IT COST
SCENE PURPOSE: SEPTEMBER 15, 2022
NARRATION MEANING: ""On September fifteenth, twenty twenty-two, the definitive agreement was signed and the transaction became public.""
ALLOWED GENERATED TEXT ONLY: ""SEPTEMBER 15, 2022"". Do not generate any other readable words. Source-crop text may remain only if it is already present in the attached authentic crop.
STYLE: WHAT IT COST canonical final-frame style: premium investigative business documentary; charcoal/black textured background; warm aged-paper evidence layers; off-white distressed condensed headline; restrained deep-red underline/tab accents; tiny brass/black office hardware only when useful; realistic paper depth and film-grain; strong cinematic negative space; serious corporate/legal tone; no horror, no sensational crime-poster language, no neon, no dashboard/card-grid, no decorative clutter.
LAYOUT: Chronology layout: one headline plus a simple horizontal or vertical timeline with 2-4 unlabeled nodes maximum; authentic source photo or crop as the visual anchor; no decorative map clutter.
SCENE: Date headline upper-left. The attached official deal graphic as the anchor print right. Beneath the headline a short horizontal timeline of three unlabeled nodes; the first node is red and active, the others paper-white and ahead.
INPUTS: RV025_ADOBE_FIGMA_DEAL_GRAPHIC.png.
SOURCE FIDELITY: attached factual crops/photos are evidence, not inspiration. Preserve their subject and meaning. If an attached legal/document crop is shown, display it as an unchanged photographic crop inside the design; do NOT retype, redraw, summarize, invent, extend, or fabricate legal body text, headings, counts, seals, signatures, case numbers, dates or amounts.
LEGAL/FACT LOCK: Preserve exact chronology, attribution and legal status.
SUBTITLE SAFE: bottom 22% of the entire frame must be dark, visually quiet and free of headline, quote, amount, face, evidence, source label, legal caveat, timeline endpoint or important object.
ONE-PASS RULES: final usable video frame, not a style board; max 1 hero idea + 1 support idea; max 2 generated text blocks; no pseudo-text; no fake documents; no duplicated hero; no random courthouse, gavel, scales, cash-stack, vault or regulator imagery unless demanded by this beat; logos only as attached unchanged identifiers; no subject leakage from style; no invented UI; no watermark; no borders; no post-generation repair should be required.",PROMPT_READY_PREP_INPUTS_REQUIRED_WHERE_LISTED
G023,B036,S05,293.860,303.080,T01,HIGGSFIELD_ONE_PASS,A GIANT SOFTWARE DEAL,,P_RV009;P_RV066,12_SOURCE_PREP/RV009_NARAYEN_MAX_2022_STAGE.jpg;12_SOURCE_PREP/RV066_FIGMA_IDENTIFIER.png,RV001;RV012;RV047,YES,"Preserve exact chronology, attribution and legal status.",BOTTOM_22_PERCENT_CLEAR,gpt_image_2,1k,low,16:9,0.5,"FINAL VIDEO FRAME — G023 / B036 — 16:9 WHAT IT COST
SCENE PURPOSE: A GIANT SOFTWARE DEAL
NARRATION MEANING: ""Adobe was proposing one of the largest software acquisitions of its era. Figma would remain a separate company until closing, but the plan was for it to become part of Adobe.""
ALLOWED GENERATED TEXT ONLY: ""A GIANT SOFTWARE DEAL"". Do not generate any other readable words. Source-crop text may remain only if it is already present in the attached authentic crop.
STYLE: WHAT IT COST canonical final-frame style: premium investigative business documentary; charcoal/black textured background; warm aged-paper evidence layers; off-white distressed condensed headline; restrained deep-red underline/tab accents; tiny brass/black office hardware only when useful; realistic paper depth and film-grain; strong cinematic negative space; serious corporate/legal tone; no horror, no sensational crime-poster language, no neon, no dashboard/card-grid, no decorative clutter.
LAYOUT: Asymmetrical evidence layout: one dominant authentic source/photo panel on the right or upper-right; headline block on the left; at most one secondary paper layer; restrained red rule; large clean negative space.
SCENE: Dominant right: the attached Adobe MAX 2022 stage photo as an unchanged print conveying scale. Small secondary card lower-left of the print with the unchanged Figma identifier. Headline left. Big-company gravity, calm.
INPUTS: RV009_NARAYEN_MAX_2022_STAGE.jpg; RV066_FIGMA_IDENTIFIER.png.
SOURCE FIDELITY: attached factual crops/photos are evidence, not inspiration. Preserve their subject and meaning. If an attached legal/document crop is shown, display it as an unchanged photographic crop inside the design; do NOT retype, redraw, summarize, invent, extend, or fabricate legal body text, headings, counts, seals, signatures, case numbers, dates or amounts.
PERSON PHOTO LOCK: attached portraits/event photos are unchanged photographic prints; do not alter face, expression, age, clothing, pose or crowd; do not add, duplicate or invent any person.
LEGAL/FACT LOCK: Preserve exact chronology, attribution and legal status.
SUBTITLE SAFE: bottom 22% of the entire frame must be dark, visually quiet and free of headline, quote, amount, face, evidence, source label, legal caveat, timeline endpoint or important object.
ONE-PASS RULES: final usable video frame, not a style board; max 1 hero idea + 1 support idea; max 2 generated text blocks; no pseudo-text; no fake documents; no duplicated hero; no random courthouse, gavel, scales, cash-stack, vault or regulator imagery unless demanded by this beat; logos only as attached unchanged identifiers; no subject leakage from style; no invented UI; no watermark; no borders; no post-generation repair should be required.",PROMPT_READY_PREP_INPUTS_REQUIRED_WHERE_LISTED
G024,B037,S05,303.880,308.020,T01,HIGGSFIELD_ONE_PASS,THE DEAL LOOKED NORMAL,,P_RV016,12_SOURCE_PREP/RV016_CONFIG_2023_CROWD.jpg,RV025,NO,"Preserve exact chronology, attribution and legal status.",BOTTOM_22_PERCENT_CLEAR,gpt_image_2,1k,low,16:9,0.5,"FINAL VIDEO FRAME — G024 / B037 — 16:9 WHAT IT COST
SCENE PURPOSE: THE DEAL LOOKED NORMAL
NARRATION MEANING: ""At that moment, the story looked like a conventional giant technology acquisition.""
ALLOWED GENERATED TEXT ONLY: ""THE DEAL LOOKED NORMAL"". Do not generate any other readable words. Source-crop text may remain only if it is already present in the attached authentic crop.
STYLE: WHAT IT COST canonical final-frame style: premium investigative business documentary; charcoal/black textured background; warm aged-paper evidence layers; off-white distressed condensed headline; restrained deep-red underline/tab accents; tiny brass/black office hardware only when useful; realistic paper depth and film-grain; strong cinematic negative space; serious corporate/legal tone; no horror, no sensational crime-poster language, no neon, no dashboard/card-grid, no decorative clutter.
LAYOUT: Asymmetrical evidence layout: one dominant authentic source/photo panel on the right or upper-right; headline block on the left; at most one secondary paper layer; restrained red rule; large clean negative space.
SCENE: Dominant right: the attached Config 2023 crowd photo as an unchanged print. At left, one small blank closing folder joined by a neutral grey line. No red alarm anywhere: conventional on purpose.
INPUTS: RV016_CONFIG_2023_CROWD.jpg.
SOURCE FIDELITY: attached factual crops/photos are evidence, not inspiration. Preserve their subject and meaning. If an attached legal/document crop is shown, display it as an unchanged photographic crop inside the design; do NOT retype, redraw, summarize, invent, extend, or fabricate legal body text, headings, counts, seals, signatures, case numbers, dates or amounts.
LEGAL/FACT LOCK: Preserve exact chronology, attribution and legal status.
SUBTITLE SAFE: bottom 22% of the entire frame must be dark, visually quiet and free of headline, quote, amount, face, evidence, source label, legal caveat, timeline endpoint or important object.
ONE-PASS RULES: final usable video frame, not a style board; max 1 hero idea + 1 support idea; max 2 generated text blocks; no pseudo-text; no fake documents; no duplicated hero; no random courthouse, gavel, scales, cash-stack, vault or regulator imagery unless demanded by this beat; logos only as attached unchanged identifiers; no subject leakage from style; no invented UI; no watermark; no borders; no post-generation repair should be required.",PROMPT_READY_PREP_INPUTS_REQUIRED_WHERE_LISTED
G025,B038,S05,308.920,315.060,T02,HIGGSFIELD_ONE_PASS,BUYER • TARGET • APPROVALS,,P_RV065;P_RV066,12_SOURCE_PREP/RV065_ADOBE_IDENTIFIER.png;12_SOURCE_PREP/RV066_FIGMA_IDENTIFIER.png,RV001;RV012;RV025,NO,"$1B is contractual termination fee/liquidated damages, not government fine, court award or regulator invoice.",BOTTOM_22_PERCENT_CLEAR,gpt_image_2,1k,low,16:9,0.5,"FINAL VIDEO FRAME — G025 / B038 — 16:9 WHAT IT COST
SCENE PURPOSE: BUYER • TARGET • APPROVALS
NARRATION MEANING: ""A buyer. A target. A twenty-billion-dollar headline. Regulatory approvals to obtain.""
ALLOWED GENERATED TEXT ONLY: ""BUYER • TARGET • APPROVALS"". Do not generate any other readable words. Source-crop text may remain only if it is already present in the attached authentic crop.
STYLE: WHAT IT COST canonical final-frame style: premium investigative business documentary; charcoal/black textured background; warm aged-paper evidence layers; off-white distressed condensed headline; restrained deep-red underline/tab accents; tiny brass/black office hardware only when useful; realistic paper depth and film-grain; strong cinematic negative space; serious corporate/legal tone; no horror, no sensational crime-poster language, no neon, no dashboard/card-grid, no decorative clutter.
LAYOUT: Split analytical layout: two clearly separated evidence/context zones, one dominant and one subordinate; headline placed in the cleanest negative-space zone; use thin rules or one red connector, never a busy flowchart.
SCENE: Split layout: buyer card left (unchanged Adobe identifier), target card right (unchanged Figma identifier). Between them two open blank gate frames in thin paper-white linework. One red connector passes through neither gate yet.
INPUTS: RV065_ADOBE_IDENTIFIER.png; RV066_FIGMA_IDENTIFIER.png.
SOURCE FIDELITY: attached factual crops/photos are evidence, not inspiration. Preserve their subject and meaning. If an attached legal/document crop is shown, display it as an unchanged photographic crop inside the design; do NOT retype, redraw, summarize, invent, extend, or fabricate legal body text, headings, counts, seals, signatures, case numbers, dates or amounts.
LEGAL/FACT LOCK: $1B is contractual termination fee/liquidated damages, not government fine, court award or regulator invoice.
SUBTITLE SAFE: bottom 22% of the entire frame must be dark, visually quiet and free of headline, quote, amount, face, evidence, source label, legal caveat, timeline endpoint or important object.
ONE-PASS RULES: final usable video frame, not a style board; max 1 hero idea + 1 support idea; max 2 generated text blocks; no pseudo-text; no fake documents; no duplicated hero; no random courthouse, gavel, scales, cash-stack, vault or regulator imagery unless demanded by this beat; logos only as attached unchanged identifiers; no subject leakage from style; no invented UI; no watermark; no borders; no post-generation repair should be required.",PROMPT_READY_PREP_INPUTS_REQUIRED_WHERE_LISTED
G026,B039,S05,315.980,325.380,T03,HIGGSFIELD_ONE_PASS,THE HIDDEN FAILURE MECHANISM,,P_RV025;D_RV049A,12_SOURCE_PREP/RV025_ADOBE_FIGMA_DEAL_GRAPHIC.png;12_SOURCE_PREP/RV049_S8_2_TERMINATION_FEE_CROP.png,RV047;RV049,NO,"$1B is contractual termination fee/liquidated damages, not government fine, court award or regulator invoice.",BOTTOM_22_PERCENT_CLEAR,gpt_image_2,1k,low,16:9,0.5,"FINAL VIDEO FRAME — G026 / B039 — 16:9 WHAT IT COST
SCENE PURPOSE: THE HIDDEN FAILURE MECHANISM
NARRATION MEANING: ""But there was already a one-billion-dollar failure mechanism sitting inside the contract. That is easy to miss in a merger announcement. The public headline is the purchase price.""
ALLOWED GENERATED TEXT ONLY: ""THE HIDDEN FAILURE MECHANISM"". Do not generate any other readable words. Source-crop text may remain only if it is already present in the attached authentic crop.
STYLE: WHAT IT COST canonical final-frame style: premium investigative business documentary; charcoal/black textured background; warm aged-paper evidence layers; off-white distressed condensed headline; restrained deep-red underline/tab accents; tiny brass/black office hardware only when useful; realistic paper depth and film-grain; strong cinematic negative space; serious corporate/legal tone; no horror, no sensational crime-poster language, no neon, no dashboard/card-grid, no decorative clutter.
LAYOUT: Quote/document layout: one large headline is the hero; attached authentic excerpt appears as a tight photographic crop, not a recreated document; surrounding papers stay blank.
SCENE: The attached official deal graphic as the front print, its lower-right corner physically peeled back to reveal, underneath, the attached Section 8.2 fee excerpt with one red underline. Hidden, not secret: the mechanism lives under the headline.
INPUTS: RV025_ADOBE_FIGMA_DEAL_GRAPHIC.png; RV049_S8_2_TERMINATION_FEE_CROP.png.
SOURCE FIDELITY: attached factual crops/photos are evidence, not inspiration. Preserve their subject and meaning. If an attached legal/document crop is shown, display it as an unchanged photographic crop inside the design; do NOT retype, redraw, summarize, invent, extend, or fabricate legal body text, headings, counts, seals, signatures, case numbers, dates or amounts.
LEGAL/FACT LOCK: $1B is contractual termination fee/liquidated damages, not government fine, court award or regulator invoice.
SUBTITLE SAFE: bottom 22% of the entire frame must be dark, visually quiet and free of headline, quote, amount, face, evidence, source label, legal caveat, timeline endpoint or important object.
ONE-PASS RULES: final usable video frame, not a style board; max 1 hero idea + 1 support idea; max 2 generated text blocks; no pseudo-text; no fake documents; no duplicated hero; no random courthouse, gavel, scales, cash-stack, vault or regulator imagery unless demanded by this beat; logos only as attached unchanged identifiers; no subject leakage from style; no invented UI; no watermark; no borders; no post-generation repair should be required.",PROMPT_READY_PREP_INPUTS_REQUIRED_WHERE_LISTED
G027,B040,S05,325.940,333.460,T02,HIGGSFIELD_ONE_PASS,DEEPER IN THE AGREEMENT,,D_RV047,12_SOURCE_PREP/RV047_ANNOUNCEMENT_HEADLINE_CROP.png,RV049,NO,"Preserve exact chronology, attribution and legal status.",BOTTOM_22_PERCENT_CLEAR,gpt_image_2,1k,low,16:9,0.5,"FINAL VIDEO FRAME — G027 / B040 — 16:9 WHAT IT COST
SCENE PURPOSE: DEEPER IN THE AGREEMENT
NARRATION MEANING: ""The failure terms live deeper in the agreement, because they matter only if something goes wrong. The question was whether this one ever would.""
ALLOWED GENERATED TEXT ONLY: ""DEEPER IN THE AGREEMENT"". Do not generate any other readable words. Source-crop text may remain only if it is already present in the attached authentic crop.
STYLE: WHAT IT COST canonical final-frame style: premium investigative business documentary; charcoal/black textured background; warm aged-paper evidence layers; off-white distressed condensed headline; restrained deep-red underline/tab accents; tiny brass/black office hardware only when useful; realistic paper depth and film-grain; strong cinematic negative space; serious corporate/legal tone; no horror, no sensational crime-poster language, no neon, no dashboard/card-grid, no decorative clutter.
LAYOUT: Split analytical layout: two clearly separated evidence/context zones, one dominant and one subordinate; headline placed in the cleanest negative-space zone; use thin rules or one red connector, never a busy flowchart.
SCENE: Dominant left zone: a thick bound agreement stack at a low angle, blank page edges, one deep-red tab deep inside the stack. Subordinate right zone: the attached announcement headline crop, small and crisp: surface vs. depth.
INPUTS: RV047_ANNOUNCEMENT_HEADLINE_CROP.png.
SOURCE FIDELITY: attached factual crops/photos are evidence, not inspiration. Preserve their subject and meaning. If an attached legal/document crop is shown, display it as an unchanged photographic crop inside the design; do NOT retype, redraw, summarize, invent, extend, or fabricate legal body text, headings, counts, seals, signatures, case numbers, dates or amounts.
LEGAL/FACT LOCK: Preserve exact chronology, attribution and legal status.
SUBTITLE SAFE: bottom 22% of the entire frame must be dark, visually quiet and free of headline, quote, amount, face, evidence, source label, legal caveat, timeline endpoint or important object.
ONE-PASS RULES: final usable video frame, not a style board; max 1 hero idea + 1 support idea; max 2 generated text blocks; no pseudo-text; no fake documents; no duplicated hero; no random courthouse, gavel, scales, cash-stack, vault or regulator imagery unless demanded by this beat; logos only as attached unchanged identifiers; no subject leakage from style; no invented UI; no watermark; no borders; no post-generation repair should be required.",PROMPT_READY_PREP_INPUTS_REQUIRED_WHERE_LISTED
G028,B041,S05,334.100,337.160,T06,HIGGSFIELD_ONE_PASS,2023: THE RISK ARRIVES,,P_RV068,12_SOURCE_PREP/RV068_BERLAYMONT.jpg,RV054;RV068,NO,"Preserve exact chronology, attribution and legal status.",BOTTOM_22_PERCENT_CLEAR,gpt_image_2,1k,low,16:9,0.5,"FINAL VIDEO FRAME — G028 / B041 — 16:9 WHAT IT COST
SCENE PURPOSE: 2023: THE RISK ARRIVES
NARRATION MEANING: ""In twenty twenty-three, that question stopped being theoretical.""
ALLOWED GENERATED TEXT ONLY: ""2023: THE RISK ARRIVES"". Do not generate any other readable words. Source-crop text may remain only if it is already present in the attached authentic crop.
STYLE: WHAT IT COST canonical final-frame style: premium investigative business documentary; charcoal/black textured background; warm aged-paper evidence layers; off-white distressed condensed headline; restrained deep-red underline/tab accents; tiny brass/black office hardware only when useful; realistic paper depth and film-grain; strong cinematic negative space; serious corporate/legal tone; no horror, no sensational crime-poster language, no neon, no dashboard/card-grid, no decorative clutter.
LAYOUT: Chronology layout: one headline plus a simple horizontal or vertical timeline with 2-4 unlabeled nodes maximum; authentic source photo or crop as the visual anchor; no decorative map clutter.
SCENE: Headline upper-left. Horizontal timeline with one red node marking the new year and grey nodes before it. The attached European Commission headquarters photo is the anchor right, in cool muted light. The risk arrives, calmly.
INPUTS: RV068_BERLAYMONT.jpg.
SOURCE FIDELITY: attached factual crops/photos are evidence, not inspiration. Preserve their subject and meaning. If an attached legal/document crop is shown, display it as an unchanged photographic crop inside the design; do NOT retype, redraw, summarize, invent, extend, or fabricate legal body text, headings, counts, seals, signatures, case numbers, dates or amounts.
LEGAL/FACT LOCK: Preserve exact chronology, attribution and legal status.
SUBTITLE SAFE: bottom 22% of the entire frame must be dark, visually quiet and free of headline, quote, amount, face, evidence, source label, legal caveat, timeline endpoint or important object.
ONE-PASS RULES: final usable video frame, not a style board; max 1 hero idea + 1 support idea; max 2 generated text blocks; no pseudo-text; no fake documents; no duplicated hero; no random courthouse, gavel, scales, cash-stack, vault or regulator imagery unless demanded by this beat; logos only as attached unchanged identifiers; no subject leakage from style; no invented UI; no watermark; no borders; no post-generation repair should be required.",PROMPT_READY_PREP_INPUTS_REQUIRED_WHERE_LISTED
G029,B042,S06,338.280,348.700,T07,HIGGSFIELD_ONE_PASS,UK REVIEW OPENS,,D_RV054,12_SOURCE_PREP/RV054_CMA_CASE_TIMELINE_CROP.png,RV054,NO,CMA provisional/possible and EC preliminary; no final UK/EU prohibition.,BOTTOM_22_PERCENT_CLEAR,gpt_image_2,1k,low,16:9,0.5,"FINAL VIDEO FRAME — G029 / B042 — 16:9 WHAT IT COST
SCENE PURPOSE: UK REVIEW OPENS
NARRATION MEANING: ""The United Kingdom was one of the first places where the pressure became formal. On May third, twenty twenty-three, the Competition and Markets Authority opened its inquiry into the proposed acquisition.""
ALLOWED GENERATED TEXT ONLY: ""UK REVIEW OPENS"". Do not generate any other readable words. Source-crop text may remain only if it is already present in the attached authentic crop.
STYLE: WHAT IT COST canonical final-frame style: premium investigative business documentary; charcoal/black textured background; warm aged-paper evidence layers; off-white distressed condensed headline; restrained deep-red underline/tab accents; tiny brass/black office hardware only when useful; realistic paper depth and film-grain; strong cinematic negative space; serious corporate/legal tone; no horror, no sensational crime-poster language, no neon, no dashboard/card-grid, no decorative clutter.
LAYOUT: Accountability/status layout: large legal-status headline left; one authentic regulator/SEC/DOJ source crop or institutional context image right; minimal dossier treatment; never fabricate case paperwork, seals, orders or stamps.
SCENE: Status headline left. Right: the attached CMA case-page timeline excerpt as a tight photographed crop on warm paper, one red underline beneath the inquiry-opening entry. No seal recreation, no UK flag cliches.
INPUTS: RV054_CMA_CASE_TIMELINE_CROP.png.
SOURCE FIDELITY: attached factual crops/photos are evidence, not inspiration. Preserve their subject and meaning. If an attached legal/document crop is shown, display it as an unchanged photographic crop inside the design; do NOT retype, redraw, summarize, invent, extend, or fabricate legal body text, headings, counts, seals, signatures, case numbers, dates or amounts.
LEGAL/FACT LOCK: CMA provisional/possible and EC preliminary; no final UK/EU prohibition.
SUBTITLE SAFE: bottom 22% of the entire frame must be dark, visually quiet and free of headline, quote, amount, face, evidence, source label, legal caveat, timeline endpoint or important object.
ONE-PASS RULES: final usable video frame, not a style board; max 1 hero idea + 1 support idea; max 2 generated text blocks; no pseudo-text; no fake documents; no duplicated hero; no random courthouse, gavel, scales, cash-stack, vault or regulator imagery unless demanded by this beat; logos only as attached unchanged identifiers; no subject leakage from style; no invented UI; no watermark; no borders; no post-generation repair should be required.",PROMPT_READY_PREP_INPUTS_REQUIRED_WHERE_LISTED
G030,B043,S06,349.400,359.780,T06,HIGGSFIELD_ONE_PASS,PHASE TWO,,D_RV055,12_SOURCE_PREP/RV055_CMA_PHASE1_DECISION_CROP.png,RV054;RV055,NO,CMA provisional/possible and EC preliminary; no final UK/EU prohibition.,BOTTOM_22_PERCENT_CLEAR,gpt_image_2,1k,low,16:9,0.5,"FINAL VIDEO FRAME — G030 / B043 — 16:9 WHAT IT COST
SCENE PURPOSE: PHASE TWO
NARRATION MEANING: ""By June thirtieth, the CMA said there were grounds for deeper competition concerns. On July thirteenth, the transaction was referred for an in-depth Phase Two investigation.""
ALLOWED GENERATED TEXT ONLY: ""PHASE TWO"". Do not generate any other readable words. Source-crop text may remain only if it is already present in the attached authentic crop.
STYLE: WHAT IT COST canonical final-frame style: premium investigative business documentary; charcoal/black textured background; warm aged-paper evidence layers; off-white distressed condensed headline; restrained deep-red underline/tab accents; tiny brass/black office hardware only when useful; realistic paper depth and film-grain; strong cinematic negative space; serious corporate/legal tone; no horror, no sensational crime-poster language, no neon, no dashboard/card-grid, no decorative clutter.
LAYOUT: Chronology layout: one headline plus a simple horizontal or vertical timeline with 2-4 unlabeled nodes maximum; authentic source photo or crop as the visual anchor; no decorative map clutter.
SCENE: Two-stage review path: stage one node paper-white and complete, stage two node deep red and active, path continues open. The attached CMA Phase 1 decision title block is the anchor crop above the path.
INPUTS: RV055_CMA_PHASE1_DECISION_CROP.png.
SOURCE FIDELITY: attached factual crops/photos are evidence, not inspiration. Preserve their subject and meaning. If an attached legal/document crop is shown, display it as an unchanged photographic crop inside the design; do NOT retype, redraw, summarize, invent, extend, or fabricate legal body text, headings, counts, seals, signatures, case numbers, dates or amounts.
LEGAL/FACT LOCK: CMA provisional/possible and EC preliminary; no final UK/EU prohibition.
SUBTITLE SAFE: bottom 22% of the entire frame must be dark, visually quiet and free of headline, quote, amount, face, evidence, source label, legal caveat, timeline endpoint or important object.
ONE-PASS RULES: final usable video frame, not a style board; max 1 hero idea + 1 support idea; max 2 generated text blocks; no pseudo-text; no fake documents; no duplicated hero; no random courthouse, gavel, scales, cash-stack, vault or regulator imagery unless demanded by this beat; logos only as attached unchanged identifiers; no subject leakage from style; no invented UI; no watermark; no borders; no post-generation repair should be required.",PROMPT_READY_PREP_INPUTS_REQUIRED_WHERE_LISTED
G031,B044,S06,361.020,368.140,T01,HIGGSFIELD_ONE_PASS,EU IN-DEPTH REVIEW,,P_RV069,12_SOURCE_PREP/RV069_BERLAYMONT_ALT.jpg,RV068;RV059,NO,CMA provisional/possible and EC preliminary; no final UK/EU prohibition.,BOTTOM_22_PERCENT_CLEAR,gpt_image_2,1k,low,16:9,0.5,"FINAL VIDEO FRAME — G031 / B044 — 16:9 WHAT IT COST
SCENE PURPOSE: EU IN-DEPTH REVIEW
NARRATION MEANING: ""The European Commission received formal notification on June thirtieth. On August seventh, it opened its own in-depth investigation.""
ALLOWED GENERATED TEXT ONLY: ""EU IN-DEPTH REVIEW"". Do not generate any other readable words. Source-crop text may remain only if it is already present in the attached authentic crop.
STYLE: WHAT IT COST canonical final-frame style: premium investigative business documentary; charcoal/black textured background; warm aged-paper evidence layers; off-white distressed condensed headline; restrained deep-red underline/tab accents; tiny brass/black office hardware only when useful; realistic paper depth and film-grain; strong cinematic negative space; serious corporate/legal tone; no horror, no sensational crime-poster language, no neon, no dashboard/card-grid, no decorative clutter.
LAYOUT: Asymmetrical evidence layout: one dominant authentic source/photo panel on the right or upper-right; headline block on the left; at most one secondary paper layer; restrained red rule; large clean negative space.
SCENE: Dominant right: the attached Berlaymont exterior as an unchanged framed photo. Left: headline and one blank review folder with a thin red phase line. Institutional, not accusatory.
INPUTS: RV069_BERLAYMONT_ALT.jpg.
SOURCE FIDELITY: attached factual crops/photos are evidence, not inspiration. Preserve their subject and meaning. If an attached legal/document crop is shown, display it as an unchanged photographic crop inside the design; do NOT retype, redraw, summarize, invent, extend, or fabricate legal body text, headings, counts, seals, signatures, case numbers, dates or amounts.
LEGAL/FACT LOCK: CMA provisional/possible and EC preliminary; no final UK/EU prohibition.
SUBTITLE SAFE: bottom 22% of the entire frame must be dark, visually quiet and free of headline, quote, amount, face, evidence, source label, legal caveat, timeline endpoint or important object.
ONE-PASS RULES: final usable video frame, not a style board; max 1 hero idea + 1 support idea; max 2 generated text blocks; no pseudo-text; no fake documents; no duplicated hero; no random courthouse, gavel, scales, cash-stack, vault or regulator imagery unless demanded by this beat; logos only as attached unchanged identifiers; no subject leakage from style; no invented UI; no watermark; no borders; no post-generation repair should be required.",PROMPT_READY_PREP_INPUTS_REQUIRED_WHERE_LISTED
G032,B046,S06,378.720,382.580,T02,HIGGSFIELD_ONE_PASS,FORMAL OBJECTIONS,,D_RV055;P_RV068,12_SOURCE_PREP/RV055_CMA_PHASE1_DECISION_CROP.png;12_SOURCE_PREP/RV068_BERLAYMONT.jpg,RV055;RV059,NO,CMA provisional/possible and EC preliminary; no final UK/EU prohibition.,BOTTOM_22_PERCENT_CLEAR,gpt_image_2,1k,low,16:9,0.5,"FINAL VIDEO FRAME — G032 / B046 — 16:9 WHAT IT COST
SCENE PURPOSE: FORMAL OBJECTIONS
NARRATION MEANING: ""The UK and EU reviews developed formal competition objections.""
ALLOWED GENERATED TEXT ONLY: ""FORMAL OBJECTIONS"". Do not generate any other readable words. Source-crop text may remain only if it is already present in the attached authentic crop.
STYLE: WHAT IT COST canonical final-frame style: premium investigative business documentary; charcoal/black textured background; warm aged-paper evidence layers; off-white distressed condensed headline; restrained deep-red underline/tab accents; tiny brass/black office hardware only when useful; realistic paper depth and film-grain; strong cinematic negative space; serious corporate/legal tone; no horror, no sensational crime-poster language, no neon, no dashboard/card-grid, no decorative clutter.
LAYOUT: Split analytical layout: two clearly separated evidence/context zones, one dominant and one subordinate; headline placed in the cleanest negative-space zone; use thin rules or one red connector, never a busy flowchart.
SCENE: Two zones of equal logic: UK zone left (attached CMA decision crop), EU zone right (attached Commission HQ photo). Each carries one small red objection tab; between them a blank final-decision slot remains visibly empty.
INPUTS: RV055_CMA_PHASE1_DECISION_CROP.png; RV068_BERLAYMONT.jpg.
SOURCE FIDELITY: attached factual crops/photos are evidence, not inspiration. Preserve their subject and meaning. If an attached legal/document crop is shown, display it as an unchanged photographic crop inside the design; do NOT retype, redraw, summarize, invent, extend, or fabricate legal body text, headings, counts, seals, signatures, case numbers, dates or amounts.
LEGAL/FACT LOCK: CMA provisional/possible and EC preliminary; no final UK/EU prohibition.
SUBTITLE SAFE: bottom 22% of the entire frame must be dark, visually quiet and free of headline, quote, amount, face, evidence, source label, legal caveat, timeline endpoint or important object.
ONE-PASS RULES: final usable video frame, not a style board; max 1 hero idea + 1 support idea; max 2 generated text blocks; no pseudo-text; no fake documents; no duplicated hero; no random courthouse, gavel, scales, cash-stack, vault or regulator imagery unless demanded by this beat; logos only as attached unchanged identifiers; no subject leakage from style; no invented UI; no watermark; no borders; no post-generation repair should be required.",PROMPT_READY_PREP_INPUTS_REQUIRED_WHERE_LISTED
G033,B047,S06,383.760,394.540,T07,HIGGSFIELD_ONE_PASS,INVESTIGATION ≠ LAWSUIT,,P_RV070,12_SOURCE_PREP/RV070_DOJ_HQ.jpg,RV060;RV070,NO,CMA provisional/possible and EC preliminary; no final UK/EU prohibition. DOJ investigation/post-abandonment posture; no blocking lawsuit or judgment.,BOTTOM_22_PERCENT_CLEAR,gpt_image_2,1k,low,16:9,0.5,"FINAL VIDEO FRAME — G033 / B047 — 16:9 WHAT IT COST
SCENE PURPOSE: INVESTIGATION ≠ LAWSUIT
NARRATION MEANING: ""The public DOJ record for this story establishes an investigation, not a filed merger lawsuit. The important business point was that signing and closing were two different events.""
ALLOWED GENERATED TEXT ONLY: ""INVESTIGATION ≠ LAWSUIT"". Do not generate any other readable words. Source-crop text may remain only if it is already present in the attached authentic crop.
STYLE: WHAT IT COST canonical final-frame style: premium investigative business documentary; charcoal/black textured background; warm aged-paper evidence layers; off-white distressed condensed headline; restrained deep-red underline/tab accents; tiny brass/black office hardware only when useful; realistic paper depth and film-grain; strong cinematic negative space; serious corporate/legal tone; no horror, no sensational crime-poster language, no neon, no dashboard/card-grid, no decorative clutter.
LAYOUT: Accountability/status layout: large legal-status headline left; one authentic regulator/SEC/DOJ source crop or institutional context image right; minimal dossier treatment; never fabricate case paperwork, seals, orders or stamps.
SCENE: Status headline left. Right: the attached DOJ headquarters exterior as institutional context. Below it, a plain investigation folder and, next to it, an intentionally empty outlined slot where a court complaint would sit. No seal close-up.
INPUTS: RV070_DOJ_HQ.jpg.
SOURCE FIDELITY: attached factual crops/photos are evidence, not inspiration. Preserve their subject and meaning. If an attached legal/document crop is shown, display it as an unchanged photographic crop inside the design; do NOT retype, redraw, summarize, invent, extend, or fabricate legal body text, headings, counts, seals, signatures, case numbers, dates or amounts.
LEGAL/FACT LOCK: CMA provisional/possible and EC preliminary; no final UK/EU prohibition. DOJ investigation/post-abandonment posture; no blocking lawsuit or judgment.
SUBTITLE SAFE: bottom 22% of the entire frame must be dark, visually quiet and free of headline, quote, amount, face, evidence, source label, legal caveat, timeline endpoint or important object.
ONE-PASS RULES: final usable video frame, not a style board; max 1 hero idea + 1 support idea; max 2 generated text blocks; no pseudo-text; no fake documents; no duplicated hero; no random courthouse, gavel, scales, cash-stack, vault or regulator imagery unless demanded by this beat; logos only as attached unchanged identifiers; no subject leakage from style; no invented UI; no watermark; no borders; no post-generation repair should be required.",PROMPT_READY_PREP_INPUTS_REQUIRED_WHERE_LISTED
G034,B048,S06,395.560,403.160,T02,HIGGSFIELD_ONE_PASS,SIGNED ≠ CLOSED,,D_RV048,12_SOURCE_PREP/RV048_8K_MERGER_AGREEMENT_CROP.png,RV049;RV054;RV059,NO,CMA provisional/possible and EC preliminary; no final UK/EU prohibition.,BOTTOM_22_PERCENT_CLEAR,gpt_image_2,1k,low,16:9,0.5,"FINAL VIDEO FRAME — G034 / B048 — 16:9 WHAT IT COST
SCENE PURPOSE: SIGNED ≠ CLOSED
NARRATION MEANING: ""Adobe and Figma already had a merger agreement, but the companies still needed the required approvals before the transaction could actually be completed.""
ALLOWED GENERATED TEXT ONLY: ""SIGNED ≠ CLOSED"". Do not generate any other readable words. Source-crop text may remain only if it is already present in the attached authentic crop.
STYLE: WHAT IT COST canonical final-frame style: premium investigative business documentary; charcoal/black textured background; warm aged-paper evidence layers; off-white distressed condensed headline; restrained deep-red underline/tab accents; tiny brass/black office hardware only when useful; realistic paper depth and film-grain; strong cinematic negative space; serious corporate/legal tone; no horror, no sensational crime-poster language, no neon, no dashboard/card-grid, no decorative clutter.
LAYOUT: Split analytical layout: two clearly separated evidence/context zones, one dominant and one subordinate; headline placed in the cleanest negative-space zone; use thin rules or one red connector, never a busy flowchart.
SCENE: Split layout: left, the attached 8-K agreement excerpt (signed). Right, an outlined empty closing node on grey paper (not closed). Between them two open blank gate frames. Two separate events, visually distinct.
INPUTS: RV048_8K_MERGER_AGREEMENT_CROP.png.
SOURCE FIDELITY: attached factual crops/photos are evidence, not inspiration. Preserve their subject and meaning. If an attached legal/document crop is shown, display it as an unchanged photographic crop inside the design; do NOT retype, redraw, summarize, invent, extend, or fabricate legal body text, headings, counts, seals, signatures, case numbers, dates or amounts.
LEGAL/FACT LOCK: CMA provisional/possible and EC preliminary; no final UK/EU prohibition.
SUBTITLE SAFE: bottom 22% of the entire frame must be dark, visually quiet and free of headline, quote, amount, face, evidence, source label, legal caveat, timeline endpoint or important object.
ONE-PASS RULES: final usable video frame, not a style board; max 1 hero idea + 1 support idea; max 2 generated text blocks; no pseudo-text; no fake documents; no duplicated hero; no random courthouse, gavel, scales, cash-stack, vault or regulator imagery unless demanded by this beat; logos only as attached unchanged identifiers; no subject leakage from style; no invented UI; no watermark; no borders; no post-generation repair should be required.",PROMPT_READY_PREP_INPUTS_REQUIRED_WHERE_LISTED
G035,B049,S06,403.160,411.760,T03,HIGGSFIELD_ONE_PASS,THE CLAUSE DIDN'T CHANGE,,D_RV049A,12_SOURCE_PREP/RV049_S8_2_TERMINATION_FEE_CROP.png,RV049;RV059,NO,"$1B is contractual termination fee/liquidated damages, not government fine, court award or regulator invoice. CMA provisional/possible and EC preliminary; no final UK/EU prohibition.",BOTTOM_22_PERCENT_CLEAR,gpt_image_2,1k,low,16:9,0.5,"FINAL VIDEO FRAME — G035 / B049 — 16:9 WHAT IT COST
SCENE PURPOSE: THE CLAUSE DIDN'T CHANGE
NARRATION MEANING: ""As the reviews deepened, the one-billion-dollar clause did not change. What changed was the chance that the companies might eventually need it.""
ALLOWED GENERATED TEXT ONLY: ""THE CLAUSE DIDN'T CHANGE"". Do not generate any other readable words. Source-crop text may remain only if it is already present in the attached authentic crop.
STYLE: WHAT IT COST canonical final-frame style: premium investigative business documentary; charcoal/black textured background; warm aged-paper evidence layers; off-white distressed condensed headline; restrained deep-red underline/tab accents; tiny brass/black office hardware only when useful; realistic paper depth and film-grain; strong cinematic negative space; serious corporate/legal tone; no horror, no sensational crime-poster language, no neon, no dashboard/card-grid, no decorative clutter.
LAYOUT: Quote/document layout: one large headline is the hero; attached authentic excerpt appears as a tight photographic crop, not a recreated document; surrounding papers stay blank.
SCENE: The attached Section 8.2 fee excerpt fixed and tack-sharp in the foreground with one red underline. Behind it, soft out-of-focus stacks of blank review papers accumulate. The clause does not move; the pressure around it grows.
INPUTS: RV049_S8_2_TERMINATION_FEE_CROP.png.
SOURCE FIDELITY: attached factual crops/photos are evidence, not inspiration. Preserve their subject and meaning. If an attached legal/document crop is shown, display it as an unchanged photographic crop inside the design; do NOT retype, redraw, summarize, invent, extend, or fabricate legal body text, headings, counts, seals, signatures, case numbers, dates or amounts.
LEGAL/FACT LOCK: $1B is contractual termination fee/liquidated damages, not government fine, court award or regulator invoice. CMA provisional/possible and EC preliminary; no final UK/EU prohibition.
SUBTITLE SAFE: bottom 22% of the entire frame must be dark, visually quiet and free of headline, quote, amount, face, evidence, source label, legal caveat, timeline endpoint or important object.
ONE-PASS RULES: final usable video frame, not a style board; max 1 hero idea + 1 support idea; max 2 generated text blocks; no pseudo-text; no fake documents; no duplicated hero; no random courthouse, gavel, scales, cash-stack, vault or regulator imagery unless demanded by this beat; logos only as attached unchanged identifiers; no subject leakage from style; no invented UI; no watermark; no borders; no post-generation repair should be required.",PROMPT_READY_PREP_INPUTS_REQUIRED_WHERE_LISTED
G036,B050,S06,412.380,419.620,T06,HIGGSFIELD_ONE_PASS,FAILED CLOSING GETS CLOSER,,D_RV053,12_SOURCE_PREP/RV053_10Q_CLOSING_RISK_CROP.png,RV049;RV056,NO,CMA provisional/possible and EC preliminary; no final UK/EU prohibition.,BOTTOM_22_PERCENT_CLEAR,gpt_image_2,1k,low,16:9,0.5,"FINAL VIDEO FRAME — G036 / B050 — 16:9 WHAT IT COST
SCENE PURPOSE: FAILED CLOSING GETS CLOSER
NARRATION MEANING: ""The fee mattered because it had already been written into their own contract, and the possibility of a failed closing was becoming harder to ignore.""
ALLOWED GENERATED TEXT ONLY: ""FAILED CLOSING GETS CLOSER"". Do not generate any other readable words. Source-crop text may remain only if it is already present in the attached authentic crop.
STYLE: WHAT IT COST canonical final-frame style: premium investigative business documentary; charcoal/black textured background; warm aged-paper evidence layers; off-white distressed condensed headline; restrained deep-red underline/tab accents; tiny brass/black office hardware only when useful; realistic paper depth and film-grain; strong cinematic negative space; serious corporate/legal tone; no horror, no sensational crime-poster language, no neon, no dashboard/card-grid, no decorative clutter.
LAYOUT: Chronology layout: one headline plus a simple horizontal or vertical timeline with 2-4 unlabeled nodes maximum; authentic source photo or crop as the visual anchor; no decorative map clutter.
SCENE: A path toward a closing node narrows between two dark paper walls; the closing node recedes. The attached Adobe 10-Q closing-risk excerpt is the anchor crop upper-right. Possibility, not prediction of prohibition.
INPUTS: RV053_10Q_CLOSING_RISK_CROP.png.
SOURCE FIDELITY: attached factual crops/photos are evidence, not inspiration. Preserve their subject and meaning. If an attached legal/document crop is shown, display it as an unchanged photographic crop inside the design; do NOT retype, redraw, summarize, invent, extend, or fabricate legal body text, headings, counts, seals, signatures, case numbers, dates or amounts.
LEGAL/FACT LOCK: CMA provisional/possible and EC preliminary; no final UK/EU prohibition.
SUBTITLE SAFE: bottom 22% of the entire frame must be dark, visually quiet and free of headline, quote, amount, face, evidence, source label, legal caveat, timeline endpoint or important object.
ONE-PASS RULES: final usable video frame, not a style board; max 1 hero idea + 1 support idea; max 2 generated text blocks; no pseudo-text; no fake documents; no duplicated hero; no random courthouse, gavel, scales, cash-stack, vault or regulator imagery unless demanded by this beat; logos only as attached unchanged identifiers; no subject leakage from style; no invented UI; no watermark; no borders; no post-generation repair should be required.",PROMPT_READY_PREP_INPUTS_REQUIRED_WHERE_LISTED
G037,B051,S07,420.520,426.380,T01,HIGGSFIELD_ONE_PASS,NOVEMBER 2023,,P_RV068;D_RV054,12_SOURCE_PREP/RV068_BERLAYMONT.jpg;12_SOURCE_PREP/RV054_CMA_CASE_TIMELINE_CROP.png,RV056;RV059,NO,CMA provisional/possible and EC preliminary; no final UK/EU prohibition.,BOTTOM_22_PERCENT_CLEAR,gpt_image_2,1k,low,16:9,0.5,"FINAL VIDEO FRAME — G037 / B051 — 16:9 WHAT IT COST
SCENE PURPOSE: NOVEMBER 2023
NARRATION MEANING: ""By November twenty twenty-three, the UK and EU concerns had become much more explicit.""
ALLOWED GENERATED TEXT ONLY: ""NOVEMBER 2023"". Do not generate any other readable words. Source-crop text may remain only if it is already present in the attached authentic crop.
STYLE: WHAT IT COST canonical final-frame style: premium investigative business documentary; charcoal/black textured background; warm aged-paper evidence layers; off-white distressed condensed headline; restrained deep-red underline/tab accents; tiny brass/black office hardware only when useful; realistic paper depth and film-grain; strong cinematic negative space; serious corporate/legal tone; no horror, no sensational crime-poster language, no neon, no dashboard/card-grid, no decorative clutter.
LAYOUT: Asymmetrical evidence layout: one dominant authentic source/photo panel on the right or upper-right; headline block on the left; at most one secondary paper layer; restrained red rule; large clean negative space.
SCENE: Dominant right: the attached European Commission HQ photo at dusk. Secondary smaller layer at left-center: the attached CMA case-timeline crop. One red month tick between them. Two authorities converging in one moment.
INPUTS: RV068_BERLAYMONT.jpg; RV054_CMA_CASE_TIMELINE_CROP.png.
SOURCE FIDELITY: attached factual crops/photos are evidence, not inspiration. Preserve their subject and meaning. If an attached legal/document crop is shown, display it as an unchanged photographic crop inside the design; do NOT retype, redraw, summarize, invent, extend, or fabricate legal body text, headings, counts, seals, signatures, case numbers, dates or amounts.
LEGAL/FACT LOCK: CMA provisional/possible and EC preliminary; no final UK/EU prohibition.
SUBTITLE SAFE: bottom 22% of the entire frame must be dark, visually quiet and free of headline, quote, amount, face, evidence, source label, legal caveat, timeline endpoint or important object.
ONE-PASS RULES: final usable video frame, not a style board; max 1 hero idea + 1 support idea; max 2 generated text blocks; no pseudo-text; no fake documents; no duplicated hero; no random courthouse, gavel, scales, cash-stack, vault or regulator imagery unless demanded by this beat; logos only as attached unchanged identifiers; no subject leakage from style; no invented UI; no watermark; no borders; no post-generation repair should be required.",PROMPT_READY_PREP_INPUTS_REQUIRED_WHERE_LISTED
G038,B056,S07,464.240,474.500,T02,HIGGSFIELD_ONE_PASS,REMEDIES CHANGE THE DEAL,,P_RV065;P_RV066,12_SOURCE_PREP/RV065_ADOBE_IDENTIFIER.png;12_SOURCE_PREP/RV066_FIGMA_IDENTIFIER.png,RV057,NO,CMA provisional/possible and EC preliminary; no final UK/EU prohibition.,BOTTOM_22_PERCENT_CLEAR,gpt_image_2,1k,low,16:9,0.5,"FINAL VIDEO FRAME — G038 / B056 — 16:9 WHAT IT COST
SCENE PURPOSE: REMEDIES CHANGE THE DEAL
NARRATION MEANING: ""That was a major escalation in practical terms. A provisional concern is one thing. A remedies discussion forces the parties to confront what the deal might have to look like""
ALLOWED GENERATED TEXT ONLY: ""REMEDIES CHANGE THE DEAL"". Do not generate any other readable words. Source-crop text may remain only if it is already present in the attached authentic crop.
STYLE: WHAT IT COST canonical final-frame style: premium investigative business documentary; charcoal/black textured background; warm aged-paper evidence layers; off-white distressed condensed headline; restrained deep-red underline/tab accents; tiny brass/black office hardware only when useful; realistic paper depth and film-grain; strong cinematic negative space; serious corporate/legal tone; no horror, no sensational crime-poster language, no neon, no dashboard/card-grid, no decorative clutter.
LAYOUT: Split analytical layout: two clearly separated evidence/context zones, one dominant and one subordinate; headline placed in the cleanest negative-space zone; use thin rules or one red connector, never a busy flowchart.
SCENE: Transaction path starting from two small unchanged identifier cards splits into two outlined branches: one toward a blank prohibition slot, one toward a blank structural-split slot. Both branches open, neither reached.
INPUTS: RV065_ADOBE_IDENTIFIER.png; RV066_FIGMA_IDENTIFIER.png.
SOURCE FIDELITY: attached factual crops/photos are evidence, not inspiration. Preserve their subject and meaning. If an attached legal/document crop is shown, display it as an unchanged photographic crop inside the design; do NOT retype, redraw, summarize, invent, extend, or fabricate legal body text, headings, counts, seals, signatures, case numbers, dates or amounts.
LEGAL/FACT LOCK: CMA provisional/possible and EC preliminary; no final UK/EU prohibition.
SUBTITLE SAFE: bottom 22% of the entire frame must be dark, visually quiet and free of headline, quote, amount, face, evidence, source label, legal caveat, timeline endpoint or important object.
ONE-PASS RULES: final usable video frame, not a style board; max 1 hero idea + 1 support idea; max 2 generated text blocks; no pseudo-text; no fake documents; no duplicated hero; no random courthouse, gavel, scales, cash-stack, vault or regulator imagery unless demanded by this beat; logos only as attached unchanged identifiers; no subject leakage from style; no invented UI; no watermark; no borders; no post-generation repair should be required.",PROMPT_READY_PREP_INPUTS_REQUIRED_WHERE_LISTED
G039,B057,S07,474.500,481.820,T01,HIGGSFIELD_ONE_PASS,FIGMA DESIGN ON THE TABLE,,P_RV033,12_SOURCE_PREP/RV033_FIGMA_COLLAB_WORKFLOW_UI.png,RV057;RV037,NO,CMA provisional/possible and EC preliminary; no final UK/EU prohibition.,BOTTOM_22_PERCENT_CLEAR,gpt_image_2,1k,low,16:9,0.5,"FINAL VIDEO FRAME — G039 / B057 — 16:9 WHAT IT COST
SCENE PURPOSE: FIGMA DESIGN ON THE TABLE
NARRATION MEANING: ""if the concerns are not resolved. The CMA document also discussed a possible divestiture of Figma Design""
ALLOWED GENERATED TEXT ONLY: ""FIGMA DESIGN ON THE TABLE"". Do not generate any other readable words. Source-crop text may remain only if it is already present in the attached authentic crop.
STYLE: WHAT IT COST canonical final-frame style: premium investigative business documentary; charcoal/black textured background; warm aged-paper evidence layers; off-white distressed condensed headline; restrained deep-red underline/tab accents; tiny brass/black office hardware only when useful; realistic paper depth and film-grain; strong cinematic negative space; serious corporate/legal tone; no horror, no sensational crime-poster language, no neon, no dashboard/card-grid, no decorative clutter.
LAYOUT: Asymmetrical evidence layout: one dominant authentic source/photo panel on the right or upper-right; headline block on the left; at most one secondary paper layer; restrained red rule; large clean negative space.
SCENE: Dominant right: the attached Figma product visual as an unchanged screenshot print. A careful faint red dashed cut-line runs beside it (never through it): a possible divestiture discussed, not a separation that happened.
INPUTS: RV033_FIGMA_COLLAB_WORKFLOW_UI.png.
SOURCE FIDELITY: attached factual crops/photos are evidence, not inspiration. Preserve their subject and meaning. If an attached legal/document crop is shown, display it as an unchanged photographic crop inside the design; do NOT retype, redraw, summarize, invent, extend, or fabricate legal body text, headings, counts, seals, signatures, case numbers, dates or amounts.
LEGAL/FACT LOCK: CMA provisional/possible and EC preliminary; no final UK/EU prohibition.
SUBTITLE SAFE: bottom 22% of the entire frame must be dark, visually quiet and free of headline, quote, amount, face, evidence, source label, legal caveat, timeline endpoint or important object.
ONE-PASS RULES: final usable video frame, not a style board; max 1 hero idea + 1 support idea; max 2 generated text blocks; no pseudo-text; no fake documents; no duplicated hero; no random courthouse, gavel, scales, cash-stack, vault or regulator imagery unless demanded by this beat; logos only as attached unchanged identifiers; no subject leakage from style; no invented UI; no watermark; no borders; no post-generation repair should be required.",PROMPT_READY_PREP_INPUTS_REQUIRED_WHERE_LISTED
G040,B058,S07,481.820,490.200,T07,HIGGSFIELD_ONE_PASS,"PRESSURE, NOT FINALITY",,D_RV056,12_SOURCE_PREP/RV056_CMA_PROVISIONAL_FINDINGS_CROP.png,RV057,NO,CMA provisional/possible and EC preliminary; no final UK/EU prohibition.,BOTTOM_22_PERCENT_CLEAR,gpt_image_2,1k,low,16:9,0.5,"FINAL VIDEO FRAME — G040 / B058 — 16:9 WHAT IT COST
SCENE PURPOSE: PRESSURE, NOT FINALITY
NARRATION MEANING: ""and said that remedy would be substantially similar to prohibition while introducing additional risks. The pressure was real.""
ALLOWED GENERATED TEXT ONLY: ""PRESSURE, NOT FINALITY"". Do not generate any other readable words. Source-crop text may remain only if it is already present in the attached authentic crop.
STYLE: WHAT IT COST canonical final-frame style: premium investigative business documentary; charcoal/black textured background; warm aged-paper evidence layers; off-white distressed condensed headline; restrained deep-red underline/tab accents; tiny brass/black office hardware only when useful; realistic paper depth and film-grain; strong cinematic negative space; serious corporate/legal tone; no horror, no sensational crime-poster language, no neon, no dashboard/card-grid, no decorative clutter.
LAYOUT: Accountability/status layout: large legal-status headline left; one authentic regulator/SEC/DOJ source crop or institutional context image right; minimal dossier treatment; never fabricate case paperwork, seals, orders or stamps.
SCENE: Status headline left. Right: the attached CMA provisional-findings title crop. Below it, a strong horizontal pressure bar in deep red that stops before an intentionally open blank final-decision slot.
INPUTS: RV056_CMA_PROVISIONAL_FINDINGS_CROP.png.
SOURCE FIDELITY: attached factual crops/photos are evidence, not inspiration. Preserve their subject and meaning. If an attached legal/document crop is shown, display it as an unchanged photographic crop inside the design; do NOT retype, redraw, summarize, invent, extend, or fabricate legal body text, headings, counts, seals, signatures, case numbers, dates or amounts.
LEGAL/FACT LOCK: CMA provisional/possible and EC preliminary; no final UK/EU prohibition.
SUBTITLE SAFE: bottom 22% of the entire frame must be dark, visually quiet and free of headline, quote, amount, face, evidence, source label, legal caveat, timeline endpoint or important object.
ONE-PASS RULES: final usable video frame, not a style board; max 1 hero idea + 1 support idea; max 2 generated text blocks; no pseudo-text; no fake documents; no duplicated hero; no random courthouse, gavel, scales, cash-stack, vault or regulator imagery unless demanded by this beat; logos only as attached unchanged identifiers; no subject leakage from style; no invented UI; no watermark; no borders; no post-generation repair should be required.",PROMPT_READY_PREP_INPUTS_REQUIRED_WHERE_LISTED
G041,B060,S08,502.040,509.740,T01,HIGGSFIELD_ONE_PASS,ADOBE + FIGMA PUSH BACK,,P_RV009;P_RV012,12_SOURCE_PREP/RV009_NARAYEN_MAX_2022_STAGE.jpg;12_SOURCE_PREP/RV012_FIELD_PORTRAIT.jpg,RV001;RV012;RV058,YES,CMA provisional/possible and EC preliminary; no final UK/EU prohibition. Adobe/Figma arguments remain attributed.,BOTTOM_22_PERCENT_CLEAR,gpt_image_2,1k,low,16:9,0.5,"FINAL VIDEO FRAME — G041 / B060 — 16:9 WHAT IT COST
SCENE PURPOSE: ADOBE + FIGMA PUSH BACK
NARRATION MEANING: ""Adobe and Figma did not accept the regulators' theories as settled fact. In their submissions to the CMA, the companies argued""
ALLOWED GENERATED TEXT ONLY: ""ADOBE + FIGMA PUSH BACK"". Do not generate any other readable words. Source-crop text may remain only if it is already present in the attached authentic crop.
STYLE: WHAT IT COST canonical final-frame style: premium investigative business documentary; charcoal/black textured background; warm aged-paper evidence layers; off-white distressed condensed headline; restrained deep-red underline/tab accents; tiny brass/black office hardware only when useful; realistic paper depth and film-grain; strong cinematic negative space; serious corporate/legal tone; no horror, no sensational crime-poster language, no neon, no dashboard/card-grid, no decorative clutter.
LAYOUT: Asymmetrical evidence layout: one dominant authentic source/photo panel on the right or upper-right; headline block on the left; at most one secondary paper layer; restrained red rule; large clean negative space.
SCENE: Dominant right: the attached Adobe MAX stage photo as an unchanged print. Secondary smaller print at left-center: the attached Figma CEO portrait. A blank company-response paper between them. Balanced, not guilt-implying.
INPUTS: RV009_NARAYEN_MAX_2022_STAGE.jpg; RV012_FIELD_PORTRAIT.jpg.
SOURCE FIDELITY: attached factual crops/photos are evidence, not inspiration. Preserve their subject and meaning. If an attached legal/document crop is shown, display it as an unchanged photographic crop inside the design; do NOT retype, redraw, summarize, invent, extend, or fabricate legal body text, headings, counts, seals, signatures, case numbers, dates or amounts.
PERSON PHOTO LOCK: attached portraits/event photos are unchanged photographic prints; do not alter face, expression, age, clothing, pose or crowd; do not add, duplicate or invent any person.
LEGAL/FACT LOCK: CMA provisional/possible and EC preliminary; no final UK/EU prohibition. Adobe/Figma arguments remain attributed.
SUBTITLE SAFE: bottom 22% of the entire frame must be dark, visually quiet and free of headline, quote, amount, face, evidence, source label, legal caveat, timeline endpoint or important object.
ONE-PASS RULES: final usable video frame, not a style board; max 1 hero idea + 1 support idea; max 2 generated text blocks; no pseudo-text; no fake documents; no duplicated hero; no random courthouse, gavel, scales, cash-stack, vault or regulator imagery unless demanded by this beat; logos only as attached unchanged identifiers; no subject leakage from style; no invented UI; no watermark; no borders; no post-generation repair should be required.",PROMPT_READY_PREP_INPUTS_REQUIRED_WHERE_LISTED
G042,B062,S08,520.580,528.940,T07,HIGGSFIELD_ONE_PASS,NO FINAL MERITS DECISION,,D_RV054,12_SOURCE_PREP/RV054_CMA_CASE_TIMELINE_CROP.png,RV056;RV059,NO,CMA provisional/possible and EC preliminary; no final UK/EU prohibition. Adobe/Figma arguments remain attributed.,BOTTOM_22_PERCENT_CLEAR,gpt_image_2,1k,low,16:9,0.5,"FINAL VIDEO FRAME — G042 / B062 — 16:9 WHAT IT COST
SCENE PURPOSE: NO FINAL MERITS DECISION
NARRATION MEANING: ""That counter-position belongs in the film for a simple reason: neither the UK nor the EU process reached a final merits decision.""
ALLOWED GENERATED TEXT ONLY: ""NO FINAL MERITS DECISION"". Do not generate any other readable words. Source-crop text may remain only if it is already present in the attached authentic crop.
STYLE: WHAT IT COST canonical final-frame style: premium investigative business documentary; charcoal/black textured background; warm aged-paper evidence layers; off-white distressed condensed headline; restrained deep-red underline/tab accents; tiny brass/black office hardware only when useful; realistic paper depth and film-grain; strong cinematic negative space; serious corporate/legal tone; no horror, no sensational crime-poster language, no neon, no dashboard/card-grid, no decorative clutter.
LAYOUT: Accountability/status layout: large legal-status headline left; one authentic regulator/SEC/DOJ source crop or institutional context image right; minimal dossier treatment; never fabricate case paperwork, seals, orders or stamps.
SCENE: Status headline left. Right: the attached CMA case-timeline crop; beside it a clean blank final page with a thin red line that stops at its edge. The absence of a final merits decision is the composition.
INPUTS: RV054_CMA_CASE_TIMELINE_CROP.png.
SOURCE FIDELITY: attached factual crops/photos are evidence, not inspiration. Preserve their subject and meaning. If an attached legal/document crop is shown, display it as an unchanged photographic crop inside the design; do NOT retype, redraw, summarize, invent, extend, or fabricate legal body text, headings, counts, seals, signatures, case numbers, dates or amounts.
LEGAL/FACT LOCK: CMA provisional/possible and EC preliminary; no final UK/EU prohibition. Adobe/Figma arguments remain attributed.
SUBTITLE SAFE: bottom 22% of the entire frame must be dark, visually quiet and free of headline, quote, amount, face, evidence, source label, legal caveat, timeline endpoint or important object.
ONE-PASS RULES: final usable video frame, not a style board; max 1 hero idea + 1 support idea; max 2 generated text blocks; no pseudo-text; no fake documents; no duplicated hero; no random courthouse, gavel, scales, cash-stack, vault or regulator imagery unless demanded by this beat; logos only as attached unchanged identifiers; no subject leakage from style; no invented UI; no watermark; no borders; no post-generation repair should be required.",PROMPT_READY_PREP_INPUTS_REQUIRED_WHERE_LISTED
G043,B063,S08,529.760,537.140,T02,HIGGSFIELD_ONE_PASS,TWO SIDES OF THE RECORD,,D_RV056;D_RV058,12_SOURCE_PREP/RV056_CMA_PROVISIONAL_FINDINGS_CROP.png;12_SOURCE_PREP/RV058_PARTIES_RESPONSE_CROP.png,RV056;RV058;RV059,NO,CMA provisional/possible and EC preliminary; no final UK/EU prohibition. Adobe/Figma arguments remain attributed.,BOTTOM_22_PERCENT_CLEAR,gpt_image_2,1k,low,16:9,0.5,"FINAL VIDEO FRAME — G043 / B063 — 16:9 WHAT IT COST
SCENE PURPOSE: TWO SIDES OF THE RECORD
NARRATION MEANING: ""The public record contains serious regulatory concerns, but it also contains the companies' detailed disagreement with those concerns.""
ALLOWED GENERATED TEXT ONLY: ""TWO SIDES OF THE RECORD"". Do not generate any other readable words. Source-crop text may remain only if it is already present in the attached authentic crop.
STYLE: WHAT IT COST canonical final-frame style: premium investigative business documentary; charcoal/black textured background; warm aged-paper evidence layers; off-white distressed condensed headline; restrained deep-red underline/tab accents; tiny brass/black office hardware only when useful; realistic paper depth and film-grain; strong cinematic negative space; serious corporate/legal tone; no horror, no sensational crime-poster language, no neon, no dashboard/card-grid, no decorative clutter.
LAYOUT: Split analytical layout: two clearly separated evidence/context zones, one dominant and one subordinate; headline placed in the cleanest negative-space zone; use thin rules or one red connector, never a busy flowchart.
SCENE: Two equal-weight zones: regulator concerns left (attached CMA provisional-findings crop), company response right (attached Adobe/Figma response crop). A single thin neutral divider; no justice-scale cliche.
INPUTS: RV056_CMA_PROVISIONAL_FINDINGS_CROP.png; RV058_PARTIES_RESPONSE_CROP.png.
SOURCE FIDELITY: attached factual crops/photos are evidence, not inspiration. Preserve their subject and meaning. If an attached legal/document crop is shown, display it as an unchanged photographic crop inside the design; do NOT retype, redraw, summarize, invent, extend, or fabricate legal body text, headings, counts, seals, signatures, case numbers, dates or amounts.
LEGAL/FACT LOCK: CMA provisional/possible and EC preliminary; no final UK/EU prohibition. Adobe/Figma arguments remain attributed.
SUBTITLE SAFE: bottom 22% of the entire frame must be dark, visually quiet and free of headline, quote, amount, face, evidence, source label, legal caveat, timeline endpoint or important object.
ONE-PASS RULES: final usable video frame, not a style board; max 1 hero idea + 1 support idea; max 2 generated text blocks; no pseudo-text; no fake documents; no duplicated hero; no random courthouse, gavel, scales, cash-stack, vault or regulator imagery unless demanded by this beat; logos only as attached unchanged identifiers; no subject leakage from style; no invented UI; no watermark; no borders; no post-generation repair should be required.",PROMPT_READY_PREP_INPUTS_REQUIRED_WHERE_LISTED
G044,B064,S08,538.340,544.420,T06,HIGGSFIELD_ONE_PASS,WHAT REMEDY COULD WORK?,,D_RV057,12_SOURCE_PREP/RV057_CMA_POSSIBLE_REMEDIES_CROP.png,RV057;RV058,NO,CMA provisional/possible and EC preliminary; no final UK/EU prohibition. Adobe/Figma arguments remain attributed.,BOTTOM_22_PERCENT_CLEAR,gpt_image_2,1k,low,16:9,0.5,"FINAL VIDEO FRAME — G044 / B064 — 16:9 WHAT IT COST
SCENE PURPOSE: WHAT REMEDY COULD WORK?
NARRATION MEANING: ""By December, the argument had shifted toward what kinds of remedies could realistically address the regulators' concerns.""
ALLOWED GENERATED TEXT ONLY: ""WHAT REMEDY COULD WORK?"". Do not generate any other readable words. Source-crop text may remain only if it is already present in the attached authentic crop.
STYLE: WHAT IT COST canonical final-frame style: premium investigative business documentary; charcoal/black textured background; warm aged-paper evidence layers; off-white distressed condensed headline; restrained deep-red underline/tab accents; tiny brass/black office hardware only when useful; realistic paper depth and film-grain; strong cinematic negative space; serious corporate/legal tone; no horror, no sensational crime-poster language, no neon, no dashboard/card-grid, no decorative clutter.
LAYOUT: Chronology layout: one headline plus a simple horizontal or vertical timeline with 2-4 unlabeled nodes maximum; authentic source photo or crop as the visual anchor; no decorative map clutter.
SCENE: Short timeline with two unlabeled month nodes; from the second node several thin remedy paths branch upward, one visibly narrow in red. The attached CMA possible-remedies title crop is the anchor.
INPUTS: RV057_CMA_POSSIBLE_REMEDIES_CROP.png.
SOURCE FIDELITY: attached factual crops/photos are evidence, not inspiration. Preserve their subject and meaning. If an attached legal/document crop is shown, display it as an unchanged photographic crop inside the design; do NOT retype, redraw, summarize, invent, extend, or fabricate legal body text, headings, counts, seals, signatures, case numbers, dates or amounts.
LEGAL/FACT LOCK: CMA provisional/possible and EC preliminary; no final UK/EU prohibition. Adobe/Figma arguments remain attributed.
SUBTITLE SAFE: bottom 22% of the entire frame must be dark, visually quiet and free of headline, quote, amount, face, evidence, source label, legal caveat, timeline endpoint or important object.
ONE-PASS RULES: final usable video frame, not a style board; max 1 hero idea + 1 support idea; max 2 generated text blocks; no pseudo-text; no fake documents; no duplicated hero; no random courthouse, gavel, scales, cash-stack, vault or regulator imagery unless demanded by this beat; logos only as attached unchanged identifiers; no subject leakage from style; no invented UI; no watermark; no borders; no post-generation repair should be required.",PROMPT_READY_PREP_INPUTS_REQUIRED_WHERE_LISTED
G045,B066,S08,555.500,563.200,T01,HIGGSFIELD_ONE_PASS,THE COMPANIES' CHARACTERIZATION,,P_RV004;P_RV066,12_SOURCE_PREP/RV004_ADOBE_HQ_SAN_JOSE.jpg;12_SOURCE_PREP/RV066_FIGMA_IDENTIFIER.png,RV058;RV001;RV012,NO,CMA provisional/possible and EC preliminary; no final UK/EU prohibition. Adobe/Figma arguments remain attributed.,BOTTOM_22_PERCENT_CLEAR,gpt_image_2,1k,low,16:9,0.5,"FINAL VIDEO FRAME — G045 / B066 — 16:9 WHAT IT COST
SCENE PURPOSE: THE COMPANIES' CHARACTERIZATION
NARRATION MEANING: ""effectively pointed toward either prohibition or divestiture of Figma Design. That was the companies' characterization.""
ALLOWED GENERATED TEXT ONLY: ""THE COMPANIES' CHARACTERIZATION"". Do not generate any other readable words. Source-crop text may remain only if it is already present in the attached authentic crop.
STYLE: WHAT IT COST canonical final-frame style: premium investigative business documentary; charcoal/black textured background; warm aged-paper evidence layers; off-white distressed condensed headline; restrained deep-red underline/tab accents; tiny brass/black office hardware only when useful; realistic paper depth and film-grain; strong cinematic negative space; serious corporate/legal tone; no horror, no sensational crime-poster language, no neon, no dashboard/card-grid, no decorative clutter.
LAYOUT: Asymmetrical evidence layout: one dominant authentic source/photo panel on the right or upper-right; headline block on the left; at most one secondary paper layer; restrained red rule; large clean negative space.
SCENE: Dominant right: Adobe headquarters photo. Secondary small card: unchanged Figma identifier. A blank paper strip with a thin red quote-bar runs under the headline: this is the companies speaking, attributed.
INPUTS: RV004_ADOBE_HQ_SAN_JOSE.jpg; RV066_FIGMA_IDENTIFIER.png.
SOURCE FIDELITY: attached factual crops/photos are evidence, not inspiration. Preserve their subject and meaning. If an attached legal/document crop is shown, display it as an unchanged photographic crop inside the design; do NOT retype, redraw, summarize, invent, extend, or fabricate legal body text, headings, counts, seals, signatures, case numbers, dates or amounts.
LEGAL/FACT LOCK: CMA provisional/possible and EC preliminary; no final UK/EU prohibition. Adobe/Figma arguments remain attributed.
SUBTITLE SAFE: bottom 22% of the entire frame must be dark, visually quiet and free of headline, quote, amount, face, evidence, source label, legal caveat, timeline endpoint or important object.
ONE-PASS RULES: final usable video frame, not a style board; max 1 hero idea + 1 support idea; max 2 generated text blocks; no pseudo-text; no fake documents; no duplicated hero; no random courthouse, gavel, scales, cash-stack, vault or regulator imagery unless demanded by this beat; logos only as attached unchanged identifiers; no subject leakage from style; no invented UI; no watermark; no borders; no post-generation repair should be required.",PROMPT_READY_PREP_INPUTS_REQUIRED_WHERE_LISTED
G046,B067,S08,564.300,574.220,T07,HIGGSFIELD_ONE_PASS,NO FINAL PROHIBITION,,P_RV069,12_SOURCE_PREP/RV069_BERLAYMONT_ALT.jpg,RV056;RV059,NO,CMA provisional/possible and EC preliminary; no final UK/EU prohibition. Adobe/Figma arguments remain attributed.,BOTTOM_22_PERCENT_CLEAR,gpt_image_2,1k,low,16:9,0.5,"FINAL VIDEO FRAME — G046 / B067 — 16:9 WHAT IT COST
SCENE PURPOSE: NO FINAL PROHIBITION
NARRATION MEANING: ""It was not a final CMA ruling. But it captures how narrow they said the path had become. No final UK or EU prohibition order had been issued.""
ALLOWED GENERATED TEXT ONLY: ""NO FINAL PROHIBITION"". Do not generate any other readable words. Source-crop text may remain only if it is already present in the attached authentic crop.
STYLE: WHAT IT COST canonical final-frame style: premium investigative business documentary; charcoal/black textured background; warm aged-paper evidence layers; off-white distressed condensed headline; restrained deep-red underline/tab accents; tiny brass/black office hardware only when useful; realistic paper depth and film-grain; strong cinematic negative space; serious corporate/legal tone; no horror, no sensational crime-poster language, no neon, no dashboard/card-grid, no decorative clutter.
LAYOUT: Accountability/status layout: large legal-status headline left; one authentic regulator/SEC/DOJ source crop or institutional context image right; minimal dossier treatment; never fabricate case paperwork, seals, orders or stamps.
SCENE: Status headline left. Right: the attached Berlaymont photo as institutional context. In front of it, an empty final-order page, blank; a red line ends at the blank page rather than at any stamp.
INPUTS: RV069_BERLAYMONT_ALT.jpg.
SOURCE FIDELITY: attached factual crops/photos are evidence, not inspiration. Preserve their subject and meaning. If an attached legal/document crop is shown, display it as an unchanged photographic crop inside the design; do NOT retype, redraw, summarize, invent, extend, or fabricate legal body text, headings, counts, seals, signatures, case numbers, dates or amounts.
LEGAL/FACT LOCK: CMA provisional/possible and EC preliminary; no final UK/EU prohibition. Adobe/Figma arguments remain attributed.
SUBTITLE SAFE: bottom 22% of the entire frame must be dark, visually quiet and free of headline, quote, amount, face, evidence, source label, legal caveat, timeline endpoint or important object.
ONE-PASS RULES: final usable video frame, not a style board; max 1 hero idea + 1 support idea; max 2 generated text blocks; no pseudo-text; no fake documents; no duplicated hero; no random courthouse, gavel, scales, cash-stack, vault or regulator imagery unless demanded by this beat; logos only as attached unchanged identifiers; no subject leakage from style; no invented UI; no watermark; no borders; no post-generation repair should be required.",PROMPT_READY_PREP_INPUTS_REQUIRED_WHERE_LISTED
G047,B068,S08,575.080,581.860,T06,HIGGSFIELD_ONE_PASS,COULD THIS STILL CLOSE?,,P_RV025,12_SOURCE_PREP/RV025_ADOBE_FIGMA_DEAL_GRAPHIC.png,RV058;RV057,NO,CMA provisional/possible and EC preliminary; no final UK/EU prohibition. Adobe/Figma arguments remain attributed.,BOTTOM_22_PERCENT_CLEAR,gpt_image_2,1k,low,16:9,0.5,"FINAL VIDEO FRAME — G047 / B068 — 16:9 WHAT IT COST
SCENE PURPOSE: COULD THIS STILL CLOSE?
NARRATION MEANING: ""Yet the practical question was now unavoidable. Could this transaction still reach the approvals required to close?""
ALLOWED GENERATED TEXT ONLY: ""COULD THIS STILL CLOSE?"". Do not generate any other readable words. Source-crop text may remain only if it is already present in the attached authentic crop.
STYLE: WHAT IT COST canonical final-frame style: premium investigative business documentary; charcoal/black textured background; warm aged-paper evidence layers; off-white distressed condensed headline; restrained deep-red underline/tab accents; tiny brass/black office hardware only when useful; realistic paper depth and film-grain; strong cinematic negative space; serious corporate/legal tone; no horror, no sensational crime-poster language, no neon, no dashboard/card-grid, no decorative clutter.
LAYOUT: Chronology layout: one headline plus a simple horizontal or vertical timeline with 2-4 unlabeled nodes maximum; authentic source photo or crop as the visual anchor; no decorative map clutter.
SCENE: The attached official deal graphic, faded, at the start node. A transaction path narrows toward a single closing gate at the far right; dark paper layers crowd the route. Question, not answer.
INPUTS: RV025_ADOBE_FIGMA_DEAL_GRAPHIC.png.
SOURCE FIDELITY: attached factual crops/photos are evidence, not inspiration. Preserve their subject and meaning. If an attached legal/document crop is shown, display it as an unchanged photographic crop inside the design; do NOT retype, redraw, summarize, invent, extend, or fabricate legal body text, headings, counts, seals, signatures, case numbers, dates or amounts.
LEGAL/FACT LOCK: CMA provisional/possible and EC preliminary; no final UK/EU prohibition. Adobe/Figma arguments remain attributed.
SUBTITLE SAFE: bottom 22% of the entire frame must be dark, visually quiet and free of headline, quote, amount, face, evidence, source label, legal caveat, timeline endpoint or important object.
ONE-PASS RULES: final usable video frame, not a style board; max 1 hero idea + 1 support idea; max 2 generated text blocks; no pseudo-text; no fake documents; no duplicated hero; no random courthouse, gavel, scales, cash-stack, vault or regulator imagery unless demanded by this beat; logos only as attached unchanged identifiers; no subject leakage from style; no invented UI; no watermark; no borders; no post-generation repair should be required.",PROMPT_READY_PREP_INPUTS_REQUIRED_WHERE_LISTED
G048,B070,S09,593.360,603.920,T03,HIGGSFIELD_ONE_PASS,NO CLEAR PATH,,D_RV061,12_SOURCE_PREP/RV061_8K_TERMINATION_CROP.png,RV061;RV062,NO,CMA provisional/possible and EC preliminary; no final UK/EU prohibition.,BOTTOM_22_PERCENT_CLEAR,gpt_image_2,1k,low,16:9,0.5,"FINAL VIDEO FRAME — G048 / B070 — 16:9 WHAT IT COST
SCENE PURPOSE: NO CLEAR PATH
NARRATION MEANING: ""The next day, they announced that the acquisition was over. Their public explanation was direct. They said there was no clear path to obtaining the necessary regulatory approvals""
ALLOWED GENERATED TEXT ONLY: ""NO CLEAR PATH"". Do not generate any other readable words. Source-crop text may remain only if it is already present in the attached authentic crop.
STYLE: WHAT IT COST canonical final-frame style: premium investigative business documentary; charcoal/black textured background; warm aged-paper evidence layers; off-white distressed condensed headline; restrained deep-red underline/tab accents; tiny brass/black office hardware only when useful; realistic paper depth and film-grain; strong cinematic negative space; serious corporate/legal tone; no horror, no sensational crime-poster language, no neon, no dashboard/card-grid, no decorative clutter.
LAYOUT: Quote/document layout: one large headline is the hero; attached authentic excerpt appears as a tight photographic crop, not a recreated document; surrounding papers stay blank.
SCENE: Quote/document layout: headline hero left. Right: the attached Adobe 8-K termination excerpt as a tight photographed crop, one red underline under the stated rationale. The parties speaking, not a regulator ordering.
INPUTS: RV061_8K_TERMINATION_CROP.png.
SOURCE FIDELITY: attached factual crops/photos are evidence, not inspiration. Preserve their subject and meaning. If an attached legal/document crop is shown, display it as an unchanged photographic crop inside the design; do NOT retype, redraw, summarize, invent, extend, or fabricate legal body text, headings, counts, seals, signatures, case numbers, dates or amounts.
LEGAL/FACT LOCK: CMA provisional/possible and EC preliminary; no final UK/EU prohibition.
SUBTITLE SAFE: bottom 22% of the entire frame must be dark, visually quiet and free of headline, quote, amount, face, evidence, source label, legal caveat, timeline endpoint or important object.
ONE-PASS RULES: final usable video frame, not a style board; max 1 hero idea + 1 support idea; max 2 generated text blocks; no pseudo-text; no fake documents; no duplicated hero; no random courthouse, gavel, scales, cash-stack, vault or regulator imagery unless demanded by this beat; logos only as attached unchanged identifiers; no subject leakage from style; no invented UI; no watermark; no borders; no post-generation repair should be required.",PROMPT_READY_PREP_INPUTS_REQUIRED_WHERE_LISTED
G049,B071,S09,603.920,612.420,T07,HIGGSFIELD_ONE_PASS,NOT A FINAL PROHIBITION,,P_RV068,12_SOURCE_PREP/RV068_BERLAYMONT.jpg,RV056;RV059,NO,CMA provisional/possible and EC preliminary; no final UK/EU prohibition.,BOTTOM_22_PERCENT_CLEAR,gpt_image_2,1k,low,16:9,0.5,"FINAL VIDEO FRAME — G049 / B071 — 16:9 WHAT IT COST
SCENE PURPOSE: NOT A FINAL PROHIBITION
NARRATION MEANING: ""from the European Commission and the UK CMA. That is different from saying a regulator had already issued a final prohibition order.""
ALLOWED GENERATED TEXT ONLY: ""NOT A FINAL PROHIBITION"". Do not generate any other readable words. Source-crop text may remain only if it is already present in the attached authentic crop.
STYLE: WHAT IT COST canonical final-frame style: premium investigative business documentary; charcoal/black textured background; warm aged-paper evidence layers; off-white distressed condensed headline; restrained deep-red underline/tab accents; tiny brass/black office hardware only when useful; realistic paper depth and film-grain; strong cinematic negative space; serious corporate/legal tone; no horror, no sensational crime-poster language, no neon, no dashboard/card-grid, no decorative clutter.
LAYOUT: Accountability/status layout: large legal-status headline left; one authentic regulator/SEC/DOJ source crop or institutional context image right; minimal dossier treatment; never fabricate case paperwork, seals, orders or stamps.
SCENE: Status headline left. Right: the attached European Commission HQ photo. A review folder beside it stays open; the transaction path terminates separately to the side. No final-order stamp anywhere.
INPUTS: RV068_BERLAYMONT.jpg.
SOURCE FIDELITY: attached factual crops/photos are evidence, not inspiration. Preserve their subject and meaning. If an attached legal/document crop is shown, display it as an unchanged photographic crop inside the design; do NOT retype, redraw, summarize, invent, extend, or fabricate legal body text, headings, counts, seals, signatures, case numbers, dates or amounts.
LEGAL/FACT LOCK: CMA provisional/possible and EC preliminary; no final UK/EU prohibition.
SUBTITLE SAFE: bottom 22% of the entire frame must be dark, visually quiet and free of headline, quote, amount, face, evidence, source label, legal caveat, timeline endpoint or important object.
ONE-PASS RULES: final usable video frame, not a style board; max 1 hero idea + 1 support idea; max 2 generated text blocks; no pseudo-text; no fake documents; no duplicated hero; no random courthouse, gavel, scales, cash-stack, vault or regulator imagery unless demanded by this beat; logos only as attached unchanged identifiers; no subject leakage from style; no invented UI; no watermark; no borders; no post-generation repair should be required.",PROMPT_READY_PREP_INPUTS_REQUIRED_WHERE_LISTED
G050,B072,S09,613.420,619.760,T02,HIGGSFIELD_ONE_PASS,MUTUAL TERMINATION,,P_RV065;P_RV066,12_SOURCE_PREP/RV065_ADOBE_IDENTIFIER.png;12_SOURCE_PREP/RV066_FIGMA_IDENTIFIER.png,RV061;RV062,NO,CMA provisional/possible and EC preliminary; no final UK/EU prohibition.,BOTTOM_22_PERCENT_CLEAR,gpt_image_2,1k,low,16:9,0.5,"FINAL VIDEO FRAME — G050 / B072 — 16:9 WHAT IT COST
SCENE PURPOSE: MUTUAL TERMINATION
NARRATION MEANING: ""The companies ended the deal by mutual agreement before final UK and EU merits decisions arrived.""
ALLOWED GENERATED TEXT ONLY: ""MUTUAL TERMINATION"". Do not generate any other readable words. Source-crop text may remain only if it is already present in the attached authentic crop.
STYLE: WHAT IT COST canonical final-frame style: premium investigative business documentary; charcoal/black textured background; warm aged-paper evidence layers; off-white distressed condensed headline; restrained deep-red underline/tab accents; tiny brass/black office hardware only when useful; realistic paper depth and film-grain; strong cinematic negative space; serious corporate/legal tone; no horror, no sensational crime-poster language, no neon, no dashboard/card-grid, no decorative clutter.
LAYOUT: Split analytical layout: two clearly separated evidence/context zones, one dominant and one subordinate; headline placed in the cleanest negative-space zone; use thin rules or one red connector, never a busy flowchart.
SCENE: Two company cards (unchanged identifiers) meet at a central blank termination paper; the merger connector between them breaks cleanly at the paper edge, one red break mark. Mutual, orderly, quiet.
INPUTS: RV065_ADOBE_IDENTIFIER.png; RV066_FIGMA_IDENTIFIER.png.
SOURCE FIDELITY: attached factual crops/photos are evidence, not inspiration. Preserve their subject and meaning. If an attached legal/document crop is shown, display it as an unchanged photographic crop inside the design; do NOT retype, redraw, summarize, invent, extend, or fabricate legal body text, headings, counts, seals, signatures, case numbers, dates or amounts.
LEGAL/FACT LOCK: CMA provisional/possible and EC preliminary; no final UK/EU prohibition.
SUBTITLE SAFE: bottom 22% of the entire frame must be dark, visually quiet and free of headline, quote, amount, face, evidence, source label, legal caveat, timeline endpoint or important object.
ONE-PASS RULES: final usable video frame, not a style board; max 1 hero idea + 1 support idea; max 2 generated text blocks; no pseudo-text; no fake documents; no duplicated hero; no random courthouse, gavel, scales, cash-stack, vault or regulator imagery unless demanded by this beat; logos only as attached unchanged identifiers; no subject leakage from style; no invented UI; no watermark; no borders; no post-generation repair should be required.",PROMPT_READY_PREP_INPUTS_REQUIRED_WHERE_LISTED
G051,B073,S09,620.880,630.260,T06,HIGGSFIELD_ONE_PASS,REVIEWS END,,D_RV054,12_SOURCE_PREP/RV054_CMA_CASE_TIMELINE_CROP.png,RV054;RV059,NO,CMA provisional/possible and EC preliminary; no final UK/EU prohibition.,BOTTOM_22_PERCENT_CLEAR,gpt_image_2,1k,low,16:9,0.5,"FINAL VIDEO FRAME — G051 / B073 — 16:9 WHAT IT COST
SCENE PURPOSE: REVIEWS END
NARRATION MEANING: ""After the abandonment, the CMA cancelled its Phase Two inquiry. The European Commission's investigation ended without a formal Commission decision on the merits.""
ALLOWED GENERATED TEXT ONLY: ""REVIEWS END"". Do not generate any other readable words. Source-crop text may remain only if it is already present in the attached authentic crop.
STYLE: WHAT IT COST canonical final-frame style: premium investigative business documentary; charcoal/black textured background; warm aged-paper evidence layers; off-white distressed condensed headline; restrained deep-red underline/tab accents; tiny brass/black office hardware only when useful; realistic paper depth and film-grain; strong cinematic negative space; serious corporate/legal tone; no horror, no sensational crime-poster language, no neon, no dashboard/card-grid, no decorative clutter.
LAYOUT: Chronology layout: one headline plus a simple horizontal or vertical timeline with 2-4 unlabeled nodes maximum; authentic source photo or crop as the visual anchor; no decorative map clutter.
SCENE: Two parallel review tracks, UK and EU, each ending at a neutral grey end mark (procedural close, not a verdict). The attached CMA case-timeline crop anchors the upper track.
INPUTS: RV054_CMA_CASE_TIMELINE_CROP.png.
SOURCE FIDELITY: attached factual crops/photos are evidence, not inspiration. Preserve their subject and meaning. If an attached legal/document crop is shown, display it as an unchanged photographic crop inside the design; do NOT retype, redraw, summarize, invent, extend, or fabricate legal body text, headings, counts, seals, signatures, case numbers, dates or amounts.
LEGAL/FACT LOCK: CMA provisional/possible and EC preliminary; no final UK/EU prohibition.
SUBTITLE SAFE: bottom 22% of the entire frame must be dark, visually quiet and free of headline, quote, amount, face, evidence, source label, legal caveat, timeline endpoint or important object.
ONE-PASS RULES: final usable video frame, not a style board; max 1 hero idea + 1 support idea; max 2 generated text blocks; no pseudo-text; no fake documents; no duplicated hero; no random courthouse, gavel, scales, cash-stack, vault or regulator imagery unless demanded by this beat; logos only as attached unchanged identifiers; no subject leakage from style; no invented UI; no watermark; no borders; no post-generation repair should be required.",PROMPT_READY_PREP_INPUTS_REQUIRED_WHERE_LISTED
G052,B074,S09,631.240,639.700,T03,HIGGSFIELD_ONE_PASS,DOJ WELCOMES ABANDONMENT,,D_RV060;P_RV070,12_SOURCE_PREP/RV060_DOJ_STATEMENT_CROP.png;12_SOURCE_PREP/RV070_DOJ_HQ.jpg,RV060;RV070,NO,CMA provisional/possible and EC preliminary; no final UK/EU prohibition. DOJ investigation/post-abandonment posture; no blocking lawsuit or judgment.,BOTTOM_22_PERCENT_CLEAR,gpt_image_2,1k,low,16:9,0.5,"FINAL VIDEO FRAME — G052 / B074 — 16:9 WHAT IT COST
SCENE PURPOSE: DOJ WELCOMES ABANDONMENT
NARRATION MEANING: ""And in the United States, the Justice Department's Antitrust Division publicly welcomed the abandonment and confirmed that it had investigated the transaction.""
ALLOWED GENERATED TEXT ONLY: ""DOJ WELCOMES ABANDONMENT"". Do not generate any other readable words. Source-crop text may remain only if it is already present in the attached authentic crop.
STYLE: WHAT IT COST canonical final-frame style: premium investigative business documentary; charcoal/black textured background; warm aged-paper evidence layers; off-white distressed condensed headline; restrained deep-red underline/tab accents; tiny brass/black office hardware only when useful; realistic paper depth and film-grain; strong cinematic negative space; serious corporate/legal tone; no horror, no sensational crime-poster language, no neon, no dashboard/card-grid, no decorative clutter.
LAYOUT: Quote/document layout: one large headline is the hero; attached authentic excerpt appears as a tight photographic crop, not a recreated document; surrounding papers stay blank.
SCENE: Headline hero left. Right: the attached DOJ statement excerpt as a tight photographed crop, one red underline. Small secondary: DOJ headquarters exterior. Post-abandonment statement context only.
INPUTS: RV060_DOJ_STATEMENT_CROP.png; RV070_DOJ_HQ.jpg.
SOURCE FIDELITY: attached factual crops/photos are evidence, not inspiration. Preserve their subject and meaning. If an attached legal/document crop is shown, display it as an unchanged photographic crop inside the design; do NOT retype, redraw, summarize, invent, extend, or fabricate legal body text, headings, counts, seals, signatures, case numbers, dates or amounts.
LEGAL/FACT LOCK: CMA provisional/possible and EC preliminary; no final UK/EU prohibition. DOJ investigation/post-abandonment posture; no blocking lawsuit or judgment.
SUBTITLE SAFE: bottom 22% of the entire frame must be dark, visually quiet and free of headline, quote, amount, face, evidence, source label, legal caveat, timeline endpoint or important object.
ONE-PASS RULES: final usable video frame, not a style board; max 1 hero idea + 1 support idea; max 2 generated text blocks; no pseudo-text; no fake documents; no duplicated hero; no random courthouse, gavel, scales, cash-stack, vault or regulator imagery unless demanded by this beat; logos only as attached unchanged identifiers; no subject leakage from style; no invented UI; no watermark; no borders; no post-generation repair should be required.",PROMPT_READY_PREP_INPUTS_REQUIRED_WHERE_LISTED
G053,B075,S09,640.700,647.060,T07,HIGGSFIELD_ONE_PASS,"INVESTIGATION, NO BLOCKING LAWSUIT",,P_RV070,12_SOURCE_PREP/RV070_DOJ_HQ.jpg,RV060;RV070,NO,CMA provisional/possible and EC preliminary; no final UK/EU prohibition. DOJ investigation/post-abandonment posture; no blocking lawsuit or judgment.,BOTTOM_22_PERCENT_CLEAR,gpt_image_2,1k,low,16:9,0.5,"FINAL VIDEO FRAME — G053 / B075 — 16:9 WHAT IT COST
SCENE PURPOSE: INVESTIGATION, NO BLOCKING LAWSUIT
NARRATION MEANING: ""The public Stage One record does not show a DOJ merger lawsuit or a court judgment blocking the deal.""
ALLOWED GENERATED TEXT ONLY: ""INVESTIGATION, NO BLOCKING LAWSUIT"". Do not generate any other readable words. Source-crop text may remain only if it is already present in the attached authentic crop.
STYLE: WHAT IT COST canonical final-frame style: premium investigative business documentary; charcoal/black textured background; warm aged-paper evidence layers; off-white distressed condensed headline; restrained deep-red underline/tab accents; tiny brass/black office hardware only when useful; realistic paper depth and film-grain; strong cinematic negative space; serious corporate/legal tone; no horror, no sensational crime-poster language, no neon, no dashboard/card-grid, no decorative clutter.
LAYOUT: Accountability/status layout: large legal-status headline left; one authentic regulator/SEC/DOJ source crop or institutional context image right; minimal dossier treatment; never fabricate case paperwork, seals, orders or stamps.
SCENE: Status headline left. Right: DOJ headquarters exterior, cooler grade than earlier. An investigation folder beside an intentionally empty court-complaint slot; a red line stops before the empty slot.
INPUTS: RV070_DOJ_HQ.jpg.
SOURCE FIDELITY: attached factual crops/photos are evidence, not inspiration. Preserve their subject and meaning. If an attached legal/document crop is shown, display it as an unchanged photographic crop inside the design; do NOT retype, redraw, summarize, invent, extend, or fabricate legal body text, headings, counts, seals, signatures, case numbers, dates or amounts.
LEGAL/FACT LOCK: CMA provisional/possible and EC preliminary; no final UK/EU prohibition. DOJ investigation/post-abandonment posture; no blocking lawsuit or judgment.
SUBTITLE SAFE: bottom 22% of the entire frame must be dark, visually quiet and free of headline, quote, amount, face, evidence, source label, legal caveat, timeline endpoint or important object.
ONE-PASS RULES: final usable video frame, not a style board; max 1 hero idea + 1 support idea; max 2 generated text blocks; no pseudo-text; no fake documents; no duplicated hero; no random courthouse, gavel, scales, cash-stack, vault or regulator imagery unless demanded by this beat; logos only as attached unchanged identifiers; no subject leakage from style; no invented UI; no watermark; no borders; no post-generation repair should be required.",PROMPT_READY_PREP_INPUTS_REQUIRED_WHERE_LISTED
G054,B076,S09,647.900,658.240,T01,HIGGSFIELD_ONE_PASS,NO COURTROOM LOSS,,P_RV004,12_SOURCE_PREP/RV004_ADOBE_HQ_SAN_JOSE.jpg,RV061;RV062,NO,CMA provisional/possible and EC preliminary; no final UK/EU prohibition.,BOTTOM_22_PERCENT_CLEAR,gpt_image_2,1k,low,16:9,0.5,"FINAL VIDEO FRAME — G054 / B076 — 16:9 WHAT IT COST
SCENE PURPOSE: NO COURTROOM LOSS
NARRATION MEANING: ""So the transaction did not end with a final courtroom loss. It ended with a mutual termination after the companies said they no longer saw a clear path to the approvals they needed.""
ALLOWED GENERATED TEXT ONLY: ""NO COURTROOM LOSS"". Do not generate any other readable words. Source-crop text may remain only if it is already present in the attached authentic crop.
STYLE: WHAT IT COST canonical final-frame style: premium investigative business documentary; charcoal/black textured background; warm aged-paper evidence layers; off-white distressed condensed headline; restrained deep-red underline/tab accents; tiny brass/black office hardware only when useful; realistic paper depth and film-grain; strong cinematic negative space; serious corporate/legal tone; no horror, no sensational crime-poster language, no neon, no dashboard/card-grid, no decorative clutter.
LAYOUT: Asymmetrical evidence layout: one dominant authentic source/photo panel on the right or upper-right; headline block on the left; at most one secondary paper layer; restrained red rule; large clean negative space.
SCENE: Dominant right: Adobe headquarters photo at dusk. Left: one blank termination paper on the dark field. No trial, judge, courtroom or verdict object anywhere.
INPUTS: RV004_ADOBE_HQ_SAN_JOSE.jpg.
SOURCE FIDELITY: attached factual crops/photos are evidence, not inspiration. Preserve their subject and meaning. If an attached legal/document crop is shown, display it as an unchanged photographic crop inside the design; do NOT retype, redraw, summarize, invent, extend, or fabricate legal body text, headings, counts, seals, signatures, case numbers, dates or amounts.
LEGAL/FACT LOCK: CMA provisional/possible and EC preliminary; no final UK/EU prohibition.
SUBTITLE SAFE: bottom 22% of the entire frame must be dark, visually quiet and free of headline, quote, amount, face, evidence, source label, legal caveat, timeline endpoint or important object.
ONE-PASS RULES: final usable video frame, not a style board; max 1 hero idea + 1 support idea; max 2 generated text blocks; no pseudo-text; no fake documents; no duplicated hero; no random courthouse, gavel, scales, cash-stack, vault or regulator imagery unless demanded by this beat; logos only as attached unchanged identifiers; no subject leakage from style; no invented UI; no watermark; no borders; no post-generation repair should be required.",PROMPT_READY_PREP_INPUTS_REQUIRED_WHERE_LISTED
G055,B077,S09,659.040,662.400,T03,HIGGSFIELD_ONE_PASS,THE CLAUSE BECOMES REAL,,D_RV049A,12_SOURCE_PREP/RV049_S8_2_TERMINATION_FEE_CROP.png,RV061;RV062,NO,"$1B is contractual termination fee/liquidated damages, not government fine, court award or regulator invoice. CMA provisional/possible and EC preliminary; no final UK/EU prohibition.",BOTTOM_22_PERCENT_CLEAR,gpt_image_2,1k,low,16:9,0.5,"FINAL VIDEO FRAME — G055 / B077 — 16:9 WHAT IT COST
SCENE PURPOSE: THE CLAUSE BECOMES REAL
NARRATION MEANING: ""And that is the moment the billion-dollar clause stopped being theoretical.""
ALLOWED GENERATED TEXT ONLY: ""THE CLAUSE BECOMES REAL"". Do not generate any other readable words. Source-crop text may remain only if it is already present in the attached authentic crop.
STYLE: WHAT IT COST canonical final-frame style: premium investigative business documentary; charcoal/black textured background; warm aged-paper evidence layers; off-white distressed condensed headline; restrained deep-red underline/tab accents; tiny brass/black office hardware only when useful; realistic paper depth and film-grain; strong cinematic negative space; serious corporate/legal tone; no horror, no sensational crime-poster language, no neon, no dashboard/card-grid, no decorative clutter.
LAYOUT: Quote/document layout: one large headline is the hero; attached authentic excerpt appears as a tight photographic crop, not a recreated document; surrounding papers stay blank.
SCENE: The attached Section 8.2 fee excerpt now brought forward and lit, one brighter red underline; background folders fall away into darkness. The clause stops being theoretical.
INPUTS: RV049_S8_2_TERMINATION_FEE_CROP.png.
SOURCE FIDELITY: attached factual crops/photos are evidence, not inspiration. Preserve their subject and meaning. If an attached legal/document crop is shown, display it as an unchanged photographic crop inside the design; do NOT retype, redraw, summarize, invent, extend, or fabricate legal body text, headings, counts, seals, signatures, case numbers, dates or amounts.
LEGAL/FACT LOCK: $1B is contractual termination fee/liquidated damages, not government fine, court award or regulator invoice. CMA provisional/possible and EC preliminary; no final UK/EU prohibition.
SUBTITLE SAFE: bottom 22% of the entire frame must be dark, visually quiet and free of headline, quote, amount, face, evidence, source label, legal caveat, timeline endpoint or important object.
ONE-PASS RULES: final usable video frame, not a style board; max 1 hero idea + 1 support idea; max 2 generated text blocks; no pseudo-text; no fake documents; no duplicated hero; no random courthouse, gavel, scales, cash-stack, vault or regulator imagery unless demanded by this beat; logos only as attached unchanged identifiers; no subject leakage from style; no invented UI; no watermark; no borders; no post-generation repair should be required.",PROMPT_READY_PREP_INPUTS_REQUIRED_WHERE_LISTED
G056,B078,S10,663.680,669.360,T06,HIGGSFIELD_ONE_PASS,WHAT HAPPENS NEXT,,D_RV062,12_SOURCE_PREP/RV062_TERMINATION_AGREEMENT_CROP.png,RV062,NO,"$1B is contractual termination fee/liquidated damages, not government fine, court award or regulator invoice.",BOTTOM_22_PERCENT_CLEAR,gpt_image_2,1k,low,16:9,0.5,"FINAL VIDEO FRAME — G056 / B078 — 16:9 WHAT IT COST
SCENE PURPOSE: WHAT HAPPENS NEXT
NARRATION MEANING: ""The mutual termination agreement did not just end the acquisition. It specified what happened next.""
ALLOWED GENERATED TEXT ONLY: ""WHAT HAPPENS NEXT"". Do not generate any other readable words. Source-crop text may remain only if it is already present in the attached authentic crop.
STYLE: WHAT IT COST canonical final-frame style: premium investigative business documentary; charcoal/black textured background; warm aged-paper evidence layers; off-white distressed condensed headline; restrained deep-red underline/tab accents; tiny brass/black office hardware only when useful; realistic paper depth and film-grain; strong cinematic negative space; serious corporate/legal tone; no horror, no sensational crime-poster language, no neon, no dashboard/card-grid, no decorative clutter.
LAYOUT: Chronology layout: one headline plus a simple horizontal or vertical timeline with 2-4 unlabeled nodes maximum; authentic source photo or crop as the visual anchor; no decorative map clutter.
SCENE: The attached Mutual Termination Agreement excerpt as the anchor crop upper-right. Short horizontal timeline: termination node paper-white and complete, next node outlined red and approaching.
INPUTS: RV062_TERMINATION_AGREEMENT_CROP.png.
SOURCE FIDELITY: attached factual crops/photos are evidence, not inspiration. Preserve their subject and meaning. If an attached legal/document crop is shown, display it as an unchanged photographic crop inside the design; do NOT retype, redraw, summarize, invent, extend, or fabricate legal body text, headings, counts, seals, signatures, case numbers, dates or amounts.
LEGAL/FACT LOCK: $1B is contractual termination fee/liquidated damages, not government fine, court award or regulator invoice.
SUBTITLE SAFE: bottom 22% of the entire frame must be dark, visually quiet and free of headline, quote, amount, face, evidence, source label, legal caveat, timeline endpoint or important object.
ONE-PASS RULES: final usable video frame, not a style board; max 1 hero idea + 1 support idea; max 2 generated text blocks; no pseudo-text; no fake documents; no duplicated hero; no random courthouse, gavel, scales, cash-stack, vault or regulator imagery unless demanded by this beat; logos only as attached unchanged identifiers; no subject leakage from style; no invented UI; no watermark; no borders; no post-generation repair should be required.",PROMPT_READY_PREP_INPUTS_REQUIRED_WHERE_LISTED
G057,B079,S10,670.180,679.520,T04,HIGGSFIELD_ONE_PASS,DUE IN THREE BUSINESS DAYS,,D_RV061,12_SOURCE_PREP/RV061_8K_TERMINATION_CROP.png,RV061;RV062,NO,"$1B is contractual termination fee/liquidated damages, not government fine, court award or regulator invoice.",BOTTOM_22_PERCENT_CLEAR,gpt_image_2,1k,low,16:9,0.5,"FINAL VIDEO FRAME — G057 / B079 — 16:9 WHAT IT COST
SCENE PURPOSE: DUE IN THREE BUSINESS DAYS
NARRATION MEANING: ""Adobe was required to pay Figma one billion dollars in cash within three business days. The agreement described that payment as liquidated damages.""
ALLOWED GENERATED TEXT ONLY: ""DUE IN THREE BUSINESS DAYS"". Do not generate any other readable words. Source-crop text may remain only if it is already present in the attached authentic crop.
STYLE: WHAT IT COST canonical final-frame style: premium investigative business documentary; charcoal/black textured background; warm aged-paper evidence layers; off-white distressed condensed headline; restrained deep-red underline/tab accents; tiny brass/black office hardware only when useful; realistic paper depth and film-grain; strong cinematic negative space; serious corporate/legal tone; no horror, no sensational crime-poster language, no neon, no dashboard/card-grid, no decorative clutter.
LAYOUT: Money/legal-number layout: one large exact status headline is the hero on the left; one supporting factual photo or authentic source crop on the right; one secondary element only; never imply a judgment, fine, verdict, or combined total not stated.
SCENE: Headline hero left. Right: the attached 8-K excerpt with the three-business-day payment passage, one red underline. Beneath the headline three small blank paper steps leading to an endpoint card. No generated numerals.
INPUTS: RV061_8K_TERMINATION_CROP.png.
SOURCE FIDELITY: attached factual crops/photos are evidence, not inspiration. Preserve their subject and meaning. If an attached legal/document crop is shown, display it as an unchanged photographic crop inside the design; do NOT retype, redraw, summarize, invent, extend, or fabricate legal body text, headings, counts, seals, signatures, case numbers, dates or amounts.
LEGAL/FACT LOCK: $1B is contractual termination fee/liquidated damages, not government fine, court award or regulator invoice.
SUBTITLE SAFE: bottom 22% of the entire frame must be dark, visually quiet and free of headline, quote, amount, face, evidence, source label, legal caveat, timeline endpoint or important object.
ONE-PASS RULES: final usable video frame, not a style board; max 1 hero idea + 1 support idea; max 2 generated text blocks; no pseudo-text; no fake documents; no duplicated hero; no random courthouse, gavel, scales, cash-stack, vault or regulator imagery unless demanded by this beat; logos only as attached unchanged identifiers; no subject leakage from style; no invented UI; no watermark; no borders; no post-generation repair should be required.",PROMPT_READY_PREP_INPUTS_REQUIRED_WHERE_LISTED
G058,B080,S10,680.580,689.260,T06,HIGGSFIELD_ONE_PASS,"DECEMBER 20, 2023",,P_RV004,12_SOURCE_PREP/RV004_ADOBE_HQ_SAN_JOSE.jpg,RV063,NO,"$1B is contractual termination fee/liquidated damages, not government fine, court award or regulator invoice.",BOTTOM_22_PERCENT_CLEAR,gpt_image_2,1k,low,16:9,0.5,"FINAL VIDEO FRAME — G058 / B080 — 16:9 WHAT IT COST
SCENE PURPOSE: DECEMBER 20, 2023
NARRATION MEANING: ""It also made the payment Figma's sole and exclusive remedy under the merger agreement. On December twentieth, twenty twenty-three, Adobe paid.""
ALLOWED GENERATED TEXT ONLY: ""DECEMBER 20, 2023"". Do not generate any other readable words. Source-crop text may remain only if it is already present in the attached authentic crop.
STYLE: WHAT IT COST canonical final-frame style: premium investigative business documentary; charcoal/black textured background; warm aged-paper evidence layers; off-white distressed condensed headline; restrained deep-red underline/tab accents; tiny brass/black office hardware only when useful; realistic paper depth and film-grain; strong cinematic negative space; serious corporate/legal tone; no horror, no sensational crime-poster language, no neon, no dashboard/card-grid, no decorative clutter.
LAYOUT: Chronology layout: one headline plus a simple horizontal or vertical timeline with 2-4 unlabeled nodes maximum; authentic source photo or crop as the visual anchor; no decorative map clutter.
SCENE: Date headline upper-left. Three-node timeline, final node deep red and complete. Adobe headquarters photo is the anchor right in cool morning light. Payment day, documentary calm; no cash imagery.
INPUTS: RV004_ADOBE_HQ_SAN_JOSE.jpg.
SOURCE FIDELITY: attached factual crops/photos are evidence, not inspiration. Preserve their subject and meaning. If an attached legal/document crop is shown, display it as an unchanged photographic crop inside the design; do NOT retype, redraw, summarize, invent, extend, or fabricate legal body text, headings, counts, seals, signatures, case numbers, dates or amounts.
LEGAL/FACT LOCK: $1B is contractual termination fee/liquidated damages, not government fine, court award or regulator invoice.
SUBTITLE SAFE: bottom 22% of the entire frame must be dark, visually quiet and free of headline, quote, amount, face, evidence, source label, legal caveat, timeline endpoint or important object.
ONE-PASS RULES: final usable video frame, not a style board; max 1 hero idea + 1 support idea; max 2 generated text blocks; no pseudo-text; no fake documents; no duplicated hero; no random courthouse, gavel, scales, cash-stack, vault or regulator imagery unless demanded by this beat; logos only as attached unchanged identifiers; no subject leakage from style; no invented UI; no watermark; no borders; no post-generation repair should be required.",PROMPT_READY_PREP_INPUTS_REQUIRED_WHERE_LISTED
G059,B081,S10,690.300,697.820,T02,HIGGSFIELD_ONE_PASS,ADOBE PAYS • FIGMA RECEIVES,,D_RV063;D_RV064,12_SOURCE_PREP/RV063_10K_PAYMENT_CROP.png;12_SOURCE_PREP/RV064_S1_FEE_RECEIPT_CROP.png,RV063;RV064,NO,"$1B is contractual termination fee/liquidated damages, not government fine, court award or regulator invoice.",BOTTOM_22_PERCENT_CLEAR,gpt_image_2,1k,low,16:9,0.5,"FINAL VIDEO FRAME — G059 / B081 — 16:9 WHAT IT COST
SCENE PURPOSE: ADOBE PAYS • FIGMA RECEIVES
NARRATION MEANING: ""Adobe later disclosed that it used cash on hand. Figma later disclosed that it received the same one-billion-dollar payment.""
ALLOWED GENERATED TEXT ONLY: ""ADOBE PAYS • FIGMA RECEIVES"". Do not generate any other readable words. Source-crop text may remain only if it is already present in the attached authentic crop.
STYLE: WHAT IT COST canonical final-frame style: premium investigative business documentary; charcoal/black textured background; warm aged-paper evidence layers; off-white distressed condensed headline; restrained deep-red underline/tab accents; tiny brass/black office hardware only when useful; realistic paper depth and film-grain; strong cinematic negative space; serious corporate/legal tone; no horror, no sensational crime-poster language, no neon, no dashboard/card-grid, no decorative clutter.
LAYOUT: Split analytical layout: two clearly separated evidence/context zones, one dominant and one subordinate; headline placed in the cleanest negative-space zone; use thin rules or one red connector, never a busy flowchart.
SCENE: Split: Adobe 10-K payment excerpt left (outgoing), Figma S-1 receipt excerpt right (incoming), joined by one restrained red transfer line across dark negative space.
INPUTS: RV063_10K_PAYMENT_CROP.png; RV064_S1_FEE_RECEIPT_CROP.png.
SOURCE FIDELITY: attached factual crops/photos are evidence, not inspiration. Preserve their subject and meaning. If an attached legal/document crop is shown, display it as an unchanged photographic crop inside the design; do NOT retype, redraw, summarize, invent, extend, or fabricate legal body text, headings, counts, seals, signatures, case numbers, dates or amounts.
LEGAL/FACT LOCK: $1B is contractual termination fee/liquidated damages, not government fine, court award or regulator invoice.
SUBTITLE SAFE: bottom 22% of the entire frame must be dark, visually quiet and free of headline, quote, amount, face, evidence, source label, legal caveat, timeline endpoint or important object.
ONE-PASS RULES: final usable video frame, not a style board; max 1 hero idea + 1 support idea; max 2 generated text blocks; no pseudo-text; no fake documents; no duplicated hero; no random courthouse, gavel, scales, cash-stack, vault or regulator imagery unless demanded by this beat; logos only as attached unchanged identifiers; no subject leakage from style; no invented UI; no watermark; no borders; no post-generation repair should be required.",PROMPT_READY_PREP_INPUTS_REQUIRED_WHERE_LISTED
G060,B082,S10,698.480,707.700,T04,HIGGSFIELD_ONE_PASS,THE MONEY MOVED,,P_RV065;P_RV066,12_SOURCE_PREP/RV065_ADOBE_IDENTIFIER.png;12_SOURCE_PREP/RV066_FIGMA_IDENTIFIER.png,RV063;RV064,NO,"$1B is contractual termination fee/liquidated damages, not government fine, court award or regulator invoice.",BOTTOM_22_PERCENT_CLEAR,gpt_image_2,1k,low,16:9,0.5,"FINAL VIDEO FRAME — G060 / B082 — 16:9 WHAT IT COST
SCENE PURPOSE: THE MONEY MOVED
NARRATION MEANING: ""Those later filings are important because they confirm the consequence from both sides of the transaction. The fee was not merely a number left in an abandoned contract.""
ALLOWED GENERATED TEXT ONLY: ""THE MONEY MOVED"". Do not generate any other readable words. Source-crop text may remain only if it is already present in the attached authentic crop.
STYLE: WHAT IT COST canonical final-frame style: premium investigative business documentary; charcoal/black textured background; warm aged-paper evidence layers; off-white distressed condensed headline; restrained deep-red underline/tab accents; tiny brass/black office hardware only when useful; realistic paper depth and film-grain; strong cinematic negative space; serious corporate/legal tone; no horror, no sensational crime-poster language, no neon, no dashboard/card-grid, no decorative clutter.
LAYOUT: Money/legal-number layout: one large exact status headline is the hero on the left; one supporting factual photo or authentic source crop on the right; one secondary element only; never imply a judgment, fine, verdict, or combined total not stated.
SCENE: Headline hero left. Right: two small unchanged company identifier cards far apart on dark paper, joined by one clean red transfer line across the negative space. Actual transfer, not hypothetical; no cash imagery.
INPUTS: RV065_ADOBE_IDENTIFIER.png; RV066_FIGMA_IDENTIFIER.png.
SOURCE FIDELITY: attached factual crops/photos are evidence, not inspiration. Preserve their subject and meaning. If an attached legal/document crop is shown, display it as an unchanged photographic crop inside the design; do NOT retype, redraw, summarize, invent, extend, or fabricate legal body text, headings, counts, seals, signatures, case numbers, dates or amounts.
LEGAL/FACT LOCK: $1B is contractual termination fee/liquidated damages, not government fine, court award or regulator invoice.
SUBTITLE SAFE: bottom 22% of the entire frame must be dark, visually quiet and free of headline, quote, amount, face, evidence, source label, legal caveat, timeline endpoint or important object.
ONE-PASS RULES: final usable video frame, not a style board; max 1 hero idea + 1 support idea; max 2 generated text blocks; no pseudo-text; no fake documents; no duplicated hero; no random courthouse, gavel, scales, cash-stack, vault or regulator imagery unless demanded by this beat; logos only as attached unchanged identifiers; no subject leakage from style; no invented UI; no watermark; no borders; no post-generation repair should be required.",PROMPT_READY_PREP_INPUTS_REQUIRED_WHERE_LISTED
G061,B084,S10,719.220,725.420,T02,HIGGSFIELD_ONE_PASS,THE DEAL DISAPPEARED. THE FEE DIDN'T.,,P_RV025;D_RV049A,12_SOURCE_PREP/RV025_ADOBE_FIGMA_DEAL_GRAPHIC.png;12_SOURCE_PREP/RV049_S8_2_TERMINATION_FEE_CROP.png,RV062;RV063,NO,"$1B is contractual termination fee/liquidated damages, not government fine, court award or regulator invoice.",BOTTOM_22_PERCENT_CLEAR,gpt_image_2,1k,low,16:9,0.5,"FINAL VIDEO FRAME — G061 / B084 — 16:9 WHAT IT COST
SCENE PURPOSE: THE DEAL DISAPPEARED. THE FEE DIDN'T.
NARRATION MEANING: ""The acquisition disappeared. The termination fee did not. And the payment did not come from a regulator's invoice.""
ALLOWED GENERATED TEXT ONLY: ""THE DEAL DISAPPEARED. THE FEE DIDN'T."". Do not generate any other readable words. Source-crop text may remain only if it is already present in the attached authentic crop.
STYLE: WHAT IT COST canonical final-frame style: premium investigative business documentary; charcoal/black textured background; warm aged-paper evidence layers; off-white distressed condensed headline; restrained deep-red underline/tab accents; tiny brass/black office hardware only when useful; realistic paper depth and film-grain; strong cinematic negative space; serious corporate/legal tone; no horror, no sensational crime-poster language, no neon, no dashboard/card-grid, no decorative clutter.
LAYOUT: Split analytical layout: two clearly separated evidence/context zones, one dominant and one subordinate; headline placed in the cleanest negative-space zone; use thin rules or one red connector, never a busy flowchart.
SCENE: Left zone: the attached official deal graphic desaturated and receding. Right zone: the attached Section 8.2 fee excerpt sharp and warm with a red underline. The deal fades; the fee remains.
INPUTS: RV025_ADOBE_FIGMA_DEAL_GRAPHIC.png; RV049_S8_2_TERMINATION_FEE_CROP.png.
SOURCE FIDELITY: attached factual crops/photos are evidence, not inspiration. Preserve their subject and meaning. If an attached legal/document crop is shown, display it as an unchanged photographic crop inside the design; do NOT retype, redraw, summarize, invent, extend, or fabricate legal body text, headings, counts, seals, signatures, case numbers, dates or amounts.
LEGAL/FACT LOCK: $1B is contractual termination fee/liquidated damages, not government fine, court award or regulator invoice.
SUBTITLE SAFE: bottom 22% of the entire frame must be dark, visually quiet and free of headline, quote, amount, face, evidence, source label, legal caveat, timeline endpoint or important object.
ONE-PASS RULES: final usable video frame, not a style board; max 1 hero idea + 1 support idea; max 2 generated text blocks; no pseudo-text; no fake documents; no duplicated hero; no random courthouse, gavel, scales, cash-stack, vault or regulator imagery unless demanded by this beat; logos only as attached unchanged identifiers; no subject leakage from style; no invented UI; no watermark; no borders; no post-generation repair should be required.",PROMPT_READY_PREP_INPUTS_REQUIRED_WHERE_LISTED
G062,B085,S10,726.300,729.080,T03,HIGGSFIELD_ONE_PASS,"THE CONTRACT, NOT A REGULATOR",,D_RV062,12_SOURCE_PREP/RV062_TERMINATION_AGREEMENT_CROP.png,RV062,NO,"$1B is contractual termination fee/liquidated damages, not government fine, court award or regulator invoice.",BOTTOM_22_PERCENT_CLEAR,gpt_image_2,1k,low,16:9,0.5,"FINAL VIDEO FRAME — G062 / B085 — 16:9 WHAT IT COST
SCENE PURPOSE: THE CONTRACT, NOT A REGULATOR
NARRATION MEANING: ""It came from a contract the companies had negotiated themselves.""
ALLOWED GENERATED TEXT ONLY: ""THE CONTRACT, NOT A REGULATOR"". Do not generate any other readable words. Source-crop text may remain only if it is already present in the attached authentic crop.
STYLE: WHAT IT COST canonical final-frame style: premium investigative business documentary; charcoal/black textured background; warm aged-paper evidence layers; off-white distressed condensed headline; restrained deep-red underline/tab accents; tiny brass/black office hardware only when useful; realistic paper depth and film-grain; strong cinematic negative space; serious corporate/legal tone; no horror, no sensational crime-poster language, no neon, no dashboard/card-grid, no decorative clutter.
LAYOUT: Quote/document layout: one large headline is the hero; attached authentic excerpt appears as a tight photographic crop, not a recreated document; surrounding papers stay blank.
SCENE: Headline hero. The attached Mutual Termination Agreement excerpt (liquidated damages / sole remedy) as the tight photographed crop, centered-right, one red underline. Regulator papers absent from the frame.
INPUTS: RV062_TERMINATION_AGREEMENT_CROP.png.
SOURCE FIDELITY: attached factual crops/photos are evidence, not inspiration. Preserve their subject and meaning. If an attached legal/document crop is shown, display it as an unchanged photographic crop inside the design; do NOT retype, redraw, summarize, invent, extend, or fabricate legal body text, headings, counts, seals, signatures, case numbers, dates or amounts.
LEGAL/FACT LOCK: $1B is contractual termination fee/liquidated damages, not government fine, court award or regulator invoice.
SUBTITLE SAFE: bottom 22% of the entire frame must be dark, visually quiet and free of headline, quote, amount, face, evidence, source label, legal caveat, timeline endpoint or important object.
ONE-PASS RULES: final usable video frame, not a style board; max 1 hero idea + 1 support idea; max 2 generated text blocks; no pseudo-text; no fake documents; no duplicated hero; no random courthouse, gavel, scales, cash-stack, vault or regulator imagery unless demanded by this beat; logos only as attached unchanged identifiers; no subject leakage from style; no invented UI; no watermark; no borders; no post-generation repair should be required.",PROMPT_READY_PREP_INPUTS_REQUIRED_WHERE_LISTED
G063,B087,S11,739.440,749.260,T01,HIGGSFIELD_ONE_PASS,THE PURCHASE NEVER HAPPENED,,P_RV025,12_SOURCE_PREP/RV025_ADOBE_FIGMA_DEAL_GRAPHIC.png,RV047;RV063,NO,"~$20B is proposed consideration, not money Adobe paid. $1B is contractual termination fee/liquidated damages, not government fine, court award or regulator invoice.",BOTTOM_22_PERCENT_CLEAR,gpt_image_2,1k,low,16:9,0.5,"FINAL VIDEO FRAME — G063 / B087 — 16:9 WHAT IT COST
SCENE PURPOSE: THE PURCHASE NEVER HAPPENED
NARRATION MEANING: ""That was the amount associated with the deal Adobe wanted to close. Because the acquisition never closed, Adobe did not pay Figma twenty billion dollars to buy the company.""
ALLOWED GENERATED TEXT ONLY: ""THE PURCHASE NEVER HAPPENED"". Do not generate any other readable words. Source-crop text may remain only if it is already present in the attached authentic crop.
STYLE: WHAT IT COST canonical final-frame style: premium investigative business documentary; charcoal/black textured background; warm aged-paper evidence layers; off-white distressed condensed headline; restrained deep-red underline/tab accents; tiny brass/black office hardware only when useful; realistic paper depth and film-grain; strong cinematic negative space; serious corporate/legal tone; no horror, no sensational crime-poster language, no neon, no dashboard/card-grid, no decorative clutter.
LAYOUT: Asymmetrical evidence layout: one dominant authentic source/photo panel on the right or upper-right; headline block on the left; at most one secondary paper layer; restrained red rule; large clean negative space.
SCENE: Dominant right: the attached official deal graphic as a desaturated print on the charcoal field, with an empty blank closing card beside it that was never filled. No cancellation stamp, no tearing.
INPUTS: RV025_ADOBE_FIGMA_DEAL_GRAPHIC.png.
SOURCE FIDELITY: attached factual crops/photos are evidence, not inspiration. Preserve their subject and meaning. If an attached legal/document crop is shown, display it as an unchanged photographic crop inside the design; do NOT retype, redraw, summarize, invent, extend, or fabricate legal body text, headings, counts, seals, signatures, case numbers, dates or amounts.
LEGAL/FACT LOCK: ~$20B is proposed consideration, not money Adobe paid. $1B is contractual termination fee/liquidated damages, not government fine, court award or regulator invoice.
SUBTITLE SAFE: bottom 22% of the entire frame must be dark, visually quiet and free of headline, quote, amount, face, evidence, source label, legal caveat, timeline endpoint or important object.
ONE-PASS RULES: final usable video frame, not a style board; max 1 hero idea + 1 support idea; max 2 generated text blocks; no pseudo-text; no fake documents; no duplicated hero; no random courthouse, gavel, scales, cash-stack, vault or regulator imagery unless demanded by this beat; logos only as attached unchanged identifiers; no subject leakage from style; no invented UI; no watermark; no borders; no post-generation repair should be required.",PROMPT_READY_PREP_INPUTS_REQUIRED_WHERE_LISTED
G064,B088,S11,750.260,760.640,T04,HIGGSFIELD_ONE_PASS,THE PAYMENT WAS REAL,,,,RV063;RV064,NO,"$1B is contractual termination fee/liquidated damages, not government fine, court award or regulator invoice.",BOTTOM_22_PERCENT_CLEAR,gpt_image_2,1k,low,16:9,0.5,"FINAL VIDEO FRAME — G064 / B088 — 16:9 WHAT IT COST
SCENE PURPOSE: THE PAYMENT WAS REAL
NARRATION MEANING: ""One billion dollars was the actual termination payment. Adobe paid it. Figma received it. Adobe later recorded the one-billion-dollar fee in operating expenses.""
ALLOWED GENERATED TEXT ONLY: ""THE PAYMENT WAS REAL"". Do not generate any other readable words. Source-crop text may remain only if it is already present in the attached authentic crop.
STYLE: WHAT IT COST canonical final-frame style: premium investigative business documentary; charcoal/black textured background; warm aged-paper evidence layers; off-white distressed condensed headline; restrained deep-red underline/tab accents; tiny brass/black office hardware only when useful; realistic paper depth and film-grain; strong cinematic negative space; serious corporate/legal tone; no horror, no sensational crime-poster language, no neon, no dashboard/card-grid, no decorative clutter.
LAYOUT: Money/legal-number layout: one large exact status headline is the hero on the left; one supporting factual photo or authentic source crop on the right; one secondary element only; never imply a judgment, fine, verdict, or combined total not stated.
SCENE: Headline hero left. Right: one solid warm-paper payment card in sharp focus with a firm red underline, physically present on the charcoal field; no numerals, no cash, no invented document text.
INPUTS: NONE - compose only from blank paper objects, linework and the headline; no invented documents, logos, people or UI.
SOURCE FIDELITY: attached factual crops/photos are evidence, not inspiration. Preserve their subject and meaning. If an attached legal/document crop is shown, display it as an unchanged photographic crop inside the design; do NOT retype, redraw, summarize, invent, extend, or fabricate legal body text, headings, counts, seals, signatures, case numbers, dates or amounts.
LEGAL/FACT LOCK: $1B is contractual termination fee/liquidated damages, not government fine, court award or regulator invoice.
SUBTITLE SAFE: bottom 22% of the entire frame must be dark, visually quiet and free of headline, quote, amount, face, evidence, source label, legal caveat, timeline endpoint or important object.
ONE-PASS RULES: final usable video frame, not a style board; max 1 hero idea + 1 support idea; max 2 generated text blocks; no pseudo-text; no fake documents; no duplicated hero; no random courthouse, gavel, scales, cash-stack, vault or regulator imagery unless demanded by this beat; logos only as attached unchanged identifiers; no subject leakage from style; no invented UI; no watermark; no borders; no post-generation repair should be required.",PROMPT_READY_NO_INPUTS
G065,B089,S11,761.480,771.080,T02,HIGGSFIELD_ONE_PASS,EXPENSE VS INCOME,,D_RV063;D_RV064,12_SOURCE_PREP/RV063_10K_PAYMENT_CROP.png;12_SOURCE_PREP/RV064_S1_FEE_RECEIPT_CROP.png,RV063;RV064,NO,"$1B is contractual termination fee/liquidated damages, not government fine, court award or regulator invoice.",BOTTOM_22_PERCENT_CLEAR,gpt_image_2,1k,low,16:9,0.5,"FINAL VIDEO FRAME — G065 / B089 — 16:9 WHAT IT COST
SCENE PURPOSE: EXPENSE VS INCOME
NARRATION MEANING: ""Figma recorded the payment in other income. Those are separate categories. The accounting records make the distinction concrete. Adobe treated the fee as an expense.""
ALLOWED GENERATED TEXT ONLY: ""EXPENSE VS INCOME"". Do not generate any other readable words. Source-crop text may remain only if it is already present in the attached authentic crop.
STYLE: WHAT IT COST canonical final-frame style: premium investigative business documentary; charcoal/black textured background; warm aged-paper evidence layers; off-white distressed condensed headline; restrained deep-red underline/tab accents; tiny brass/black office hardware only when useful; realistic paper depth and film-grain; strong cinematic negative space; serious corporate/legal tone; no horror, no sensational crime-poster language, no neon, no dashboard/card-grid, no decorative clutter.
LAYOUT: Split analytical layout: two clearly separated evidence/context zones, one dominant and one subordinate; headline placed in the cleanest negative-space zone; use thin rules or one red connector, never a busy flowchart.
SCENE: Vertical split: Adobe 10-K excerpt top-right (expense side), Figma S-1 excerpt lower-left (income side), each on its own paper ledger sheet with a thin grey rule; the two sheets never touch.
INPUTS: RV063_10K_PAYMENT_CROP.png; RV064_S1_FEE_RECEIPT_CROP.png.
SOURCE FIDELITY: attached factual crops/photos are evidence, not inspiration. Preserve their subject and meaning. If an attached legal/document crop is shown, display it as an unchanged photographic crop inside the design; do NOT retype, redraw, summarize, invent, extend, or fabricate legal body text, headings, counts, seals, signatures, case numbers, dates or amounts.
LEGAL/FACT LOCK: $1B is contractual termination fee/liquidated damages, not government fine, court award or regulator invoice.
SUBTITLE SAFE: bottom 22% of the entire frame must be dark, visually quiet and free of headline, quote, amount, face, evidence, source label, legal caveat, timeline endpoint or important object.
ONE-PASS RULES: final usable video frame, not a style board; max 1 hero idea + 1 support idea; max 2 generated text blocks; no pseudo-text; no fake documents; no duplicated hero; no random courthouse, gavel, scales, cash-stack, vault or regulator imagery unless demanded by this beat; logos only as attached unchanged identifiers; no subject leakage from style; no invented UI; no watermark; no borders; no post-generation repair should be required.",PROMPT_READY_PREP_INPUTS_REQUIRED_WHERE_LISTED
G066,B090,S11,771.980,780.040,T04,HIGGSFIELD_ONE_PASS,PROPOSED ≠ PAID,,D_RV047,12_SOURCE_PREP/RV047_ANNOUNCEMENT_HEADLINE_CROP.png,RV063;RV064,NO,"$1B is contractual termination fee/liquidated damages, not government fine, court award or regulator invoice.",BOTTOM_22_PERCENT_CLEAR,gpt_image_2,1k,low,16:9,0.5,"FINAL VIDEO FRAME — G066 / B090 — 16:9 WHAT IT COST
SCENE PURPOSE: PROPOSED ≠ PAID
NARRATION MEANING: ""Figma treated the receipt as income. Neither filing turns the abandoned twenty-billion-dollar purchase price into money that changed hands.""
ALLOWED GENERATED TEXT ONLY: ""PROPOSED ≠ PAID"". Do not generate any other readable words. Source-crop text may remain only if it is already present in the attached authentic crop.
STYLE: WHAT IT COST canonical final-frame style: premium investigative business documentary; charcoal/black textured background; warm aged-paper evidence layers; off-white distressed condensed headline; restrained deep-red underline/tab accents; tiny brass/black office hardware only when useful; realistic paper depth and film-grain; strong cinematic negative space; serious corporate/legal tone; no horror, no sensational crime-poster language, no neon, no dashboard/card-grid, no decorative clutter.
LAYOUT: Money/legal-number layout: one large exact status headline is the hero on the left; one supporting factual photo or authentic source crop on the right; one secondary element only; never imply a judgment, fine, verdict, or combined total not stated.
SCENE: Headline hero left. Right: the attached announcement headline crop, faded and set far apart from one blank solid red-edged payment card. The wide empty gap between them prevents any summation.
INPUTS: RV047_ANNOUNCEMENT_HEADLINE_CROP.png.
SOURCE FIDELITY: attached factual crops/photos are evidence, not inspiration. Preserve their subject and meaning. If an attached legal/document crop is shown, display it as an unchanged photographic crop inside the design; do NOT retype, redraw, summarize, invent, extend, or fabricate legal body text, headings, counts, seals, signatures, case numbers, dates or amounts.
LEGAL/FACT LOCK: $1B is contractual termination fee/liquidated damages, not government fine, court award or regulator invoice.
SUBTITLE SAFE: bottom 22% of the entire frame must be dark, visually quiet and free of headline, quote, amount, face, evidence, source label, legal caveat, timeline endpoint or important object.
ONE-PASS RULES: final usable video frame, not a style board; max 1 hero idea + 1 support idea; max 2 generated text blocks; no pseudo-text; no fake documents; no duplicated hero; no random courthouse, gavel, scales, cash-stack, vault or regulator imagery unless demanded by this beat; logos only as attached unchanged identifiers; no subject leakage from style; no invented UI; no watermark; no borders; no post-generation repair should be required.",PROMPT_READY_PREP_INPUTS_REQUIRED_WHERE_LISTED
G067,B092,S11,791.260,794.660,T03,HIGGSFIELD_ONE_PASS,THE BILLION-DOLLAR COST,,D_RV049A,12_SOURCE_PREP/RV049_S8_2_TERMINATION_FEE_CROP.png,RV063;RV064,NO,"$1B is contractual termination fee/liquidated damages, not government fine, court award or regulator invoice.",BOTTOM_22_PERCENT_CLEAR,gpt_image_2,1k,low,16:9,0.5,"FINAL VIDEO FRAME — G067 / B092 — 16:9 WHAT IT COST
SCENE PURPOSE: THE BILLION-DOLLAR COST
NARRATION MEANING: ""That is the billion-dollar cost at the center of this story.""
ALLOWED GENERATED TEXT ONLY: ""THE BILLION-DOLLAR COST"". Do not generate any other readable words. Source-crop text may remain only if it is already present in the attached authentic crop.
STYLE: WHAT IT COST canonical final-frame style: premium investigative business documentary; charcoal/black textured background; warm aged-paper evidence layers; off-white distressed condensed headline; restrained deep-red underline/tab accents; tiny brass/black office hardware only when useful; realistic paper depth and film-grain; strong cinematic negative space; serious corporate/legal tone; no horror, no sensational crime-poster language, no neon, no dashboard/card-grid, no decorative clutter.
LAYOUT: Quote/document layout: one large headline is the hero; attached authentic excerpt appears as a tight photographic crop, not a recreated document; surrounding papers stay blank.
SCENE: Minimal: the attached Section 8.2 fee excerpt centered-right on warm paper with one red underline, surrounded by strong dark negative space. The center of the story.
INPUTS: RV049_S8_2_TERMINATION_FEE_CROP.png.
SOURCE FIDELITY: attached factual crops/photos are evidence, not inspiration. Preserve their subject and meaning. If an attached legal/document crop is shown, display it as an unchanged photographic crop inside the design; do NOT retype, redraw, summarize, invent, extend, or fabricate legal body text, headings, counts, seals, signatures, case numbers, dates or amounts.
LEGAL/FACT LOCK: $1B is contractual termination fee/liquidated damages, not government fine, court award or regulator invoice.
SUBTITLE SAFE: bottom 22% of the entire frame must be dark, visually quiet and free of headline, quote, amount, face, evidence, source label, legal caveat, timeline endpoint or important object.
ONE-PASS RULES: final usable video frame, not a style board; max 1 hero idea + 1 support idea; max 2 generated text blocks; no pseudo-text; no fake documents; no duplicated hero; no random courthouse, gavel, scales, cash-stack, vault or regulator imagery unless demanded by this beat; logos only as attached unchanged identifiers; no subject leakage from style; no invented UI; no watermark; no borders; no post-generation repair should be required.",PROMPT_READY_PREP_INPUTS_REQUIRED_WHERE_LISTED
G068,B093,S12,795.320,806.320,T01,HIGGSFIELD_ONE_PASS,FIGMA STAYS INDEPENDENT,,P_RV015;P_RV025,12_SOURCE_PREP/RV015_CONFIG_2023_KEYNOTE.jpg;12_SOURCE_PREP/RV025_ADOBE_FIGMA_DEAL_GRAPHIC.png,RV018;RV019,YES,IPO chronology only; no causation from $1B payment.,BOTTOM_22_PERCENT_CLEAR,gpt_image_2,1k,low,16:9,0.5,"FINAL VIDEO FRAME — G068 / B093 — 16:9 WHAT IT COST
SCENE PURPOSE: FIGMA STAYS INDEPENDENT
NARRATION MEANING: ""The failed acquisition did not end Figma's story. Figma remained independent. And because Figma later became a public company, the post-deal record became unusually transparent.""
ALLOWED GENERATED TEXT ONLY: ""FIGMA STAYS INDEPENDENT"". Do not generate any other readable words. Source-crop text may remain only if it is already present in the attached authentic crop.
STYLE: WHAT IT COST canonical final-frame style: premium investigative business documentary; charcoal/black textured background; warm aged-paper evidence layers; off-white distressed condensed headline; restrained deep-red underline/tab accents; tiny brass/black office hardware only when useful; realistic paper depth and film-grain; strong cinematic negative space; serious corporate/legal tone; no horror, no sensational crime-poster language, no neon, no dashboard/card-grid, no decorative clutter.
LAYOUT: Asymmetrical evidence layout: one dominant authentic source/photo panel on the right or upper-right; headline block on the left; at most one secondary paper layer; restrained red rule; large clean negative space.
SCENE: Dominant right: the attached Config 2023 keynote photo as an unchanged print (Figma continuing on its own). Behind it, small and faded, the attached official deal graphic. Independence, no triumph.
INPUTS: RV015_CONFIG_2023_KEYNOTE.jpg; RV025_ADOBE_FIGMA_DEAL_GRAPHIC.png.
SOURCE FIDELITY: attached factual crops/photos are evidence, not inspiration. Preserve their subject and meaning. If an attached legal/document crop is shown, display it as an unchanged photographic crop inside the design; do NOT retype, redraw, summarize, invent, extend, or fabricate legal body text, headings, counts, seals, signatures, case numbers, dates or amounts.
PERSON PHOTO LOCK: attached portraits/event photos are unchanged photographic prints; do not alter face, expression, age, clothing, pose or crowd; do not add, duplicate or invent any person.
LEGAL/FACT LOCK: IPO chronology only; no causation from $1B payment.
SUBTITLE SAFE: bottom 22% of the entire frame must be dark, visually quiet and free of headline, quote, amount, face, evidence, source label, legal caveat, timeline endpoint or important object.
ONE-PASS RULES: final usable video frame, not a style board; max 1 hero idea + 1 support idea; max 2 generated text blocks; no pseudo-text; no fake documents; no duplicated hero; no random courthouse, gavel, scales, cash-stack, vault or regulator imagery unless demanded by this beat; logos only as attached unchanged identifiers; no subject leakage from style; no invented UI; no watermark; no borders; no post-generation repair should be required.",PROMPT_READY_PREP_INPUTS_REQUIRED_WHERE_LISTED
G069,B094,S12,807.320,816.060,T03,HIGGSFIELD_ONE_PASS,THE PAYMENT ENTERS FIGMA'S HISTORY,,D_RV064,12_SOURCE_PREP/RV064_S1_FEE_RECEIPT_CROP.png,RV064;RV072,NO,"$1B is contractual termination fee/liquidated damages, not government fine, court award or regulator invoice. IPO chronology only; no causation from $1B payment.",BOTTOM_22_PERCENT_CLEAR,gpt_image_2,1k,low,16:9,0.5,"FINAL VIDEO FRAME — G069 / B094 — 16:9 WHAT IT COST
SCENE PURPOSE: THE PAYMENT ENTERS FIGMA'S HISTORY
NARRATION MEANING: ""Its own securities filings preserved the abandoned Adobe transaction and the one-billion-dollar termination payment as part of the company's financial history.""
ALLOWED GENERATED TEXT ONLY: ""THE PAYMENT ENTERS FIGMA'S HISTORY"". Do not generate any other readable words. Source-crop text may remain only if it is already present in the attached authentic crop.
STYLE: WHAT IT COST canonical final-frame style: premium investigative business documentary; charcoal/black textured background; warm aged-paper evidence layers; off-white distressed condensed headline; restrained deep-red underline/tab accents; tiny brass/black office hardware only when useful; realistic paper depth and film-grain; strong cinematic negative space; serious corporate/legal tone; no horror, no sensational crime-poster language, no neon, no dashboard/card-grid, no decorative clutter.
LAYOUT: Quote/document layout: one large headline is the hero; attached authentic excerpt appears as a tight photographic crop, not a recreated document; surrounding papers stay blank.
SCENE: Headline hero left. Right: the attached Figma S-1 fee-receipt excerpt as a tight photographed crop with a red underline. The payment recorded in Figma's own filing.
INPUTS: RV064_S1_FEE_RECEIPT_CROP.png.
SOURCE FIDELITY: attached factual crops/photos are evidence, not inspiration. Preserve their subject and meaning. If an attached legal/document crop is shown, display it as an unchanged photographic crop inside the design; do NOT retype, redraw, summarize, invent, extend, or fabricate legal body text, headings, counts, seals, signatures, case numbers, dates or amounts.
LEGAL/FACT LOCK: $1B is contractual termination fee/liquidated damages, not government fine, court award or regulator invoice. IPO chronology only; no causation from $1B payment.
SUBTITLE SAFE: bottom 22% of the entire frame must be dark, visually quiet and free of headline, quote, amount, face, evidence, source label, legal caveat, timeline endpoint or important object.
ONE-PASS RULES: final usable video frame, not a style board; max 1 hero idea + 1 support idea; max 2 generated text blocks; no pseudo-text; no fake documents; no duplicated hero; no random courthouse, gavel, scales, cash-stack, vault or regulator imagery unless demanded by this beat; logos only as attached unchanged identifiers; no subject leakage from style; no invented UI; no watermark; no borders; no post-generation repair should be required.",PROMPT_READY_PREP_INPUTS_REQUIRED_WHERE_LISTED
G070,B095,S12,816.720,825.800,T01,HIGGSFIELD_ONE_PASS,FIGMA GOES PUBLIC,,P_RV019;D_RV072,12_SOURCE_PREP/RV019_NYSE_FIGMA_BANNER.jpg;12_SOURCE_PREP/RV072_S1_ANNOUNCEMENT_CROP.png,RV019;RV023;RV072,NO,IPO chronology only; no causation from $1B payment.,BOTTOM_22_PERCENT_CLEAR,gpt_image_2,1k,low,16:9,0.5,"FINAL VIDEO FRAME — G070 / B095 — 16:9 WHAT IT COST
SCENE PURPOSE: FIGMA GOES PUBLIC
NARRATION MEANING: ""In July twenty twenty-five, the company filed to go public. And on August first, twenty twenty-five, Figma completed its initial public offering.""
ALLOWED GENERATED TEXT ONLY: ""FIGMA GOES PUBLIC"". Do not generate any other readable words. Source-crop text may remain only if it is already present in the attached authentic crop.
STYLE: WHAT IT COST canonical final-frame style: premium investigative business documentary; charcoal/black textured background; warm aged-paper evidence layers; off-white distressed condensed headline; restrained deep-red underline/tab accents; tiny brass/black office hardware only when useful; realistic paper depth and film-grain; strong cinematic negative space; serious corporate/legal tone; no horror, no sensational crime-poster language, no neon, no dashboard/card-grid, no decorative clutter.
LAYOUT: Asymmetrical evidence layout: one dominant authentic source/photo panel on the right or upper-right; headline block on the left; at most one secondary paper layer; restrained red rule; large clean negative space.
SCENE: Dominant right: the attached NYSE facade with the Figma banner as an unchanged print. Secondary small crop: the attached S-1 announcement headline block. Market entry, factual.
INPUTS: RV019_NYSE_FIGMA_BANNER.jpg; RV072_S1_ANNOUNCEMENT_CROP.png.
SOURCE FIDELITY: attached factual crops/photos are evidence, not inspiration. Preserve their subject and meaning. If an attached legal/document crop is shown, display it as an unchanged photographic crop inside the design; do NOT retype, redraw, summarize, invent, extend, or fabricate legal body text, headings, counts, seals, signatures, case numbers, dates or amounts.
LEGAL/FACT LOCK: IPO chronology only; no causation from $1B payment.
SUBTITLE SAFE: bottom 22% of the entire frame must be dark, visually quiet and free of headline, quote, amount, face, evidence, source label, legal caveat, timeline endpoint or important object.
ONE-PASS RULES: final usable video frame, not a style board; max 1 hero idea + 1 support idea; max 2 generated text blocks; no pseudo-text; no fake documents; no duplicated hero; no random courthouse, gavel, scales, cash-stack, vault or regulator imagery unless demanded by this beat; logos only as attached unchanged identifiers; no subject leakage from style; no invented UI; no watermark; no borders; no post-generation repair should be required.",PROMPT_READY_PREP_INPUTS_REQUIRED_WHERE_LISTED
G071,B096,S12,825.800,831.820,T04,HIGGSFIELD_ONE_PASS,IPO SHARE SALE,,D_RV071,12_SOURCE_PREP/RV071_IPO_PRICING_CROP.png,RV071;RV072;RV018,NO,IPO chronology only; no causation from $1B payment.,BOTTOM_22_PERCENT_CLEAR,gpt_image_2,1k,low,16:9,0.5,"FINAL VIDEO FRAME — G071 / B096 — 16:9 WHAT IT COST
SCENE PURPOSE: IPO SHARE SALE
NARRATION MEANING: ""The company sold twelve-point-five million of its own shares at thirty-three dollars per share.""
ALLOWED GENERATED TEXT ONLY: ""IPO SHARE SALE"". Do not generate any other readable words. Source-crop text may remain only if it is already present in the attached authentic crop.
STYLE: WHAT IT COST canonical final-frame style: premium investigative business documentary; charcoal/black textured background; warm aged-paper evidence layers; off-white distressed condensed headline; restrained deep-red underline/tab accents; tiny brass/black office hardware only when useful; realistic paper depth and film-grain; strong cinematic negative space; serious corporate/legal tone; no horror, no sensational crime-poster language, no neon, no dashboard/card-grid, no decorative clutter.
LAYOUT: Money/legal-number layout: one large exact status headline is the hero on the left; one supporting factual photo or authentic source crop on the right; one secondary element only; never imply a judgment, fine, verdict, or combined total not stated.
SCENE: Headline hero left. Right: the attached official IPO pricing announcement crop (authentic numbers only inside the crop). No model-generated numerals anywhere else.
INPUTS: RV071_IPO_PRICING_CROP.png.
SOURCE FIDELITY: attached factual crops/photos are evidence, not inspiration. Preserve their subject and meaning. If an attached legal/document crop is shown, display it as an unchanged photographic crop inside the design; do NOT retype, redraw, summarize, invent, extend, or fabricate legal body text, headings, counts, seals, signatures, case numbers, dates or amounts.
LEGAL/FACT LOCK: IPO chronology only; no causation from $1B payment.
SUBTITLE SAFE: bottom 22% of the entire frame must be dark, visually quiet and free of headline, quote, amount, face, evidence, source label, legal caveat, timeline endpoint or important object.
ONE-PASS RULES: final usable video frame, not a style board; max 1 hero idea + 1 support idea; max 2 generated text blocks; no pseudo-text; no fake documents; no duplicated hero; no random courthouse, gavel, scales, cash-stack, vault or regulator imagery unless demanded by this beat; logos only as attached unchanged identifiers; no subject leakage from style; no invented UI; no watermark; no borders; no post-generation repair should be required.",PROMPT_READY_PREP_INPUTS_REQUIRED_WHERE_LISTED
G072,B097,S12,832.560,839.860,T01,HIGGSFIELD_ONE_PASS,NET PROCEEDS,,P_RV020,12_SOURCE_PREP/RV020_NYSE_FIGMA_STREET.jpg,RV064;RV019,NO,IPO chronology only; no causation from $1B payment.,BOTTOM_22_PERCENT_CLEAR,gpt_image_2,1k,low,16:9,0.5,"FINAL VIDEO FRAME — G072 / B097 — 16:9 WHAT IT COST
SCENE PURPOSE: NET PROCEEDS
NARRATION MEANING: ""Its later filing reported approximately three-hundred-ninety-three-point-one million dollars of net proceeds before offering costs.""
ALLOWED GENERATED TEXT ONLY: ""NET PROCEEDS"". Do not generate any other readable words. Source-crop text may remain only if it is already present in the attached authentic crop.
STYLE: WHAT IT COST canonical final-frame style: premium investigative business documentary; charcoal/black textured background; warm aged-paper evidence layers; off-white distressed condensed headline; restrained deep-red underline/tab accents; tiny brass/black office hardware only when useful; realistic paper depth and film-grain; strong cinematic negative space; serious corporate/legal tone; no horror, no sensational crime-poster language, no neon, no dashboard/card-grid, no decorative clutter.
LAYOUT: Asymmetrical evidence layout: one dominant authentic source/photo panel on the right or upper-right; headline block on the left; at most one secondary paper layer; restrained red rule; large clean negative space.
SCENE: Dominant right: the attached NYSE street scene as an unchanged print. Left: one blank ledger sheet with a thin red rule reserved for exact proceeds added later. No generated numerals.
INPUTS: RV020_NYSE_FIGMA_STREET.jpg.
SOURCE FIDELITY: attached factual crops/photos are evidence, not inspiration. Preserve their subject and meaning. If an attached legal/document crop is shown, display it as an unchanged photographic crop inside the design; do NOT retype, redraw, summarize, invent, extend, or fabricate legal body text, headings, counts, seals, signatures, case numbers, dates or amounts.
LEGAL/FACT LOCK: IPO chronology only; no causation from $1B payment.
SUBTITLE SAFE: bottom 22% of the entire frame must be dark, visually quiet and free of headline, quote, amount, face, evidence, source label, legal caveat, timeline endpoint or important object.
ONE-PASS RULES: final usable video frame, not a style board; max 1 hero idea + 1 support idea; max 2 generated text blocks; no pseudo-text; no fake documents; no duplicated hero; no random courthouse, gavel, scales, cash-stack, vault or regulator imagery unless demanded by this beat; logos only as attached unchanged identifiers; no subject leakage from style; no invented UI; no watermark; no borders; no post-generation repair should be required.",PROMPT_READY_PREP_INPUTS_REQUIRED_WHERE_LISTED
G073,B098,S12,840.620,845.000,T02,HIGGSFIELD_ONE_PASS,LATER SUCCESS ≠ PROVEN CAUSE,,P_RV021;D_RV049A,12_SOURCE_PREP/RV021_FIGMA_COMMONS_NYSE.jpg;12_SOURCE_PREP/RV049_S8_2_TERMINATION_FEE_CROP.png,RV018;RV021,NO,IPO chronology only; no causation from $1B payment.,BOTTOM_22_PERCENT_CLEAR,gpt_image_2,1k,low,16:9,0.5,"FINAL VIDEO FRAME — G073 / B098 — 16:9 WHAT IT COST
SCENE PURPOSE: LATER SUCCESS ≠ PROVEN CAUSE
NARRATION MEANING: ""That later success should not be turned into a causal claim the record does not support.""
ALLOWED GENERATED TEXT ONLY: ""LATER SUCCESS ≠ PROVEN CAUSE"". Do not generate any other readable words. Source-crop text may remain only if it is already present in the attached authentic crop.
STYLE: WHAT IT COST canonical final-frame style: premium investigative business documentary; charcoal/black textured background; warm aged-paper evidence layers; off-white distressed condensed headline; restrained deep-red underline/tab accents; tiny brass/black office hardware only when useful; realistic paper depth and film-grain; strong cinematic negative space; serious corporate/legal tone; no horror, no sensational crime-poster language, no neon, no dashboard/card-grid, no decorative clutter.
LAYOUT: Split analytical layout: two clearly separated evidence/context zones, one dominant and one subordinate; headline placed in the cleanest negative-space zone; use thin rules or one red connector, never a busy flowchart.
SCENE: Left zone: the attached Figma Commons NYSE installation photo. Right zone, small and distant: the attached Section 8.2 fee excerpt. Between them a visibly broken grey connector with a clean gap: no causal arrow.
INPUTS: RV021_FIGMA_COMMONS_NYSE.jpg; RV049_S8_2_TERMINATION_FEE_CROP.png.
SOURCE FIDELITY: attached factual crops/photos are evidence, not inspiration. Preserve their subject and meaning. If an attached legal/document crop is shown, display it as an unchanged photographic crop inside the design; do NOT retype, redraw, summarize, invent, extend, or fabricate legal body text, headings, counts, seals, signatures, case numbers, dates or amounts.
LEGAL/FACT LOCK: IPO chronology only; no causation from $1B payment.
SUBTITLE SAFE: bottom 22% of the entire frame must be dark, visually quiet and free of headline, quote, amount, face, evidence, source label, legal caveat, timeline endpoint or important object.
ONE-PASS RULES: final usable video frame, not a style board; max 1 hero idea + 1 support idea; max 2 generated text blocks; no pseudo-text; no fake documents; no duplicated hero; no random courthouse, gavel, scales, cash-stack, vault or regulator imagery unless demanded by this beat; logos only as attached unchanged identifiers; no subject leakage from style; no invented UI; no watermark; no borders; no post-generation repair should be required.",PROMPT_READY_PREP_INPUTS_REQUIRED_WHERE_LISTED
G074,B099,S12,845.680,855.320,T07,HIGGSFIELD_ONE_PASS,NO PROVEN IPO CAUSATION,,P_RV023,12_SOURCE_PREP/RV023_TIMES_SQUARE_BILLBOARD.jpg,RV071;RV072;RV064,NO,"$1B is contractual termination fee/liquidated damages, not government fine, court award or regulator invoice. IPO chronology only; no causation from $1B payment.",BOTTOM_22_PERCENT_CLEAR,gpt_image_2,1k,low,16:9,0.5,"FINAL VIDEO FRAME — G074 / B099 — 16:9 WHAT IT COST
SCENE PURPOSE: NO PROVEN IPO CAUSATION
NARRATION MEANING: ""The public record does not establish that Adobe's one-billion-dollar termination payment caused Figma's IPO, its offering price, or its later market value.""
ALLOWED GENERATED TEXT ONLY: ""NO PROVEN IPO CAUSATION"". Do not generate any other readable words. Source-crop text may remain only if it is already present in the attached authentic crop.
STYLE: WHAT IT COST canonical final-frame style: premium investigative business documentary; charcoal/black textured background; warm aged-paper evidence layers; off-white distressed condensed headline; restrained deep-red underline/tab accents; tiny brass/black office hardware only when useful; realistic paper depth and film-grain; strong cinematic negative space; serious corporate/legal tone; no horror, no sensational crime-poster language, no neon, no dashboard/card-grid, no decorative clutter.
LAYOUT: Accountability/status layout: large legal-status headline left; one authentic regulator/SEC/DOJ source crop or institutional context image right; minimal dossier treatment; never fabricate case paperwork, seals, orders or stamps.
SCENE: Status headline left. Right: the attached Times Square billboard photo as context of later market presence. Beneath, a small blank termination-payment card placed apart with no connecting line.
INPUTS: RV023_TIMES_SQUARE_BILLBOARD.jpg.
SOURCE FIDELITY: attached factual crops/photos are evidence, not inspiration. Preserve their subject and meaning. If an attached legal/document crop is shown, display it as an unchanged photographic crop inside the design; do NOT retype, redraw, summarize, invent, extend, or fabricate legal body text, headings, counts, seals, signatures, case numbers, dates or amounts.
LEGAL/FACT LOCK: $1B is contractual termination fee/liquidated damages, not government fine, court award or regulator invoice. IPO chronology only; no causation from $1B payment.
SUBTITLE SAFE: bottom 22% of the entire frame must be dark, visually quiet and free of headline, quote, amount, face, evidence, source label, legal caveat, timeline endpoint or important object.
ONE-PASS RULES: final usable video frame, not a style board; max 1 hero idea + 1 support idea; max 2 generated text blocks; no pseudo-text; no fake documents; no duplicated hero; no random courthouse, gavel, scales, cash-stack, vault or regulator imagery unless demanded by this beat; logos only as attached unchanged identifiers; no subject leakage from style; no invented UI; no watermark; no borders; no post-generation repair should be required.",PROMPT_READY_PREP_INPUTS_REQUIRED_WHERE_LISTED
G075,B100,S12,856.100,862.760,T01,HIGGSFIELD_ONE_PASS,ADOBE DID NOT ACQUIRE FIGMA,,P_RV018,12_SOURCE_PREP/RV018_FIELD_IPO_ERA.jpg,RV018;RV019,YES,IPO chronology only; no causation from $1B payment.,BOTTOM_22_PERCENT_CLEAR,gpt_image_2,1k,low,16:9,0.5,"FINAL VIDEO FRAME — G075 / B100 — 16:9 WHAT IT COST
SCENE PURPOSE: ADOBE DID NOT ACQUIRE FIGMA
NARRATION MEANING: ""What the record does establish is simpler. Adobe did not acquire Figma. Figma remained independent.""
ALLOWED GENERATED TEXT ONLY: ""ADOBE DID NOT ACQUIRE FIGMA"". Do not generate any other readable words. Source-crop text may remain only if it is already present in the attached authentic crop.
STYLE: WHAT IT COST canonical final-frame style: premium investigative business documentary; charcoal/black textured background; warm aged-paper evidence layers; off-white distressed condensed headline; restrained deep-red underline/tab accents; tiny brass/black office hardware only when useful; realistic paper depth and film-grain; strong cinematic negative space; serious corporate/legal tone; no horror, no sensational crime-poster language, no neon, no dashboard/card-grid, no decorative clutter.
LAYOUT: Asymmetrical evidence layout: one dominant authentic source/photo panel on the right or upper-right; headline block on the left; at most one secondary paper layer; restrained red rule; large clean negative space.
SCENE: Dominant right: the attached IPO-era Figma CEO portrait as an unchanged print, standing alone. Nothing Adobe-related in the main hierarchy. Plain, factual.
INPUTS: RV018_FIELD_IPO_ERA.jpg.
SOURCE FIDELITY: attached factual crops/photos are evidence, not inspiration. Preserve their subject and meaning. If an attached legal/document crop is shown, display it as an unchanged photographic crop inside the design; do NOT retype, redraw, summarize, invent, extend, or fabricate legal body text, headings, counts, seals, signatures, case numbers, dates or amounts.
PERSON PHOTO LOCK: attached portraits/event photos are unchanged photographic prints; do not alter face, expression, age, clothing, pose or crowd; do not add, duplicate or invent any person.
LEGAL/FACT LOCK: IPO chronology only; no causation from $1B payment.
SUBTITLE SAFE: bottom 22% of the entire frame must be dark, visually quiet and free of headline, quote, amount, face, evidence, source label, legal caveat, timeline endpoint or important object.
ONE-PASS RULES: final usable video frame, not a style board; max 1 hero idea + 1 support idea; max 2 generated text blocks; no pseudo-text; no fake documents; no duplicated hero; no random courthouse, gavel, scales, cash-stack, vault or regulator imagery unless demanded by this beat; logos only as attached unchanged identifiers; no subject leakage from style; no invented UI; no watermark; no borders; no post-generation repair should be required.",PROMPT_READY_PREP_INPUTS_REQUIRED_WHERE_LISTED
G076,B101,S12,863.300,867.660,T06,HIGGSFIELD_ONE_PASS,PUBLIC COMPANY,,P_RV022,12_SOURCE_PREP/RV022_NYSE_BANNER_SETUP.jpg,RV019;RV023,NO,IPO chronology only; no causation from $1B payment.,BOTTOM_22_PERCENT_CLEAR,gpt_image_2,1k,low,16:9,0.5,"FINAL VIDEO FRAME — G076 / B101 — 16:9 WHAT IT COST
SCENE PURPOSE: PUBLIC COMPANY
NARRATION MEANING: ""And less than two years after receiving the termination fee, it became a public company.""
ALLOWED GENERATED TEXT ONLY: ""PUBLIC COMPANY"". Do not generate any other readable words. Source-crop text may remain only if it is already present in the attached authentic crop.
STYLE: WHAT IT COST canonical final-frame style: premium investigative business documentary; charcoal/black textured background; warm aged-paper evidence layers; off-white distressed condensed headline; restrained deep-red underline/tab accents; tiny brass/black office hardware only when useful; realistic paper depth and film-grain; strong cinematic negative space; serious corporate/legal tone; no horror, no sensational crime-poster language, no neon, no dashboard/card-grid, no decorative clutter.
LAYOUT: Chronology layout: one headline plus a simple horizontal or vertical timeline with 2-4 unlabeled nodes maximum; authentic source photo or crop as the visual anchor; no decorative map clutter.
SCENE: Two-node timeline: an earlier grey node and a later red node, joined by a neutral line (no arrowhead). The attached NYSE banner-setup photo as the anchor above the later node.
INPUTS: RV022_NYSE_BANNER_SETUP.jpg.
SOURCE FIDELITY: attached factual crops/photos are evidence, not inspiration. Preserve their subject and meaning. If an attached legal/document crop is shown, display it as an unchanged photographic crop inside the design; do NOT retype, redraw, summarize, invent, extend, or fabricate legal body text, headings, counts, seals, signatures, case numbers, dates or amounts.
LEGAL/FACT LOCK: IPO chronology only; no causation from $1B payment.
SUBTITLE SAFE: bottom 22% of the entire frame must be dark, visually quiet and free of headline, quote, amount, face, evidence, source label, legal caveat, timeline endpoint or important object.
ONE-PASS RULES: final usable video frame, not a style board; max 1 hero idea + 1 support idea; max 2 generated text blocks; no pseudo-text; no fake documents; no duplicated hero; no random courthouse, gavel, scales, cash-stack, vault or regulator imagery unless demanded by this beat; logos only as attached unchanged identifiers; no subject leakage from style; no invented UI; no watermark; no borders; no post-generation repair should be required.",PROMPT_READY_PREP_INPUTS_REQUIRED_WHERE_LISTED
G077,B102,S13,868.540,877.080,T02,HIGGSFIELD_ONE_PASS,UPSIDE / DOWNSIDE,,P_RV025;D_RV049A,12_SOURCE_PREP/RV025_ADOBE_FIGMA_DEAL_GRAPHIC.png;12_SOURCE_PREP/RV049_S8_2_TERMINATION_FEE_CROP.png,RV047;RV049;RV018,NO,"$1B is contractual termination fee/liquidated damages, not government fine, court award or regulator invoice. CMA provisional/possible and EC preliminary; no final UK/EU prohibition.",BOTTOM_22_PERCENT_CLEAR,gpt_image_2,1k,low,16:9,0.5,"FINAL VIDEO FRAME — G077 / B102 — 16:9 WHAT IT COST
SCENE PURPOSE: UPSIDE / DOWNSIDE
NARRATION MEANING: ""At the beginning, Adobe and Figma negotiated the upside. A roughly twenty-billion-dollar acquisition. But they also negotiated the downside.""
ALLOWED GENERATED TEXT ONLY: ""UPSIDE / DOWNSIDE"". Do not generate any other readable words. Source-crop text may remain only if it is already present in the attached authentic crop.
STYLE: WHAT IT COST canonical final-frame style: premium investigative business documentary; charcoal/black textured background; warm aged-paper evidence layers; off-white distressed condensed headline; restrained deep-red underline/tab accents; tiny brass/black office hardware only when useful; realistic paper depth and film-grain; strong cinematic negative space; serious corporate/legal tone; no horror, no sensational crime-poster language, no neon, no dashboard/card-grid, no decorative clutter.
LAYOUT: Split analytical layout: two clearly separated evidence/context zones, one dominant and one subordinate; headline placed in the cleanest negative-space zone; use thin rules or one red connector, never a busy flowchart.
SCENE: Vertical split: top zone the attached official deal graphic (upside), bottom-right zone above the safe area the attached Section 8.2 fee excerpt (downside) with a red underline. Return to the original architecture.
INPUTS: RV025_ADOBE_FIGMA_DEAL_GRAPHIC.png; RV049_S8_2_TERMINATION_FEE_CROP.png.
SOURCE FIDELITY: attached factual crops/photos are evidence, not inspiration. Preserve their subject and meaning. If an attached legal/document crop is shown, display it as an unchanged photographic crop inside the design; do NOT retype, redraw, summarize, invent, extend, or fabricate legal body text, headings, counts, seals, signatures, case numbers, dates or amounts.
LEGAL/FACT LOCK: $1B is contractual termination fee/liquidated damages, not government fine, court award or regulator invoice. CMA provisional/possible and EC preliminary; no final UK/EU prohibition.
SUBTITLE SAFE: bottom 22% of the entire frame must be dark, visually quiet and free of headline, quote, amount, face, evidence, source label, legal caveat, timeline endpoint or important object.
ONE-PASS RULES: final usable video frame, not a style board; max 1 hero idea + 1 support idea; max 2 generated text blocks; no pseudo-text; no fake documents; no duplicated hero; no random courthouse, gavel, scales, cash-stack, vault or regulator imagery unless demanded by this beat; logos only as attached unchanged identifiers; no subject leakage from style; no invented UI; no watermark; no borders; no post-generation repair should be required.",PROMPT_READY_PREP_INPUTS_REQUIRED_WHERE_LISTED
G078,B103,S13,878.080,887.580,T03,HIGGSFIELD_ONE_PASS,THE RISK WAS PRICED,,D_RV051,12_SOURCE_PREP/RV051_JULY5_REVERSE_FEE_CROP.png,RV049,NO,"$1B is contractual termination fee/liquidated damages, not government fine, court award or regulator invoice. CMA provisional/possible and EC preliminary; no final UK/EU prohibition.",BOTTOM_22_PERCENT_CLEAR,gpt_image_2,1k,low,16:9,0.5,"FINAL VIDEO FRAME — G078 / B103 — 16:9 WHAT IT COST
SCENE PURPOSE: THE RISK WAS PRICED
NARRATION MEANING: ""What would happen if the required regulatory clearance could not be obtained under the terms of the deal? That risk became a one-billion-dollar reverse termination fee.""
ALLOWED GENERATED TEXT ONLY: ""THE RISK WAS PRICED"". Do not generate any other readable words. Source-crop text may remain only if it is already present in the attached authentic crop.
STYLE: WHAT IT COST canonical final-frame style: premium investigative business documentary; charcoal/black textured background; warm aged-paper evidence layers; off-white distressed condensed headline; restrained deep-red underline/tab accents; tiny brass/black office hardware only when useful; realistic paper depth and film-grain; strong cinematic negative space; serious corporate/legal tone; no horror, no sensational crime-poster language, no neon, no dashboard/card-grid, no decorative clutter.
LAYOUT: Quote/document layout: one large headline is the hero; attached authentic excerpt appears as a tight photographic crop, not a recreated document; surrounding papers stay blank.
SCENE: Headline hero left. Right: the attached July 5 negotiation excerpt where Figma proposed the reverse fee, tight crop, one red underline. The risk was priced at the table.
INPUTS: RV051_JULY5_REVERSE_FEE_CROP.png.
SOURCE FIDELITY: attached factual crops/photos are evidence, not inspiration. Preserve their subject and meaning. If an attached legal/document crop is shown, display it as an unchanged photographic crop inside the design; do NOT retype, redraw, summarize, invent, extend, or fabricate legal body text, headings, counts, seals, signatures, case numbers, dates or amounts.
LEGAL/FACT LOCK: $1B is contractual termination fee/liquidated damages, not government fine, court award or regulator invoice. CMA provisional/possible and EC preliminary; no final UK/EU prohibition.
SUBTITLE SAFE: bottom 22% of the entire frame must be dark, visually quiet and free of headline, quote, amount, face, evidence, source label, legal caveat, timeline endpoint or important object.
ONE-PASS RULES: final usable video frame, not a style board; max 1 hero idea + 1 support idea; max 2 generated text blocks; no pseudo-text; no fake documents; no duplicated hero; no random courthouse, gavel, scales, cash-stack, vault or regulator imagery unless demanded by this beat; logos only as attached unchanged identifiers; no subject leakage from style; no invented UI; no watermark; no borders; no post-generation repair should be required.",PROMPT_READY_PREP_INPUTS_REQUIRED_WHERE_LISTED
G079,B104,S13,888.180,895.900,T07,HIGGSFIELD_ONE_PASS,REGULATORY PRESSURE BECOMES REAL,,D_RV056;D_RV057,12_SOURCE_PREP/RV056_CMA_PROVISIONAL_FINDINGS_CROP.png;12_SOURCE_PREP/RV057_CMA_POSSIBLE_REMEDIES_CROP.png,RV056;RV057,NO,CMA provisional/possible and EC preliminary; no final UK/EU prohibition.,BOTTOM_22_PERCENT_CLEAR,gpt_image_2,1k,low,16:9,0.5,"FINAL VIDEO FRAME — G079 / B104 — 16:9 WHAT IT COST
SCENE PURPOSE: REGULATORY PRESSURE BECOMES REAL
NARRATION MEANING: ""Then the regulatory pressure became real. The UK CMA published provisional competition concerns and possible remedies.""
ALLOWED GENERATED TEXT ONLY: ""REGULATORY PRESSURE BECOMES REAL"". Do not generate any other readable words. Source-crop text may remain only if it is already present in the attached authentic crop.
STYLE: WHAT IT COST canonical final-frame style: premium investigative business documentary; charcoal/black textured background; warm aged-paper evidence layers; off-white distressed condensed headline; restrained deep-red underline/tab accents; tiny brass/black office hardware only when useful; realistic paper depth and film-grain; strong cinematic negative space; serious corporate/legal tone; no horror, no sensational crime-poster language, no neon, no dashboard/card-grid, no decorative clutter.
LAYOUT: Accountability/status layout: large legal-status headline left; one authentic regulator/SEC/DOJ source crop or institutional context image right; minimal dossier treatment; never fabricate case paperwork, seals, orders or stamps.
SCENE: Status headline left. Right: the attached CMA provisional-findings crop in front, the possible-remedies crop behind it. A final-order position beside them stays visibly absent.
INPUTS: RV056_CMA_PROVISIONAL_FINDINGS_CROP.png; RV057_CMA_POSSIBLE_REMEDIES_CROP.png.
SOURCE FIDELITY: attached factual crops/photos are evidence, not inspiration. Preserve their subject and meaning. If an attached legal/document crop is shown, display it as an unchanged photographic crop inside the design; do NOT retype, redraw, summarize, invent, extend, or fabricate legal body text, headings, counts, seals, signatures, case numbers, dates or amounts.
LEGAL/FACT LOCK: CMA provisional/possible and EC preliminary; no final UK/EU prohibition.
SUBTITLE SAFE: bottom 22% of the entire frame must be dark, visually quiet and free of headline, quote, amount, face, evidence, source label, legal caveat, timeline endpoint or important object.
ONE-PASS RULES: final usable video frame, not a style board; max 1 hero idea + 1 support idea; max 2 generated text blocks; no pseudo-text; no fake documents; no duplicated hero; no random courthouse, gavel, scales, cash-stack, vault or regulator imagery unless demanded by this beat; logos only as attached unchanged identifiers; no subject leakage from style; no invented UI; no watermark; no borders; no post-generation repair should be required.",PROMPT_READY_PREP_INPUTS_REQUIRED_WHERE_LISTED
G080,B105,S13,896.860,904.940,T06,HIGGSFIELD_ONE_PASS,THREE FRONTS,,D_RV054;P_RV068;P_RV070,12_SOURCE_PREP/RV054_CMA_CASE_TIMELINE_CROP.png;12_SOURCE_PREP/RV068_BERLAYMONT.jpg;12_SOURCE_PREP/RV070_DOJ_HQ.jpg,RV059;RV060;RV058,NO,CMA provisional/possible and EC preliminary; no final UK/EU prohibition. DOJ investigation/post-abandonment posture; no blocking lawsuit or judgment.,BOTTOM_22_PERCENT_CLEAR,gpt_image_2,1k,low,16:9,0.5,"FINAL VIDEO FRAME — G080 / B105 — 16:9 WHAT IT COST
SCENE PURPOSE: THREE FRONTS
NARRATION MEANING: ""The European Commission sent preliminary objections. The Justice Department investigated. Adobe and Figma disputed the regulators' analysis.""
ALLOWED GENERATED TEXT ONLY: ""THREE FRONTS"". Do not generate any other readable words. Source-crop text may remain only if it is already present in the attached authentic crop.
STYLE: WHAT IT COST canonical final-frame style: premium investigative business documentary; charcoal/black textured background; warm aged-paper evidence layers; off-white distressed condensed headline; restrained deep-red underline/tab accents; tiny brass/black office hardware only when useful; realistic paper depth and film-grain; strong cinematic negative space; serious corporate/legal tone; no horror, no sensational crime-poster language, no neon, no dashboard/card-grid, no decorative clutter.
LAYOUT: Chronology layout: one headline plus a simple horizontal or vertical timeline with 2-4 unlabeled nodes maximum; authentic source photo or crop as the visual anchor; no decorative map clutter.
SCENE: Three short parallel tracks, one per jurisdiction, each anchored by a small source image (CMA case crop, Commission HQ, DOJ HQ); none of the tracks reaches a final node. One idea: three fronts, no final ruling.
INPUTS: RV054_CMA_CASE_TIMELINE_CROP.png; RV068_BERLAYMONT.jpg; RV070_DOJ_HQ.jpg.
SOURCE FIDELITY: attached factual crops/photos are evidence, not inspiration. Preserve their subject and meaning. If an attached legal/document crop is shown, display it as an unchanged photographic crop inside the design; do NOT retype, redraw, summarize, invent, extend, or fabricate legal body text, headings, counts, seals, signatures, case numbers, dates or amounts.
LEGAL/FACT LOCK: CMA provisional/possible and EC preliminary; no final UK/EU prohibition. DOJ investigation/post-abandonment posture; no blocking lawsuit or judgment.
SUBTITLE SAFE: bottom 22% of the entire frame must be dark, visually quiet and free of headline, quote, amount, face, evidence, source label, legal caveat, timeline endpoint or important object.
ONE-PASS RULES: final usable video frame, not a style board; max 1 hero idea + 1 support idea; max 2 generated text blocks; no pseudo-text; no fake documents; no duplicated hero; no random courthouse, gavel, scales, cash-stack, vault or regulator imagery unless demanded by this beat; logos only as attached unchanged identifiers; no subject leakage from style; no invented UI; no watermark; no borders; no post-generation repair should be required.",PROMPT_READY_PREP_INPUTS_REQUIRED_WHERE_LISTED
G081,B106,S13,904.940,912.140,T03,HIGGSFIELD_ONE_PASS,NO CLEAR PATH,,D_RV061,12_SOURCE_PREP/RV061_8K_TERMINATION_CROP.png,RV061;RV062,NO,CMA provisional/possible and EC preliminary; no final UK/EU prohibition.,BOTTOM_22_PERCENT_CLEAR,gpt_image_2,1k,low,16:9,0.5,"FINAL VIDEO FRAME — G081 / B106 — 16:9 WHAT IT COST
SCENE PURPOSE: NO CLEAR PATH
NARRATION MEANING: ""But by December twenty twenty-three, the companies said they no longer saw a clear path to the approvals they needed.""
ALLOWED GENERATED TEXT ONLY: ""NO CLEAR PATH"". Do not generate any other readable words. Source-crop text may remain only if it is already present in the attached authentic crop.
STYLE: WHAT IT COST canonical final-frame style: premium investigative business documentary; charcoal/black textured background; warm aged-paper evidence layers; off-white distressed condensed headline; restrained deep-red underline/tab accents; tiny brass/black office hardware only when useful; realistic paper depth and film-grain; strong cinematic negative space; serious corporate/legal tone; no horror, no sensational crime-poster language, no neon, no dashboard/card-grid, no decorative clutter.
LAYOUT: Quote/document layout: one large headline is the hero; attached authentic excerpt appears as a tight photographic crop, not a recreated document; surrounding papers stay blank.
SCENE: Headline hero left. Right: the attached 8-K termination excerpt, tight crop, one red underline under the stated rationale. Recap echo, tighter crop scale than before.
INPUTS: RV061_8K_TERMINATION_CROP.png.
SOURCE FIDELITY: attached factual crops/photos are evidence, not inspiration. Preserve their subject and meaning. If an attached legal/document crop is shown, display it as an unchanged photographic crop inside the design; do NOT retype, redraw, summarize, invent, extend, or fabricate legal body text, headings, counts, seals, signatures, case numbers, dates or amounts.
LEGAL/FACT LOCK: CMA provisional/possible and EC preliminary; no final UK/EU prohibition.
SUBTITLE SAFE: bottom 22% of the entire frame must be dark, visually quiet and free of headline, quote, amount, face, evidence, source label, legal caveat, timeline endpoint or important object.
ONE-PASS RULES: final usable video frame, not a style board; max 1 hero idea + 1 support idea; max 2 generated text blocks; no pseudo-text; no fake documents; no duplicated hero; no random courthouse, gavel, scales, cash-stack, vault or regulator imagery unless demanded by this beat; logos only as attached unchanged identifiers; no subject leakage from style; no invented UI; no watermark; no borders; no post-generation repair should be required.",PROMPT_READY_PREP_INPUTS_REQUIRED_WHERE_LISTED
G082,B107,S13,912.980,922.480,T06,HIGGSFIELD_ONE_PASS,TERMINATION → PAYMENT,,D_RV062;D_RV063,12_SOURCE_PREP/RV062_TERMINATION_AGREEMENT_CROP.png;12_SOURCE_PREP/RV063_10K_PAYMENT_CROP.png,RV061;RV063,NO,"$1B is contractual termination fee/liquidated damages, not government fine, court award or regulator invoice. CMA provisional/possible and EC preliminary; no final UK/EU prohibition.",BOTTOM_22_PERCENT_CLEAR,gpt_image_2,1k,low,16:9,0.5,"FINAL VIDEO FRAME — G082 / B107 — 16:9 WHAT IT COST
SCENE PURPOSE: TERMINATION → PAYMENT
NARRATION MEANING: ""So they terminated the acquisition by mutual agreement. And then the contract did exactly what it had been written to do. Adobe paid Figma one billion""
ALLOWED GENERATED TEXT ONLY: ""TERMINATION → PAYMENT"". Do not generate any other readable words. Source-crop text may remain only if it is already present in the attached authentic crop.
STYLE: WHAT IT COST canonical final-frame style: premium investigative business documentary; charcoal/black textured background; warm aged-paper evidence layers; off-white distressed condensed headline; restrained deep-red underline/tab accents; tiny brass/black office hardware only when useful; realistic paper depth and film-grain; strong cinematic negative space; serious corporate/legal tone; no horror, no sensational crime-poster language, no neon, no dashboard/card-grid, no decorative clutter.
LAYOUT: Chronology layout: one headline plus a simple horizontal or vertical timeline with 2-4 unlabeled nodes maximum; authentic source photo or crop as the visual anchor; no decorative map clutter.
SCENE: Two-node chronology: the attached termination agreement excerpt at the first node, the attached Adobe 10-K payment excerpt at the second, joined by one restrained red arrow.
INPUTS: RV062_TERMINATION_AGREEMENT_CROP.png; RV063_10K_PAYMENT_CROP.png.
SOURCE FIDELITY: attached factual crops/photos are evidence, not inspiration. Preserve their subject and meaning. If an attached legal/document crop is shown, display it as an unchanged photographic crop inside the design; do NOT retype, redraw, summarize, invent, extend, or fabricate legal body text, headings, counts, seals, signatures, case numbers, dates or amounts.
LEGAL/FACT LOCK: $1B is contractual termination fee/liquidated damages, not government fine, court award or regulator invoice. CMA provisional/possible and EC preliminary; no final UK/EU prohibition.
SUBTITLE SAFE: bottom 22% of the entire frame must be dark, visually quiet and free of headline, quote, amount, face, evidence, source label, legal caveat, timeline endpoint or important object.
ONE-PASS RULES: final usable video frame, not a style board; max 1 hero idea + 1 support idea; max 2 generated text blocks; no pseudo-text; no fake documents; no duplicated hero; no random courthouse, gavel, scales, cash-stack, vault or regulator imagery unless demanded by this beat; logos only as attached unchanged identifiers; no subject leakage from style; no invented UI; no watermark; no borders; no post-generation repair should be required.",PROMPT_READY_PREP_INPUTS_REQUIRED_WHERE_LISTED
G083,B108,S13,923.380,929.500,T04,HIGGSFIELD_ONE_PASS,NOT A JUDGMENT • NOT A FINE • NOT A PURCHASE,,D_RV049B,12_SOURCE_PREP/RV049_NOT_A_PENALTY_CROP.png,RV049;RV061,NO,CMA provisional/possible and EC preliminary; no final UK/EU prohibition.,BOTTOM_22_PERCENT_CLEAR,gpt_image_2,1k,low,16:9,0.5,"FINAL VIDEO FRAME — G083 / B108 — 16:9 WHAT IT COST
SCENE PURPOSE: NOT A JUDGMENT • NOT A FINE • NOT A PURCHASE
NARRATION MEANING: ""dollars. Not because a judge awarded it. Not because a regulator fined Adobe. And not because Adobe bought Figma.""
ALLOWED GENERATED TEXT ONLY: ""NOT A JUDGMENT • NOT A FINE • NOT A PURCHASE"". Do not generate any other readable words. Source-crop text may remain only if it is already present in the attached authentic crop.
STYLE: WHAT IT COST canonical final-frame style: premium investigative business documentary; charcoal/black textured background; warm aged-paper evidence layers; off-white distressed condensed headline; restrained deep-red underline/tab accents; tiny brass/black office hardware only when useful; realistic paper depth and film-grain; strong cinematic negative space; serious corporate/legal tone; no horror, no sensational crime-poster language, no neon, no dashboard/card-grid, no decorative clutter.
LAYOUT: Money/legal-number layout: one large exact status headline is the hero on the left; one supporting factual photo or authentic source crop on the right; one secondary element only; never imply a judgment, fine, verdict, or combined total not stated.
SCENE: Status headline hero across the upper-left. Right: the attached not-a-penalty excerpt as a tight crop with a red underline. No court, regulator or completed-acquisition imagery as the payment source.
INPUTS: RV049_NOT_A_PENALTY_CROP.png.
SOURCE FIDELITY: attached factual crops/photos are evidence, not inspiration. Preserve their subject and meaning. If an attached legal/document crop is shown, display it as an unchanged photographic crop inside the design; do NOT retype, redraw, summarize, invent, extend, or fabricate legal body text, headings, counts, seals, signatures, case numbers, dates or amounts.
LEGAL/FACT LOCK: CMA provisional/possible and EC preliminary; no final UK/EU prohibition.
SUBTITLE SAFE: bottom 22% of the entire frame must be dark, visually quiet and free of headline, quote, amount, face, evidence, source label, legal caveat, timeline endpoint or important object.
ONE-PASS RULES: final usable video frame, not a style board; max 1 hero idea + 1 support idea; max 2 generated text blocks; no pseudo-text; no fake documents; no duplicated hero; no random courthouse, gavel, scales, cash-stack, vault or regulator imagery unless demanded by this beat; logos only as attached unchanged identifiers; no subject leakage from style; no invented UI; no watermark; no borders; no post-generation repair should be required.",PROMPT_READY_PREP_INPUTS_REQUIRED_WHERE_LISTED
G084,B109,S13,929.500,938.180,T02,HIGGSFIELD_ONE_PASS,NEGOTIATED BEFORE THE FIGHT,,D_RV052;P_RV068,12_SOURCE_PREP/RV052_JULY20_FEE_AGREED_CROP.png;12_SOURCE_PREP/RV068_BERLAYMONT.jpg,RV049;RV050,NO,"$1B is contractual termination fee/liquidated damages, not government fine, court award or regulator invoice. CMA provisional/possible and EC preliminary; no final UK/EU prohibition.",BOTTOM_22_PERCENT_CLEAR,gpt_image_2,1k,low,16:9,0.5,"FINAL VIDEO FRAME — G084 / B109 — 16:9 WHAT IT COST
SCENE PURPOSE: NEGOTIATED BEFORE THE FIGHT
NARRATION MEANING: ""The clearest billion-dollar consequence of the failed acquisition was a clause the two companies had negotiated before the regulatory fight really began.""
ALLOWED GENERATED TEXT ONLY: ""NEGOTIATED BEFORE THE FIGHT"". Do not generate any other readable words. Source-crop text may remain only if it is already present in the attached authentic crop.
STYLE: WHAT IT COST canonical final-frame style: premium investigative business documentary; charcoal/black textured background; warm aged-paper evidence layers; off-white distressed condensed headline; restrained deep-red underline/tab accents; tiny brass/black office hardware only when useful; realistic paper depth and film-grain; strong cinematic negative space; serious corporate/legal tone; no horror, no sensational crime-poster language, no neon, no dashboard/card-grid, no decorative clutter.
LAYOUT: Split analytical layout: two clearly separated evidence/context zones, one dominant and one subordinate; headline placed in the cleanest negative-space zone; use thin rules or one red connector, never a busy flowchart.
SCENE: Left dominant: the attached July 20 negotiation excerpt sharp in the foreground with a red underline. Right subordinate: Commission HQ photo soft and out of focus behind. The clause predates the fight.
INPUTS: RV052_JULY20_FEE_AGREED_CROP.png; RV068_BERLAYMONT.jpg.
SOURCE FIDELITY: attached factual crops/photos are evidence, not inspiration. Preserve their subject and meaning. If an attached legal/document crop is shown, display it as an unchanged photographic crop inside the design; do NOT retype, redraw, summarize, invent, extend, or fabricate legal body text, headings, counts, seals, signatures, case numbers, dates or amounts.
LEGAL/FACT LOCK: $1B is contractual termination fee/liquidated damages, not government fine, court award or regulator invoice. CMA provisional/possible and EC preliminary; no final UK/EU prohibition.
SUBTITLE SAFE: bottom 22% of the entire frame must be dark, visually quiet and free of headline, quote, amount, face, evidence, source label, legal caveat, timeline endpoint or important object.
ONE-PASS RULES: final usable video frame, not a style board; max 1 hero idea + 1 support idea; max 2 generated text blocks; no pseudo-text; no fake documents; no duplicated hero; no random courthouse, gavel, scales, cash-stack, vault or regulator imagery unless demanded by this beat; logos only as attached unchanged identifiers; no subject leakage from style; no invented UI; no watermark; no borders; no post-generation repair should be required.",PROMPT_READY_PREP_INPUTS_REQUIRED_WHERE_LISTED
G085,B110,S13,939.140,940.140,T01,HIGGSFIELD_ONE_PASS,WHAT IT COST,,P_RV065;P_RV066;D_RV049A,12_SOURCE_PREP/RV065_ADOBE_IDENTIFIER.png;12_SOURCE_PREP/RV066_FIGMA_IDENTIFIER.png;12_SOURCE_PREP/RV049_S8_2_TERMINATION_FEE_CROP.png,RV049;RV065;RV066,NO,CMA provisional/possible and EC preliminary; no final UK/EU prohibition.,BOTTOM_22_PERCENT_CLEAR,gpt_image_2,1k,low,16:9,0.5,"FINAL VIDEO FRAME — G085 / B110 — 16:9 WHAT IT COST
SCENE PURPOSE: WHAT IT COST
NARRATION MEANING: ""That is what it cost.""
ALLOWED GENERATED TEXT ONLY: ""WHAT IT COST"". Do not generate any other readable words. Source-crop text may remain only if it is already present in the attached authentic crop.
STYLE: WHAT IT COST canonical final-frame style: premium investigative business documentary; charcoal/black textured background; warm aged-paper evidence layers; off-white distressed condensed headline; restrained deep-red underline/tab accents; tiny brass/black office hardware only when useful; realistic paper depth and film-grain; strong cinematic negative space; serious corporate/legal tone; no horror, no sensational crime-poster language, no neon, no dashboard/card-grid, no decorative clutter.
LAYOUT: Asymmetrical evidence layout: one dominant authentic source/photo panel on the right or upper-right; headline block on the left; at most one secondary paper layer; restrained red rule; large clean negative space.
SCENE: Minimal final frame: the attached Section 8.2 fee excerpt edge on warm paper at right, two small unchanged company identifiers beside it, deep charcoal field, one restrained red underline under the headline. Quiet ending.
INPUTS: RV065_ADOBE_IDENTIFIER.png; RV066_FIGMA_IDENTIFIER.png; RV049_S8_2_TERMINATION_FEE_CROP.png.
SOURCE FIDELITY: attached factual crops/photos are evidence, not inspiration. Preserve their subject and meaning. If an attached legal/document crop is shown, display it as an unchanged photographic crop inside the design; do NOT retype, redraw, summarize, invent, extend, or fabricate legal body text, headings, counts, seals, signatures, case numbers, dates or amounts.
LEGAL/FACT LOCK: CMA provisional/possible and EC preliminary; no final UK/EU prohibition.
SUBTITLE SAFE: bottom 22% of the entire frame must be dark, visually quiet and free of headline, quote, amount, face, evidence, source label, legal caveat, timeline endpoint or important object.
ONE-PASS RULES: final usable video frame, not a style board; max 1 hero idea + 1 support idea; max 2 generated text blocks; no pseudo-text; no fake documents; no duplicated hero; no random courthouse, gavel, scales, cash-stack, vault or regulator imagery unless demanded by this beat; logos only as attached unchanged identifiers; no subject leakage from style; no invented UI; no watermark; no borders; no post-generation repair should be required.",PROMPT_READY_PREP_INPUTS_REQUIRED_WHERE_LISTED
